{"metadata":{"asset_id":"77694fd3-5664-4326-a85f-630b00057581","asset_attributes":["data_asset","location_definition"],"name":"unknown_behaviors.csv","asset_type":"data_asset","created_at":"2025-05-05T09:35:05Z","description":"","origin_country":"us","owner_id":"IBMid-270006YQEG","project_id":"7362043a-9cbc-4a68-88eb-84109d91bb63","size":170768,"tags":[],"usage":{"last_update_time":1746437705390,"last_updated_at":"2025-05-05T09:35:05Z"}},"entity":{"data_asset":{"mime_type":"text/csv","dataset":false},"location_definition":{"physical_location_code":"DAL","physical_location_code_assigned_by":"IBMid-270006YQEG","physical_location_code_rds_id":"c57cb90f-2126-3800-9c9f-9eab82021cdf","physical_location_code_rds_version":"20ed74f5-e315-4de9-b9e6-3282d11fc236_1","physical_location_code_assignment_method":"INFERRED","physical_location_code_added_on":"1746437694634"}},"attachments":[{"id":"3e3c42d7-48b8-455f-9ed9-953235c03ff4","version":2,"asset_type":"data_asset","name":"unknown_behaviors.csv","mime":"text/csv","datasource_type":"193a97c1-4475-4a19-b90c-295c4fdc6517","object_key":"unknown_behaviors.csv","creator_id":"IBMid-270006YQEG","create_time":1746437705389,"size":170768,"is_remote":false,"is_managed":false,"is_referenced":true,"is_object_key_read_only":true,"is_user_provided_path_key":true,"transfer_complete":true,"is_partitioned":false,"complete_time_ticks":1746437705389,"user_data":{},"test_doc":0,"handle":{"bucket":"predictcustomerinteresttooptimize-donotdelete-pr-chatscmzam2bac","location":"us-south","type":"bluemix_cos","key":"unknown_behaviors.csv","upload_id":"done","max_part_num":1},"usage":{"access_count":0,"last_accessor_id":"IBMid-270006YQEG","last_access_time":1746437705389}}]}
