{"metadata":{"asset_id":"c62781ac-0f18-4bf6-8ac8-b395068c3be8","asset_attributes":["notebook","location_definition"],"name":"Promote financial products to bank custom","asset_type":"notebook","created_at":"2025-05-05T09:35:08Z","description":"","origin_country":"us","owner_id":"IBMid-270006YQEG","project_id":"7362043a-9cbc-4a68-88eb-84109d91bb63","size":788636,"tags":["notebook"],"usage":{"last_update_time":1746631951374,"last_updated_at":"2025-05-07T15:32:31Z"}},"entity":{"notebook":{"kernel":{"name":"python3","display_name":"Python 3.11","language":"python"},"originates_from":{"type":"file"},"runtime":{"environment":"rt241pys1-7362043a-9cbc-4a68-88eb-84109d91bb63"}},"location_definition":{"physical_location_code":"DAL","physical_location_code_assigned_by":"IBMid-270006YQEG","physical_location_code_rds_id":"c57cb90f-2126-3800-9c9f-9eab82021cdf","physical_location_code_rds_version":"20ed74f5-e315-4de9-b9e6-3282d11fc236_1","physical_location_code_assignment_method":"INFERRED","physical_location_code_added_on":"1746437694634"}},"attachments":[{"id":"558d6a2b-bf98-427f-b3bf-bc594406036b","version":2,"asset_type":"notebook","name":"attachment for notebook c62781ac-0f18-4bf6-8ac8-b395068c3be8","description":"attachment for notebook c62781ac-0f18-4bf6-8ac8-b395068c3be8","mime":"application/json","datasource_type":"193a97c1-4475-4a19-b90c-295c4fdc6517","object_key":"notebook/Promote_financial_products_to_bank_custom_vuKptr3el.ipynb","creator_id":"IBMid-270006YQEG","create_time":1746437709141,"size":788636,"is_remote":false,"is_managed":false,"is_referenced":true,"is_object_key_read_only":false,"is_user_provided_path_key":true,"transfer_complete":true,"is_partitioned":false,"complete_time_ticks":1746437709141,"user_data":{},"test_doc":0,"handle":{"bucket":"predictcustomerinteresttooptimize-donotdelete-pr-chatscmzam2bac","location":"us-south","type":"bluemix_cos","key":"notebook/Promote_financial_products_to_bank_custom_vuKptr3el.ipynb","upload_id":"done","max_part_num":1},"usage":{"access_count":9,"last_accessor_id":"IBMid-270006YQEG","last_access_time":1746631951373,"last_updater_id":"IBMid-270006YQEG","last_update_time":1746631951373}}]}
