{"metadata":{"asset_id":"fdaf306a-f9b4-4277-a0e4-632ea3223d90","asset_attributes":["data_asset","location_definition"],"name":"MILE_MARKERS.csv","asset_type":"data_asset","created_at":"2025-05-05T09:34:58Z","description":"","origin_country":"us","owner_id":"IBMid-270006YQEG","project_id":"7311d062-61bc-4f34-ab95-c2cbc5394ac0","size":39,"tags":[],"usage":{"last_update_time":1746437698765,"last_updated_at":"2025-05-05T09:34:58Z"}},"entity":{"data_asset":{"mime_type":"text/csv","dataset":false},"location_definition":{"physical_location_code":"DAL","physical_location_code_assigned_by":"IBMid-270006YQEG","physical_location_code_rds_id":"c57cb90f-2126-3800-9c9f-9eab82021cdf","physical_location_code_rds_version":"20ed74f5-e315-4de9-b9e6-3282d11fc236_1","physical_location_code_assignment_method":"INFERRED","physical_location_code_added_on":"1746437685228"}},"attachments":[{"id":"83f2e4d3-62e0-407a-a64e-0fbedb8fcde4","version":2,"asset_type":"data_asset","name":"MILE_MARKERS.csv","mime":"text/csv","datasource_type":"193a97c1-4475-4a19-b90c-295c4fdc6517","object_key":"MILE_MARKERS.csv","creator_id":"IBMid-270006YQEG","create_time":1746437698764,"size":39,"is_remote":false,"is_managed":false,"is_referenced":true,"is_object_key_read_only":true,"is_user_provided_path_key":true,"transfer_complete":true,"is_partitioned":false,"complete_time_ticks":1746437698764,"user_data":{},"test_doc":0,"handle":{"bucket":"networkdesign-donotdelete-pr-uo8hqosqqrq9lh","location":"us-south","type":"bluemix_cos","key":"MILE_MARKERS.csv","upload_id":"done","max_part_num":1},"usage":{"access_count":0,"last_accessor_id":"IBMid-270006YQEG","last_access_time":1746437698764}}]}
