{"metadata":{"asset_id":"8ea448d0-824b-4340-9510-68d50e992fcf","asset_attributes":["data_asset","location_definition"],"name":"PLANTS.csv","asset_type":"data_asset","created_at":"2025-05-05T09:34:58Z","description":"","origin_country":"us","owner_id":"IBMid-270006YQEG","project_id":"7311d062-61bc-4f34-ab95-c2cbc5394ac0","size":121,"tags":[],"usage":{"last_update_time":1746437698749,"last_updated_at":"2025-05-05T09:34:58Z"}},"entity":{"data_asset":{"mime_type":"text/csv","dataset":false},"location_definition":{"physical_location_code":"DAL","physical_location_code_assigned_by":"IBMid-270006YQEG","physical_location_code_rds_id":"c57cb90f-2126-3800-9c9f-9eab82021cdf","physical_location_code_rds_version":"20ed74f5-e315-4de9-b9e6-3282d11fc236_1","physical_location_code_assignment_method":"INFERRED","physical_location_code_added_on":"1746437685228"}},"attachments":[{"id":"f4ce350d-215f-4c56-9d10-f636c5b18038","version":2,"asset_type":"data_asset","name":"PLANTS.csv","mime":"text/csv","datasource_type":"193a97c1-4475-4a19-b90c-295c4fdc6517","object_key":"PLANTS.csv","creator_id":"IBMid-270006YQEG","create_time":1746437698748,"size":121,"is_remote":false,"is_managed":false,"is_referenced":true,"is_object_key_read_only":true,"is_user_provided_path_key":true,"transfer_complete":true,"is_partitioned":false,"complete_time_ticks":1746437698748,"user_data":{},"test_doc":0,"handle":{"bucket":"networkdesign-donotdelete-pr-uo8hqosqqrq9lh","location":"us-south","type":"bluemix_cos","key":"PLANTS.csv","upload_id":"done","max_part_num":1},"usage":{"access_count":0,"last_accessor_id":"IBMid-270006YQEG","last_access_time":1746437698748}}]}
