{"metadata":{"asset_id":"fca5de61-65e9-4e70-b230-bbed3767cc03","asset_attributes":["notebook","location_definition"],"name":"MultiScenarioAnalysisNB","asset_type":"notebook","created_at":"2025-05-05T09:35:00Z","description":"","origin_country":"us","owner_id":"IBMid-270006YQEG","project_id":"7311d062-61bc-4f34-ab95-c2cbc5394ac0","size":24731,"tags":["notebook"],"usage":{"last_update_time":1746633277192,"last_updated_at":"2025-05-07T15:54:37Z"}},"entity":{"notebook":{"kernel":{"name":"python3","display_name":"Python 3.11","language":"python"},"originates_from":{"type":"file"},"runtime":{"environment":"rt241pys1-7311d062-61bc-4f34-ab95-c2cbc5394ac0"}},"location_definition":{"physical_location_code":"DAL","physical_location_code_assigned_by":"IBMid-270006YQEG","physical_location_code_rds_id":"c57cb90f-2126-3800-9c9f-9eab82021cdf","physical_location_code_rds_version":"20ed74f5-e315-4de9-b9e6-3282d11fc236_1","physical_location_code_assignment_method":"INFERRED","physical_location_code_added_on":"1746437685228"}},"attachments":[{"id":"076da9f6-068c-477c-97d0-75a0b7da97c9","version":2,"asset_type":"notebook","name":"attachment for notebook fca5de61-65e9-4e70-b230-bbed3767cc03","description":"attachment for notebook fca5de61-65e9-4e70-b230-bbed3767cc03","mime":"application/json","datasource_type":"193a97c1-4475-4a19-b90c-295c4fdc6517","object_key":"notebook/MultiScenarioAnalysisNB_t2CrIiigZ.ipynb","creator_id":"IBMid-270006YQEG","create_time":1746437700846,"size":24731,"is_remote":false,"is_managed":false,"is_referenced":true,"is_object_key_read_only":false,"is_user_provided_path_key":true,"transfer_complete":true,"is_partitioned":false,"complete_time_ticks":1746437700846,"user_data":{},"test_doc":0,"handle":{"bucket":"networkdesign-donotdelete-pr-uo8hqosqqrq9lh","location":"us-south","type":"bluemix_cos","key":"notebook/MultiScenarioAnalysisNB_t2CrIiigZ.ipynb","upload_id":"done","max_part_num":1},"usage":{"access_count":19,"last_accessor_id":"IBMid-270006YQEG","last_access_time":1746633277191,"last_updater_id":"IBMid-270006YQEG","last_update_time":1746633277191}}]}
