{"metadata":{"asset_id":"c5f5ac74-4618-4dc4-85b6-bd381cfb7549","asset_attributes":["notebook","location_definition"],"name":"NetworkDesignNB","asset_type":"notebook","created_at":"2025-05-05T09:35:00Z","description":"","origin_country":"us","owner_id":"IBMid-270006YQEG","project_id":"7311d062-61bc-4f34-ab95-c2cbc5394ac0","size":112370,"tags":["notebook"],"usage":{"last_update_time":1746631754682,"last_updated_at":"2025-05-07T15:29:14Z"}},"entity":{"notebook":{"kernel":{"name":"python3","display_name":"Python 3.11","language":"python"},"originates_from":{"type":"file"},"runtime":{"environment":"rt241pys1-7311d062-61bc-4f34-ab95-c2cbc5394ac0"}},"location_definition":{"physical_location_code":"DAL","physical_location_code_assigned_by":"IBMid-270006YQEG","physical_location_code_rds_id":"c57cb90f-2126-3800-9c9f-9eab82021cdf","physical_location_code_rds_version":"20ed74f5-e315-4de9-b9e6-3282d11fc236_1","physical_location_code_assignment_method":"INFERRED","physical_location_code_added_on":"1746437685228"}},"attachments":[{"id":"f7faed49-78ca-4487-b8a5-9164eab4bad0","version":2,"asset_type":"notebook","name":"attachment for notebook c5f5ac74-4618-4dc4-85b6-bd381cfb7549","description":"attachment for notebook c5f5ac74-4618-4dc4-85b6-bd381cfb7549","mime":"application/json","datasource_type":"193a97c1-4475-4a19-b90c-295c4fdc6517","object_key":"notebook/NetworkDesignNB_6L61NokAC.ipynb","creator_id":"IBMid-270006YQEG","create_time":1746437700786,"size":112370,"is_remote":false,"is_managed":false,"is_referenced":true,"is_object_key_read_only":false,"is_user_provided_path_key":true,"transfer_complete":true,"is_partitioned":false,"complete_time_ticks":1746437700786,"user_data":{},"test_doc":0,"handle":{"bucket":"networkdesign-donotdelete-pr-uo8hqosqqrq9lh","location":"us-south","type":"bluemix_cos","key":"notebook/NetworkDesignNB_6L61NokAC.ipynb","upload_id":"done","max_part_num":1},"usage":{"access_count":10,"last_accessor_id":"IBMid-270006YQEG","last_access_time":1746631754681,"last_updater_id":"IBMid-270006YQEG","last_update_time":1746631754681}}]}
