{"metadata":{"asset_id":"0b3d4a20-0906-4e7e-825a-376852a8bed1","asset_attributes":["data_asset"],"name":"jfk_weather.csv","asset_type":"data_asset","created_at":"2021-02-15T01:06:34Z","description":"","origin_country":"us","owner_id":"IBMid-550003P291","project_id":"e2079cae-86ce-4cd2-b985-fc31abd92ac1","size":29961606,"tags":[],"usage":{"last_update_time":1613351195180,"last_updated_at":"2021-02-15T01:06:35Z"}},"entity":{"data_asset":{"mime_type":"text/csv","dataset":false}},"attachments":[{"id":"bef83dab-05d4-4ecb-9085-b56c4564b93b","version":2,"asset_type":"data_asset","name":"jfk_weather.csv","mime":"text/csv","datasource_type":"193a97c1-4475-4a19-b90c-295c4fdc6517","object_key":"jfk_weather.csv","creator_id":"iam-ServiceId-f49c5558-c247-4983-a04f-7d3c7a3d55da","create_time":1613351195085,"size":29961606,"is_remote":false,"is_managed":false,"is_referenced":true,"is_object_key_read_only":false,"is_user_provided_path_key":true,"transfer_complete":true,"is_partitioned":false,"complete_time_ticks":1613351195085,"user_data":{},"test_doc":0,"handle":{"bucket":"daxweatherproject-donotdelete-pr-on6cu8wmumxsuf","location":"us-geo","key":"jfk_weather.csv","upload_id":"done","max_part_num":1},"usage":{"access_count":0,"last_accessor_id":"iam-ServiceId-f49c5558-c247-4983-a04f-7d3c7a3d55da","last_access_time":1613351195085}}]}
