{"metadata":{"asset_id":"648e8de6-7367-4aca-8951-c79b43084688","asset_attributes":["data_asset"],"name":"jfk_weather_cleaned.csv","asset_type":"data_asset","created_at":"2021-10-05T02:02:20Z","description":"","origin_country":"us","owner_id":"IBMid-550003P291","project_id":"44688fea-fe0f-4adc-aad7-11ad9f8a5811","size":6017621,"tags":[],"usage":{"last_update_time":1633399664642,"last_updated_at":"2021-10-05T02:07:44Z"}},"entity":{"data_asset":{"mime_type":"text/csv","dataset":false}},"attachments":[{"id":"22e0e691-16fa-4538-ab15-6cd56f6cca16","version":2,"asset_type":"data_asset","name":"jfk_weather_cleaned.csv","mime":"text/csv","datasource_type":"193a97c1-4475-4a19-b90c-295c4fdc6517","object_key":"jfk_weather_cleaned.csv","creator_id":"iam-ServiceId-f49c5558-c247-4983-a04f-7d3c7a3d55da","create_time":1633399342166,"size":6017621,"is_remote":false,"is_managed":false,"is_referenced":true,"is_object_key_read_only":false,"is_user_provided_path_key":true,"transfer_complete":true,"is_partitioned":false,"complete_time_ticks":1633399342166,"user_data":{},"test_doc":0,"handle":{"bucket":"daxweatherproject-donotdelete-pr-tobjlxvwvlpaee","location":"us-geo","key":"jfk_weather_cleaned.csv","upload_id":"done","max_part_num":1},"usage":{"access_count":1,"last_accessor_id":"79a6723c-95bf-4c1a-9187-a4c2b0739666","last_access_time":1633399664641,"last_updater_id":"79a6723c-95bf-4c1a-9187-a4c2b0739666","last_update_time":1633399664641}}]}
