{"metadata":{"asset_id":"51adb4b5-2f1d-4781-a5a8-9b8371c6e2d8","asset_attributes":["data_asset"],"name":"jfk_weather_cleaned.csv","asset_type":"data_asset","created_at":"2021-02-15T01:19:55Z","description":"","origin_country":"us","owner_id":"611b7c96-8ccc-48ff-b3bc-ca565ed260e2","project_id":"e2079cae-86ce-4cd2-b985-fc31abd92ac1","size":6017621,"tags":[],"usage":{"last_update_time":1613351996016,"last_updated_at":"2021-02-15T01:19:56Z"}},"entity":{"data_asset":{"mime_type":"text/csv","dataset":false}},"attachments":[{"id":"f879aeb4-3f0c-4905-8b98-871756185dd6","version":2,"asset_type":"data_asset","name":"jfk_weather_cleaned.csv","mime":"text/csv","datasource_type":"193a97c1-4475-4a19-b90c-295c4fdc6517","object_key":"jfk_weather_cleaned.csv","creator_id":"611b7c96-8ccc-48ff-b3bc-ca565ed260e2","create_time":1613351996015,"size":6017621,"is_remote":false,"is_managed":false,"is_referenced":true,"is_object_key_read_only":true,"is_user_provided_path_key":true,"transfer_complete":true,"is_partitioned":false,"complete_time_ticks":1613351996015,"user_data":{},"test_doc":0,"handle":{"bucket":"daxweatherproject-donotdelete-pr-on6cu8wmumxsuf","location":"us-geo","key":"jfk_weather_cleaned.csv","upload_id":"done","max_part_num":1},"usage":{"access_count":0,"last_accessor_id":"611b7c96-8ccc-48ff-b3bc-ca565ed260e2","last_access_time":1613351996015}}]}
