{"metadata":{"asset_id":"e3810977-5b0c-44ff-a11e-89abbc8fb429","asset_attributes":["data_asset"],"name":"jfk_weather.csv","asset_type":"data_asset","created_at":"2021-10-05T02:02:20Z","description":"","origin_country":"us","owner_id":"IBMid-550003P291","project_id":"44688fea-fe0f-4adc-aad7-11ad9f8a5811","size":29961606,"tags":[],"usage":{"last_update_time":1633399341146,"last_updated_at":"2021-10-05T02:02:21Z"}},"entity":{"data_asset":{"mime_type":"text/csv","dataset":false}},"attachments":[{"id":"2be9d93f-1526-402b-ac63-6c277b50ca8b","version":2,"asset_type":"data_asset","name":"jfk_weather.csv","mime":"text/csv","datasource_type":"193a97c1-4475-4a19-b90c-295c4fdc6517","object_key":"jfk_weather.csv","creator_id":"iam-ServiceId-f49c5558-c247-4983-a04f-7d3c7a3d55da","create_time":1633399341029,"size":29961606,"is_remote":false,"is_managed":false,"is_referenced":true,"is_object_key_read_only":false,"is_user_provided_path_key":true,"transfer_complete":true,"is_partitioned":false,"complete_time_ticks":1633399341029,"user_data":{},"test_doc":0,"handle":{"bucket":"daxweatherproject-donotdelete-pr-tobjlxvwvlpaee","location":"us-geo","key":"jfk_weather.csv","upload_id":"done","max_part_num":1},"usage":{"access_count":0,"last_accessor_id":"iam-ServiceId-f49c5558-c247-4983-a04f-7d3c7a3d55da","last_access_time":1633399341029}}]}
