{"metadata":{"asset_id":"dd4f7b7f-a8a0-4859-a152-3f172d89449b","asset_attributes":["notebook"],"name":"Part 1 - Data Cleaning","asset_type":"notebook","created_at":"2021-02-15T01:06:35Z","description":"Read in the cleaned data file and visualize and analyze the time-series data.","origin_country":"us","owner_id":"iam-ServiceId-aa2183a6-ed8d-4fca-aa0a-b136ed2eef19","project_id":"e2079cae-86ce-4cd2-b985-fc31abd92ac1","size":19851,"tags":["notebook"],"usage":{"last_update_time":1613352642821,"last_updated_at":"2021-02-15T01:30:42Z"}},"entity":{"notebook":{"kernel":{"name":"python3","display_name":"Python 3.7","language":"python"},"originates_from":{"type":"file"},"runtime":{"environment":"conda2py37-e2079cae-86ce-4cd2-b985-fc31abd92ac1"}}},"attachments":[{"id":"4b51a4fb-e8c0-4cce-b7f5-b13164592695","version":2,"asset_type":"notebook","name":"attachment for notebook dd4f7b7f-a8a0-4859-a152-3f172d89449b","description":"attachment for notebook dd4f7b7f-a8a0-4859-a152-3f172d89449b","mime":"application/json","datasource_type":"193a97c1-4475-4a19-b90c-295c4fdc6517","object_key":"notebook/Part_1_-_Data_Cleaning_ujz240I1z.ipynb","creator_id":"IBMid-550003P291","create_time":1613351196337,"size":19851,"is_remote":false,"is_managed":false,"is_referenced":true,"is_object_key_read_only":false,"is_user_provided_path_key":true,"transfer_complete":true,"is_partitioned":false,"complete_time_ticks":1613351196337,"user_data":{},"test_doc":0,"handle":{"bucket":"daxweatherproject-donotdelete-pr-on6cu8wmumxsuf","location":"us-geo","key":"notebook/Part_1_-_Data_Cleaning_ujz240I1z.ipynb","upload_id":"done","max_part_num":1},"usage":{"access_count":0,"last_accessor_id":"IBMid-550003P291","last_access_time":1613351196337}}]}
