{"metadata":{"asset_id":"4583c63b-a7e8-4e2b-bac4-9399ec621684","asset_attributes":["notebook"],"name":"Part 3 - Time Series Forecasting","asset_type":"notebook","created_at":"2021-10-05T02:02:22Z","description":"Explore approaches to predicting future temperatures using the included JFK airport weather dataset.","origin_country":"us","owner_id":"iam-ServiceId-9e68bc5f-c5f6-4f6f-8bcf-e57f47b9d1b1","project_id":"44688fea-fe0f-4adc-aad7-11ad9f8a5811","size":26446,"tags":["notebook"],"usage":{"last_update_time":1633459182270,"last_updated_at":"2021-10-05T18:39:42Z"}},"entity":{"notebook":{"kernel":{"name":"python3","display_name":"Python 3.8","language":"python"},"originates_from":{"type":"file"},"runtime":{"environment":"conda4py38-44688fea-fe0f-4adc-aad7-11ad9f8a5811"}}},"attachments":[{"id":"1951f477-6ce3-4c58-80b8-3836ba6a0230","version":2,"asset_type":"notebook","name":"attachment for notebook 4583c63b-a7e8-4e2b-bac4-9399ec621684","description":"attachment for notebook 4583c63b-a7e8-4e2b-bac4-9399ec621684","mime":"application/json","datasource_type":"193a97c1-4475-4a19-b90c-295c4fdc6517","object_key":"notebook/Part_3_-_Time_Series_Forecasting_B4NDHC2l2.ipynb","creator_id":"IBMid-550003P291","create_time":1633399343276,"size":26446,"is_remote":false,"is_managed":false,"is_referenced":true,"is_object_key_read_only":false,"is_user_provided_path_key":true,"transfer_complete":true,"is_partitioned":false,"complete_time_ticks":1633399343276,"user_data":{},"test_doc":0,"handle":{"bucket":"daxweatherproject-donotdelete-pr-tobjlxvwvlpaee","location":"us-geo","key":"notebook/Part_3_-_Time_Series_Forecasting_B4NDHC2l2.ipynb","upload_id":"done","max_part_num":1},"usage":{"access_count":0,"last_accessor_id":"IBMid-550003P291","last_access_time":1633399343276}}]}
