{"metadata":{"asset_id":"a3cab84e-87c4-4278-94ce-199061e4b65f","asset_attributes":["notebook"],"name":"Part 2 - Data Analysis","asset_type":"notebook","created_at":"2021-02-15T01:06:35Z","description":"Analyze the included JFK airport weather dataset.","origin_country":"us","owner_id":"iam-ServiceId-aa2183a6-ed8d-4fca-aa0a-b136ed2eef19","project_id":"e2079cae-86ce-4cd2-b985-fc31abd92ac1","size":11865,"tags":["notebook"],"usage":{"last_update_time":1613352665883,"last_updated_at":"2021-02-15T01:31:05Z"}},"entity":{"notebook":{"kernel":{"name":"python3","display_name":"Python 3.7","language":"python"},"originates_from":{"type":"file"},"runtime":{"environment":"conda2py37-e2079cae-86ce-4cd2-b985-fc31abd92ac1"}}},"attachments":[{"id":"a3306df2-e50a-44ef-b2b8-c2338af1ae97","version":2,"asset_type":"notebook","name":"attachment for notebook a3cab84e-87c4-4278-94ce-199061e4b65f","description":"attachment for notebook a3cab84e-87c4-4278-94ce-199061e4b65f","mime":"application/json","datasource_type":"193a97c1-4475-4a19-b90c-295c4fdc6517","object_key":"notebook/Part_2_-_Data_Analysis_Wxw27R0K6.ipynb","creator_id":"IBMid-550003P291","create_time":1613351196449,"size":11865,"is_remote":false,"is_managed":false,"is_referenced":true,"is_object_key_read_only":false,"is_user_provided_path_key":true,"transfer_complete":true,"is_partitioned":false,"complete_time_ticks":1613351196449,"user_data":{},"test_doc":0,"handle":{"bucket":"daxweatherproject-donotdelete-pr-on6cu8wmumxsuf","location":"us-geo","key":"notebook/Part_2_-_Data_Analysis_Wxw27R0K6.ipynb","upload_id":"done","max_part_num":1},"usage":{"access_count":0,"last_accessor_id":"IBMid-550003P291","last_access_time":1613351196449}}]}
