{"metadata":{"asset_id":"cb48769b-60b8-4404-bdec-f85dde0cb116","asset_attributes":["notebook"],"name":"Part 1 - Data Cleaning","asset_type":"notebook","created_at":"2021-10-05T02:02:22Z","description":"Read in the cleaned data file and visualize and analyze the time-series data.","origin_country":"us","owner_id":"iam-ServiceId-9e68bc5f-c5f6-4f6f-8bcf-e57f47b9d1b1","project_id":"44688fea-fe0f-4adc-aad7-11ad9f8a5811","size":19856,"tags":["notebook"],"usage":{"last_update_time":1633459006446,"last_updated_at":"2021-10-05T18:36:46Z"}},"entity":{"notebook":{"kernel":{"name":"python3","display_name":"Python 3.8","language":"python"},"originates_from":{"type":"file"},"runtime":{"environment":"conda4py38-44688fea-fe0f-4adc-aad7-11ad9f8a5811"}}},"attachments":[{"id":"e28cb400-e9d5-4f8a-90e2-7fd05962ecb1","version":2,"asset_type":"notebook","name":"attachment for notebook cb48769b-60b8-4404-bdec-f85dde0cb116","description":"attachment for notebook cb48769b-60b8-4404-bdec-f85dde0cb116","mime":"application/json","datasource_type":"193a97c1-4475-4a19-b90c-295c4fdc6517","object_key":"notebook/Part_1_-_Data_Cleaning_ujz240I1z.ipynb","creator_id":"IBMid-550003P291","create_time":1633399344890,"size":19856,"is_remote":false,"is_managed":false,"is_referenced":true,"is_object_key_read_only":false,"is_user_provided_path_key":true,"transfer_complete":true,"is_partitioned":false,"complete_time_ticks":1633399344890,"user_data":{},"test_doc":0,"handle":{"bucket":"daxweatherproject-donotdelete-pr-tobjlxvwvlpaee","location":"us-geo","key":"notebook/Part_1_-_Data_Cleaning_ujz240I1z.ipynb","upload_id":"done","max_part_num":1},"usage":{"access_count":0,"last_accessor_id":"IBMid-550003P291","last_access_time":1633399344890}}]}
