{"metadata":{"asset_id":"b0905461-c127-4fa2-9692-7810a4bad633","asset_attributes":["notebook"],"name":"Part 3 - Time Series Forecasting","asset_type":"notebook","created_at":"2021-02-15T01:06:35Z","description":"Explore approaches to predicting future temperatures using the included JFK airport weather dataset.","origin_country":"us","owner_id":"iam-ServiceId-aa2183a6-ed8d-4fca-aa0a-b136ed2eef19","project_id":"e2079cae-86ce-4cd2-b985-fc31abd92ac1","size":26446,"tags":["notebook"],"usage":{"last_update_time":1613352681928,"last_updated_at":"2021-02-15T01:31:21Z"}},"entity":{"notebook":{"kernel":{"name":"python3","display_name":"Python 3.7","language":"python"},"originates_from":{"type":"file"},"runtime":{"environment":"conda4py37-e2079cae-86ce-4cd2-b985-fc31abd92ac1"}}},"attachments":[{"id":"0815c3c6-aff4-4699-a142-9ade065f11c5","version":2,"asset_type":"notebook","name":"attachment for notebook b0905461-c127-4fa2-9692-7810a4bad633","description":"attachment for notebook b0905461-c127-4fa2-9692-7810a4bad633","mime":"application/json","datasource_type":"193a97c1-4475-4a19-b90c-295c4fdc6517","object_key":"notebook/Part_3_-_Time_Series_Forecasting_B4NDHC2l2.ipynb","creator_id":"IBMid-550003P291","create_time":1613351196295,"size":26446,"is_remote":false,"is_managed":false,"is_referenced":true,"is_object_key_read_only":false,"is_user_provided_path_key":true,"transfer_complete":true,"is_partitioned":false,"complete_time_ticks":1613351196295,"user_data":{},"test_doc":0,"handle":{"bucket":"daxweatherproject-donotdelete-pr-on6cu8wmumxsuf","location":"us-geo","key":"notebook/Part_3_-_Time_Series_Forecasting_B4NDHC2l2.ipynb","upload_id":"done","max_part_num":1},"usage":{"access_count":0,"last_accessor_id":"IBMid-550003P291","last_access_time":1613351196295}}]}
