{"metadata":{"asset_id":"2168b346-039a-4600-93c3-068b0cea9bb8","asset_attributes":["notebook"],"name":"Part 2 - Data Analysis","asset_type":"notebook","created_at":"2021-10-05T02:02:22Z","description":"Analyze the included JFK airport weather dataset.","origin_country":"us","owner_id":"iam-ServiceId-9e68bc5f-c5f6-4f6f-8bcf-e57f47b9d1b1","project_id":"44688fea-fe0f-4adc-aad7-11ad9f8a5811","size":11870,"tags":["notebook"],"usage":{"last_update_time":1633459080807,"last_updated_at":"2021-10-05T18:38:00Z"}},"entity":{"notebook":{"kernel":{"name":"python3","display_name":"Python 3.8","language":"python"},"originates_from":{"type":"file"},"runtime":{"environment":"conda4py38-44688fea-fe0f-4adc-aad7-11ad9f8a5811"}}},"attachments":[{"id":"0e2206e0-7ef7-4c22-ad64-e69f523bf920","version":2,"asset_type":"notebook","name":"attachment for notebook 2168b346-039a-4600-93c3-068b0cea9bb8","description":"attachment for notebook 2168b346-039a-4600-93c3-068b0cea9bb8","mime":"application/json","datasource_type":"193a97c1-4475-4a19-b90c-295c4fdc6517","object_key":"notebook/Part_2_-_Data_Analysis_Wxw27R0K6.ipynb","creator_id":"IBMid-550003P291","create_time":1633399342956,"size":11870,"is_remote":false,"is_managed":false,"is_referenced":true,"is_object_key_read_only":false,"is_user_provided_path_key":true,"transfer_complete":true,"is_partitioned":false,"complete_time_ticks":1633399342956,"user_data":{},"test_doc":0,"handle":{"bucket":"daxweatherproject-donotdelete-pr-tobjlxvwvlpaee","location":"us-geo","key":"notebook/Part_2_-_Data_Analysis_Wxw27R0K6.ipynb","upload_id":"done","max_part_num":1},"usage":{"access_count":0,"last_accessor_id":"IBMid-550003P291","last_access_time":1633399342956}}]}
