{"metadata":{"asset_id":"265ad1f4-6c1c-4bfa-977c-f1774b926b43","asset_attributes":["data_asset"],"name":"Agency.csv","asset_type":"data_asset","created_at":"2020-10-22T16:02:08Z","description":"","origin_country":"us","owner_id":"IBMid-270002NXFQ","project_id":"e4215718-f324-4625-9e0d-d1b14969c1f0","size":730,"tags":[],"usage":{"last_update_time":1603382529466,"last_updated_at":"2020-10-22T16:02:09Z"}},"entity":{"data_asset":{"mime_type":"text/csv","dataset":false}},"attachments":[{"id":"98e9f3ee-641d-40f1-b099-6bfee64f15ba","version":2,"asset_type":"data_asset","name":"Agency.csv","mime":"text/csv","datasource_type":"193a97c1-4475-4a19-b90c-295c4fdc6517","object_key":"Agency.csv","creator_id":"IBMid-270002NXFQ","create_time":1603382529466,"size":730,"is_remote":false,"is_managed":false,"is_referenced":true,"is_object_key_read_only":true,"is_user_provided_path_key":true,"transfer_complete":true,"is_partitioned":false,"complete_time_ticks":1603382529466,"user_data":{},"test_doc":0,"handle":{"bucket":"maskinventorymanagement-donotdelete-pr-cksdtgccprapws","location":"us-geo","key":"Agency.csv","upload_id":"done","max_part_num":1},"usage":{"access_count":0,"last_accessor_id":"IBMid-270002NXFQ","last_access_time":1603382529466}}]}
