{"metadata":{"asset_id":"f8be049b-6294-412e-8a4f-993a0f65c792","asset_attributes":["data_asset"],"name":"Period.csv","asset_type":"data_asset","created_at":"2023-06-07T09:55:38Z","description":"","origin_country":"us","owner_id":"IBMid-270006YQEG","project_id":"deb1b425-d533-4c87-9cfe-1a7d89e449e4","size":223,"tags":[],"usage":{"last_update_time":1686131739706,"last_updated_at":"2023-06-07T09:55:39Z"}},"entity":{"data_asset":{"mime_type":"text/csv","dataset":false},"location_definition":{"physical_location_code":"LON","physical_location_code_assigned_by":"IBMid-270006YQEG","physical_location_code_rds_id":"c57cb90f-2126-3800-9c9f-9eab82021cdf","physical_location_code_rds_version":"00002023-0217-4154-8530-227498000000_3","physical_location_code_assignment_method":"INFERRED","physical_location_code_added_on":"1686131733256"}},"attachments":[{"id":"be01949d-9a6c-45da-bbe8-261cf73fad91","version":2,"asset_type":"data_asset","name":"Period.csv","mime":"text/csv","datasource_type":"193a97c1-4475-4a19-b90c-295c4fdc6517","object_key":"Period.csv","creator_id":"iam-ServiceId-f49c5558-c247-4983-a04f-7d3c7a3d55da","create_time":1686131739557,"size":223,"is_remote":false,"is_managed":false,"is_referenced":true,"is_object_key_read_only":false,"is_user_provided_path_key":true,"transfer_complete":true,"is_partitioned":false,"complete_time_ticks":1686131739557,"user_data":{},"test_doc":0,"handle":{"bucket":"maskinventorymanagement-donotdelete-pr-kfj9trq5fg7spe","location":"eu-gb","type":"bluemix_cos","key":"Period.csv","upload_id":"done","max_part_num":1},"usage":{"access_count":0,"last_accessor_id":"iam-ServiceId-f49c5558-c247-4983-a04f-7d3c7a3d55da","last_access_time":1686131739557}}]}
