{"metadata":{"asset_id":"6e378eb5-2ca9-4064-a2df-2bee9ce02d00","asset_attributes":["data_asset"],"name":"Factory.csv","asset_type":"data_asset","created_at":"2020-10-22T16:01:59Z","description":"","origin_country":"us","owner_id":"IBMid-270002NXFQ","project_id":"e4215718-f324-4625-9e0d-d1b14969c1f0","size":41,"tags":[],"usage":{"last_update_time":1603382521459,"last_updated_at":"2020-10-22T16:02:01Z"}},"entity":{"data_asset":{"mime_type":"text/csv","dataset":false}},"attachments":[{"id":"2addbbd6-0c20-4c6e-8a4e-34081e9c33be","version":2,"asset_type":"data_asset","name":"Factory.csv","mime":"text/csv","datasource_type":"193a97c1-4475-4a19-b90c-295c4fdc6517","object_key":"Factory.csv","creator_id":"IBMid-270002NXFQ","create_time":1603382521458,"size":41,"is_remote":false,"is_managed":false,"is_referenced":true,"is_object_key_read_only":true,"is_user_provided_path_key":true,"transfer_complete":true,"is_partitioned":false,"complete_time_ticks":1603382521458,"user_data":{},"test_doc":0,"handle":{"bucket":"maskinventorymanagement-donotdelete-pr-cksdtgccprapws","location":"us-geo","key":"Factory.csv","upload_id":"done","max_part_num":1},"usage":{"access_count":0,"last_accessor_id":"IBMid-270002NXFQ","last_access_time":1603382521458}}]}
