{"metadata":{"asset_id":"9edebb3e-ec38-4a4a-9027-9d62a39eff99","asset_attributes":["data_asset"],"name":"PlanParameters.csv","asset_type":"data_asset","created_at":"2023-06-07T09:55:39Z","description":"","origin_country":"us","owner_id":"IBMid-270006YQEG","project_id":"deb1b425-d533-4c87-9cfe-1a7d89e449e4","size":30,"tags":[],"usage":{"last_update_time":1686131740442,"last_updated_at":"2023-06-07T09:55:40Z"}},"entity":{"data_asset":{"mime_type":"text/csv","dataset":false},"location_definition":{"physical_location_code":"LON","physical_location_code_assigned_by":"IBMid-270006YQEG","physical_location_code_rds_id":"c57cb90f-2126-3800-9c9f-9eab82021cdf","physical_location_code_rds_version":"00002023-0217-4154-8530-227498000000_3","physical_location_code_assignment_method":"INFERRED","physical_location_code_added_on":"1686131733256"}},"attachments":[{"id":"b72b7c84-7d8d-4f3c-8c81-1b3b19b21e87","version":2,"asset_type":"data_asset","name":"PlanParameters.csv","mime":"text/csv","datasource_type":"193a97c1-4475-4a19-b90c-295c4fdc6517","object_key":"PlanParameters.csv","creator_id":"iam-ServiceId-f49c5558-c247-4983-a04f-7d3c7a3d55da","create_time":1686131740334,"size":30,"is_remote":false,"is_managed":false,"is_referenced":true,"is_object_key_read_only":false,"is_user_provided_path_key":true,"transfer_complete":true,"is_partitioned":false,"complete_time_ticks":1686131740334,"user_data":{},"test_doc":0,"handle":{"bucket":"maskinventorymanagement-donotdelete-pr-kfj9trq5fg7spe","location":"eu-gb","type":"bluemix_cos","key":"PlanParameters.csv","upload_id":"done","max_part_num":1},"usage":{"access_count":0,"last_accessor_id":"iam-ServiceId-f49c5558-c247-4983-a04f-7d3c7a3d55da","last_access_time":1686131740334}}]}
