{"metadata":{"asset_id":"a897c641-77ee-4388-8461-eccd9ab6425c","asset_attributes":["data_asset"],"name":"WarehouseTargetInventory.csv","asset_type":"data_asset","created_at":"2020-10-22T16:01:59Z","description":"","origin_country":"us","owner_id":"IBMid-270002NXFQ","project_id":"e4215718-f324-4625-9e0d-d1b14969c1f0","size":921,"tags":[],"usage":{"last_update_time":1603382521638,"last_updated_at":"2020-10-22T16:02:01Z"}},"entity":{"data_asset":{"mime_type":"text/csv","dataset":false}},"attachments":[{"id":"4ef88b83-7bb9-425b-9ac4-49944da28513","version":2,"asset_type":"data_asset","name":"WarehouseTargetInventory.csv","mime":"text/csv","datasource_type":"193a97c1-4475-4a19-b90c-295c4fdc6517","object_key":"WarehouseTargetInventory.csv","creator_id":"IBMid-270002NXFQ","create_time":1603382521638,"size":921,"is_remote":false,"is_managed":false,"is_referenced":true,"is_object_key_read_only":true,"is_user_provided_path_key":true,"transfer_complete":true,"is_partitioned":false,"complete_time_ticks":1603382521638,"user_data":{},"test_doc":0,"handle":{"bucket":"maskinventorymanagement-donotdelete-pr-cksdtgccprapws","location":"us-geo","key":"WarehouseTargetInventory.csv","upload_id":"done","max_part_num":1},"usage":{"access_count":0,"last_accessor_id":"IBMid-270002NXFQ","last_access_time":1603382521638}}]}
