{"metadata":{"asset_id":"5e23c7db-68f6-42bc-8678-5acc2477e7c0","asset_attributes":["do_decision_asset"],"name":"InventoryOptimization","asset_type":"do_decision_asset","created_at":"2020-10-22T16:04:07Z","description":"","origin_country":"us","owner_id":"IBMid-270002NXFQ","project_id":"e4215718-f324-4625-9e0d-d1b14969c1f0","size":0,"tags":[],"usage":{"last_update_time":1603382647904,"last_updated_at":"2020-10-22T16:04:07Z"}},"entity":{"do_decision_asset":{"spaceId":"7f4bb95e-5683-440a-ae13-7ea1d94a2ffd"}}}
