{"metadata":[{"decision":{"name":"InventoryOptimization","description":"","spaceId":"b406a7b9-f4e0-40d7-97fa-e12776d39642","environments":[],"extensions":[]},"scenarios":[{"qualifiers":[{"name":"modelType","value":"cognitive"}],"name":"With costs and min transport","description":"","category":"scenario","readOnly":false,"creator":"IBMid-270006YQEG","createdAt":1686131875000,"usage":{"lastModificationTime":1686132130000,"lastModifier":"IBMid-270006YQEG"},"tables":[{"category":"input","creator":"IBMid-270006YQEG","createdAt":1686131875313,"lastUpdater":"IBMid-270006YQEG","updatedAt":1686131875313,"crc":3549117986,"size":9,"attachmentKey":"bb40e9ec-0340-4a0f-9b91-b5c6b845b614","name":"PlanParameters","tableType":{"columns":[{"key":"StartPeriod","dataType":"String"},{"key":"EndPeriod","dataType":"String"}]},"numberOfRows":1},{"category":"output","creator":"IBMid-270006YQEG","createdAt":1686131875313,"lastUpdater":"IBMid-270006YQEG","updatedAt":1686132125536,"crc":2336320521,"size":133610,"attachmentKey":"6db78974-ca3e-454c-b6df-ed3242b81c4c","name":"DeliveryAtAgency","tableType":{"columns":[{"key":"Warehouse","dataType":"String"},{"key":"Agency","dataType":"String"},{"key":"Period","dataType":"String"},{"key":"Mask","dataType":"String"},{"key":"Delivery at Agency decision","dataType":"Number"},{"key":"Warehouse Capacity","dataType":"Number"},{"key":"Agency Name","dataType":"String"},{"key":"Period Next","dataType":"String"},{"key":"Period To","dataType":"String"},{"key":"Period From","dataType":"String"},{"key":"Mask UnitWeight","dataType":"Number"}]},"numberOfRows":1750},{"category":"input","creator":"IBMid-270006YQEG","createdAt":1686131875313,"lastUpdater":"IBMid-270006YQEG","updatedAt":1686131875313,"crc":305477516,"size":547,"attachmentKey":"7d3cf74f-7ff5-470c-bed1-018a6805cf27","name":"FactoryWarehouseTransportCost","tableType":{"columns":[{"key":"Factory","dataType":"String"},{"key":"Warehouse","dataType":"String"},{"key":"weightUnitCost","dataType":"Number"},{"key":"minCost","dataType":"Number"}]},"numberOfRows":20},{"category":"output","creator":"IBMid-270006YQEG","createdAt":1686131875313,"lastUpdater":"IBMid-270006YQEG","updatedAt":1686132125536,"crc":3629887196,"size":31246,"attachmentKey":"cf1e301f-ba54-4412-ac8d-744e14207a60","name":"InventoryAtAgencyDecisions","tableType":{"columns":[{"key":"Agency","dataType":"String"},{"key":"Period","dataType":"String"},{"key":"Mask","dataType":"String"},{"key":"Start Inventory decision","dataType":"Number"},{"key":"Distributed quantity decision","dataType":"Number"},{"key":"End Inventory decision","dataType":"Number"},{"key":"Received quantity decision","dataType":"Number"},{"key":"Target inventory","dataType":"Number"},{"key":"Agency Name","dataType":"String"},{"key":"Period Next","dataType":"String"},{"key":"Period To","dataType":"String"},{"key":"Period From","dataType":"String"},{"key":"Mask UnitWeight","dataType":"Number"}]},"numberOfRows":350},{"category":"input","creator":"IBMid-270006YQEG","createdAt":1686131875313,"lastUpdater":"IBMid-270006YQEG","updatedAt":1686131875313,"crc":2815839992,"size":782,"attachmentKey":"c32006e4-522a-4920-978f-1abdb36c9920","name":"AgencyInitialInventory","tableType":{"columns":[{"key":"Agency","dataType":"String"},{"key":"Mask","dataType":"String"},{"key":"InitialInventory","dataType":"Number"}]},"numberOfRows":50},{"category":"output","creator":"IBMid-270006YQEG","createdAt":1686131875313,"lastUpdater":"IBMid-270006YQEG","updatedAt":1686132125536,"crc":3577191870,"size":10074,"attachmentKey":"8442e4bd-50e3-4dbd-b172-f710ef1e5b97","name":"SupplyAtWarehouseDecisions","tableType":{"columns":[{"key":"Factory","dataType":"String"},{"key":"Warehouse","dataType":"String"},{"key":"Period","dataType":"String"},{"key":"Mask","dataType":"String"},{"key":"Supply at Warehouse decision","dataType":"Number"},{"key":"Warehouse Capacity","dataType":"Number"},{"key":"Period Next","dataType":"String"},{"key":"Period To","dataType":"String"},{"key":"Period From","dataType":"String"},{"key":"Mask UnitWeight","dataType":"Number"}]},"numberOfRows":140},{"category":"input","creator":"IBMid-270006YQEG","createdAt":1686131875313,"lastUpdater":"IBMid-270006YQEG","updatedAt":1686131875313,"crc":1592233317,"size":896,"attachmentKey":"3b75ea7c-771b-4b55-8049-62e8c4cc096c","name":"FactoryOffer","tableType":{"columns":[{"key":"Factory","dataType":"String"},{"key":"Period","dataType":"String"},{"key":"Mask","dataType":"String"},{"key":"Capacity","dataType":"Number"},{"key":"Uniit price","dataType":"Number"}]},"numberOfRows":28},{"category":"input","creator":"IBMid-270006YQEG","createdAt":1686131875313,"lastUpdater":"IBMid-270006YQEG","updatedAt":1686131875313,"crc":2029529129,"size":83,"attachmentKey":"70a0d585-f948-40fc-ac06-d990fcec6f1b","name":"Warehouse","tableType":{"columns":[{"key":"Id","dataType":"String"},{"key":"Capacity","dataType":"Number"}]},"numberOfRows":5},{"category":"input","creator":"IBMid-270006YQEG","createdAt":1686131875313,"lastUpdater":"IBMid-270006YQEG","updatedAt":1686131875313,"crc":661481029,"size":722,"attachmentKey":"7c51d508-70cb-49b2-9efb-17c7669dbaee","name":"Agency","tableType":{"columns":[{"key":"Num","dataType":"String"},{"key":"Name","dataType":"String"}]},"numberOfRows":50},{"category":"output","creator":"IBMid-270006YQEG","createdAt":1686131875313,"lastUpdater":"IBMid-270006YQEG","updatedAt":1686132125536,"crc":2024231909,"size":8985,"attachmentKey":"6dd80f3b-d8a6-493f-afd7-5e1a8180d9ea","name":"TransportFactory_WarehouseDecisions","tableType":{"columns":[{"key":"Factory","dataType":"String"},{"key":"Warehouse","dataType":"String"},{"key":"Period","dataType":"String"},{"key":"Transport Cost Factory - Warehouse decision","dataType":"Number"},{"key":"Transport Weight decision","dataType":"Number"},{"key":"Warehouse Capacity","dataType":"Number"},{"key":"Period Next","dataType":"String"},{"key":"Period To","dataType":"String"},{"key":"Period From","dataType":"String"}]},"numberOfRows":140},{"category":"output","creator":"IBMid-270006YQEG","createdAt":1686131875313,"lastUpdater":"IBMid-270006YQEG","updatedAt":1686132125536,"crc":2522807162,"size":24773,"attachmentKey":"5de8f151-3a49-4731-9bd3-510d153f79a7","name":"CoveredDemandDecisions","tableType":{"columns":[{"key":"Agency","dataType":"String"},{"key":"Period","dataType":"String"},{"key":"Mask","dataType":"String"},{"key":"Covered Demand decision","dataType":"Number"},{"key":"Agency demand","dataType":"Number"},{"key":"Agency Name","dataType":"String"},{"key":"Period Next","dataType":"String"},{"key":"Period To","dataType":"String"},{"key":"Period From","dataType":"String"},{"key":"Mask UnitWeight","dataType":"Number"}]},"numberOfRows":350},{"category":"input","creator":"IBMid-270006YQEG","createdAt":1686131875313,"lastUpdater":"IBMid-270006YQEG","updatedAt":1686131875313,"crc":937016459,"size":13,"attachmentKey":"d7812575-44e6-485a-8629-144f8c6a9dfe","name":"Mask","tableType":{"columns":[{"key":"MaskId","dataType":"String"},{"key":"UnitWeight","dataType":"Number"}]},"numberOfRows":1},{"category":"input","creator":"IBMid-270006YQEG","createdAt":1686131875313,"lastUpdater":"IBMid-270006YQEG","updatedAt":1686131875313,"crc":2002649715,"size":214,"attachmentKey":"95d893d5-4917-451d-ae76-81695cdfd5fd","name":"Period","tableType":{"columns":[{"key":"Id","dataType":"String"},{"key":"From","dataType":"String"},{"key":"To","dataType":"String"},{"key":"Next","dataType":"String"}]},"numberOfRows":7},{"category":"output","creator":"IBMid-270006YQEG","createdAt":1686131875313,"lastUpdater":"IBMid-270006YQEG","updatedAt":1686132125536,"crc":169030511,"size":2106,"attachmentKey":"fbf310dc-7871-495a-b084-32db9750a98e","name":"TransferBetweenWarehouseDecisions","tableType":{"columns":[{"key":"Warehouse","dataType":"String"},{"key":"Period","dataType":"String"},{"key":"Mask","dataType":"String"},{"key":"Transfer between Warehouse decision","dataType":"Number"},{"key":"Warehouse Capacity","dataType":"Number"},{"key":"Period Next","dataType":"String"},{"key":"Period To","dataType":"String"},{"key":"Period From","dataType":"String"},{"key":"Mask UnitWeight","dataType":"Number"}]},"numberOfRows":35},{"category":"output","creator":"IBMid-270006YQEG","createdAt":1686131875313,"lastUpdater":"IBMid-270006YQEG","updatedAt":1686132125536,"crc":671598253,"size":3527,"attachmentKey":"8d9d98be-4afe-480f-94a9-5e1879f1543e","name":"InventoryAtWarehouseDecisions","tableType":{"columns":[{"key":"Warehouse","dataType":"String"},{"key":"Period","dataType":"String"},{"key":"Mask","dataType":"String"},{"key":"Start Inventory decision","dataType":"Number"},{"key":"Distributed quantity decision","dataType":"Number"},{"key":"End Inventory decision","dataType":"Number"},{"key":"Received quantity decision","dataType":"Number"},{"key":"Target inventory","dataType":"Number"},{"key":"Warehouse Transfer decision","dataType":"Number"},{"key":"Warehouse Capacity","dataType":"Number"},{"key":"Period Next","dataType":"String"},{"key":"Period To","dataType":"String"},{"key":"Period From","dataType":"String"},{"key":"Mask UnitWeight","dataType":"Number"}]},"numberOfRows":35},{"category":"output","creator":"IBMid-270006YQEG","createdAt":1686131875313,"lastUpdater":"IBMid-270006YQEG","updatedAt":1686132125536,"crc":856975629,"size":472,"attachmentKey":"a8265e50-3909-4768-8d28-0d47d76f097c","name":"stats","tableType":{"columns":[{"key":"Name","dataType":"String"},{"key":"Value","dataType":"String"}]},"numberOfRows":16},{"category":"input","creator":"IBMid-270006YQEG","createdAt":1686131875313,"lastUpdater":"IBMid-270006YQEG","updatedAt":1686131875313,"crc":4215869345,"size":106,"attachmentKey":"4cad3e8a-076f-48a9-925e-232d867f8294","name":"WarehouseInitialInventory","tableType":{"columns":[{"key":"Mask","dataType":"String"},{"key":"Warehouse","dataType":"String"},{"key":"InitialInventory","dataType":"Number"}]},"numberOfRows":5},{"category":"input","creator":"IBMid-270006YQEG","createdAt":1686131875313,"lastUpdater":"IBMid-270006YQEG","updatedAt":1686131875313,"crc":1418123937,"size":891,"attachmentKey":"f79ca9ee-914c-44b4-8309-126c8b50521f","name":"WarehouseTargetInventory","tableType":{"columns":[{"key":"Mask","dataType":"String"},{"key":"Warehouse","dataType":"String"},{"key":"Period","dataType":"String"},{"key":"Quantity","dataType":"Number"}]},"numberOfRows":35},{"category":"input","creator":"IBMid-270006YQEG","createdAt":1686131875313,"lastUpdater":"IBMid-270006YQEG","updatedAt":1686131875313,"crc":2876833046,"size":9534,"attachmentKey":"908772b6-6fb8-4f32-9968-fbc924c8d132","name":"AgencyRequest","tableType":{"columns":[{"key":"Agency","dataType":"String"},{"key":"Period","dataType":"String"},{"key":"Mask","dataType":"String"},{"key":"Demand","dataType":"Number"},{"key":"TargetInventory","dataType":"Number"}]},"numberOfRows":350},{"category":"output","creator":"IBMid-270006YQEG","createdAt":1686131875313,"lastUpdater":"IBMid-270006YQEG","updatedAt":1686132125536,"crc":3701703877,"size":10053,"attachmentKey":"69540383-1dd2-4a93-a00b-c77f23eae810","name":"CostOfMasks","tableType":{"columns":[{"key":"Factory","dataType":"String"},{"key":"Warehouse","dataType":"String"},{"key":"Mask","dataType":"String"},{"key":"Period","dataType":"String"},{"key":"Cost of Masks decision","dataType":"Number"},{"key":"Warehouse Capacity","dataType":"Number"},{"key":"Mask UnitWeight","dataType":"Number"},{"key":"Period Next","dataType":"String"},{"key":"Period To","dataType":"String"},{"key":"Period From","dataType":"String"}]},"numberOfRows":140},{"category":"output","creator":"IBMid-270006YQEG","createdAt":1686131875313,"lastUpdater":"IBMid-270006YQEG","updatedAt":1686132129909,"crc":4046522406,"size":441,"attachmentKey":"b19e96fa-9219-4b76-b598-7dd6aaae7c65","name":"kpis","tableType":{"columns":[{"key":"Name","dataType":"String"},{"key":"Value","dataType":"Number"},{"key":"Slider","dataType":"Number"},{"key":"Weight factor","dataType":"Number"},{"key":"Scale factor","dataType":"Number"},{"key":"Scaled weighted value","dataType":"Number"}]},"numberOfRows":4}],"assets":[{"category":"CO_ASSET_SESSION","creator":"IBMid-270006YQEG","createdAt":1686131875313,"lastUpdater":"IBMid-270006YQEG","updatedAt":1686131875313,"crc":3043439446,"size":197347,"attachmentKey":"523af2e3-3ade-4749-b10f-61870d5326a9","name":"CO_SESSION.json","contentType":"application/json"},{"category":"CO_ASSET","creator":"IBMid-270006YQEG","createdAt":1686131875313,"lastUpdater":"IBMid-270006YQEG","updatedAt":1686132088985,"crc":2745614147,"size":2,"attachmentKey":"16bd81fc-ef27-412e-9a42-d0572114b51e","name":"solveParameters.json","contentType":"application/json; charset=utf-8"},{"category":"model","creator":"IBMid-270006YQEG","createdAt":1686131875313,"lastUpdater":"IBMid-270006YQEG","updatedAt":1686132090647,"crc":1537095581,"size":100120,"attachmentKey":"e3bf1e7d-2e1d-4621-a74b-09a0db64b112","name":"model.py","contentType":"text/plain"},{"category":"CO_ASSET","creator":"IBMid-270006YQEG","createdAt":1686131875313,"lastUpdater":"IBMid-270006YQEG","updatedAt":1686132086617,"crc":282554832,"size":13201,"attachmentKey":"db0cce45-4c71-4b94-855a-74afd75fca61","name":"CO_DATASET.json","contentType":"application/json; charset=utf-8"},{"category":"output","creator":"IBMid-270006YQEG","createdAt":1686132125536,"lastUpdater":"IBMid-270006YQEG","updatedAt":1686132125536,"crc":3534013753,"size":222933,"attachmentKey":"35d035a1-8f08-49b8-bce5-2d29d0ece6d2","name":"solution.json","contentType":"application/json"},{"category":"output","creator":"IBMid-270006YQEG","createdAt":1686132125536,"lastUpdater":"IBMid-270006YQEG","updatedAt":1686132125536,"crc":579701773,"size":11192,"attachmentKey":"03bf98d2-6653-4306-8388-1032d6ca9006","name":"log.txt","contentType":"text/plain"},{"category":"CO_ASSET","creator":"IBMid-270006YQEG","createdAt":1686132129909,"lastUpdater":"IBMid-270006YQEG","updatedAt":1686132129909,"crc":509122444,"size":773336,"attachmentKey":"d16ef814-0db9-4b64-9ac1-7d0e578eb3f4","name":"CO_SOLUTION_JSON.json","contentType":"application/json"},{"category":"CO_ASSET","creator":"IBMid-270006YQEG","createdAt":1686132129909,"lastUpdater":"IBMid-270006YQEG","updatedAt":1686132129909,"crc":297169043,"size":255402,"attachmentKey":"edee7b99-45dc-4526-a949-50b679dae44c","name":"CO_SOLUTION_TEXT.json","contentType":"application/json"}],"solveStatus":{"creationTime":1686132089235,"lastModificationTime":1686132130056,"state":"TERMINATED","solveConfig":{"containerId":"With costs and min transport","solveParameters":{},"setupWebHook":{"verb":"GET","url":"https://internal.api.eu-gb.dataplatform.cloud.ibm.com/v1/cognitive/solve/preprocess/With%20costs%20and%20min%20transport?projectId=deb1b425-d533-4c87-9cfe-1a7d89e449e4&parentId=InventoryOptimization","expectedStatus":200,"headers":{}},"tearDownWebHook":{"verb":"GET","url":"https://internal.api.eu-gb.dataplatform.cloud.ibm.com/v1/cognitive/solve/postprocess/With%20costs%20and%20min%20transport?projectId=deb1b425-d533-4c87-9cfe-1a7d89e449e4&parentId=InventoryOptimization","expectedStatus":200,"headers":{}}},"jobDetails":{"id":"dde86f29-d614-4b7b-a691-217e8c6f8a97","createdAt":1686132092294,"startedAt":1686132092908,"endedAt":1686132125993,"submittedAt":1686132092294,"details":{"KPI._time":"28.961652994155884","KPI.gap in inventory of Masks at Agencies across Periods according to AgencyRequests":"119507031.0","KPI.gap in inventory of Masks at Warehouses across Periods according to WarehouseTargetInventories":"23610687.999999985","KPI.overall supply & inventory costs":"16813781.668000016","KPI.uncovered demand for Masks at Agencies as specified by AgencyRequests":"49105720.99999996","MODEL_DETAIL_BOOLEAN_VARS":"0","MODEL_DETAIL_CONSTRAINTS":"3920","MODEL_DETAIL_CONTINUOUS_VARS":"2940","MODEL_DETAIL_INTEGER_VARS":"3325","MODEL_DETAIL_KPIS":"[\"uncovered demand for Masks at Agencies as specified by AgencyRequests\", \"gap in inventory of Masks at Warehouses across Periods according to WarehouseTargetInventories\", \"gap in inventory of Masks at Agencies across Periods according to AgencyRequests\", \"overall supply & inventory costs\"]","MODEL_DETAIL_NONZEROS":"13035","MODEL_DETAIL_OBJECTIVE_SENSE":"minimize","MODEL_DETAIL_TYPE":"MILP","PROGRESS_BEST_OBJECTIVE":"638265764.3247557","PROGRESS_BEST_OBJECTIVE.history":"[[1686132095.67, 638224681.2048603], [1686132102.29, 638224681.523679], [1686132103.61, 638224681.746852], [1686132106.96, 638265764.3232943], [1686132123.2, 638265764.3247557], [1686132123.91, 638265764.3247557], [1686132124.95, 638265764.3247557]]","PROGRESS_CURRENT_OBJECTIVE":"8409154697.343988","PROGRESS_CURRENT_OBJECTIVE.history":"[[1686132095.67, 9159695089.184], [1686132102.29, 9159143089.184], [1686132103.61, 8895653949.344], [1686132106.96, 8895653949.344], [1686132123.2, 8813893949.343987], [1686132123.91, 8409154697.343988], [1686132124.95, 8409154697.343988]]","PROGRESS_GAP":"0.92409870108272","PROGRESS_GAP.history":"[[1686132095.67, 0.9303224970928898], [1686132102.29, 0.9303182977589513], [1686132103.61, 0.9282543267328967], [1686132106.96, 0.9282497084578742], [1686132123.2, 0.9275841338694276], [1686132123.91, 0.92409870108272], [1686132124.95, 0.92409870108272]]","STAT.cplex.modelType":"MILP","STAT.cplex.size.booleanVariables":"0","STAT.cplex.size.constraints":"3920","STAT.cplex.size.continousVariables":"2940","STAT.cplex.size.integerVariables":"3325","STAT.cplex.size.linearConstraints":"3920","STAT.cplex.size.quadraticConstraints":"0","STAT.cplex.size.variables":"6405","STAT.cplex.solve.elapsedTime":"28.961652994155884","STAT.cplex.solve.explored":"3925","STAT.cplex.solve.iterationCount":"10709","STAT.cplex.solve.opened":"180","STAT.job.coresCount":"1","STAT.job.inputsReadMs":"370","STAT.job.memoryPeakKB":"141044","STAT.job.modelProcessingMs":"31849","STAT.job.outputsWriteMs":"633"},"executionStatus":"PROCESSED","solveStatus":"FEASIBLE_SOLUTION","logTail":["[2023-06-07T10:01:45.501Z, INFO]    1224     0   6.38259e+08   327   8.89565e+09      Cuts: 40     7338   92.83%","[2023-06-07T10:01:45.657Z, INFO]    1224     0   6.38259e+08   329   8.89565e+09       Cuts: 5     7344   92.83%","[2023-06-07T10:01:45.827Z, INFO]    1224     0   6.38259e+08   326   8.89565e+09   Flowcuts: 2     7347   92.83%","[2023-06-07T10:01:45.995Z, INFO]    1224     0   6.38263e+08   317   8.89565e+09   Flowcuts: 5     7361   92.83%","[2023-06-07T10:01:46.163Z, INFO]    1224     0   6.38266e+08   306   8.89565e+09   Flowcuts: 6     7399   92.82%","[2023-06-07T10:01:46.973Z, INFO]    1224     2   6.38266e+08   291   8.89565e+09   6.38266e+08     7399   92.82%","[2023-06-07T10:01:47.247Z, INFO]    1249    11   6.38269e+08   255   8.89565e+09   6.38266e+08     7474   92.82%","[2023-06-07T10:01:49.692Z, INFO]    1613    93   6.38780e+08   157   8.89565e+09   6.38266e+08     8077   92.82%","[2023-06-07T10:01:49.693Z, INFO] Elapsed time = 14.75 sec. (8096.02 ticks, tree = 0.23 MB, solutions = 4)","[2023-06-07T10:01:54.381Z, INFO]    2364   153   6.39883e+08    60   8.89565e+09   6.38266e+08     9120   92.82%","[2023-06-07T10:02:00.017Z, INFO]    3326   170   6.39883e+08    60   8.89565e+09   6.38266e+08    10101   92.82%","[2023-06-07T10:02:02.473Z, INFO] Starting limited solution polishing.","[2023-06-07T10:02:03.184Z, INFO] *  3824+  176                       8.81389e+09   6.38266e+08            92.76%","[2023-06-07T10:02:03.898Z, INFO] *  3924+  178                       8.40915e+09   6.38266e+08            92.41%","[2023-06-07T10:02:03.900Z, INFO]    3924   180   6.39883e+08    60   8.40915e+09   6.38266e+08    10709   92.41%","[2023-06-07T10:02:04.943Z, INFO] Advanced basis not built.","[2023-06-07T10:02:04.949Z, INFO] ","[2023-06-07T10:02:04.950Z, INFO] Implied bound cuts applied:  11","[2023-06-07T10:02:04.951Z, INFO] Flow cuts applied:  41","[2023-06-07T10:02:04.951Z, INFO] Mixed integer rounding cuts applied:  11","[2023-06-07T10:02:04.952Z, INFO] Zero-half cuts applied:  2","[2023-06-07T10:02:04.952Z, INFO] Gomory fractional cuts applied:  15","[2023-06-07T10:02:04.953Z, INFO] ","[2023-06-07T10:02:04.955Z, INFO] Root node processing (before b&c):","[2023-06-07T10:02:04.957Z, INFO]   Real time             =    0.72 sec. (471.69 ticks)","[2023-06-07T10:02:04.958Z, INFO] Sequential b&c:","[2023-06-07T10:02:04.959Z, INFO]   Real time             =   29.30 sec. (10840.98 ticks)","[2023-06-07T10:02:04.959Z, INFO]                           ------------","[2023-06-07T10:02:04.960Z, INFO] Total (root+branch&cut) =   30.01 sec. (11312.67 ticks)","[2023-06-07T10:02:04.984Z, INFO] Solve status: JobSolveStatus.FEASIBLE_SOLUTION","[2023-06-07T10:02:04.984Z, INFO] * model docplex_model1 solved with objective = 8409154697.344","[2023-06-07T10:02:04.985Z, INFO] *  KPI: uncovered demand for Masks at Agencies as specified by AgencyRequests                          = 49105721.000","[2023-06-07T10:02:04.985Z, INFO] *  KPI: gap in inventory of Masks at Warehouses across Periods according to WarehouseTargetInventories = 23610688.000","[2023-06-07T10:02:04.986Z, INFO] *  KPI: gap in inventory of Masks at Agencies across Periods according to AgencyRequests               = 119507031.000","[2023-06-07T10:02:04.986Z, INFO] *  KPI: overall supply & inventory costs                                                               = 16813781.668","[2023-06-07T10:02:04.987Z, INFO] model solve done in 30.05910873413086 secs","[2023-06-07T10:02:05.163Z, INFO] solution export done in 0.178572416305542 secs","[2023-06-07T10:02:05.164Z, INFO] DeliveryAtAgency.csv","[2023-06-07T10:02:05.188Z, INFO] InventoryAtAgencyDecisions.csv","[2023-06-07T10:02:05.194Z, INFO] SupplyAtWarehouseDecisions.csv","[2023-06-07T10:02:05.197Z, INFO] TransportFactory_WarehouseDecisions.csv","[2023-06-07T10:02:05.200Z, INFO] InventoryAtWarehouseDecisions.csv","[2023-06-07T10:02:05.201Z, INFO] CoveredDemandDecisions.csv","[2023-06-07T10:02:05.206Z, INFO] CostOfMasks.csv","[2023-06-07T10:02:05.209Z, INFO] TransferBetweenWarehouseDecisions.csv"]},"runtimeDetails":{"state":"STARTED"},"taskSetupMillis":2906,"taskSolveMillis":35386,"taskTearDownMillis":1927,"jobSpaceId":"b406a7b9-f4e0-40d7-97fa-e12776d39642","jobDeploymentId":"b93dfe70-1e82-4450-a76d-e4f7c8c2e7ab","jobId":"dde86f29-d614-4b7b-a691-217e8c6f8a97","ping":1686132119420},"_id":"e6bd1b41-f156-48aa-9481-90826afd1961","dataUsagePerCategory":{"output":{"lastModificationTime":1686132129909,"lastModifier":"IBMid-270006YQEG"},"input":{"lastModificationTime":1686131875313,"lastModifier":"IBMid-270006YQEG"},"model":{"lastModificationTime":1686132090647,"lastModifier":"IBMid-270006YQEG"},"CO_ASSET_SESSION":{"lastModificationTime":1686131875313,"lastModifier":"IBMid-270006YQEG"},"CO_ASSET":{"lastModificationTime":1686132129909,"lastModifier":"IBMid-270006YQEG"}}},{"qualifiers":[{"name":"modelType","value":"cognitive"}],"name":"Base scenario - no cost","description":"","category":"scenario","readOnly":false,"creator":"IBMid-270006YQEG","createdAt":1686131869000,"usage":{"lastModificationTime":1686131948000,"lastModifier":"IBMid-270006YQEG"},"tables":[{"category":"input","creator":"IBMid-270006YQEG","createdAt":1686131869683,"lastUpdater":"IBMid-270006YQEG","updatedAt":1686131869683,"crc":3549117986,"size":9,"attachmentKey":"28184652-8b19-418c-8311-38d9c8f88855","name":"PlanParameters","tableType":{"columns":[{"key":"StartPeriod","dataType":"String"},{"key":"EndPeriod","dataType":"String"}]},"numberOfRows":1},{"category":"input","creator":"IBMid-270006YQEG","createdAt":1686131869683,"lastUpdater":"IBMid-270006YQEG","updatedAt":1686131869683,"crc":2815839992,"size":782,"attachmentKey":"95892bcf-57bf-452d-b214-1865374ff420","name":"AgencyInitialInventory","tableType":{"columns":[{"key":"Agency","dataType":"String"},{"key":"Mask","dataType":"String"},{"key":"InitialInventory","dataType":"Number"}]},"numberOfRows":50},{"category":"output","creator":"IBMid-270006YQEG","createdAt":1686131869683,"lastUpdater":"IBMid-270006YQEG","updatedAt":1686131941720,"crc":1591334097,"size":32723,"attachmentKey":"4d5c55e8-b225-4749-b7e2-7d98575b7ad3","name":"InventoryAtAgencyDecisions","tableType":{"columns":[{"key":"Agency","dataType":"String"},{"key":"Period","dataType":"String"},{"key":"Mask","dataType":"String"},{"key":"Start Inventory decision","dataType":"Number"},{"key":"Distributed quantity decision","dataType":"Number"},{"key":"End Inventory decision","dataType":"Number"},{"key":"Received quantity decision","dataType":"Number"},{"key":"Target inventory","dataType":"Number"},{"key":"Agency Name","dataType":"String"},{"key":"Period Next","dataType":"String"},{"key":"Period To","dataType":"String"},{"key":"Period From","dataType":"String"},{"key":"Mask UnitWeight","dataType":"Number"}]},"numberOfRows":350},{"category":"input","creator":"IBMid-270006YQEG","createdAt":1686131869683,"lastUpdater":"IBMid-270006YQEG","updatedAt":1686131869683,"crc":117401217,"size":539,"attachmentKey":"26bdf296-bcfe-4c8a-9914-becd712d4dc9","name":"FactoryWarehouseTransportCost","tableType":{"columns":[{"key":"Factory","dataType":"String"},{"key":"Warehouse","dataType":"String"},{"key":"weightUnitCost","dataType":"Number"},{"key":"minCost","dataType":"Number"}]},"numberOfRows":20},{"category":"input","creator":"IBMid-270006YQEG","createdAt":1686131869683,"lastUpdater":"IBMid-270006YQEG","updatedAt":1686131869683,"crc":2029529129,"size":83,"attachmentKey":"ba8b1fda-5cea-4d3e-a89b-b8e23f890b6d","name":"Warehouse","tableType":{"columns":[{"key":"Id","dataType":"String"},{"key":"Capacity","dataType":"Number"}]},"numberOfRows":5},{"category":"output","creator":"IBMid-270006YQEG","createdAt":1686131869683,"lastUpdater":"IBMid-270006YQEG","updatedAt":1686131941720,"crc":1094505188,"size":10177,"attachmentKey":"5faae1c7-d9db-4b50-ab5f-4b187f99b837","name":"SupplyAtWarehouseDecisions","tableType":{"columns":[{"key":"Factory","dataType":"String"},{"key":"Warehouse","dataType":"String"},{"key":"Period","dataType":"String"},{"key":"Mask","dataType":"String"},{"key":"Supply at Warehouse decision","dataType":"Number"},{"key":"Warehouse Capacity","dataType":"Number"},{"key":"Period Next","dataType":"String"},{"key":"Period To","dataType":"String"},{"key":"Period From","dataType":"String"},{"key":"Mask UnitWeight","dataType":"Number"}]},"numberOfRows":140},{"category":"input","creator":"IBMid-270006YQEG","createdAt":1686131869683,"lastUpdater":"IBMid-270006YQEG","updatedAt":1686131869683,"crc":1592233317,"size":896,"attachmentKey":"bfb2849a-1b12-4b29-b4cf-974b74e041b0","name":"FactoryOffer","tableType":{"columns":[{"key":"Factory","dataType":"String"},{"key":"Period","dataType":"String"},{"key":"Mask","dataType":"String"},{"key":"Capacity","dataType":"Number"},{"key":"Uniit price","dataType":"Number"}]},"numberOfRows":28},{"category":"input","creator":"IBMid-270006YQEG","createdAt":1686131869683,"lastUpdater":"IBMid-270006YQEG","updatedAt":1686131869683,"crc":661481029,"size":722,"attachmentKey":"2820a139-688b-4f63-93d7-ed5156fdd4ef","name":"Agency","tableType":{"columns":[{"key":"Num","dataType":"String"},{"key":"Name","dataType":"String"}]},"numberOfRows":50},{"category":"output","creator":"IBMid-270006YQEG","createdAt":1686131869683,"lastUpdater":"IBMid-270006YQEG","updatedAt":1686131941720,"crc":978027418,"size":25160,"attachmentKey":"e39e1532-3cfa-4898-a619-1867fc86a7a8","name":"CoveredDemandDecisions","tableType":{"columns":[{"key":"Agency","dataType":"String"},{"key":"Period","dataType":"String"},{"key":"Mask","dataType":"String"},{"key":"Covered Demand decision","dataType":"Number"},{"key":"Agency demand","dataType":"Number"},{"key":"Agency Name","dataType":"String"},{"key":"Period Next","dataType":"String"},{"key":"Period To","dataType":"String"},{"key":"Period From","dataType":"String"},{"key":"Mask UnitWeight","dataType":"Number"}]},"numberOfRows":350},{"category":"input","creator":"IBMid-270006YQEG","createdAt":1686131869683,"lastUpdater":"IBMid-270006YQEG","updatedAt":1686131869683,"crc":937016459,"size":13,"attachmentKey":"d7757884-89b2-43a6-ad55-4728d277b809","name":"Mask","tableType":{"columns":[{"key":"MaskId","dataType":"String"},{"key":"UnitWeight","dataType":"Number"}]},"numberOfRows":1},{"category":"input","creator":"IBMid-270006YQEG","createdAt":1686131869683,"lastUpdater":"IBMid-270006YQEG","updatedAt":1686131869683,"crc":2002649715,"size":214,"attachmentKey":"e8c3254a-666b-4a9d-8557-0d818aafd5c2","name":"Period","tableType":{"columns":[{"key":"Id","dataType":"String"},{"key":"From","dataType":"String"},{"key":"To","dataType":"String"},{"key":"Next","dataType":"String"}]},"numberOfRows":7},{"category":"output","creator":"IBMid-270006YQEG","createdAt":1686131869683,"lastUpdater":"IBMid-270006YQEG","updatedAt":1686131941720,"crc":169030511,"size":2106,"attachmentKey":"3e623827-3bf7-48c6-8b6e-a00b4c2aefa1","name":"TransferBetweenWarehouseDecisions","tableType":{"columns":[{"key":"Warehouse","dataType":"String"},{"key":"Period","dataType":"String"},{"key":"Mask","dataType":"String"},{"key":"Transfer between Warehouse decision","dataType":"Number"},{"key":"Warehouse Capacity","dataType":"Number"},{"key":"Period Next","dataType":"String"},{"key":"Period To","dataType":"String"},{"key":"Period From","dataType":"String"},{"key":"Mask UnitWeight","dataType":"Number"}]},"numberOfRows":35},{"category":"output","creator":"IBMid-270006YQEG","createdAt":1686131869683,"lastUpdater":"IBMid-270006YQEG","updatedAt":1686131941720,"crc":790534268,"size":3740,"attachmentKey":"cb7e791b-37e1-4b04-be37-814ecacf5b35","name":"InventoryAtWarehouseDecisions","tableType":{"columns":[{"key":"Warehouse","dataType":"String"},{"key":"Period","dataType":"String"},{"key":"Mask","dataType":"String"},{"key":"Start Inventory decision","dataType":"Number"},{"key":"Distributed quantity decision","dataType":"Number"},{"key":"End Inventory decision","dataType":"Number"},{"key":"Received quantity decision","dataType":"Number"},{"key":"Target inventory","dataType":"Number"},{"key":"Warehouse Transfer decision","dataType":"Number"},{"key":"Warehouse Capacity","dataType":"Number"},{"key":"Period Next","dataType":"String"},{"key":"Period To","dataType":"String"},{"key":"Period From","dataType":"String"},{"key":"Mask UnitWeight","dataType":"Number"}]},"numberOfRows":35},{"category":"output","creator":"IBMid-270006YQEG","createdAt":1686131869683,"lastUpdater":"IBMid-270006YQEG","updatedAt":1686131941720,"crc":581390898,"size":343,"attachmentKey":"b0e4d75a-c427-42cd-b73c-0715658989a1","name":"stats","tableType":{"columns":[{"key":"Name","dataType":"String"},{"key":"Value","dataType":"String"}]},"numberOfRows":12},{"category":"input","creator":"IBMid-270006YQEG","createdAt":1686131869683,"lastUpdater":"IBMid-270006YQEG","updatedAt":1686131869683,"crc":4215869345,"size":106,"attachmentKey":"5fe5fa30-a8f7-4a99-83d0-6c08d67b420e","name":"WarehouseInitialInventory","tableType":{"columns":[{"key":"Mask","dataType":"String"},{"key":"Warehouse","dataType":"String"},{"key":"InitialInventory","dataType":"Number"}]},"numberOfRows":5},{"category":"input","creator":"IBMid-270006YQEG","createdAt":1686131869683,"lastUpdater":"IBMid-270006YQEG","updatedAt":1686131869683,"crc":1418123937,"size":891,"attachmentKey":"8d26a1ef-84db-4a9b-b117-9f3146b0c146","name":"WarehouseTargetInventory","tableType":{"columns":[{"key":"Mask","dataType":"String"},{"key":"Warehouse","dataType":"String"},{"key":"Period","dataType":"String"},{"key":"Quantity","dataType":"Number"}]},"numberOfRows":35},{"category":"input","creator":"IBMid-270006YQEG","createdAt":1686131869683,"lastUpdater":"IBMid-270006YQEG","updatedAt":1686131869683,"crc":2876833046,"size":9534,"attachmentKey":"c6195992-e86e-420a-89f7-1eb42332aa16","name":"AgencyRequest","tableType":{"columns":[{"key":"Agency","dataType":"String"},{"key":"Period","dataType":"String"},{"key":"Mask","dataType":"String"},{"key":"Demand","dataType":"Number"},{"key":"TargetInventory","dataType":"Number"}]},"numberOfRows":350},{"category":"output","creator":"IBMid-270006YQEG","createdAt":1686131869683,"lastUpdater":"IBMid-270006YQEG","updatedAt":1686131948566,"crc":393719849,"size":344,"attachmentKey":"5a5400b8-95b9-4b7d-be38-ae42343305d1","name":"kpis","tableType":{"columns":[{"key":"Name","dataType":"String"},{"key":"Value","dataType":"Number"},{"key":"Slider","dataType":"Number"},{"key":"Weight factor","dataType":"Number"},{"key":"Scale factor","dataType":"Number"},{"key":"Scaled weighted value","dataType":"Number"}]},"numberOfRows":3},{"category":"output","creator":"IBMid-270006YQEG","createdAt":1686131941720,"lastUpdater":"IBMid-270006YQEG","updatedAt":1686131941720,"crc":4152542393,"size":133873,"attachmentKey":"6c8b9268-d028-4a71-815e-424061f5470d","name":"DeliveryAtAgency","tableType":{"columns":[{"key":"Warehouse","dataType":"String"},{"key":"Agency","dataType":"String"},{"key":"Period","dataType":"String"},{"key":"Mask","dataType":"String"},{"key":"Delivery at Agency decision","dataType":"Number"},{"key":"Warehouse Capacity","dataType":"Number"},{"key":"Agency Name","dataType":"String"},{"key":"Period Next","dataType":"String"},{"key":"Period To","dataType":"String"},{"key":"Period From","dataType":"String"},{"key":"Mask UnitWeight","dataType":"Number"}]},"numberOfRows":1750}],"assets":[{"category":"CO_ASSET_SESSION","creator":"IBMid-270006YQEG","createdAt":1686131869683,"lastUpdater":"IBMid-270006YQEG","updatedAt":1686131869683,"crc":3695746489,"size":166139,"attachmentKey":"68576479-e094-4b89-b229-78496f157faf","name":"CO_SESSION.json","contentType":"application/json"},{"category":"CO_ASSET","creator":"IBMid-270006YQEG","createdAt":1686131869683,"lastUpdater":"IBMid-270006YQEG","updatedAt":1686131907783,"crc":2745614147,"size":2,"attachmentKey":"9aa115a5-cd1a-4bac-9e22-17986ba1acb3","name":"solveParameters.json","contentType":"application/json; charset=utf-8"},{"category":"model","creator":"IBMid-270006YQEG","createdAt":1686131869683,"lastUpdater":"IBMid-270006YQEG","updatedAt":1686131909278,"crc":1843839885,"size":78671,"attachmentKey":"864fce7f-b612-42b3-8353-46c9ad1872fe","name":"model.py","contentType":"text/plain"},{"category":"CO_ASSET","creator":"IBMid-270006YQEG","createdAt":1686131869683,"lastUpdater":"IBMid-270006YQEG","updatedAt":1686131900609,"crc":3463486299,"size":13112,"attachmentKey":"f1a4bae3-b596-4f79-9bb8-cfca3fc1733d","name":"CO_DATASET.json","contentType":"application/json; charset=utf-8"},{"category":"output","creator":"IBMid-270006YQEG","createdAt":1686131941720,"lastUpdater":"IBMid-270006YQEG","updatedAt":1686131941720,"crc":1477487105,"size":176653,"attachmentKey":"92e54302-47b0-4dd8-9bc3-e4faa82cdf3b","name":"solution.json","contentType":"application/json"},{"category":"output","creator":"IBMid-270006YQEG","createdAt":1686131941720,"lastUpdater":"IBMid-270006YQEG","updatedAt":1686131941720,"crc":2205003464,"size":4937,"attachmentKey":"5c550e7e-9772-463b-869b-e7dd5bde03bc","name":"log.txt","contentType":"text/plain"},{"category":"CO_ASSET","creator":"IBMid-270006YQEG","createdAt":1686131948566,"lastUpdater":"IBMid-270006YQEG","updatedAt":1686131948566,"crc":1074364024,"size":706070,"attachmentKey":"19db78d4-5790-48b0-ac24-8b19a69e4895","name":"CO_SOLUTION_JSON.json","contentType":"application/json"},{"category":"CO_ASSET","creator":"IBMid-270006YQEG","createdAt":1686131948566,"lastUpdater":"IBMid-270006YQEG","updatedAt":1686131948566,"crc":1733288199,"size":236033,"attachmentKey":"7666c52b-ed01-415b-8936-d4b6c2fff85f","name":"CO_SOLUTION_TEXT.json","contentType":"application/json"}],"solveStatus":{"creationTime":1686131908043,"lastModificationTime":1686131948739,"state":"TERMINATED","solveConfig":{"containerId":"Base scenario - no cost","solveParameters":{},"setupWebHook":{"verb":"GET","url":"https://internal.api.eu-gb.dataplatform.cloud.ibm.com/v1/cognitive/solve/preprocess/Base%20scenario%20%2D%20no%20cost?projectId=deb1b425-d533-4c87-9cfe-1a7d89e449e4&parentId=InventoryOptimization","expectedStatus":200,"headers":{}},"tearDownWebHook":{"verb":"GET","url":"https://internal.api.eu-gb.dataplatform.cloud.ibm.com/v1/cognitive/solve/postprocess/Base%20scenario%20%2D%20no%20cost?projectId=deb1b425-d533-4c87-9cfe-1a7d89e449e4&parentId=InventoryOptimization","expectedStatus":200,"headers":{}}},"jobDetails":{"id":"e4a8f7e4-7014-4637-8036-cb393d8184b3","createdAt":1686131911269,"startedAt":1686131936927,"endedAt":1686131942933,"submittedAt":1686131911269,"details":{"KPI.gap in inventory of Masks at Agencies across Periods according to AgencyRequests":"83125488.0","KPI.gap in inventory of Masks at Warehouses across Periods according to WarehouseTargetInventories":"1752921.0","KPI.uncovered demand for Masks at Agencies as specified by AgencyRequests":"0","MODEL_DETAIL_BOOLEAN_VARS":"0","MODEL_DETAIL_CONSTRAINTS":"3360","MODEL_DETAIL_CONTINUOUS_VARS":"2940","MODEL_DETAIL_INTEGER_VARS":"3045","MODEL_DETAIL_KPIS":"[\"uncovered demand for Masks at Agencies as specified by AgencyRequests\", \"gap in inventory of Masks at Warehouses across Periods according to WarehouseTargetInventories\", \"gap in inventory of Masks at Agencies across Periods according to AgencyRequests\"]","MODEL_DETAIL_NONZEROS":"11915","MODEL_DETAIL_OBJECTIVE_SENSE":"minimize","MODEL_DETAIL_TYPE":"MILP","PROGRESS_BEST_OBJECTIVE":"444688896.0","PROGRESS_BEST_OBJECTIVE.history":"[[1686131940.78, 444688896.0]]","PROGRESS_CURRENT_OBJECTIVE":"444688896.0","PROGRESS_CURRENT_OBJECTIVE.history":"[[1686131940.78, 444688896.0]]","PROGRESS_GAP":"0.0","PROGRESS_GAP.history":"[[1686131940.78, 0.0]]","STAT.cplex.modelType":"MILP","STAT.cplex.size.booleanVariables":"0","STAT.cplex.size.constraints":"3360","STAT.cplex.size.continousVariables":"2940","STAT.cplex.size.integerVariables":"3045","STAT.cplex.size.linearConstraints":"3360","STAT.cplex.size.quadraticConstraints":"0","STAT.cplex.size.variables":"5985","STAT.job.coresCount":"1","STAT.job.inputsReadMs":"2350","STAT.job.memoryPeakKB":"139232","STAT.job.modelProcessingMs":"1784","STAT.job.outputsWriteMs":"1464"},"executionStatus":"PROCESSED","solveStatus":"OPTIMAL_SOLUTION","logTail":["[2023-06-07T09:59:00.812Z, INFO] CPXPARAM_Threads                                 1","[2023-06-07T09:59:00.814Z, INFO] CPXPARAM_TimeLimit                               120","[2023-06-07T09:59:00.818Z, INFO] Legacy callback                                  i","[2023-06-07T09:59:00.834Z, INFO] MIP Presolve eliminated 3 redundant SOS constraints.","[2023-06-07T09:59:00.837Z, INFO] Tried aggregator 2 times.","[2023-06-07T09:59:00.851Z, INFO] MIP Presolve eliminated 1885 rows and 1566 columns.","[2023-06-07T09:59:00.854Z, INFO] Aggregator did 333 substitutions.","[2023-06-07T09:59:00.856Z, INFO] Reduced MIP has 1142 rows, 4086 columns, and 7035 nonzeros.","[2023-06-07T09:59:00.860Z, INFO] Reduced MIP has 0 binaries, 2622 generals, 732 SOSs, and 0 indicators.","[2023-06-07T09:59:00.861Z, INFO] Presolve time = 0.01 sec. (7.54 ticks)","[2023-06-07T09:59:00.872Z, INFO] Tried aggregator 1 time.","[2023-06-07T09:59:00.874Z, INFO] Detecting symmetries...","[2023-06-07T09:59:00.876Z, INFO] Reduced MIP has 1142 rows, 4086 columns, and 7035 nonzeros.","[2023-06-07T09:59:00.879Z, INFO] Reduced MIP has 0 binaries, 2622 generals, 732 SOSs, and 0 indicators.","[2023-06-07T09:59:00.881Z, INFO] Presolve time = 0.01 sec. (4.39 ticks)","[2023-06-07T09:59:00.891Z, INFO] MIP emphasis: balance optimality and feasibility.","[2023-06-07T09:59:00.895Z, INFO] MIP search method: dynamic search.","[2023-06-07T09:59:00.897Z, INFO] Parallel mode: none, using 1 thread.","[2023-06-07T09:59:00.900Z, INFO] Root relaxation solution time = 0.03 sec. (24.10 ticks)","[2023-06-07T09:59:00.911Z, INFO] ","[2023-06-07T09:59:00.912Z, INFO]         Nodes                                         Cuts/","[2023-06-07T09:59:00.913Z, INFO]    Node  Left     Objective  IInf  Best Integer    Best Bound    ItCnt     Gap","[2023-06-07T09:59:00.914Z, INFO] ","[2023-06-07T09:59:00.916Z, INFO] *     0     0      integral     0   4.44689e+08   4.44689e+08      862    0.00%","[2023-06-07T09:59:00.918Z, INFO] Elapsed time = 0.06 sec. (45.03 ticks, tree = 0.00 MB, solutions = 1)","[2023-06-07T09:59:00.920Z, INFO] ","[2023-06-07T09:59:00.921Z, INFO] Root node processing (before b&c):","[2023-06-07T09:59:00.932Z, INFO]   Real time             =    0.06 sec. (45.21 ticks)","[2023-06-07T09:59:00.933Z, INFO] Sequential b&c:","[2023-06-07T09:59:00.934Z, INFO]   Real time             =    0.00 sec. (0.00 ticks)","[2023-06-07T09:59:00.935Z, INFO]                           ------------","[2023-06-07T09:59:00.937Z, INFO] Total (root+branch&cut) =    0.06 sec. (45.21 ticks)","[2023-06-07T09:59:00.958Z, INFO] Solve status: JobSolveStatus.OPTIMAL_SOLUTION","[2023-06-07T09:59:00.960Z, INFO] * model docplex_model1 solved with objective = 444688896.000","[2023-06-07T09:59:00.961Z, INFO] *  KPI: uncovered demand for Masks at Agencies as specified by AgencyRequests                          = 0.000","[2023-06-07T09:59:00.971Z, INFO] *  KPI: gap in inventory of Masks at Warehouses across Periods according to WarehouseTargetInventories = 1752921.000","[2023-06-07T09:59:00.972Z, INFO] *  KPI: gap in inventory of Masks at Agencies across Periods according to AgencyRequests               = 83125488.000","[2023-06-07T09:59:00.973Z, INFO] model solve done in 0.25706982612609863 secs","[2023-06-07T09:59:01.201Z, INFO] solution export done in 0.24417853355407715 secs","[2023-06-07T09:59:01.211Z, INFO] DeliveryAtAgency.csv","[2023-06-07T09:59:01.236Z, INFO] InventoryAtAgencyDecisions.csv","[2023-06-07T09:59:01.243Z, INFO] SupplyAtWarehouseDecisions.csv","[2023-06-07T09:59:01.252Z, INFO] InventoryAtWarehouseDecisions.csv","[2023-06-07T09:59:01.255Z, INFO] CoveredDemandDecisions.csv","[2023-06-07T09:59:01.259Z, INFO] TransferBetweenWarehouseDecisions.csv"]},"runtimeDetails":{"state":"STARTED"},"taskSetupMillis":3089,"taskSolveMillis":35415,"taskTearDownMillis":1561,"jobSpaceId":"b406a7b9-f4e0-40d7-97fa-e12776d39642","jobDeploymentId":"b93dfe70-1e82-4450-a76d-e4f7c8c2e7ab","jobId":"e4a8f7e4-7014-4637-8036-cb393d8184b3","ping":1686131938212},"_id":"b3cae1d2-6f7c-4faf-a970-a4c4b8ffabc8","dataUsagePerCategory":{"output":{"lastModificationTime":1686131948566,"lastModifier":"IBMid-270006YQEG"},"input":{"lastModificationTime":1686131869683,"lastModifier":"IBMid-270006YQEG"},"model":{"lastModificationTime":1686131909278,"lastModifier":"IBMid-270006YQEG"},"CO_ASSET_SESSION":{"lastModificationTime":1686131869683,"lastModifier":"IBMid-270006YQEG"},"CO_ASSET":{"lastModificationTime":1686131948566,"lastModifier":"IBMid-270006YQEG"}}},{"name":"domains","description":"","category":"domains","readOnly":false,"creator":"IBMid-270006YQEG","createdAt":1686131873000,"usage":{"lastModificationTime":1686131873000,"lastModifier":"IBMid-270006YQEG"},"tables":[],"assets":[{"creator":"IBMid-270006YQEG","createdAt":1686131873477,"lastUpdater":"IBMid-270006YQEG","updatedAt":1686131873477,"crc":2802998127,"size":10135,"attachmentKey":"5fb6f925-a9db-4374-a9e4-80268800565f","name":"domains.zip","contentType":"application/zip"}],"_id":"8d166838-8f59-42ab-9061-fe0759d4c133","dataUsagePerCategory":{}},{"qualifiers":[{"name":"modelType","value":"cognitive"}],"name":"dashboard","description":"","category":"dashboard","readOnly":false,"creator":"IBMid-270006YQEG","createdAt":1686131876000,"usage":{"lastModificationTime":1686229139000,"lastModifier":"IBMid-270006YQEG"},"tables":[],"assets":[{"creator":"IBMid-270006YQEG","createdAt":1686131876561,"lastUpdater":"IBMid-270006YQEG","updatedAt":1686229139012,"crc":3233739004,"size":8945,"attachmentKey":"4ddcdcdc-0411-406e-b62d-0a782127da65","name":"dashboard.json","contentType":"application/octet-stream"}],"_id":"1177c57f-3bbc-4234-8b6a-eaaa6890eeb2","dataUsagePerCategory":{}},{"qualifiers":[{"name":"modelType","value":"cognitive"}],"name":"With costs - no min transport","description":"","category":"scenario","readOnly":false,"creator":"IBMid-270006YQEG","createdAt":1686131872000,"usage":{"lastModificationTime":1686132035000,"lastModifier":"IBMid-270006YQEG"},"tables":[{"category":"input","creator":"IBMid-270006YQEG","createdAt":1686131872167,"lastUpdater":"IBMid-270006YQEG","updatedAt":1686131872167,"crc":3549117986,"size":9,"attachmentKey":"161babfd-34a2-4f61-a6a8-54b162ed22c9","name":"PlanParameters","tableType":{"columns":[{"key":"StartPeriod","dataType":"String"},{"key":"EndPeriod","dataType":"String"}]},"numberOfRows":1},{"category":"input","creator":"IBMid-270006YQEG","createdAt":1686131872167,"lastUpdater":"IBMid-270006YQEG","updatedAt":1686131872167,"crc":2815839992,"size":782,"attachmentKey":"d7780566-6f73-4b24-9a3f-6cf5a15b7768","name":"AgencyInitialInventory","tableType":{"columns":[{"key":"Agency","dataType":"String"},{"key":"Mask","dataType":"String"},{"key":"InitialInventory","dataType":"Number"}]},"numberOfRows":50},{"category":"input","creator":"IBMid-270006YQEG","createdAt":1686131872167,"lastUpdater":"IBMid-270006YQEG","updatedAt":1686131872167,"crc":117401217,"size":539,"attachmentKey":"0596e5b6-6215-4fc3-9414-98cce384fce5","name":"FactoryWarehouseTransportCost","tableType":{"columns":[{"key":"Factory","dataType":"String"},{"key":"Warehouse","dataType":"String"},{"key":"weightUnitCost","dataType":"Number"},{"key":"minCost","dataType":"Number"}]},"numberOfRows":20},{"category":"output","creator":"IBMid-270006YQEG","createdAt":1686131872167,"lastUpdater":"IBMid-270006YQEG","updatedAt":1686132031077,"crc":1629533049,"size":30813,"attachmentKey":"e4c0b893-4598-48b6-a213-93714f2463fd","name":"InventoryAtAgencyDecisions","tableType":{"columns":[{"key":"Agency","dataType":"String"},{"key":"Period","dataType":"String"},{"key":"Mask","dataType":"String"},{"key":"Start Inventory decision","dataType":"Number"},{"key":"Distributed quantity decision","dataType":"Number"},{"key":"End Inventory decision","dataType":"Number"},{"key":"Received quantity decision","dataType":"Number"},{"key":"Target inventory","dataType":"Number"},{"key":"Agency Name","dataType":"String"},{"key":"Period Next","dataType":"String"},{"key":"Period To","dataType":"String"},{"key":"Period From","dataType":"String"},{"key":"Mask UnitWeight","dataType":"Number"}]},"numberOfRows":350},{"category":"output","creator":"IBMid-270006YQEG","createdAt":1686131872167,"lastUpdater":"IBMid-270006YQEG","updatedAt":1686132031077,"crc":3160378259,"size":10084,"attachmentKey":"4e99a5ad-933d-4681-a19f-a14476e0bdb8","name":"SupplyAtWarehouseDecisions","tableType":{"columns":[{"key":"Factory","dataType":"String"},{"key":"Warehouse","dataType":"String"},{"key":"Period","dataType":"String"},{"key":"Mask","dataType":"String"},{"key":"Supply at Warehouse decision","dataType":"Number"},{"key":"Warehouse Capacity","dataType":"Number"},{"key":"Period Next","dataType":"String"},{"key":"Period To","dataType":"String"},{"key":"Period From","dataType":"String"},{"key":"Mask UnitWeight","dataType":"Number"}]},"numberOfRows":140},{"category":"input","creator":"IBMid-270006YQEG","createdAt":1686131872167,"lastUpdater":"IBMid-270006YQEG","updatedAt":1686131872167,"crc":1592233317,"size":896,"attachmentKey":"ab51ae01-bbca-4d0b-a649-6d34b496837c","name":"FactoryOffer","tableType":{"columns":[{"key":"Factory","dataType":"String"},{"key":"Period","dataType":"String"},{"key":"Mask","dataType":"String"},{"key":"Capacity","dataType":"Number"},{"key":"Uniit price","dataType":"Number"}]},"numberOfRows":28},{"category":"input","creator":"IBMid-270006YQEG","createdAt":1686131872167,"lastUpdater":"IBMid-270006YQEG","updatedAt":1686131872167,"crc":2029529129,"size":83,"attachmentKey":"7749d2c2-8410-48ba-8290-a23ba706a024","name":"Warehouse","tableType":{"columns":[{"key":"Id","dataType":"String"},{"key":"Capacity","dataType":"Number"}]},"numberOfRows":5},{"category":"input","creator":"IBMid-270006YQEG","createdAt":1686131872167,"lastUpdater":"IBMid-270006YQEG","updatedAt":1686131872167,"crc":661481029,"size":722,"attachmentKey":"89d1b387-787a-4f89-9fdb-4239d4c9ea60","name":"Agency","tableType":{"columns":[{"key":"Num","dataType":"String"},{"key":"Name","dataType":"String"}]},"numberOfRows":50},{"category":"output","creator":"IBMid-270006YQEG","createdAt":1686131872167,"lastUpdater":"IBMid-270006YQEG","updatedAt":1686132031077,"crc":199566858,"size":8971,"attachmentKey":"63ce6a61-a0fc-440d-b10c-027f5920bde5","name":"TransportFactory_WarehouseDecisions","tableType":{"columns":[{"key":"Factory","dataType":"String"},{"key":"Warehouse","dataType":"String"},{"key":"Period","dataType":"String"},{"key":"Transport Cost Factory - Warehouse decision","dataType":"Number"},{"key":"Transport Weight decision","dataType":"Number"},{"key":"Warehouse Capacity","dataType":"Number"},{"key":"Period Next","dataType":"String"},{"key":"Period To","dataType":"String"},{"key":"Period From","dataType":"String"}]},"numberOfRows":140},{"category":"output","creator":"IBMid-270006YQEG","createdAt":1686131872167,"lastUpdater":"IBMid-270006YQEG","updatedAt":1686132031077,"crc":1669499153,"size":24813,"attachmentKey":"da16cfbe-4341-42ff-9a09-6951e8b8a80d","name":"CoveredDemandDecisions","tableType":{"columns":[{"key":"Agency","dataType":"String"},{"key":"Period","dataType":"String"},{"key":"Mask","dataType":"String"},{"key":"Covered Demand decision","dataType":"Number"},{"key":"Agency demand","dataType":"Number"},{"key":"Agency Name","dataType":"String"},{"key":"Period Next","dataType":"String"},{"key":"Period To","dataType":"String"},{"key":"Period From","dataType":"String"},{"key":"Mask UnitWeight","dataType":"Number"}]},"numberOfRows":350},{"category":"input","creator":"IBMid-270006YQEG","createdAt":1686131872167,"lastUpdater":"IBMid-270006YQEG","updatedAt":1686131872167,"crc":937016459,"size":13,"attachmentKey":"47993bf5-582b-4307-bd91-4a4fb6a4932f","name":"Mask","tableType":{"columns":[{"key":"MaskId","dataType":"String"},{"key":"UnitWeight","dataType":"Number"}]},"numberOfRows":1},{"category":"input","creator":"IBMid-270006YQEG","createdAt":1686131872167,"lastUpdater":"IBMid-270006YQEG","updatedAt":1686131872167,"crc":2002649715,"size":214,"attachmentKey":"8a2632b7-bdae-4aa2-8a98-9ec94f65f6b5","name":"Period","tableType":{"columns":[{"key":"Id","dataType":"String"},{"key":"From","dataType":"String"},{"key":"To","dataType":"String"},{"key":"Next","dataType":"String"}]},"numberOfRows":7},{"category":"output","creator":"IBMid-270006YQEG","createdAt":1686131872167,"lastUpdater":"IBMid-270006YQEG","updatedAt":1686132031077,"crc":2248598559,"size":3314,"attachmentKey":"dd873f91-1e4f-4680-a838-2aa9d4fad79c","name":"InventoryAtWarehouseDecisions","tableType":{"columns":[{"key":"Warehouse","dataType":"String"},{"key":"Period","dataType":"String"},{"key":"Mask","dataType":"String"},{"key":"Start Inventory decision","dataType":"Number"},{"key":"Distributed quantity decision","dataType":"Number"},{"key":"End Inventory decision","dataType":"Number"},{"key":"Received quantity decision","dataType":"Number"},{"key":"Target inventory","dataType":"Number"},{"key":"Warehouse Transfer decision","dataType":"Number"},{"key":"Warehouse Capacity","dataType":"Number"},{"key":"Period Next","dataType":"String"},{"key":"Period To","dataType":"String"},{"key":"Period From","dataType":"String"},{"key":"Mask UnitWeight","dataType":"Number"}]},"numberOfRows":35},{"category":"output","creator":"IBMid-270006YQEG","createdAt":1686131872167,"lastUpdater":"IBMid-270006YQEG","updatedAt":1686132031077,"crc":3154113615,"size":472,"attachmentKey":"8c0307ba-74ed-489f-969d-33fd900e2f97","name":"stats","tableType":{"columns":[{"key":"Name","dataType":"String"},{"key":"Value","dataType":"String"}]},"numberOfRows":16},{"category":"input","creator":"IBMid-270006YQEG","createdAt":1686131872167,"lastUpdater":"IBMid-270006YQEG","updatedAt":1686131872167,"crc":4215869345,"size":106,"attachmentKey":"e4f705f0-635c-4904-bbb1-2de967684314","name":"WarehouseInitialInventory","tableType":{"columns":[{"key":"Mask","dataType":"String"},{"key":"Warehouse","dataType":"String"},{"key":"InitialInventory","dataType":"Number"}]},"numberOfRows":5},{"category":"input","creator":"IBMid-270006YQEG","createdAt":1686131872167,"lastUpdater":"IBMid-270006YQEG","updatedAt":1686131872167,"crc":1418123937,"size":891,"attachmentKey":"ecc75d06-c06c-4b1e-ad59-e1ea455f78c8","name":"WarehouseTargetInventory","tableType":{"columns":[{"key":"Mask","dataType":"String"},{"key":"Warehouse","dataType":"String"},{"key":"Period","dataType":"String"},{"key":"Quantity","dataType":"Number"}]},"numberOfRows":35},{"category":"input","creator":"IBMid-270006YQEG","createdAt":1686131872167,"lastUpdater":"IBMid-270006YQEG","updatedAt":1686131872167,"crc":2876833046,"size":9534,"attachmentKey":"111d43bf-48f3-4237-95fd-8e0423abfbab","name":"AgencyRequest","tableType":{"columns":[{"key":"Agency","dataType":"String"},{"key":"Period","dataType":"String"},{"key":"Mask","dataType":"String"},{"key":"Demand","dataType":"Number"},{"key":"TargetInventory","dataType":"Number"}]},"numberOfRows":350},{"category":"output","creator":"IBMid-270006YQEG","createdAt":1686131872167,"lastUpdater":"IBMid-270006YQEG","updatedAt":1686132031077,"crc":1572261691,"size":10064,"attachmentKey":"cdd7af67-0484-487f-877c-4077d4303ab2","name":"CostOfMasks","tableType":{"columns":[{"key":"Factory","dataType":"String"},{"key":"Warehouse","dataType":"String"},{"key":"Mask","dataType":"String"},{"key":"Period","dataType":"String"},{"key":"Cost of Masks decision","dataType":"Number"},{"key":"Warehouse Capacity","dataType":"Number"},{"key":"Mask UnitWeight","dataType":"Number"},{"key":"Period Next","dataType":"String"},{"key":"Period To","dataType":"String"},{"key":"Period From","dataType":"String"}]},"numberOfRows":140},{"category":"output","creator":"IBMid-270006YQEG","createdAt":1686131872167,"lastUpdater":"IBMid-270006YQEG","updatedAt":1686132034997,"crc":527710612,"size":437,"attachmentKey":"f7d8e9c7-4e98-44e2-9bea-789a0ec54292","name":"kpis","tableType":{"columns":[{"key":"Name","dataType":"String"},{"key":"Value","dataType":"Number"},{"key":"Slider","dataType":"Number"},{"key":"Weight factor","dataType":"Number"},{"key":"Scale factor","dataType":"Number"},{"key":"Scaled weighted value","dataType":"Number"}]},"numberOfRows":4},{"category":"output","creator":"IBMid-270006YQEG","createdAt":1686132031077,"lastUpdater":"IBMid-270006YQEG","updatedAt":1686132031077,"crc":1905954925,"size":133846,"attachmentKey":"d0528c1d-61c2-426b-872c-1bf91e5a6c97","name":"DeliveryAtAgency","tableType":{"columns":[{"key":"Warehouse","dataType":"String"},{"key":"Agency","dataType":"String"},{"key":"Period","dataType":"String"},{"key":"Mask","dataType":"String"},{"key":"Delivery at Agency decision","dataType":"Number"},{"key":"Warehouse Capacity","dataType":"Number"},{"key":"Agency Name","dataType":"String"},{"key":"Period Next","dataType":"String"},{"key":"Period To","dataType":"String"},{"key":"Period From","dataType":"String"},{"key":"Mask UnitWeight","dataType":"Number"}]},"numberOfRows":1750},{"category":"output","creator":"IBMid-270006YQEG","createdAt":1686132031077,"lastUpdater":"IBMid-270006YQEG","updatedAt":1686132031077,"crc":169030511,"size":2106,"attachmentKey":"67e7c7c1-e5a7-4498-8ca8-dd44ffec4dc4","name":"TransferBetweenWarehouseDecisions","tableType":{"columns":[{"key":"Warehouse","dataType":"String"},{"key":"Period","dataType":"String"},{"key":"Mask","dataType":"String"},{"key":"Transfer between Warehouse decision","dataType":"Number"},{"key":"Warehouse Capacity","dataType":"Number"},{"key":"Period Next","dataType":"String"},{"key":"Period To","dataType":"String"},{"key":"Period From","dataType":"String"},{"key":"Mask UnitWeight","dataType":"Number"}]},"numberOfRows":35}],"assets":[{"category":"CO_ASSET_SESSION","creator":"IBMid-270006YQEG","createdAt":1686131872167,"lastUpdater":"IBMid-270006YQEG","updatedAt":1686131872167,"crc":2761504265,"size":196749,"attachmentKey":"4ead4e07-8bbe-4775-8f95-8e23c86ecb88","name":"CO_SESSION.json","contentType":"application/json"},{"category":"CO_ASSET","creator":"IBMid-270006YQEG","createdAt":1686131872167,"lastUpdater":"IBMid-270006YQEG","updatedAt":1686131993977,"crc":2745614147,"size":2,"attachmentKey":"3034850e-b462-45b4-a89e-52b62817b0d4","name":"solveParameters.json","contentType":"application/json; charset=utf-8"},{"category":"model","creator":"IBMid-270006YQEG","createdAt":1686131872167,"lastUpdater":"IBMid-270006YQEG","updatedAt":1686131995969,"crc":208001115,"size":99103,"attachmentKey":"939bdd07-f2ea-4547-8172-4a2bc8d6bae3","name":"model.py","contentType":"text/plain"},{"category":"CO_ASSET","creator":"IBMid-270006YQEG","createdAt":1686131872167,"lastUpdater":"IBMid-270006YQEG","updatedAt":1686131981941,"crc":1362854163,"size":13538,"attachmentKey":"892374ef-2e64-4a29-953e-898c3403c9f2","name":"CO_DATASET.json","contentType":"application/json; charset=utf-8"},{"category":"output","creator":"IBMid-270006YQEG","createdAt":1686132031077,"lastUpdater":"IBMid-270006YQEG","updatedAt":1686132031077,"crc":2580702531,"size":224063,"attachmentKey":"e01af15f-f1d4-4eaf-9d93-a6872c4e0c62","name":"solution.json","contentType":"application/json"},{"category":"output","creator":"IBMid-270006YQEG","createdAt":1686132031077,"lastUpdater":"IBMid-270006YQEG","updatedAt":1686132031077,"crc":1922078229,"size":10515,"attachmentKey":"4e6767a4-686f-47bb-bc2e-dc84ab91245d","name":"log.txt","contentType":"text/plain"},{"category":"CO_ASSET","creator":"IBMid-270006YQEG","createdAt":1686132034997,"lastUpdater":"IBMid-270006YQEG","updatedAt":1686132034997,"crc":3806715881,"size":772914,"attachmentKey":"2e69e3f7-188b-4613-a5b3-d0ebff9cdd12","name":"CO_SOLUTION_JSON.json","contentType":"application/json"},{"category":"CO_ASSET","creator":"IBMid-270006YQEG","createdAt":1686132034997,"lastUpdater":"IBMid-270006YQEG","updatedAt":1686132034997,"crc":1223937195,"size":255032,"attachmentKey":"cc0b3436-69d1-4515-a99d-7c87b813eb52","name":"CO_SOLUTION_TEXT.json","contentType":"application/json"}],"solveStatus":{"creationTime":1686131994880,"lastModificationTime":1686132035239,"state":"TERMINATED","solveConfig":{"containerId":"With costs - no min transport","solveParameters":{},"setupWebHook":{"verb":"GET","url":"https://internal.api.eu-gb.dataplatform.cloud.ibm.com/v1/cognitive/solve/preprocess/With%20costs%20%2D%20no%20min%20transport?projectId=deb1b425-d533-4c87-9cfe-1a7d89e449e4&parentId=InventoryOptimization","expectedStatus":200,"headers":{}},"tearDownWebHook":{"verb":"GET","url":"https://internal.api.eu-gb.dataplatform.cloud.ibm.com/v1/cognitive/solve/postprocess/With%20costs%20%2D%20no%20min%20transport?projectId=deb1b425-d533-4c87-9cfe-1a7d89e449e4&parentId=InventoryOptimization","expectedStatus":200,"headers":{}}},"jobDetails":{"id":"43f816df-3064-4460-ad7d-c3d9c9ae6a57","createdAt":1686131997532,"startedAt":1686131998139,"endedAt":1686132031491,"submittedAt":1686131997532,"details":{"KPI._time":"27.205348014831543","KPI.gap in inventory of Masks at Agencies across Periods according to AgencyRequests":"139723583.00000006","KPI.gap in inventory of Masks at Warehouses across Periods according to WarehouseTargetInventories":"45951761.99999999","KPI.overall supply & inventory costs":"20279748.999999996","KPI.uncovered demand for Masks at Agencies as specified by AgencyRequests":"32478921.0","MODEL_DETAIL_BOOLEAN_VARS":"0","MODEL_DETAIL_CONSTRAINTS":"3920","MODEL_DETAIL_CONTINUOUS_VARS":"2940","MODEL_DETAIL_INTEGER_VARS":"3465","MODEL_DETAIL_KPIS":"[\"uncovered demand for Masks at Agencies as specified by AgencyRequests\", \"gap in inventory of Masks at Warehouses across Periods according to WarehouseTargetInventories\", \"gap in inventory of Masks at Agencies across Periods according to AgencyRequests\", \"overall supply & inventory costs\"]","MODEL_DETAIL_NONZEROS":"13035","MODEL_DETAIL_OBJECTIVE_SENSE":"minimize","MODEL_DETAIL_TYPE":"MILP","PROGRESS_BEST_OBJECTIVE":"638246449.2247539","PROGRESS_BEST_OBJECTIVE.history":"[[1686132001.0, 638245817.3991423], [1686132004.55, 638245817.4636651], [1686132006.32, 638245819.5019951], [1686132007.68, 638245821.7444559], [1686132008.81, 638245824.3360906], [1686132009.97, 638245824.8667583], [1686132011.1, 638245825.0869455], [1686132013.79, 638246446.9856856], [1686132027.46, 638246449.2247539], [1686132030.25, 638246449.2247539]]","PROGRESS_CURRENT_OBJECTIVE":"7819346979.999998","PROGRESS_CURRENT_OBJECTIVE.history":"[[1686132001.0, 8509763164.0], [1686132004.55, 7860843163.999998], [1686132006.32, 7860843163.999998], [1686132007.68, 7860843163.999998], [1686132008.81, 7860843163.999998], [1686132009.97, 7860843163.999998], [1686132011.1, 7860843163.999998], [1686132013.79, 7860843163.999998], [1686132027.46, 7819346979.999998], [1686132030.25, 7819346979.999998]]","PROGRESS_GAP":"0.9183759908778527","PROGRESS_GAP.history":"[[1686132001.0, 0.9249984041742548], [1686132004.55, 0.9188069518564351], [1686132006.32, 0.9188069515971333], [1686132007.68, 0.9188069513118635], [1686132008.81, 0.9188069509821746], [1686132009.97, 0.9188069509146667], [1686132011.1, 0.9188069508866561], [1686132013.8, 0.9188068717731658], [1686132027.46, 0.9183759908778527], [1686132030.25, 0.9183759908778527]]","STAT.cplex.modelType":"MILP","STAT.cplex.size.booleanVariables":"0","STAT.cplex.size.constraints":"3920","STAT.cplex.size.continousVariables":"2940","STAT.cplex.size.integerVariables":"3465","STAT.cplex.size.linearConstraints":"3920","STAT.cplex.size.quadraticConstraints":"0","STAT.cplex.size.variables":"6405","STAT.cplex.solve.elapsedTime":"27.205348014831543","STAT.cplex.solve.explored":"3747","STAT.cplex.solve.iterationCount":"11353","STAT.cplex.solve.opened":"377","STAT.job.coresCount":"1","STAT.job.inputsReadMs":"588","STAT.job.memoryPeakKB":"140420","STAT.job.modelProcessingMs":"31839","STAT.job.outputsWriteMs":"683"},"executionStatus":"PROCESSED","solveStatus":"FEASIBLE_SOLUTION","logTail":["[2023-06-07T10:00:12.114Z, INFO]    1646     0   6.38246e+08   428   7.86084e+09      Cuts: 12     6910   91.88%","[2023-06-07T10:00:12.271Z, INFO]    1646     0   6.38246e+08   425   7.86084e+09      Cuts: 11     6920   91.88%","[2023-06-07T10:00:12.399Z, INFO]    1646     0   6.38246e+08   427   7.86084e+09       Cuts: 7     6926   91.88%","[2023-06-07T10:00:12.529Z, INFO]    1646     0   6.38246e+08   427   7.86084e+09    MIRcuts: 1     6928   91.88%","[2023-06-07T10:00:12.657Z, INFO]    1646     0   6.38246e+08   429   7.86084e+09    MIRcuts: 1     6929   91.88%","[2023-06-07T10:00:12.789Z, INFO]    1646     0   6.38246e+08   423   7.86084e+09    MIRcuts: 1     6933   91.88%","[2023-06-07T10:00:12.923Z, INFO]    1646     0   6.38246e+08   428   7.86084e+09       Cuts: 3     6939   91.88%","[2023-06-07T10:00:13.048Z, INFO]    1646     0   6.38246e+08   429   7.86084e+09    MIRcuts: 3     6942   91.88%","[2023-06-07T10:00:13.176Z, INFO]    1646     0   6.38246e+08   426   7.86084e+09    MIRcuts: 3     6946   91.88%","[2023-06-07T10:00:13.803Z, INFO]    1646     2   6.38246e+08   426   7.86084e+09   6.38246e+08     6946   91.88%","[2023-06-07T10:00:14.095Z, INFO]    1666    22   6.38246e+08   386   7.86084e+09   6.38246e+08     6980   91.88%","[2023-06-07T10:00:16.196Z, INFO]    1926   128   6.38580e+08   282   7.86084e+09   6.38246e+08     7592   91.88%","[2023-06-07T10:00:16.197Z, INFO] Elapsed time = 15.96 sec. (7017.01 ticks, tree = 0.32 MB, solutions = 2)","[2023-06-07T10:00:19.990Z, INFO]    2544   239   6.38830e+08   260   7.86084e+09   6.38246e+08     8900   91.88%","[2023-06-07T10:00:25.062Z, INFO]    3379   333   6.38831e+08   260   7.86084e+09   6.38246e+08    10603   91.88%","[2023-06-07T10:00:27.349Z, INFO] Starting limited solution polishing.","[2023-06-07T10:00:27.435Z, INFO] *  3746+  376                       7.81935e+09   6.38246e+08            91.84%","[2023-06-07T10:00:28.936Z, INFO]    4000   405   6.38831e+08   260   7.81935e+09   6.38246e+08    11870   91.84%","[2023-06-07T10:00:30.242Z, INFO] ","[2023-06-07T10:00:30.243Z, INFO] Mixed integer rounding cuts applied:  21","[2023-06-07T10:00:30.244Z, INFO] Zero-half cuts applied:  2","[2023-06-07T10:00:30.245Z, INFO] Gomory fractional cuts applied:  36","[2023-06-07T10:00:30.246Z, INFO] ","[2023-06-07T10:00:30.246Z, INFO] Root node processing (before b&c):","[2023-06-07T10:00:30.247Z, INFO]   Real time             =    0.76 sec. (571.72 ticks)","[2023-06-07T10:00:30.248Z, INFO] Sequential b&c:","[2023-06-07T10:00:30.248Z, INFO]   Real time             =   29.25 sec. (9531.74 ticks)","[2023-06-07T10:00:30.249Z, INFO]                           ------------","[2023-06-07T10:00:30.250Z, INFO] Total (root+branch&cut) =   30.01 sec. (10103.45 ticks)","[2023-06-07T10:00:30.299Z, INFO] Solve status: JobSolveStatus.FEASIBLE_SOLUTION","[2023-06-07T10:00:30.300Z, INFO] * model docplex_model1 solved with objective = 7819346980.000","[2023-06-07T10:00:30.302Z, INFO] *  KPI: uncovered demand for Masks at Agencies as specified by AgencyRequests                          = 32478921.000","[2023-06-07T10:00:30.312Z, INFO] *  KPI: gap in inventory of Masks at Warehouses across Periods according to WarehouseTargetInventories = 45951762.000","[2023-06-07T10:00:30.313Z, INFO] *  KPI: gap in inventory of Masks at Agencies across Periods according to AgencyRequests               = 139723583.000","[2023-06-07T10:00:30.331Z, INFO] *  KPI: overall supply & inventory costs                                                               = 20279749.000","[2023-06-07T10:00:30.333Z, INFO] model solve done in 30.079187393188477 secs","[2023-06-07T10:00:30.589Z, INFO] solution export done in 0.2891559600830078 secs","[2023-06-07T10:00:30.590Z, INFO] DeliveryAtAgency.csv","[2023-06-07T10:00:30.614Z, INFO] InventoryAtAgencyDecisions.csv","[2023-06-07T10:00:30.621Z, INFO] SupplyAtWarehouseDecisions.csv","[2023-06-07T10:00:30.623Z, INFO] TransportFactory_WarehouseDecisions.csv","[2023-06-07T10:00:30.627Z, INFO] InventoryAtWarehouseDecisions.csv","[2023-06-07T10:00:30.628Z, INFO] CoveredDemandDecisions.csv","[2023-06-07T10:00:30.634Z, INFO] CostOfMasks.csv","[2023-06-07T10:00:30.636Z, INFO] TransferBetweenWarehouseDecisions.csv"]},"runtimeDetails":{"state":"STARTED"},"taskSetupMillis":2547,"taskSolveMillis":35279,"taskTearDownMillis":1948,"jobSpaceId":"b406a7b9-f4e0-40d7-97fa-e12776d39642","jobDeploymentId":"b93dfe70-1e82-4450-a76d-e4f7c8c2e7ab","jobId":"43f816df-3064-4460-ad7d-c3d9c9ae6a57","ping":1686132025025},"_id":"a11747f9-4076-4444-a3fa-db69cada288c","dataUsagePerCategory":{"output":{"lastModificationTime":1686132034997,"lastModifier":"IBMid-270006YQEG"},"input":{"lastModificationTime":1686131872167,"lastModifier":"IBMid-270006YQEG"},"model":{"lastModificationTime":1686131995969,"lastModifier":"IBMid-270006YQEG"},"CO_ASSET_SESSION":{"lastModificationTime":1686131872167,"lastModifier":"IBMid-270006YQEG"},"CO_ASSET":{"lastModificationTime":1686132034997,"lastModifier":"IBMid-270006YQEG"}}}]}],"attachments":["do_scenario_asset/523af2e3-3ade-4749-b10f-61870d5326a9","do_scenario_asset/16bd81fc-ef27-412e-9a42-d0572114b51e","do_scenario_asset/e3bf1e7d-2e1d-4621-a74b-09a0db64b112","do_scenario_asset/db0cce45-4c71-4b94-855a-74afd75fca61","do_scenario_asset/35d035a1-8f08-49b8-bce5-2d29d0ece6d2","do_scenario_asset/03bf98d2-6653-4306-8388-1032d6ca9006","do_scenario_asset/d16ef814-0db9-4b64-9ac1-7d0e578eb3f4","do_scenario_asset/edee7b99-45dc-4526-a949-50b679dae44c","do_scenario_asset/bb40e9ec-0340-4a0f-9b91-b5c6b845b614","do_scenario_asset/6db78974-ca3e-454c-b6df-ed3242b81c4c","do_scenario_asset/7d3cf74f-7ff5-470c-bed1-018a6805cf27","do_scenario_asset/cf1e301f-ba54-4412-ac8d-744e14207a60","do_scenario_asset/c32006e4-522a-4920-978f-1abdb36c9920","do_scenario_asset/8442e4bd-50e3-4dbd-b172-f710ef1e5b97","do_scenario_asset/3b75ea7c-771b-4b55-8049-62e8c4cc096c","do_scenario_asset/70a0d585-f948-40fc-ac06-d990fcec6f1b","do_scenario_asset/7c51d508-70cb-49b2-9efb-17c7669dbaee","do_scenario_asset/6dd80f3b-d8a6-493f-afd7-5e1a8180d9ea","do_scenario_asset/5de8f151-3a49-4731-9bd3-510d153f79a7","do_scenario_asset/d7812575-44e6-485a-8629-144f8c6a9dfe","do_scenario_asset/95d893d5-4917-451d-ae76-81695cdfd5fd","do_scenario_asset/fbf310dc-7871-495a-b084-32db9750a98e","do_scenario_asset/8d9d98be-4afe-480f-94a9-5e1879f1543e","do_scenario_asset/a8265e50-3909-4768-8d28-0d47d76f097c","do_scenario_asset/4cad3e8a-076f-48a9-925e-232d867f8294","do_scenario_asset/f79ca9ee-914c-44b4-8309-126c8b50521f","do_scenario_asset/908772b6-6fb8-4f32-9968-fbc924c8d132","do_scenario_asset/69540383-1dd2-4a93-a00b-c77f23eae810","do_scenario_asset/b19e96fa-9219-4b76-b598-7dd6aaae7c65","do_scenario_asset/68576479-e094-4b89-b229-78496f157faf","do_scenario_asset/9aa115a5-cd1a-4bac-9e22-17986ba1acb3","do_scenario_asset/864fce7f-b612-42b3-8353-46c9ad1872fe","do_scenario_asset/f1a4bae3-b596-4f79-9bb8-cfca3fc1733d","do_scenario_asset/92e54302-47b0-4dd8-9bc3-e4faa82cdf3b","do_scenario_asset/5c550e7e-9772-463b-869b-e7dd5bde03bc","do_scenario_asset/19db78d4-5790-48b0-ac24-8b19a69e4895","do_scenario_asset/7666c52b-ed01-415b-8936-d4b6c2fff85f","do_scenario_asset/28184652-8b19-418c-8311-38d9c8f88855","do_scenario_asset/95892bcf-57bf-452d-b214-1865374ff420","do_scenario_asset/4d5c55e8-b225-4749-b7e2-7d98575b7ad3","do_scenario_asset/26bdf296-bcfe-4c8a-9914-becd712d4dc9","do_scenario_asset/ba8b1fda-5cea-4d3e-a89b-b8e23f890b6d","do_scenario_asset/5faae1c7-d9db-4b50-ab5f-4b187f99b837","do_scenario_asset/bfb2849a-1b12-4b29-b4cf-974b74e041b0","do_scenario_asset/2820a139-688b-4f63-93d7-ed5156fdd4ef","do_scenario_asset/e39e1532-3cfa-4898-a619-1867fc86a7a8","do_scenario_asset/d7757884-89b2-43a6-ad55-4728d277b809","do_scenario_asset/e8c3254a-666b-4a9d-8557-0d818aafd5c2","do_scenario_asset/3e623827-3bf7-48c6-8b6e-a00b4c2aefa1","do_scenario_asset/cb7e791b-37e1-4b04-be37-814ecacf5b35","do_scenario_asset/b0e4d75a-c427-42cd-b73c-0715658989a1","do_scenario_asset/5fe5fa30-a8f7-4a99-83d0-6c08d67b420e","do_scenario_asset/8d26a1ef-84db-4a9b-b117-9f3146b0c146","do_scenario_asset/c6195992-e86e-420a-89f7-1eb42332aa16","do_scenario_asset/5a5400b8-95b9-4b7d-be38-ae42343305d1","do_scenario_asset/6c8b9268-d028-4a71-815e-424061f5470d","do_scenario_asset/5fb6f925-a9db-4374-a9e4-80268800565f","do_scenario_asset/4ddcdcdc-0411-406e-b62d-0a782127da65","do_scenario_asset/4ead4e07-8bbe-4775-8f95-8e23c86ecb88","do_scenario_asset/3034850e-b462-45b4-a89e-52b62817b0d4","do_scenario_asset/939bdd07-f2ea-4547-8172-4a2bc8d6bae3","do_scenario_asset/892374ef-2e64-4a29-953e-898c3403c9f2","do_scenario_asset/e01af15f-f1d4-4eaf-9d93-a6872c4e0c62","do_scenario_asset/4e6767a4-686f-47bb-bc2e-dc84ab91245d","do_scenario_asset/2e69e3f7-188b-4613-a5b3-d0ebff9cdd12","do_scenario_asset/cc0b3436-69d1-4515-a99d-7c87b813eb52","do_scenario_asset/161babfd-34a2-4f61-a6a8-54b162ed22c9","do_scenario_asset/d7780566-6f73-4b24-9a3f-6cf5a15b7768","do_scenario_asset/0596e5b6-6215-4fc3-9414-98cce384fce5","do_scenario_asset/e4c0b893-4598-48b6-a213-93714f2463fd","do_scenario_asset/4e99a5ad-933d-4681-a19f-a14476e0bdb8","do_scenario_asset/ab51ae01-bbca-4d0b-a649-6d34b496837c","do_scenario_asset/7749d2c2-8410-48ba-8290-a23ba706a024","do_scenario_asset/89d1b387-787a-4f89-9fdb-4239d4c9ea60","do_scenario_asset/63ce6a61-a0fc-440d-b10c-027f5920bde5","do_scenario_asset/da16cfbe-4341-42ff-9a09-6951e8b8a80d","do_scenario_asset/47993bf5-582b-4307-bd91-4a4fb6a4932f","do_scenario_asset/8a2632b7-bdae-4aa2-8a98-9ec94f65f6b5","do_scenario_asset/dd873f91-1e4f-4680-a838-2aa9d4fad79c","do_scenario_asset/8c0307ba-74ed-489f-969d-33fd900e2f97","do_scenario_asset/e4f705f0-635c-4904-bbb1-2de967684314","do_scenario_asset/ecc75d06-c06c-4b1e-ad59-e1ea455f78c8","do_scenario_asset/111d43bf-48f3-4237-95fd-8e0423abfbab","do_scenario_asset/cdd7af67-0484-487f-877c-4077d4303ab2","do_scenario_asset/f7d8e9c7-4e98-44e2-9bea-789a0ec54292","do_scenario_asset/d0528c1d-61c2-426b-872c-1bf91e5a6c97","do_scenario_asset/67e7c7c1-e5a7-4498-8ca8-dd44ffec4dc4"]}
