{"metadata":{"asset_id":"172911d9-8c72-4e94-be6d-4427e93e94e2","asset_attributes":["data_asset"],"name":"hotel_reviews.csv","asset_type":"data_asset","created_at":"2024-05-06T07:15:05Z","origin_country":"us","owner_id":"1000331015","project_id":"6b8bf24c-0e69-400c-99b8-8c090f702392","size":728488,"usage":{"last_update_time":1714979706043,"last_updated_at":"2024-05-06T07:15:06Z"}},"entity":{"data_asset":{"mime_type":"text/csv","dataset":false}},"attachments":[{"id":"935229b0-6a6f-446d-a207-33955b5f76b1","version":2,"asset_type":"data_asset","name":"hotel_reviews (1).csv","mime":"text/csv","datasource_type":"81bafdbd-b7c6-45c5-a4fd-6ec135f66f4e","object_key":"data_asset/hotel_reviews (1).csv","creator_id":"icp4d-dev","create_time":1714979706003,"size":728488,"is_remote":false,"is_managed":false,"is_referenced":true,"is_object_key_read_only":true,"is_user_provided_path_key":true,"transfer_complete":true,"is_partitioned":false,"complete_time_ticks":1714979706003,"user_data":{},"test_doc":0,"handle":{"type":"assetfiles","key":"data_asset/hotel_reviews (1).csv","upload_id":"done","max_part_num":1},"usage":{"access_count":0,"last_accessor_id":"icp4d-dev","last_access_time":1714979706003}}]}