{"metadata":{"asset_id":"bacd6b06-62a6-440b-9020-1a5e219b503c","asset_attributes":["data_asset"],"name":"classification_model_rt24_1","asset_type":"data_asset","created_at":"2024-05-06T07:15:05Z","origin_country":"us","owner_id":"1000331015","project_id":"6b8bf24c-0e69-400c-99b8-8c090f702392","size":38751,"usage":{"last_update_time":1715841096189,"last_updated_at":"2024-05-16T06:31:36Z"}},"entity":{"data_asset":{"mime_type":"application/binary","dataset":false}},"attachments":[{"id":"ffa6d3e7-9768-44a6-b357-2cb17b5e2511","version":2,"asset_type":"data_asset","name":"classification_model_rt24_1","mime":"application/binary","datasource_type":"81bafdbd-b7c6-45c5-a4fd-6ec135f66f4e","object_key":"data_asset/classification_model_rt24_1","creator_id":"1000331015","create_time":1715841096100,"size":38751,"is_remote":false,"is_managed":false,"is_referenced":true,"is_object_key_read_only":true,"is_user_provided_path_key":true,"transfer_complete":true,"is_partitioned":false,"complete_time_ticks":1715841096100,"user_data":{},"test_doc":0,"handle":{"type":"assetfiles","key":"data_asset/classification_model_rt24_1","upload_id":"done","max_part_num":1},"usage":{"access_count":0,"last_accessor_id":"1000331015","last_access_time":1715841096100}}]}