{"metadata":{"asset_id":"ed9385d0-d983-4d39-9305-3f78eb37e749","asset_attributes":["environment"],"name":"NLP Environment","asset_type":"environment","created_at":"2024-05-06T07:15:06Z","description":"","origin_country":"us","owner_id":"1000331015","project_id":"6b8bf24c-0e69-400c-99b8-8c090f702392","sandbox_id":"6b8bf24c-0e69-400c-99b8-8c090f702392","size":0,"tags":["dsx"],"usage":{"last_update_time":1714980510618,"last_updated_at":"2024-05-06T07:28:30Z"}},"entity":{"environment":{"sub_type":"notebook","display_name":"NLP Environment","hardware_specification":{"type":"referenced","guid":"20067d6e-76fa-4f1c-9266-1dce2048b270"},"software_specification":{"type":"referenced","guid":"45f12dfe-aa78-5b8d-9f38-0ee223c47309"},"tools_specification":{"supported_kernels":[{"name":"python3","display_name":"Python 3.11","language":"python","version":"3.11"}],"notebook_extensions":[]},"runtime_definition":"jupyter-241n-py"}}}