{"metadata":{"asset_id":"fc36f57c-5a05-4dff-b116-31ff1e7be7a1","asset_attributes":["environment"],"name":"NLP Environment for Training","asset_type":"environment","created_at":"2024-05-06T07:15:06Z","description":"","origin_country":"us","owner_id":"1000331015","project_id":"6b8bf24c-0e69-400c-99b8-8c090f702392","sandbox_id":"6b8bf24c-0e69-400c-99b8-8c090f702392","size":0,"tags":["dsx"],"usage":{"last_update_time":1714980552042,"last_updated_at":"2024-05-06T07:29:12Z"}},"entity":{"environment":{"sub_type":"notebook","display_name":"NLP Environment for Training","hardware_specification":{"type":"referenced","guid":"68593eef-5cbb-408f-bad9-a289e99d9a94"},"software_specification":{"type":"referenced","guid":"45f12dfe-aa78-5b8d-9f38-0ee223c47309"},"tools_specification":{"supported_kernels":[{"name":"python3","display_name":"Python 3.11","language":"python","version":"3.11"}],"notebook_extensions":[]},"runtime_definition":"jupyter-241n-py"}}}