{"metadata":{"asset_id":"20067d6e-76fa-4f1c-9266-1dce2048b270","asset_attributes":["hardware_specification"],"name":"NLP Environment","asset_type":"hardware_specification","created_at":"2024-05-06T07:15:05Z","description":"","origin_country":"us","owner_id":"1000331015","project_id":"6b8bf24c-0e69-400c-99b8-8c090f702392","sandbox_id":"6b8bf24c-0e69-400c-99b8-8c090f702392","size":0,"tags":["dsx"],"usage":{"last_update_time":1714979705998,"last_updated_at":"2024-05-06T07:15:05Z"}},"entity":{"hardware_specification":{"nodes":{"cpu":{"units":"1","model":""},"mem":{"size":"8Gi"}}}}}