{"metadata":{"asset_id":"68593eef-5cbb-408f-bad9-a289e99d9a94","asset_attributes":["hardware_specification"],"name":"NLP Environment for Training","asset_type":"hardware_specification","created_at":"2024-05-06T07:15:05Z","description":"","origin_country":"us","owner_id":"1000331015","project_id":"6b8bf24c-0e69-400c-99b8-8c090f702392","sandbox_id":"6b8bf24c-0e69-400c-99b8-8c090f702392","size":0,"tags":["dsx"],"usage":{"last_update_time":1714979705995,"last_updated_at":"2024-05-06T07:15:05Z"}},"entity":{"hardware_specification":{"nodes":{"cpu":{"units":"1","model":""},"mem":{"size":"12Gi"}}}}}