{"metadata":{"asset_id":"492aa477-ede1-4f69-8f3f-f9e265e64633","asset_attributes":["notebook"],"name":"Financial complaint analysis","asset_type":"notebook","created_at":"2024-05-06T07:15:06Z","description":"","origin_country":"us","owner_id":"1000331015","project_id":"6b8bf24c-0e69-400c-99b8-8c090f702392","size":201016,"tags":["notebook"],"usage":{"last_update_time":1714986775966,"last_updated_at":"2024-05-06T09:12:55Z"}},"entity":{"notebook":{"kernel":{"name":"python3","display_name":"Python 3.11","language":"python"},"originates_from":{"type":"file"},"runtime":{"environment":"ed9385d0-d983-4d39-9305-3f78eb37e749"}}},"attachments":[{"id":"d98e80c3-0b67-462e-963e-404f4144964c","version":2,"asset_type":"notebook","name":"attachment for notebook 492aa477-ede1-4f69-8f3f-f9e265e64633","description":"attachment for notebook 492aa477-ede1-4f69-8f3f-f9e265e64633","mime":"application/json","datasource_type":"81bafdbd-b7c6-45c5-a4fd-6ec135f66f4e","object_key":"notebook/Financial_complaint_analysis_dLbHurieD.ipynb","creator_id":"1000331015","create_time":1714979706670,"size":201016,"is_remote":false,"is_managed":false,"is_referenced":true,"is_object_key_read_only":false,"is_user_provided_path_key":true,"transfer_complete":true,"is_partitioned":false,"complete_time_ticks":1714979706670,"user_data":{},"test_doc":0,"handle":{"type":"assetfiles","key":"notebook/Financial_complaint_analysis_dLbHurieD.ipynb","upload_id":"done","max_part_num":1},"usage":{"access_count":10,"last_accessor_id":"1000331015","last_access_time":1714986775965,"last_updater_id":"1000331015","last_update_time":1714986775965}}]}