{"metadata":{"asset_id":"43ca7911-8c41-4c75-bc3d-307eecc3c6a6","asset_attributes":["notebook"],"name":"Deploy Custom Classification Model","asset_type":"notebook","created_at":"2024-05-06T07:15:06Z","description":"","origin_country":"us","owner_id":"1000331015","project_id":"6b8bf24c-0e69-400c-99b8-8c090f702392","size":9262,"tags":["notebook"],"usage":{"last_update_time":1715841658838,"last_updated_at":"2024-05-16T06:40:58Z"}},"entity":{"notebook":{"kernel":{"name":"python3","display_name":"Python 3.11","language":"python"},"originates_from":{"type":"file"},"runtime":{"environment":"ed9385d0-d983-4d39-9305-3f78eb37e749"}}},"attachments":[{"id":"05e877bb-b71d-43c4-a610-e6366d13305a","version":2,"asset_type":"notebook","name":"attachment for notebook 43ca7911-8c41-4c75-bc3d-307eecc3c6a6","description":"attachment for notebook 43ca7911-8c41-4c75-bc3d-307eecc3c6a6","mime":"application/json","datasource_type":"81bafdbd-b7c6-45c5-a4fd-6ec135f66f4e","object_key":"notebook/Deploy_Pretrained_Sentiment_Model_copy_Kj6bSDUOJ.ipynb","creator_id":"1000331015","create_time":1714979706643,"size":9262,"is_remote":false,"is_managed":false,"is_referenced":true,"is_object_key_read_only":false,"is_user_provided_path_key":true,"transfer_complete":true,"is_partitioned":false,"complete_time_ticks":1714979706643,"user_data":{},"test_doc":0,"handle":{"type":"assetfiles","key":"notebook/Deploy_Pretrained_Sentiment_Model_copy_Kj6bSDUOJ.ipynb","upload_id":"done","max_part_num":1},"usage":{"access_count":5,"last_accessor_id":"1000331015","last_access_time":1715841658838,"last_updater_id":"1000331015","last_update_time":1715841658838}}]}