{"metadata":{"asset_id":"9b37d20c-c7c8-4826-be18-7dac6844cf86","asset_attributes":["notebook"],"name":"Complaint Classification","asset_type":"notebook","created_at":"2024-05-06T07:15:06Z","description":"","origin_country":"us","owner_id":"1000331015","project_id":"6b8bf24c-0e69-400c-99b8-8c090f702392","size":163631,"tags":["notebook"],"usage":{"last_update_time":1714997925684,"last_updated_at":"2024-05-06T12:18:45Z"}},"entity":{"notebook":{"kernel":{"name":"python3","display_name":"Python 3.11","language":"python"},"originates_from":{"type":"file"},"runtime":{"environment":"fc36f57c-5a05-4dff-b116-31ff1e7be7a1"}}},"attachments":[{"id":"0bc8bfb8-56e0-4a03-93f9-0588346462a8","version":2,"asset_type":"notebook","name":"attachment for notebook 9b37d20c-c7c8-4826-be18-7dac6844cf86","description":"attachment for notebook 9b37d20c-c7c8-4826-be18-7dac6844cf86","mime":"application/json","datasource_type":"81bafdbd-b7c6-45c5-a4fd-6ec135f66f4e","object_key":"notebook/Complaint_Classification_lb3RxZrcO.ipynb","creator_id":"1000331015","create_time":1714979706643,"size":163631,"is_remote":false,"is_managed":false,"is_referenced":true,"is_object_key_read_only":false,"is_user_provided_path_key":true,"transfer_complete":true,"is_partitioned":false,"complete_time_ticks":1714979706643,"user_data":{},"test_doc":0,"handle":{"type":"assetfiles","key":"notebook/Complaint_Classification_lb3RxZrcO.ipynb","upload_id":"done","max_part_num":1},"usage":{"access_count":11,"last_accessor_id":"1000331015","last_access_time":1714997925683,"last_updater_id":"1000331015","last_update_time":1714997925683}}]}