{"metadata":{"asset_id":"75e86562-2cc5-41e8-9903-e8159358edcd","asset_attributes":["notebook"],"name":"Deploy Pretrained Sentiment Model","asset_type":"notebook","created_at":"2024-05-06T07:15:06Z","description":"","origin_country":"us","owner_id":"1000331015","project_id":"6b8bf24c-0e69-400c-99b8-8c090f702392","size":10517,"tags":["notebook"],"usage":{"last_update_time":1715841468128,"last_updated_at":"2024-05-16T06:37:48Z"}},"entity":{"notebook":{"kernel":{"name":"python3","display_name":"Python 3.11","language":"python"},"originates_from":{"type":"file"},"runtime":{"environment":"ed9385d0-d983-4d39-9305-3f78eb37e749"}}},"attachments":[{"id":"f9b306f1-b818-466c-b804-8346d094d96a","version":2,"asset_type":"notebook","name":"attachment for notebook 75e86562-2cc5-41e8-9903-e8159358edcd","description":"attachment for notebook 75e86562-2cc5-41e8-9903-e8159358edcd","mime":"application/json","datasource_type":"81bafdbd-b7c6-45c5-a4fd-6ec135f66f4e","object_key":"notebook/Deploy_Pretrained_Sentiment_Model_TkuW0krXG.ipynb","creator_id":"1000331015","create_time":1714979706645,"size":10517,"is_remote":false,"is_managed":false,"is_referenced":true,"is_object_key_read_only":false,"is_user_provided_path_key":true,"transfer_complete":true,"is_partitioned":false,"complete_time_ticks":1714979706645,"user_data":{},"test_doc":0,"handle":{"type":"assetfiles","key":"notebook/Deploy_Pretrained_Sentiment_Model_TkuW0krXG.ipynb","upload_id":"done","max_part_num":1},"usage":{"access_count":29,"last_accessor_id":"1000331015","last_access_time":1715841468128,"last_updater_id":"1000331015","last_update_time":1715841468128}}]}