{"metadata":{"asset_id":"552c4c79-60f3-454a-9e3f-6f4e66561fcf","asset_attributes":["notebook"],"name":"Entity extraction on financial complaints","asset_type":"notebook","created_at":"2024-05-06T07:15:06Z","description":"","origin_country":"us","owner_id":"1000331015","project_id":"6b8bf24c-0e69-400c-99b8-8c090f702392","size":255785,"tags":["notebook"],"usage":{"last_update_time":1714995466150,"last_updated_at":"2024-05-06T11:37:46Z"}},"entity":{"notebook":{"kernel":{"name":"python3","display_name":"Python 3.11","language":"python"},"originates_from":{"type":"file"},"runtime":{"environment":"ed9385d0-d983-4d39-9305-3f78eb37e749"}}},"attachments":[{"id":"50b9e5d2-4f0b-4b76-b133-ccda0d7c01d4","version":2,"asset_type":"notebook","name":"attachment for notebook 552c4c79-60f3-454a-9e3f-6f4e66561fcf","description":"attachment for notebook 552c4c79-60f3-454a-9e3f-6f4e66561fcf","mime":"application/json","datasource_type":"81bafdbd-b7c6-45c5-a4fd-6ec135f66f4e","object_key":"notebook/Entity_extraction_on_financial_complaints_x5VDJ3Bgn.ipynb","creator_id":"1000331015","create_time":1714979706645,"size":255785,"is_remote":false,"is_managed":false,"is_referenced":true,"is_object_key_read_only":false,"is_user_provided_path_key":true,"transfer_complete":true,"is_partitioned":false,"complete_time_ticks":1714979706645,"user_data":{},"test_doc":0,"handle":{"type":"assetfiles","key":"notebook/Entity_extraction_on_financial_complaints_x5VDJ3Bgn.ipynb","upload_id":"done","max_part_num":1},"usage":{"access_count":4,"last_accessor_id":"1000331015","last_access_time":1714995466150,"last_updater_id":"1000331015","last_update_time":1714995466150}}]}