{"metadata":{"asset_id":"caf2c99a-991f-4901-827c-ef63a090f961","asset_attributes":["data_asset"],"name":"dataset.csv","asset_type":"data_asset","created_at":"2021-01-26T21:10:31Z","description":"","origin_country":"us","owner_id":"IBMid-55000AFXJH","project_id":"b15cf3d3-d97e-4b08-93bc-74638835c2b3","size":10550915,"tags":[],"usage":{"last_update_time":1611695432684,"last_updated_at":"2021-01-26T21:10:32Z"}},"entity":{"data_asset":{"mime_type":"text/csv","dataset":false}},"attachments":[{"id":"d0e15bfc-1c08-4025-9cc0-0def0f78aaeb","version":2,"asset_type":"data_asset","name":"dataset.csv","mime":"text/csv","datasource_type":"193a97c1-4475-4a19-b90c-295c4fdc6517","object_key":"dataset.csv","creator_id":"IBMid-55000AFXJH","create_time":1611695432683,"size":10550915,"is_remote":false,"is_managed":false,"is_referenced":true,"is_object_key_read_only":true,"is_user_provided_path_key":true,"transfer_complete":true,"is_partitioned":false,"complete_time_ticks":1611695432683,"user_data":{},"test_doc":0,"handle":{"bucket":"ibmdebaterthematicclusteringofsen-donotdelete-pr-wsojkqqhzamftm","location":"us-geo","key":"dataset.csv","upload_id":"done","max_part_num":1},"usage":{"access_count":0,"last_accessor_id":"IBMid-55000AFXJH","last_access_time":1611695432683}}]}
