{"metadata":{"asset_id":"e7f215d7-9a30-45e7-a1b9-4295d77db9fa","asset_attributes":["notebook"],"name":"Part 1 - Data Exploration & Visualization Thematic","asset_type":"notebook","created_at":"2021-01-28T00:24:06Z","description":"Read in the cleaned data file and visualize and analyze the time-series data.","origin_country":"us","owner_id":"IBMid-55000AFXJH","project_id":"b15cf3d3-d97e-4b08-93bc-74638835c2b3","size":14063,"tags":["notebook"],"usage":{"last_update_time":1615216402110,"last_updated_at":"2021-03-08T15:13:22Z"}},"entity":{"notebook":{"kernel":{"name":"python3","display_name":"Python 3.7","language":"python"},"originates_from":{"type":"file"},"runtime":{"environment":"conda2py37-b15cf3d3-d97e-4b08-93bc-74638835c2b3"}}},"attachments":[{"id":"81234153-8b4e-4b6b-96f2-db923076dae1","version":2,"asset_type":"notebook","name":"attachment for notebook e7f215d7-9a30-45e7-a1b9-4295d77db9fa","description":"attachment for notebook e7f215d7-9a30-45e7-a1b9-4295d77db9fa","mime":"application/json","datasource_type":"193a97c1-4475-4a19-b90c-295c4fdc6517","object_key":"notebook/Part_1_-_Data_Exploration___Visualization_-Pf2vskOr.ipynb","creator_id":"IBMid-55000AFXJH","create_time":1611793447779,"size":14063,"is_remote":false,"is_managed":false,"is_referenced":true,"is_object_key_read_only":false,"is_user_provided_path_key":true,"transfer_complete":true,"is_partitioned":false,"complete_time_ticks":1611793447779,"user_data":{},"test_doc":0,"handle":{"bucket":"ibmdebaterthematicclusteringofsen-donotdelete-pr-wsojkqqhzamftm","location":"us-geo","key":"notebook/Part_1_-_Data_Exploration___Visualization_-Pf2vskOr.ipynb","upload_id":"done","max_part_num":1},"usage":{"access_count":0,"last_accessor_id":"IBMid-55000AFXJH","last_access_time":1611793447779}}]}
