{"metadata":{"asset_id":"e81d3938-2823-4213-94aa-1d97e7ff9565","asset_attributes":["notebook"],"name":"Part 2 - Model Development Thematic Clustering","asset_type":"notebook","created_at":"2021-01-28T00:25:04Z","description":"This notebook takes sentences and clusters them into groups based on the topic similarity between sentences.","origin_country":"us","owner_id":"IBMid-55000AFXJH","project_id":"b15cf3d3-d97e-4b08-93bc-74638835c2b3","size":13549,"tags":["notebook"],"usage":{"last_update_time":1615216606234,"last_updated_at":"2021-03-08T15:16:46Z"}},"entity":{"notebook":{"kernel":{"name":"python3","display_name":"Python 3.7","language":"python"},"originates_from":{"type":"file"},"runtime":{"environment":"conda2py37-b15cf3d3-d97e-4b08-93bc-74638835c2b3"}}},"attachments":[{"id":"b88baaf1-9ba1-477a-bf5b-c2810f69d2bf","version":2,"asset_type":"notebook","name":"attachment for notebook e81d3938-2823-4213-94aa-1d97e7ff9565","description":"attachment for notebook e81d3938-2823-4213-94aa-1d97e7ff9565","mime":"application/json","datasource_type":"193a97c1-4475-4a19-b90c-295c4fdc6517","object_key":"notebook/Part_2_-_Model_Development_Wr57rS5zD.ipynb","creator_id":"IBMid-55000AFXJH","create_time":1611793505749,"size":13549,"is_remote":false,"is_managed":false,"is_referenced":true,"is_object_key_read_only":false,"is_user_provided_path_key":true,"transfer_complete":true,"is_partitioned":false,"complete_time_ticks":1611793505749,"user_data":{},"test_doc":0,"handle":{"bucket":"ibmdebaterthematicclusteringofsen-donotdelete-pr-wsojkqqhzamftm","location":"us-geo","key":"notebook/Part_2_-_Model_Development_Wr57rS5zD.ipynb","upload_id":"done","max_part_num":1},"usage":{"access_count":0,"last_accessor_id":"IBMid-55000AFXJH","last_access_time":1611793505749}}]}
