{"metadata":{"asset_id":"5bc493d1-5c5f-4aa9-b70b-af00382ac05c","asset_attributes":["data_asset"],"name":"utilities-demand-response-program-propensity-glossary-categories.csv","asset_type":"data_asset","created_at":"2021-10-01T10:26:55Z","description":"","origin_country":"us","owner_id":"IBMid-550003B08R","project_id":"38e05ecb-c8c1-4363-934d-4a3ea7aeacea","size":493,"tags":[],"usage":{"last_update_time":1633084015770,"last_updated_at":"2021-10-01T10:26:55Z"}},"entity":{"data_asset":{"mime_type":"text/csv","dataset":false}},"attachments":[{"id":"75f6b14a-3cb5-407d-940b-823eaf226b38","version":2,"asset_type":"data_asset","name":"utilities-demand-response-program-propensity-glossary-categories.csv","mime":"text/csv","datasource_type":"193a97c1-4475-4a19-b90c-295c4fdc6517","object_key":"utilities-demand-response-program-propensity-glossary-categories.csv","creator_id":"IBMid-550003B08R","create_time":1633084015770,"size":493,"is_remote":false,"is_managed":false,"is_referenced":true,"is_object_key_read_only":true,"is_user_provided_path_key":true,"transfer_complete":true,"is_partitioned":false,"complete_time_ticks":1633084015770,"user_data":{},"test_doc":0,"handle":{"bucket":"utilitiesdemandresponseprogrampro-donotdelete-pr-myzskcxmlppwij","location":"us-geo","key":"utilities-demand-response-program-propensity-glossary-categories.csv","upload_id":"done","max_part_num":1},"usage":{"access_count":0,"last_accessor_id":"IBMid-550003B08R","last_access_time":1633084015770}}]}
