{"metadata":{"asset_id":"59cba629-de4a-46fe-acd7-5e913d90d85e","asset_attributes":["data_asset"],"name":"utilities-demand-response-program-propensity-map-terms.csv","asset_type":"data_asset","created_at":"2021-10-01T10:17:30Z","description":"","origin_country":"us","owner_id":"IBMid-550003B08R","project_id":"38e05ecb-c8c1-4363-934d-4a3ea7aeacea","size":6649,"tags":[],"usage":{"last_update_time":1633083451082,"last_updated_at":"2021-10-01T10:17:31Z"}},"entity":{"data_asset":{"mime_type":"text/csv","dataset":false}},"attachments":[{"id":"529ec575-f8bb-4eca-8cf2-1f80a9a41b94","version":2,"asset_type":"data_asset","name":"utilities-demand-response-program-propensity-map-terms.csv","mime":"text/csv","datasource_type":"193a97c1-4475-4a19-b90c-295c4fdc6517","object_key":"utilities-demand-response-program-propensity-map-terms.csv","creator_id":"IBMid-550003B08R","create_time":1633083451081,"size":6649,"is_remote":false,"is_managed":false,"is_referenced":true,"is_object_key_read_only":true,"is_user_provided_path_key":true,"transfer_complete":true,"is_partitioned":false,"complete_time_ticks":1633083451081,"user_data":{},"test_doc":0,"handle":{"bucket":"utilitiesdemandresponseprogrampro-donotdelete-pr-myzskcxmlppwij","location":"us-geo","key":"utilities-demand-response-program-propensity-map-terms.csv","upload_id":"done","max_part_num":1},"usage":{"access_count":0,"last_accessor_id":"IBMid-550003B08R","last_access_time":1633083451081}}]}
