{"metadata":{"asset_id":"7dbc7d87-a072-4960-ab18-4add068c2bcd","asset_attributes":["data_asset"],"name":"LOCATION.csv","asset_type":"data_asset","created_at":"2021-09-24T14:07:45Z","description":"","origin_country":"us","owner_id":"IBMid-550003B08R","project_id":"38e05ecb-c8c1-4363-934d-4a3ea7aeacea","size":146517,"tags":[],"usage":{"last_update_time":1632492466386,"last_updated_at":"2021-09-24T14:07:46Z"}},"entity":{"data_asset":{"mime_type":"text/csv","dataset":false}},"attachments":[{"id":"bf090fd0-ad11-44f4-98c3-c1095162454c","version":2,"asset_type":"data_asset","name":"LOCATION.csv","mime":"text/csv","datasource_type":"193a97c1-4475-4a19-b90c-295c4fdc6517","object_key":"LOCATION.csv","creator_id":"iam-ServiceId-f49c5558-c247-4983-a04f-7d3c7a3d55da","create_time":1632492466123,"size":146517,"is_remote":false,"is_managed":false,"is_referenced":true,"is_object_key_read_only":false,"is_user_provided_path_key":true,"transfer_complete":true,"is_partitioned":false,"complete_time_ticks":1632492466123,"user_data":{},"test_doc":0,"handle":{"bucket":"utilitiesdemandresponseprogrampro-donotdelete-pr-myzskcxmlppwij","location":"us-geo","key":"LOCATION.csv","upload_id":"done","max_part_num":1},"usage":{"access_count":0,"last_accessor_id":"iam-ServiceId-f49c5558-c247-4983-a04f-7d3c7a3d55da","last_access_time":1632492466123}}]}
