{"metadata":{"asset_id":"328b41bc-9db8-4109-898f-c928761839af","asset_attributes":["data_asset","data_profile_uda"],"name":"Readme - Utilities Demand Response Program Propensity.pdf","asset_type":"data_asset","created_at":"2021-10-01T11:21:02Z","description":"","origin_country":"us","owner_id":"IBMid-550003B08R","project_id":"38e05ecb-c8c1-4363-934d-4a3ea7aeacea","size":107288,"tags":[],"usage":{"last_update_time":1633622507338,"last_updated_at":"2021-10-07T16:01:47Z"}},"entity":{"data_asset":{"mime_type":"application/pdf","dataset":false},"data_profile_uda":{"status":"completed"}},"attachments":[{"id":"6b7634b8-7300-40f8-8f4f-9b477e727c4a","version":2,"asset_type":"data_asset","name":"Readme - Utilities Demand Response Program Propensity.pdf","mime":"application/pdf","datasource_type":"193a97c1-4475-4a19-b90c-295c4fdc6517","object_key":"Readme - Utilities Demand Response Program Propensity.pdf","creator_id":"IBMid-550003B08R","create_time":1633087263563,"size":104104,"is_remote":false,"is_managed":false,"is_referenced":true,"is_object_key_read_only":true,"is_user_provided_path_key":true,"transfer_complete":true,"is_partitioned":false,"complete_time_ticks":1633087263563,"user_data":{},"test_doc":0,"handle":{"bucket":"utilitiesdemandresponseprogrampro-donotdelete-pr-myzskcxmlppwij","location":"us-geo","key":"Readme - Utilities Demand Response Program Propensity.pdf","upload_id":"done","max_part_num":1},"usage":{"access_count":1,"last_accessor_id":"IBMid-550003B08R","last_access_time":1633622507337,"last_updater_id":"IBMid-550003B08R","last_update_time":1633622507337}},{"id":"219900d1-c7d3-49ce-8203-5a30a7c8a34d","version":2,"asset_type":"data_profile_uda","name":"uda_328b41bc-9db8-4109-898f-c928761839af.json","mime":"application/json","datasource_type":"193a97c1-4475-4a19-b90c-295c4fdc6517","object_key":"data_profile_uda/2021-10-01-11_21_45-uda_328b41bc-9db8-4109-898f-c928761839af.json","creator_id":"iam-ServiceId-5d9bb1d6-b10e-410d-a535-ad6b78e9773b","create_time":1633087306824,"size":1592,"is_remote":false,"is_managed":false,"is_referenced":true,"is_object_key_read_only":false,"is_user_provided_path_key":true,"transfer_complete":true,"is_partitioned":false,"complete_time_ticks":1633087306824,"user_data":{},"test_doc":0,"handle":{"bucket":"utilitiesdemandresponseprogrampro-donotdelete-pr-myzskcxmlppwij","location":"us-geo","key":"data_profile_uda/2021-10-01-11_21_45-uda_328b41bc-9db8-4109-898f-c928761839af.json","upload_id":"done","max_part_num":1},"usage":{"access_count":0,"last_accessor_id":"iam-ServiceId-5d9bb1d6-b10e-410d-a535-ad6b78e9773b","last_access_time":1633087306824}},{"id":"dd706367-b5b2-41c7-9f8f-d0fc606ff5ea","version":2,"asset_type":"data_profile_uda","name":"uda_328b41bc-9db8-4109-898f-c928761839af.json","mime":"application/json","datasource_type":"193a97c1-4475-4a19-b90c-295c4fdc6517","object_key":"data_profile_uda/2021-10-01-11_21_50-uda_328b41bc-9db8-4109-898f-c928761839af.json","creator_id":"iam-ServiceId-5d9bb1d6-b10e-410d-a535-ad6b78e9773b","create_time":1633087311209,"size":1592,"is_remote":false,"is_managed":false,"is_referenced":true,"is_object_key_read_only":false,"is_user_provided_path_key":true,"transfer_complete":true,"is_partitioned":false,"complete_time_ticks":1633087311209,"user_data":{},"test_doc":0,"handle":{"bucket":"utilitiesdemandresponseprogrampro-donotdelete-pr-myzskcxmlppwij","location":"us-geo","key":"data_profile_uda/2021-10-01-11_21_50-uda_328b41bc-9db8-4109-898f-c928761839af.json","upload_id":"done","max_part_num":1},"usage":{"access_count":0,"last_accessor_id":"iam-ServiceId-5d9bb1d6-b10e-410d-a535-ad6b78e9773b","last_access_time":1633087311209}}]}
