{"metadata":{"asset_id":"33b72bd4-021a-49da-b39a-8fc43f83384e","asset_attributes":["data_asset"],"name":"model output summary.csv","asset_type":"data_asset","created_at":"2021-09-24T14:07:44Z","description":"","origin_country":"us","owner_id":"IBMid-550003B08R","project_id":"38e05ecb-c8c1-4363-934d-4a3ea7aeacea","size":17819930,"tags":[],"usage":{"last_update_time":1632492951599,"last_updated_at":"2021-09-24T14:15:51Z"}},"entity":{"data_asset":{"mime_type":"text/csv","dataset":false}},"attachments":[{"id":"c59db203-583d-4bb4-bc51-ef7fce604ca1","version":2,"asset_type":"data_asset","name":"model output summary.csv","mime":"text/csv","datasource_type":"193a97c1-4475-4a19-b90c-295c4fdc6517","object_key":"model output summary.csv","creator_id":"iam-ServiceId-f49c5558-c247-4983-a04f-7d3c7a3d55da","create_time":1632492465302,"size":17819930,"is_remote":false,"is_managed":false,"is_referenced":true,"is_object_key_read_only":false,"is_user_provided_path_key":true,"transfer_complete":true,"is_partitioned":false,"complete_time_ticks":1632492465302,"user_data":{},"test_doc":0,"handle":{"bucket":"utilitiesdemandresponseprogrampro-donotdelete-pr-myzskcxmlppwij","location":"us-geo","key":"model output summary.csv","upload_id":"done","max_part_num":1},"usage":{"access_count":1,"last_accessor_id":"a8ead22d-882f-4e9c-8f2e-f98c5186ed77","last_access_time":1632492951597,"last_updater_id":"a8ead22d-882f-4e9c-8f2e-f98c5186ed77","last_update_time":1632492951597}}]}
