{"metadata":{"asset_id":"a8d88ac2-d1ce-48d8-807e-a7c5e3a753ac","asset_attributes":["data_asset"],"name":"CST_PROFILES.csv","asset_type":"data_asset","created_at":"2021-09-24T14:07:45Z","description":"","origin_country":"us","owner_id":"IBMid-550003B08R","project_id":"38e05ecb-c8c1-4363-934d-4a3ea7aeacea","size":14812921,"tags":[],"usage":{"last_update_time":1632492465611,"last_updated_at":"2021-09-24T14:07:45Z"}},"entity":{"data_asset":{"mime_type":"text/csv","dataset":false}},"attachments":[{"id":"f163fa3a-9325-46d4-9b4c-47f4dccfe20f","version":2,"asset_type":"data_asset","name":"CST_PROFILES.csv","mime":"text/csv","datasource_type":"193a97c1-4475-4a19-b90c-295c4fdc6517","object_key":"CST_PROFILES.csv","creator_id":"iam-ServiceId-f49c5558-c247-4983-a04f-7d3c7a3d55da","create_time":1632492465505,"size":14812921,"is_remote":false,"is_managed":false,"is_referenced":true,"is_object_key_read_only":false,"is_user_provided_path_key":true,"transfer_complete":true,"is_partitioned":false,"complete_time_ticks":1632492465505,"user_data":{},"test_doc":0,"handle":{"bucket":"utilitiesdemandresponseprogrampro-donotdelete-pr-myzskcxmlppwij","location":"us-geo","key":"CST_PROFILES.csv","upload_id":"done","max_part_num":1},"usage":{"access_count":0,"last_accessor_id":"iam-ServiceId-f49c5558-c247-4983-a04f-7d3c7a3d55da","last_access_time":1632492465505}}]}
