{"metadata":{"asset_id":"6d5cef08-16eb-4e24-be8f-c7bffaa41af2","asset_attributes":["data_asset"],"name":"CST_SEGMENT.csv","asset_type":"data_asset","created_at":"2021-09-24T14:07:44Z","description":"","origin_country":"us","owner_id":"IBMid-550003B08R","project_id":"38e05ecb-c8c1-4363-934d-4a3ea7aeacea","size":123,"tags":[],"usage":{"last_update_time":1632492465489,"last_updated_at":"2021-09-24T14:07:45Z"}},"entity":{"data_asset":{"mime_type":"text/csv","dataset":false}},"attachments":[{"id":"a3cbabed-9f6a-4be2-92c4-e5b0a1875f06","version":2,"asset_type":"data_asset","name":"CST_SEGMENT.csv","mime":"text/csv","datasource_type":"193a97c1-4475-4a19-b90c-295c4fdc6517","object_key":"CST_SEGMENT.csv","creator_id":"iam-ServiceId-f49c5558-c247-4983-a04f-7d3c7a3d55da","create_time":1632492465391,"size":123,"is_remote":false,"is_managed":false,"is_referenced":true,"is_object_key_read_only":false,"is_user_provided_path_key":true,"transfer_complete":true,"is_partitioned":false,"complete_time_ticks":1632492465391,"user_data":{},"test_doc":0,"handle":{"bucket":"utilitiesdemandresponseprogrampro-donotdelete-pr-myzskcxmlppwij","location":"us-geo","key":"CST_SEGMENT.csv","upload_id":"done","max_part_num":1},"usage":{"access_count":0,"last_accessor_id":"iam-ServiceId-f49c5558-c247-4983-a04f-7d3c7a3d55da","last_access_time":1632492465391}}]}
