{"metadata":{"asset_id":"5ad147b4-d67f-4460-ac36-7d4c3a73d927","asset_attributes":["data_asset"],"name":"utilities-demand-response-program-analytics-dashboard.zip","asset_type":"data_asset","created_at":"2021-10-07T13:58:13Z","description":"","origin_country":"us","owner_id":"IBMid-550003B08R","project_id":"38e05ecb-c8c1-4363-934d-4a3ea7aeacea","size":177311,"tags":[],"usage":{"last_update_time":1633615094691,"last_updated_at":"2021-10-07T13:58:14Z"}},"entity":{"data_asset":{"mime_type":"application/zip","dataset":false}},"attachments":[{"id":"e00a687f-e6d5-490b-a741-ad6867f54b6e","version":2,"asset_type":"data_asset","name":"utilities-demand-response-program-analytics-dashboard.zip","mime":"application/zip","datasource_type":"193a97c1-4475-4a19-b90c-295c4fdc6517","object_key":"utilities-demand-response-program-analytics-dashboard.zip","creator_id":"IBMid-550003B08R","create_time":1633615094691,"size":177311,"is_remote":false,"is_managed":false,"is_referenced":true,"is_object_key_read_only":true,"is_user_provided_path_key":true,"transfer_complete":true,"is_partitioned":false,"complete_time_ticks":1633615094691,"user_data":{},"test_doc":0,"handle":{"bucket":"utilitiesdemandresponseprogrampro-donotdelete-pr-myzskcxmlppwij","location":"us-geo","key":"utilities-demand-response-program-analytics-dashboard.zip","upload_id":"done","max_part_num":1},"usage":{"access_count":0,"last_accessor_id":"IBMid-550003B08R","last_access_time":1633615094691}}]}
