{"metadata":{"asset_id":"f842d32f-8507-4105-b170-ca6a2138a3c0","asset_attributes":["data_asset"],"name":"Demand Response View.csv","asset_type":"data_asset","created_at":"2021-09-24T14:07:45Z","description":"","origin_country":"us","owner_id":"IBMid-550003B08R","project_id":"38e05ecb-c8c1-4363-934d-4a3ea7aeacea","size":16173483,"tags":[],"usage":{"last_update_time":1633613237730,"last_updated_at":"2021-10-07T13:27:17Z"}},"entity":{"data_asset":{"mime_type":"text/csv","dataset":false,"schema":{"etag":"\"99b5c0d9583107439647a25a7a090fcf\"","valid_since":"Fri, 24 Sep 2021 14:07:43 GMT","fields":[{"name":"CUSTOMER_ID","type":"string","format":"default"},{"name":"FIRST_NAME","type":"string","format":"default"},{"name":"LAST_NAME","type":"string","format":"default"},{"name":"PHONE_1","type":"string","format":"default"},{"name":"EMAIL","type":"string","format":"email"},{"name":"AGE","type":"string","format":"default"},{"name":"HOME_SIZE","type":"any","format":"default"},{"name":"ENERGY_USAGE_PER_MONTH","type":"string","format":"default"},{"name":"ENERGY_EFFICIENCY","type":"number","format":"default"},{"name":"IS_REGISTERED_FOR_ALERTS","type":"integer","format":"default"},{"name":"OWNS_HOME","type":"integer","format":"default"},{"name":"COMPLAINTS","type":"integer","format":"default"},{"name":"EST_INCOME","type":"integer","format":"default"},{"name":"CLTV","type":"number","format":"default"},{"name":"HAS_THERMOSTAT","type":"integer","format":"default"},{"name":"HAS_HOME_AUTOMATION","type":"integer","format":"default"},{"name":"PV_ZONING","type":"integer","format":"default"},{"name":"WIND_ZONING","type":"integer","format":"default"},{"name":"SMART_METER_COMMENTS","type":"string","format":"default"},{"name":"IS_CAR_OWNER","type":"integer","format":"default"},{"name":"HAS_EV","type":"integer","format":"default"},{"name":"HAS_PV","type":"integer","format":"default"},{"name":"HAS_WIND","type":"integer","format":"default"},{"name":"TENURE","type":"integer","format":"default"},{"name":"EBILL","type":"integer","format":"default"},{"name":"IN_WARRANTY","type":"integer","format":"default"},{"name":"DEMAND_RESPONSE","type":"integer","format":"default"},{"name":"CITY","type":"string","format":"default"},{"name":"MARITAL_STATUS","type":"string","format":"default"},{"name":"GENDER","type":"string","format":"default"},{"name":"EDUCATION","type":"string","format":"default"},{"name":"EMPLOYMENT","type":"string","format":"default"},{"name":"SEGMENT","type":"string","format":"default"},{"name":"STD_YRLY_USAGE_CUR_YEAR_MINUS_1","type":"string","format":"default"},{"name":"STD_YRLY_USAGE_CUR_YEAR_MINUS_2","type":"string","format":"default"},{"name":"STD_YRLY_USAGE_CUR_YEAR_MINUS_3","type":"string","format":"default"},{"name":"STD_YRLY_USAGE_CUR_YEAR_MINUS_4","type":"string","format":"default"},{"name":"STD_YRLY_USAGE_CUR_YEAR_MINUS_5","type":"string","format":"default"},{"name":"STD_YRLY_USAGE_CUR_YEAR_MINUS_6","type":"string","format":"default"},{"name":"STD_YRLY_USAGE_CUR_YEAR_MINUS_7","type":"string","format":"default"},{"name":"MEDIAN_YRLY_USAGE_CUR_YEAR_MINUS_1","type":"string","format":"default"}]}}},"attachments":[{"id":"54bfe7db-5ae8-4469-99de-412ccd25bd50","version":2,"asset_type":"data_asset","name":"Demand Response View.csv","mime":"text/csv","datasource_type":"193a97c1-4475-4a19-b90c-295c4fdc6517","object_key":"Demand Response View.csv","creator_id":"iam-ServiceId-f49c5558-c247-4983-a04f-7d3c7a3d55da","create_time":1632492466121,"size":16173483,"is_remote":false,"is_managed":false,"is_referenced":true,"is_object_key_read_only":false,"is_user_provided_path_key":true,"transfer_complete":true,"is_partitioned":false,"complete_time_ticks":1632492466121,"user_data":{},"test_doc":0,"handle":{"bucket":"utilitiesdemandresponseprogrampro-donotdelete-pr-myzskcxmlppwij","location":"us-geo","key":"Demand Response View.csv","upload_id":"done","max_part_num":1},"usage":{"access_count":0,"last_accessor_id":"iam-ServiceId-f49c5558-c247-4983-a04f-7d3c7a3d55da","last_access_time":1632492466121}}]}
