{"metadata":{"asset_id":"6fe75b1f-0050-4759-8c17-21034e71259c","asset_attributes":["notebook"],"name":"import-wkc-glossary","asset_type":"notebook","created_at":"2021-10-01T10:13:03Z","description":"","origin_country":"us","owner_id":"IBMid-550003B08R","project_id":"38e05ecb-c8c1-4363-934d-4a3ea7aeacea","size":39778,"tags":["notebook"],"usage":{"last_update_time":1633613067803,"last_updated_at":"2021-10-07T13:24:27Z"}},"entity":{"notebook":{"kernel":{"name":"python3","display_name":"Python 3.8","language":"python"},"originates_from":{"type":"blank"},"runtime":{"environment":"conda2py38-38e05ecb-c8c1-4363-934d-4a3ea7aeacea"}}},"attachments":[{"id":"699d8d3b-2f05-4fa6-85e2-35c0ee17760d","version":2,"asset_type":"notebook","name":"attachment for notebook 6fe75b1f-0050-4759-8c17-21034e71259c","description":"attachment for notebook 6fe75b1f-0050-4759-8c17-21034e71259c","mime":"application/json","datasource_type":"193a97c1-4475-4a19-b90c-295c4fdc6517","object_key":"notebook/import-wkc-glossary_GC19BK_n8.ipynb","creator_id":"IBMid-550003B08R","create_time":1633083183926,"size":39778,"is_remote":false,"is_managed":false,"is_referenced":true,"is_object_key_read_only":false,"is_user_provided_path_key":true,"transfer_complete":true,"is_partitioned":false,"complete_time_ticks":1633083183926,"user_data":{},"test_doc":0,"handle":{"bucket":"utilitiesdemandresponseprogrampro-donotdelete-pr-myzskcxmlppwij","location":"us-geo","key":"notebook/import-wkc-glossary_GC19BK_n8.ipynb","upload_id":"done","max_part_num":1},"usage":{"access_count":0,"last_accessor_id":"IBMid-550003B08R","last_access_time":1633083183926}}]}
