{"metadata":{"asset_id":"706aaf98-b91f-401b-9395-150a7ea96ffb","asset_attributes":["notebook"],"name":"1-model-training","asset_type":"notebook","created_at":"2021-09-24T14:07:46Z","description":"","origin_country":"us","owner_id":"iam-ServiceId-9e68bc5f-c5f6-4f6f-8bcf-e57f47b9d1b1","project_id":"38e05ecb-c8c1-4363-934d-4a3ea7aeacea","size":468966,"tags":["notebook"],"usage":{"last_update_time":1633613207836,"last_updated_at":"2021-10-07T13:26:47Z"}},"entity":{"notebook":{"kernel":{"name":"python3","display_name":"Python 3.8","language":"python"},"originates_from":{"type":"file"},"runtime":{"environment":"conda2py38-38e05ecb-c8c1-4363-934d-4a3ea7aeacea"}}},"attachments":[{"id":"d7203d29-79a8-4834-bbf5-dbf634b70d32","version":2,"asset_type":"notebook","name":"attachment for notebook 706aaf98-b91f-401b-9395-150a7ea96ffb","description":"attachment for notebook 706aaf98-b91f-401b-9395-150a7ea96ffb","mime":"application/json","datasource_type":"193a97c1-4475-4a19-b90c-295c4fdc6517","object_key":"notebook/1-model-train_aU_Tx6vZJ.ipynb","creator_id":"IBMid-550003B08R","create_time":1632492467149,"size":468966,"is_remote":false,"is_managed":false,"is_referenced":true,"is_object_key_read_only":false,"is_user_provided_path_key":true,"transfer_complete":true,"is_partitioned":false,"complete_time_ticks":1632492467149,"user_data":{},"test_doc":0,"handle":{"bucket":"utilitiesdemandresponseprogrampro-donotdelete-pr-myzskcxmlppwij","location":"us-geo","key":"notebook/1-model-train_aU_Tx6vZJ.ipynb","upload_id":"done","max_part_num":1},"usage":{"access_count":0,"last_accessor_id":"IBMid-550003B08R","last_access_time":1632492467149}}]}
