{"metadata":{"asset_id":"78715cec-c74a-4fd8-a283-f57b18a536cb","asset_attributes":["notebook"],"name":"2-model-scoring","asset_type":"notebook","created_at":"2021-09-24T14:07:46Z","description":"","origin_country":"us","owner_id":"iam-ServiceId-9e68bc5f-c5f6-4f6f-8bcf-e57f47b9d1b1","project_id":"38e05ecb-c8c1-4363-934d-4a3ea7aeacea","size":18646,"tags":["notebook"],"usage":{"last_update_time":1633613187336,"last_updated_at":"2021-10-07T13:26:27Z"}},"entity":{"notebook":{"kernel":{"name":"python3","display_name":"Python 3.8","language":"python"},"originates_from":{"type":"file"},"runtime":{"environment":"conda2py38-38e05ecb-c8c1-4363-934d-4a3ea7aeacea"}}},"attachments":[{"id":"5d67b15b-333f-4c7d-93bf-11c0f92e78c2","version":2,"asset_type":"notebook","name":"attachment for notebook 78715cec-c74a-4fd8-a283-f57b18a536cb","description":"attachment for notebook 78715cec-c74a-4fd8-a283-f57b18a536cb","mime":"application/json","datasource_type":"193a97c1-4475-4a19-b90c-295c4fdc6517","object_key":"notebook/2-model-scoring_Zk1rq9IPu.ipynb","creator_id":"IBMid-550003B08R","create_time":1632492467100,"size":18646,"is_remote":false,"is_managed":false,"is_referenced":true,"is_object_key_read_only":false,"is_user_provided_path_key":true,"transfer_complete":true,"is_partitioned":false,"complete_time_ticks":1632492467100,"user_data":{},"test_doc":0,"handle":{"bucket":"utilitiesdemandresponseprogrampro-donotdelete-pr-myzskcxmlppwij","location":"us-geo","key":"notebook/2-model-scoring_Zk1rq9IPu.ipynb","upload_id":"done","max_part_num":1},"usage":{"access_count":0,"last_accessor_id":"IBMid-550003B08R","last_access_time":1632492467100}}]}
