{"metadata":{"asset_id":"4efab28b-4653-4f6b-a363-893c6b80d0e9","asset_attributes":["data_asset"],"name":"classification_model_rt23_1","asset_type":"data_asset","created_at":"2023-06-01T14:40:07Z","origin_country":"us","owner_id":"1000330999","project_id":"388c51aa-2963-4869-a36e-63e5a28bb95c","size":38751,"usage":{"last_update_time":1685630408198,"last_updated_at":"2023-06-01T14:40:08Z"}},"entity":{"data_asset":{"mime_type":"application/binary","dataset":false}},"attachments":[{"id":"ed7fca4b-2d95-4fc4-86e0-e09ce918cc1f","version":2,"asset_type":"data_asset","name":"classification_model_rt23_1.","mime":"application/binary","datasource_type":"81bafdbd-b7c6-45c5-a4fd-6ec135f66f4e","object_key":"data_asset/classification_model_rt23_1.","creator_id":"icp4d-dev","create_time":1685630408013,"size":38751,"is_remote":false,"is_managed":false,"is_referenced":true,"is_object_key_read_only":true,"is_user_provided_path_key":true,"transfer_complete":true,"is_partitioned":false,"complete_time_ticks":1685630408013,"user_data":{},"test_doc":0,"handle":{"type":"assetfiles","key":"data_asset/classification_model_rt23_1.","upload_id":"done","max_part_num":1},"usage":{"access_count":0,"last_accessor_id":"icp4d-dev","last_access_time":1685630408013}}]}