{"metadata":{"asset_id":"1d710e4b-0f22-4b89-8e88-6591c01b110e","asset_attributes":["data_asset"],"name":"hotel_reviews.csv","asset_type":"data_asset","created_at":"2023-06-01T14:40:07Z","origin_country":"us","owner_id":"1000330999","project_id":"388c51aa-2963-4869-a36e-63e5a28bb95c","size":728488,"usage":{"last_update_time":1685630408111,"last_updated_at":"2023-06-01T14:40:08Z"}},"entity":{"data_asset":{"mime_type":"text/csv","dataset":false}},"attachments":[{"id":"fb271064-0b7b-4644-ad55-a05c217bff21","version":2,"asset_type":"data_asset","name":"hotel_reviews (1).csv","mime":"text/csv","datasource_type":"81bafdbd-b7c6-45c5-a4fd-6ec135f66f4e","object_key":"data_asset/hotel_reviews (1).csv","creator_id":"icp4d-dev","create_time":1685630407999,"size":728488,"is_remote":false,"is_managed":false,"is_referenced":true,"is_object_key_read_only":true,"is_user_provided_path_key":true,"transfer_complete":true,"is_partitioned":false,"complete_time_ticks":1685630407999,"user_data":{},"test_doc":0,"handle":{"type":"assetfiles","key":"data_asset/hotel_reviews (1).csv","upload_id":"done","max_part_num":1},"usage":{"access_count":0,"last_accessor_id":"icp4d-dev","last_access_time":1685630407999}}]}