{"metadata":{"asset_id":"ae9ce320-cd44-49c6-b26a-a3c187f1986b","asset_attributes":["environment"],"name":"NLP Environment for Training","asset_type":"environment","created_at":"2023-06-01T14:40:08Z","description":"","origin_country":"us","owner_id":"1000330999","project_id":"388c51aa-2963-4869-a36e-63e5a28bb95c","sandbox_id":"388c51aa-2963-4869-a36e-63e5a28bb95c","size":0,"tags":["dsx"],"usage":{"last_update_time":1685630409089,"last_updated_at":"2023-06-01T14:40:09Z"}},"entity":{"environment":{"sub_type":"notebook","display_name":"NLP Environment for Training","hardware_specification":{"type":"referenced","guid":"6f767bef-3241-4938-b4e8-0829f22ccb53"},"software_specification":{"type":"referenced","guid":"336b29df-e0e1-5e7d-b6a5-f6ab722625b2"},"tools_specification":{"supported_kernels":[{"name":"python3","display_name":"Python 3.10","language":"python","version":"3.10"}],"notebook_extensions":[]},"runtime_definition":"jupyter-231n-py"}}}