{"metadata":{"asset_id":"0238434d-31ed-42a3-9c16-0ba2b85cd3b1","asset_attributes":["environment"],"name":"NLP Environment","asset_type":"environment","created_at":"2023-06-01T14:40:08Z","description":"","origin_country":"us","owner_id":"1000330999","project_id":"388c51aa-2963-4869-a36e-63e5a28bb95c","sandbox_id":"388c51aa-2963-4869-a36e-63e5a28bb95c","size":0,"tags":["dsx"],"usage":{"last_update_time":1685630408998,"last_updated_at":"2023-06-01T14:40:08Z"}},"entity":{"environment":{"sub_type":"notebook","display_name":"NLP Environment","hardware_specification":{"type":"referenced","guid":"99f60b68-30b6-4ad5-a93d-e130d684fa27"},"software_specification":{"type":"referenced","guid":"336b29df-e0e1-5e7d-b6a5-f6ab722625b2"},"tools_specification":{"supported_kernels":[{"name":"python3","display_name":"Python 3.10","language":"python","version":"3.10"}],"notebook_extensions":[]},"runtime_definition":"jupyter-231n-py"}}}