{"metadata":{"asset_id":"6f767bef-3241-4938-b4e8-0829f22ccb53","asset_attributes":["hardware_specification"],"name":"NLP Environment for Training","asset_type":"hardware_specification","created_at":"2023-06-01T14:40:06Z","description":"","origin_country":"us","owner_id":"1000330999","project_id":"388c51aa-2963-4869-a36e-63e5a28bb95c","sandbox_id":"388c51aa-2963-4869-a36e-63e5a28bb95c","size":0,"tags":["dsx"],"usage":{"last_update_time":1685630406911,"last_updated_at":"2023-06-01T14:40:06Z"}},"entity":{"hardware_specification":{"nodes":{"cpu":{"units":"1","model":""},"mem":{"size":"12Gi"}}}}}