{"metadata":{"asset_id":"99f60b68-30b6-4ad5-a93d-e130d684fa27","asset_attributes":["hardware_specification"],"name":"NLP Environment","asset_type":"hardware_specification","created_at":"2023-06-01T14:40:06Z","description":"","origin_country":"us","owner_id":"1000330999","project_id":"388c51aa-2963-4869-a36e-63e5a28bb95c","sandbox_id":"388c51aa-2963-4869-a36e-63e5a28bb95c","size":0,"tags":["dsx"],"usage":{"last_update_time":1685630407183,"last_updated_at":"2023-06-01T14:40:07Z"}},"entity":{"hardware_specification":{"nodes":{"cpu":{"units":"1","model":""},"mem":{"size":"8Gi"}}}}}