{"metadata":{"asset_id":"960546d4-5006-45d0-8137-03f5a4c509e0","asset_attributes":["notebook"],"name":"Deploy Custom Classification Model","asset_type":"notebook","created_at":"2023-06-01T14:40:09Z","description":"","origin_country":"us","owner_id":"1000330999","project_id":"388c51aa-2963-4869-a36e-63e5a28bb95c","size":37067,"tags":["notebook"],"usage":{"last_update_time":1687178397453,"last_updated_at":"2023-06-19T12:39:57Z"}},"entity":{"notebook":{"kernel":{"name":"python3","display_name":"Python 3.10","language":"python"},"originates_from":{"type":"file"},"runtime":{"environment":"rt222py-388c51aa-2963-4869-a36e-63e5a28bb95c"}}},"attachments":[{"id":"d5debfab-ce8f-4e1e-a109-3da81a4d1bb7","version":2,"asset_type":"notebook","name":"attachment for notebook 960546d4-5006-45d0-8137-03f5a4c509e0","description":"attachment for notebook 960546d4-5006-45d0-8137-03f5a4c509e0","mime":"application/json","datasource_type":"81bafdbd-b7c6-45c5-a4fd-6ec135f66f4e","object_key":"notebook/Deploy_Pretrained_Sentiment_Model_copy_Kj6bSDUOJ.ipynb","creator_id":"1000330999","create_time":1685630409836,"size":37067,"is_remote":false,"is_managed":false,"is_referenced":true,"is_object_key_read_only":false,"is_user_provided_path_key":true,"transfer_complete":true,"is_partitioned":false,"complete_time_ticks":1685630409836,"user_data":{},"test_doc":0,"handle":{"type":"assetfiles","key":"notebook/Deploy_Pretrained_Sentiment_Model_copy_Kj6bSDUOJ.ipynb","upload_id":"done","max_part_num":1},"usage":{"access_count":2,"last_accessor_id":"1000330999","last_access_time":1687170378568,"last_updater_id":"1000330999","last_update_time":1687170378568}}]}