{"metadata":{"asset_id":"e9426908-b192-4744-aeef-0a8b099fb532","asset_attributes":["notebook"],"name":"Deploy Pretrained Sentiment Model","asset_type":"notebook","created_at":"2023-06-01T14:40:09Z","description":"","origin_country":"us","owner_id":"1000330999","project_id":"388c51aa-2963-4869-a36e-63e5a28bb95c","size":8899,"tags":["notebook"],"usage":{"last_update_time":1687178672409,"last_updated_at":"2023-06-19T12:44:32Z"}},"entity":{"notebook":{"kernel":{"name":"python3","display_name":"Python 3.10","language":"python"},"originates_from":{"type":"file"},"runtime":{"environment":"rt222py-388c51aa-2963-4869-a36e-63e5a28bb95c"}}},"attachments":[{"id":"1a5a9b15-fcc0-48be-b108-4092a0eecd04","version":2,"asset_type":"notebook","name":"attachment for notebook e9426908-b192-4744-aeef-0a8b099fb532","description":"attachment for notebook e9426908-b192-4744-aeef-0a8b099fb532","mime":"application/json","datasource_type":"81bafdbd-b7c6-45c5-a4fd-6ec135f66f4e","object_key":"notebook/Deploy_Pretrained_Sentiment_Model_TkuW0krXG.ipynb","creator_id":"1000330999","create_time":1685630409988,"size":8899,"is_remote":false,"is_managed":false,"is_referenced":true,"is_object_key_read_only":false,"is_user_provided_path_key":true,"transfer_complete":true,"is_partitioned":false,"complete_time_ticks":1685630409988,"user_data":{},"test_doc":0,"handle":{"type":"assetfiles","key":"notebook/Deploy_Pretrained_Sentiment_Model_TkuW0krXG.ipynb","upload_id":"done","max_part_num":1},"usage":{"access_count":3,"last_accessor_id":"1000330999","last_access_time":1687178451586,"last_updater_id":"1000330999","last_update_time":1687178451586}}]}