{"metadata":{"asset_id":"dd1347fe-1484-4440-98c1-84cf66ec7f43","asset_attributes":["notebook"],"name":"Hotel Review Analysis","asset_type":"notebook","created_at":"2023-06-01T14:40:09Z","description":"","origin_country":"us","owner_id":"1000330999","project_id":"388c51aa-2963-4869-a36e-63e5a28bb95c","size":772411,"tags":["notebook"],"usage":{"last_update_time":1687170222219,"last_updated_at":"2023-06-19T10:23:42Z"}},"entity":{"notebook":{"kernel":{"name":"python3","display_name":"Python 3.10","language":"python"},"originates_from":{"type":"file"},"runtime":{"environment":"0238434d-31ed-42a3-9c16-0ba2b85cd3b1"}}},"attachments":[{"id":"c76e45e3-0e0a-4265-94fc-51f24306afae","version":2,"asset_type":"notebook","name":"attachment for notebook dd1347fe-1484-4440-98c1-84cf66ec7f43","description":"attachment for notebook dd1347fe-1484-4440-98c1-84cf66ec7f43","mime":"application/json","datasource_type":"81bafdbd-b7c6-45c5-a4fd-6ec135f66f4e","object_key":"notebook/Hotel_Review_Analysis_eUgX6iTob.ipynb","creator_id":"1000330999","create_time":1685630409717,"size":772411,"is_remote":false,"is_managed":false,"is_referenced":true,"is_object_key_read_only":false,"is_user_provided_path_key":true,"transfer_complete":true,"is_partitioned":false,"complete_time_ticks":1685630409717,"user_data":{},"test_doc":0,"handle":{"type":"assetfiles","key":"notebook/Hotel_Review_Analysis_eUgX6iTob.ipynb","upload_id":"done","max_part_num":1},"usage":{"access_count":1,"last_accessor_id":"1000330999","last_access_time":1687170214196,"last_updater_id":"1000330999","last_update_time":1687170214196}}]}