{"metadata":{"asset_id":"cc1ab80c-1ac4-43c3-82cf-d2e8e9a0ab64","asset_attributes":["notebook"],"name":"Complaint Classification","asset_type":"notebook","created_at":"2023-06-01T14:40:09Z","description":"","origin_country":"us","owner_id":"1000330999","project_id":"388c51aa-2963-4869-a36e-63e5a28bb95c","size":208845,"tags":["notebook"],"usage":{"last_update_time":1687169805341,"last_updated_at":"2023-06-19T10:16:45Z"}},"entity":{"notebook":{"kernel":{"name":"python3","display_name":"Python 3.10","language":"python"},"originates_from":{"type":"file"},"runtime":{"environment":"ae9ce320-cd44-49c6-b26a-a3c187f1986b"}}},"attachments":[{"id":"45a23851-bbcc-4367-8530-ecfa6ea6d62e","version":2,"asset_type":"notebook","name":"attachment for notebook cc1ab80c-1ac4-43c3-82cf-d2e8e9a0ab64","description":"attachment for notebook cc1ab80c-1ac4-43c3-82cf-d2e8e9a0ab64","mime":"application/json","datasource_type":"81bafdbd-b7c6-45c5-a4fd-6ec135f66f4e","object_key":"notebook/Complaint_Classification_lb3RxZrcO.ipynb","creator_id":"1000330999","create_time":1685630409905,"size":208845,"is_remote":false,"is_managed":false,"is_referenced":true,"is_object_key_read_only":false,"is_user_provided_path_key":true,"transfer_complete":true,"is_partitioned":false,"complete_time_ticks":1685630409905,"user_data":{},"test_doc":0,"handle":{"type":"assetfiles","key":"notebook/Complaint_Classification_lb3RxZrcO.ipynb","upload_id":"done","max_part_num":1},"usage":{"access_count":4,"last_accessor_id":"1000330999","last_access_time":1687169688362,"last_updater_id":"1000330999","last_update_time":1687169688362}}]}