{"metadata":{"asset_id":"0935f193-a8fa-41b6-8403-e748b18aba66","asset_attributes":["notebook"],"name":"Entity extraction on financial complaints","asset_type":"notebook","created_at":"2023-06-01T14:40:09Z","description":"","origin_country":"us","owner_id":"1000330999","project_id":"388c51aa-2963-4869-a36e-63e5a28bb95c","size":266207,"tags":["notebook"],"usage":{"last_update_time":1687170158987,"last_updated_at":"2023-06-19T10:22:38Z"}},"entity":{"notebook":{"kernel":{"name":"python3","display_name":"Python 3.10","language":"python"},"originates_from":{"type":"file"},"runtime":{"environment":"0238434d-31ed-42a3-9c16-0ba2b85cd3b1"}}},"attachments":[{"id":"45c8fc61-d7e0-403e-a656-40ee0c3624ba","version":2,"asset_type":"notebook","name":"attachment for notebook 0935f193-a8fa-41b6-8403-e748b18aba66","description":"attachment for notebook 0935f193-a8fa-41b6-8403-e748b18aba66","mime":"application/json","datasource_type":"81bafdbd-b7c6-45c5-a4fd-6ec135f66f4e","object_key":"notebook/Entity_extraction_on_financial_complaints_x5VDJ3Bgn.ipynb","creator_id":"1000330999","create_time":1685630409739,"size":266207,"is_remote":false,"is_managed":false,"is_referenced":true,"is_object_key_read_only":false,"is_user_provided_path_key":true,"transfer_complete":true,"is_partitioned":false,"complete_time_ticks":1685630409739,"user_data":{},"test_doc":0,"handle":{"type":"assetfiles","key":"notebook/Entity_extraction_on_financial_complaints_x5VDJ3Bgn.ipynb","upload_id":"done","max_part_num":1},"usage":{"access_count":1,"last_accessor_id":"1000330999","last_access_time":1687170158986,"last_updater_id":"1000330999","last_update_time":1687170158986}}]}