{"metadata":{"asset_id":"8cedd66f-9da4-45e2-8d18-822877373840","asset_attributes":["notebook"],"name":"Car Complaint Analysis","asset_type":"notebook","created_at":"2023-06-01T14:40:09Z","description":"","origin_country":"us","owner_id":"1000330999","project_id":"388c51aa-2963-4869-a36e-63e5a28bb95c","size":1407628,"tags":["notebook"],"usage":{"last_update_time":1687169957697,"last_updated_at":"2023-06-19T10:19:17Z"}},"entity":{"notebook":{"kernel":{"name":"python3","display_name":"Python 3.10","language":"python"},"originates_from":{"type":"file"},"runtime":{"environment":"0238434d-31ed-42a3-9c16-0ba2b85cd3b1"}}},"attachments":[{"id":"71c5a3b4-33aa-4265-8ed6-f6ac9fcd88f2","version":2,"asset_type":"notebook","name":"attachment for notebook 8cedd66f-9da4-45e2-8d18-822877373840","description":"attachment for notebook 8cedd66f-9da4-45e2-8d18-822877373840","mime":"application/json","datasource_type":"81bafdbd-b7c6-45c5-a4fd-6ec135f66f4e","object_key":"notebook/Car_Complaint_Analysis_dDv2KDVz3.ipynb","creator_id":"1000330999","create_time":1685630409810,"size":1407628,"is_remote":false,"is_managed":false,"is_referenced":true,"is_object_key_read_only":false,"is_user_provided_path_key":true,"transfer_complete":true,"is_partitioned":false,"complete_time_ticks":1685630409810,"user_data":{},"test_doc":0,"handle":{"type":"assetfiles","key":"notebook/Car_Complaint_Analysis_dDv2KDVz3.ipynb","upload_id":"done","max_part_num":1},"usage":{"access_count":1,"last_accessor_id":"1000330999","last_access_time":1687169957695,"last_updater_id":"1000330999","last_update_time":1687169957695}}]}