{"metadata":{"asset_id":"5f04b304-c597-47e9-83a0-d98cecc29efb","asset_attributes":["data_asset","location_definition"],"name":"ibm-docs-SSYOK8.zip","asset_type":"data_asset","created_at":"2024-09-17T11:57:59Z","description":"A sample zip file comprising 1147 HTML pages related to the documentation of the watsonx.ai. This can be used as sample data to run the accelerator.","origin_country":"us","owner_id":"IBMid-550003B08R","project_id":"18d733c0-d41f-4ac6-a0fe-9b2b571aa54c","size":3771370,"usage":{"last_update_time":1726574280109,"last_updated_at":"2024-09-17T11:58:00Z"}},"entity":{"data_asset":{"mime_type":"application/zip","dataset":false},"location_definition":{"physical_location_code":"FRA","physical_location_code_assigned_by":"IBMid-550003B08R","physical_location_code_rds_id":"c57cb90f-2126-3800-9c9f-9eab82021cdf","physical_location_code_rds_version":"00002024-0415-4090-8334-172904000000_4","physical_location_code_assignment_method":"INFERRED","physical_location_code_added_on":"1725981519380"}},"attachments":[{"id":"b343eca0-b40a-4e7e-bc99-a3e63dfd91d0","version":2,"asset_type":"data_asset","name":"ibm-docs-SSYOK8.zip","mime":"application/zip","datasource_type":"193a97c1-4475-4a19-b90c-295c4fdc6517","object_key":"ibm-docs-SSYOK8.zip","creator_id":"iam-ServiceId-f49c5558-c247-4983-a04f-7d3c7a3d55da","create_time":1726574280018,"size":3771370,"is_remote":false,"is_managed":false,"is_referenced":true,"is_object_key_read_only":true,"is_user_provided_path_key":true,"transfer_complete":true,"is_partitioned":false,"complete_time_ticks":1726574280018,"user_data":{},"test_doc":0,"handle":{"bucket":"industryacceleratorretrievalaugme-donotdelete-pr-hft6cpdefd1sym","location":"eu-de","type":"bluemix_cos","key":"ibm-docs-SSYOK8.zip","upload_id":"done","max_part_num":1},"usage":{"access_count":0,"last_accessor_id":"iam-ServiceId-f49c5558-c247-4983-a04f-7d3c7a3d55da","last_access_time":1726574280018}}]}
