{"metadata":{"asset_id":"458187ef-1690-4581-ad68-0bceb52bc093","asset_attributes":["data_asset","location_definition"],"name":"RAG as watsonx Assistant extension README.pdf","asset_type":"data_asset","created_at":"2024-09-17T11:57:59Z","description":"README file for RAG watsonx assistant extension.","origin_country":"us","owner_id":"IBMid-550003B08R","project_id":"18d733c0-d41f-4ac6-a0fe-9b2b571aa54c","size":4475567,"usage":{"last_update_time":1726574280637,"last_updated_at":"2024-09-17T11:58:00Z"}},"entity":{"data_asset":{"mime_type":"application/pdf","dataset":false},"location_definition":{"physical_location_code":"FRA","physical_location_code_assigned_by":"IBMid-550003B08R","physical_location_code_rds_id":"c57cb90f-2126-3800-9c9f-9eab82021cdf","physical_location_code_rds_version":"00002024-0415-4090-8334-172904000000_4","physical_location_code_assignment_method":"INFERRED","physical_location_code_added_on":"1725981525586"}},"attachments":[{"id":"6d5c3bf3-aeba-474e-abb6-e9b680a130ee","version":2,"asset_type":"data_asset","name":"RAG as watsonx Assistant extension README.pdf","mime":"application/pdf","datasource_type":"193a97c1-4475-4a19-b90c-295c4fdc6517","object_key":"Readme - RAG as watsonx Assistant extension.pdf","creator_id":"iam-ServiceId-f49c5558-c247-4983-a04f-7d3c7a3d55da","create_time":1726574280540,"size":4475567,"is_remote":false,"is_managed":false,"is_referenced":true,"is_object_key_read_only":true,"is_user_provided_path_key":true,"transfer_complete":true,"is_partitioned":false,"complete_time_ticks":1726574280540,"user_data":{},"test_doc":0,"handle":{"bucket":"industryacceleratorretrievalaugme-donotdelete-pr-hft6cpdefd1sym","location":"eu-de","type":"bluemix_cos","key":"Readme - RAG as watsonx Assistant extension.pdf","upload_id":"done","max_part_num":1},"usage":{"access_count":0,"last_accessor_id":"iam-ServiceId-f49c5558-c247-4983-a04f-7d3c7a3d55da","last_access_time":1726574280540}}]}
