{"metadata":{"asset_id":"6ab4e299-5aa1-4587-8763-2ef3a3883512","asset_attributes":["environment"],"name":"qna_environment","asset_type":"environment","created_at":"2024-09-17T11:58:00Z","description":"","origin_country":"us","owner_id":"IBMid-550003B08R","project_id":"18d733c0-d41f-4ac6-a0fe-9b2b571aa54c","sandbox_id":"18d733c0-d41f-4ac6-a0fe-9b2b571aa54c","size":0,"tags":["dsx"],"usage":{"last_update_time":1726574280877,"last_updated_at":"2024-09-17T11:58:00Z"}},"entity":{"environment":{"sub_type":"notebook","display_name":"qna_environment","hardware_specification":{"type":"referenced","guid":"0fd012f1-7c7b-4bbf-af0a-6898c63f2d0f"},"software_specification":{"type":"referenced","guid":"db107ae1-8d6e-486d-b423-3b473b53d47f"},"tools_specification":{"supported_kernels":[{"name":"python3","display_name":"Python 3.11","language":"python","version":"3.11"}],"notebook_extensions":["ipywidgets"]}}}}
