{"metadata":{"asset_id":"0fd012f1-7c7b-4bbf-af0a-6898c63f2d0f","asset_attributes":["hardware_specification"],"name":"qna_environment","asset_type":"hardware_specification","created_at":"2024-09-17T11:57:59Z","description":"","origin_country":"us","owner_id":"IBMid-550003B08R","project_id":"18d733c0-d41f-4ac6-a0fe-9b2b571aa54c","sandbox_id":"18d733c0-d41f-4ac6-a0fe-9b2b571aa54c","size":0,"tags":["dsx"],"usage":{"last_update_time":1726574279429,"last_updated_at":"2024-09-17T11:57:59Z"}},"entity":{"hardware_specification":{"nodes":{"cpu":{"units":"2","model":""},"mem":{"size":"8Gi"}}}}}
