{"metadata":{"asset_id":"dc1f16c9-cac4-4665-999d-dae1215e1bd0","asset_attributes":["job"],"name":"Create and Deploy QnA Python Function job","asset_type":"job","created_at":"2024-09-17T11:58:09Z","description":"Notebook job for the creation and deployment of the QnA python function for RAG.","origin_country":"us","owner_id":"IBMid-550003B08R","project_id":"18d733c0-d41f-4ac6-a0fe-9b2b571aa54c","size":0,"usage":{"last_update_time":1726574289690,"last_updated_at":"2024-09-17T11:58:09Z"}},"entity":{"job":{"asset_ref_type":"notebook","configuration":{"entrypoint":"","env_id":"6ab4e299-5aa1-4587-8763-2ef3a3883512","env_type":"notebook","env_variables":[],"file_ref":"","run_results":"log_and_new_notebook"},"last_run_initiator":"deprecated field","last_run_time":"deprecated field","last_run_status":"deprecated field","last_run_status_timestamp":0,"future_scheduled_runs":[],"enable_notifications":true,"project_name":"IndustryAccelerator-Retrieval-Augmented-Generation_V1.3_WxaaS-GC6","asset_ref":"6bd2ebf2-b51e-4426-8c5a-fcfc1f99cc39","schedule_id":"","schedule_creator_id":""}}}
