{"metadata":{"asset_id":"c42d615e-5233-4b15-9a1d-2a58429ae755","asset_attributes":["job"],"name":" QnA with RAG pipeline Job","asset_type":"job","created_at":"2024-09-17T11:58:08Z","description":"","origin_country":"us","owner_id":"IBMid-550003B08R","project_id":"18d733c0-d41f-4ac6-a0fe-9b2b571aa54c","size":0,"usage":{"last_update_time":1726574288955,"last_updated_at":"2024-09-17T11:58:08Z"}},"entity":{"job":{"asset_ref_type":"orchestration_flow","configuration":{"env_type":"orchestration_flow","env_variables":[]},"last_run_initiator":"deprecated field","last_run_time":"deprecated field","last_run_status":"deprecated field","last_run_status_timestamp":0,"future_scheduled_runs":[],"enable_notifications":true,"project_name":"IndustryAccelerator-Retrieval-Augmented-Generation_V1.3_WxaaS-GC6","asset_ref":"54898790-4fd3-4731-a89e-b66059faac02","schedule_id":"","schedule_creator_id":""}}}
