{"metadata":{"asset_id":"c07eb038-ff19-4dfe-b58a-13b0e005f505","asset_attributes":["job"],"name":"Process and Ingest data into vector DB Job","asset_type":"job","created_at":"2024-09-17T11:58:09Z","description":"Notebook job to process and ingest data into a vector database.","origin_country":"us","owner_id":"IBMid-550003B08R","project_id":"18d733c0-d41f-4ac6-a0fe-9b2b571aa54c","size":0,"usage":{"last_update_time":1726574289741,"last_updated_at":"2024-09-17T11:58:09Z"}},"entity":{"job":{"asset_ref_type":"notebook","configuration":{"entrypoint":"","env_id":"6ab4e299-5aa1-4587-8763-2ef3a3883512","env_type":"notebook","env_variables":["Env_Asset=ibm-docs-SSYOK8.zip"],"file_ref":"","run_results":"log_and_new_notebook"},"last_run_initiator":"deprecated field","last_run_time":"deprecated field","last_run_status":"deprecated field","last_run_status_timestamp":0,"future_scheduled_runs":[],"enable_notifications":true,"project_name":"IndustryAccelerator-Retrieval-Augmented-Generation_V1.3_WxaaS-GC6","asset_ref":"eb9aa2ce-bc58-4f97-b7c6-fb3e832afc70","schedule_id":"","schedule_creator_id":""}}}
