{"metadata":{"asset_id":"6593ed6e-f544-4594-a913-9db68dbe0c90","asset_attributes":["notebook"],"name":"Analyze Log and Feedback notebook","asset_type":"notebook","created_at":"2024-09-17T11:58:01Z","description":"","origin_country":"us","owner_id":"IBMid-550003B08R","project_id":"18d733c0-d41f-4ac6-a0fe-9b2b571aa54c","size":30050,"tags":["notebook"],"usage":{"last_update_time":1726574448477,"last_updated_at":"2024-09-17T12:00:48Z"}},"entity":{"notebook":{"kernel":{"name":"python3","display_name":"Python 3.11","language":"python"},"originates_from":{"type":"file"},"runtime":{"environment":"rt241pys2-18d733c0-d41f-4ac6-a0fe-9b2b571aa54c"}},"location_definition":{"physical_location_code":"FRA","physical_location_code_assigned_by":"iam-ServiceId-9e68bc5f-c5f6-4f6f-8bcf-e57f47b9d1b1","physical_location_code_rds_id":"c57cb90f-2126-3800-9c9f-9eab82021cdf","physical_location_code_rds_version":"00002024-0415-4090-8334-172904000000_4","physical_location_code_assignment_method":"INFERRED","physical_location_code_added_on":"1726574282242"}},"attachments":[{"id":"4b899edf-7e2d-4c1f-b5a0-cb8a59d20009","version":2,"asset_type":"notebook","name":"attachment for notebook 6593ed6e-f544-4594-a913-9db68dbe0c90","description":"attachment for notebook 6593ed6e-f544-4594-a913-9db68dbe0c90","mime":"application/json","datasource_type":"193a97c1-4475-4a19-b90c-295c4fdc6517","object_key":"notebook/Analyze_Log_and_Feedback_xEkHfvn1U.ipynb","creator_id":"IBMid-550003B08R","create_time":1726574282245,"size":30050,"is_remote":false,"is_managed":false,"is_referenced":true,"is_object_key_read_only":false,"is_user_provided_path_key":true,"transfer_complete":true,"is_partitioned":false,"complete_time_ticks":1726574282245,"user_data":{},"test_doc":0,"handle":{"bucket":"industryacceleratorretrievalaugme-donotdelete-pr-hft6cpdefd1sym","location":"eu-de","type":"bluemix_cos","key":"notebook/Analyze_Log_and_Feedback_xEkHfvn1U.ipynb","upload_id":"done","max_part_num":1},"usage":{"access_count":1,"last_accessor_id":"IBMid-550003B08R","last_access_time":1726574446518,"last_updater_id":"IBMid-550003B08R","last_update_time":1726574446518}}]}
