{"metadata":{"asset_id":"6bd2ebf2-b51e-4426-8c5a-fcfc1f99cc39","asset_attributes":["notebook"],"name":"Create and Deploy QnA Python Function","asset_type":"notebook","created_at":"2024-09-17T11:58:01Z","description":"This notebook creates the QnA RAG python function, and deploys the function, along with supporting assets to a deployment space.","origin_country":"us","owner_id":"IBMid-550003B08R","project_id":"18d733c0-d41f-4ac6-a0fe-9b2b571aa54c","size":68604,"tags":["notebook"],"usage":{"last_update_time":1726574284458,"last_updated_at":"2024-09-17T11:58:04Z"}},"entity":{"notebook":{"kernel":{"name":"python3","display_name":"Python 3.11","language":"python"},"originates_from":{"type":"file"},"runtime":{"environment":"rt241pys2-18d733c0-d41f-4ac6-a0fe-9b2b571aa54c"}},"location_definition":{"physical_location_code":"FRA","physical_location_code_assigned_by":"iam-ServiceId-9e68bc5f-c5f6-4f6f-8bcf-e57f47b9d1b1","physical_location_code_rds_id":"c57cb90f-2126-3800-9c9f-9eab82021cdf","physical_location_code_rds_version":"00002024-0415-4090-8334-172904000000_4","physical_location_code_assignment_method":"INFERRED","physical_location_code_added_on":"1726574282362"}},"attachments":[{"id":"f996ad64-e286-4be8-a1fd-ebebcca68856","version":2,"asset_type":"notebook","name":"attachment for notebook 6bd2ebf2-b51e-4426-8c5a-fcfc1f99cc39","description":"attachment for notebook 6bd2ebf2-b51e-4426-8c5a-fcfc1f99cc39","mime":"application/json","datasource_type":"193a97c1-4475-4a19-b90c-295c4fdc6517","object_key":"notebook/Create_and_Deploy_QnA_Python_Function_50MX3jBum.ipynb","creator_id":"IBMid-550003B08R","create_time":1726574282365,"size":68604,"is_remote":false,"is_managed":false,"is_referenced":true,"is_object_key_read_only":false,"is_user_provided_path_key":true,"transfer_complete":true,"is_partitioned":false,"complete_time_ticks":1726574282365,"user_data":{},"test_doc":0,"handle":{"bucket":"industryacceleratorretrievalaugme-donotdelete-pr-hft6cpdefd1sym","location":"eu-de","type":"bluemix_cos","key":"notebook/Create_and_Deploy_QnA_Python_Function_50MX3jBum.ipynb","upload_id":"done","max_part_num":1},"usage":{"access_count":0,"last_accessor_id":"IBMid-550003B08R","last_access_time":1726574282365}}]}
