{"metadata":{"asset_id":"234efd19-43f0-428a-a784-31fd0272bfeb","asset_attributes":["notebook"],"name":"QnA with RAG","asset_type":"notebook","created_at":"2024-09-17T11:58:01Z","description":"This notebook can be used to try out the deployed function by asking some questions, either by executing a notebook, or in a more interactive mode using an ipywidget.","origin_country":"us","owner_id":"IBMid-550003B08R","project_id":"18d733c0-d41f-4ac6-a0fe-9b2b571aa54c","size":10425,"tags":["notebook"],"usage":{"last_update_time":1726574284496,"last_updated_at":"2024-09-17T11:58:04Z"}},"entity":{"notebook":{"kernel":{"name":"python3","display_name":"Python 3.11","language":"python"},"originates_from":{"type":"file"},"runtime":{"environment":"6ab4e299-5aa1-4587-8763-2ef3a3883512"}},"location_definition":{"physical_location_code":"FRA","physical_location_code_assigned_by":"iam-ServiceId-9e68bc5f-c5f6-4f6f-8bcf-e57f47b9d1b1","physical_location_code_rds_id":"c57cb90f-2126-3800-9c9f-9eab82021cdf","physical_location_code_rds_version":"00002024-0415-4090-8334-172904000000_4","physical_location_code_assignment_method":"INFERRED","physical_location_code_added_on":"1726574282303"}},"attachments":[{"id":"9955aefa-205f-4586-bfe9-ee2122ca8cbf","version":2,"asset_type":"notebook","name":"attachment for notebook 234efd19-43f0-428a-a784-31fd0272bfeb","description":"attachment for notebook 234efd19-43f0-428a-a784-31fd0272bfeb","mime":"application/json","datasource_type":"193a97c1-4475-4a19-b90c-295c4fdc6517","object_key":"notebook/Q_A_with_RAG_2Qx7tsfv9.ipynb","creator_id":"IBMid-550003B08R","create_time":1726574282306,"size":10425,"is_remote":false,"is_managed":false,"is_referenced":true,"is_object_key_read_only":false,"is_user_provided_path_key":true,"transfer_complete":true,"is_partitioned":false,"complete_time_ticks":1726574282306,"user_data":{},"test_doc":0,"handle":{"bucket":"industryacceleratorretrievalaugme-donotdelete-pr-hft6cpdefd1sym","location":"eu-de","type":"bluemix_cos","key":"notebook/Q_A_with_RAG_2Qx7tsfv9.ipynb","upload_id":"done","max_part_num":1},"usage":{"access_count":0,"last_accessor_id":"IBMid-550003B08R","last_access_time":1726574282306}}]}
