{"metadata":{"asset_id":"54898790-4fd3-4731-a89e-b66059faac02","name":"QnA with RAG pipeline","description":"","tags":null,"asset_type":"orchestration_flow","origin_country":"us","rov":{"mode":0},"owner_id":"IBMid-550003B08R","created_at":"2024-09-17T11:58:05Z","commit_info":{"previous_revision":1}},"entity":{"location_definition":{"physical_location_code":"FRA","physical_location_code_added_on":"1726574287362","physical_location_code_assigned_by":"iam-ServiceId-feec8cee-167f-4051-8f46-c458b01f7ab7","physical_location_code_assignment_method":"INFERRED","physical_location_code_rds_id":"c57cb90f-2126-3800-9c9f-9eab82021cdf","physical_location_code_rds_version":"00002024-0415-4090-8334-172904000000_4"},"orchestration_flow":{"created_at":1726574285,"default_version":null,"default_version_id":"54898790-4fd3-4731-a89e-b66059faac02-1","deleted_versions":[],"status":"READY","version_code_source_url":"","version_created_at":1726574285,"version_name":"QnA with RAG pipeline","version_parameters":"","version_status":"READY"}},"attachments":[{"object_key":"orchestration_flow/54898790-4fd3-4731-a89e-b66059faac02-1"}],"scope":"cpd.__projects_18d733c0-d41f-4ac6-a0fe-9b2b571aa54c"}
