{"metadata":{"asset_id":"5c82141d-2b04-4d91-b7e8-ec35922a8c47","asset_attributes":["package_extension","location_definition"],"name":"Package Extension","asset_type":"package_extension","created_at":"2024-09-17T11:57:58Z","description":"Package Extensions created by environments-ui","origin_country":"us","owner_id":"IBMid-550003B08R","project_id":"18d733c0-d41f-4ac6-a0fe-9b2b571aa54c","sandbox_id":"18d733c0-d41f-4ac6-a0fe-9b2b571aa54c","size":323,"tags":["dsx"],"usage":{"last_update_time":1726574279169,"last_updated_at":"2024-09-17T11:57:59Z"}},"entity":{"package_extension":{"type":"conda_yml","interpreter":"mamba","object_key":"package_extension/Package_Extension_RQJ1VVL9d.yml"},"location_definition":{"physical_location_code":"FRA","physical_location_code_assigned_by":"IBMid-550003B08R","physical_location_code_rds_id":"c57cb90f-2126-3800-9c9f-9eab82021cdf","physical_location_code_rds_version":"00002024-0415-4090-8334-172904000000_4","physical_location_code_assignment_method":"INFERRED","physical_location_code_added_on":"1725981575595"}},"attachments":[{"id":"3c735f7b-6b60-4580-81ea-d210a81fb30b","version":2,"asset_type":"package_extension","name":"attachment for package extension cf060975-6f36-4839-9d22-1bc6030ecf50","description":"attachment for package extension cf060975-6f36-4839-9d22-1bc6030ecf50","mime":"application/json","datasource_type":"193a97c1-4475-4a19-b90c-295c4fdc6517","object_key":"package_extension/Package_Extension_RQJ1VVL9d.yml","creator_id":"iam-ServiceId-f49c5558-c247-4983-a04f-7d3c7a3d55da","create_time":1726574279082,"size":323,"is_remote":false,"is_managed":false,"is_referenced":true,"is_object_key_read_only":false,"is_user_provided_path_key":true,"transfer_complete":true,"is_partitioned":false,"complete_time_ticks":1726574279082,"user_data":{},"test_doc":0,"handle":{"bucket":"industryacceleratorretrievalaugme-donotdelete-pr-hft6cpdefd1sym","location":"eu-de","type":"bluemix_cos","key":"package_extension/Package_Extension_RQJ1VVL9d.yml","upload_id":"done","max_part_num":1},"usage":{"access_count":0,"last_accessor_id":"iam-ServiceId-f49c5558-c247-4983-a04f-7d3c7a3d55da","last_access_time":1726574279082}}]}
