{"metadata":{"asset_id":"db107ae1-8d6e-486d-b423-3b473b53d47f","asset_attributes":["software_specification"],"name":"qna_environment","asset_type":"software_specification","created_at":"2024-09-17T11:57:59Z","description":"","origin_country":"us","owner_id":"IBMid-550003B08R","project_id":"18d733c0-d41f-4ac6-a0fe-9b2b571aa54c","sandbox_id":"18d733c0-d41f-4ac6-a0fe-9b2b571aa54c","size":0,"tags":["dsx"],"usage":{"last_update_time":1726574279453,"last_updated_at":"2024-09-17T11:57:59Z"}},"entity":{"software_specification":{"type":"derived","display_name":"qna_environment","base_software_specification":{"guid":"45f12dfe-aa78-5b8d-9f38-0ee223c47309","href":"/v2/software_specifications/45f12dfe-aa78-5b8d-9f38-0ee223c47309"},"package_extensions":[{"guid":"5c82141d-2b04-4d91-b7e8-ec35922a8c47","href":"/v2/package_extensions/5c82141d-2b04-4d91-b7e8-ec35922a8c47"}]}}}
