{"metadata":{"name":"RAG template - GRANITE_13B_CHAT_V2","description":"Granite Prompt Template for RAG.","asset_type":"wx_prompt","origin_country":"us"},"entity":{"wx_prompt":{"dataset":false,"mime_type":"application/json","governance_tracked":false},"location_definition":{"physical_location_code":"FRA","physical_location_code_assigned_by":"IBMid-550003B08R","physical_location_code_rds_id":"c57cb90f-2126-3800-9c9f-9eab82021cdf","physical_location_code_rds_version":"00002024-0415-4090-8334-172904000000_4","physical_location_code_assignment_method":"INFERRED","physical_location_code_added_on":"1725981471343"},"modelfacts_system":{"model_information":{},"training_information":{},"project_details":{"environment_type":"development","is_environmenttype_openscale_value":false},"model_identity_information":{"model_identity_key":"f078c501-c48c-4c04-b3a2-66a5224970be"},"deployment_details":[],"modelentry_information":{},"display_usecase_warning":true},"modelfacts_user":{}},"attachments":[{"id":"7f57eb1b-f44b-4fff-90f9-18f41c05d163","version":2,"asset_type":"wx_prompt","name":"RAG template - GRANITE_13B_CHAT_V2","mime":"application/json","datasource_type":"193a97c1-4475-4a19-b90c-295c4fdc6517","object_key":"wx_prompt/RAGtemplate-GRANITE_13B_CHAT_V2__da__cmnv5kip9n.json","creator_id":"iam-ServiceId-f49c5558-c247-4983-a04f-7d3c7a3d55da","create_time":1726574281709,"size":963,"is_remote":false,"is_managed":false,"is_referenced":true,"is_object_key_read_only":false,"is_user_provided_path_key":true,"transfer_complete":true,"is_partitioned":false,"complete_time_ticks":1726574281709,"user_data":{},"test_doc":0,"handle":{"bucket":"industryacceleratorretrievalaugme-donotdelete-pr-hft6cpdefd1sym","location":"eu-de","type":"bluemix_cos","key":"wx_prompt/RAGtemplate-GRANITE_13B_CHAT_V2__da__cmnv5kip9n.json","upload_id":"done","max_part_num":1},"usage":{"access_count":0,"last_accessor_id":"iam-ServiceId-f49c5558-c247-4983-a04f-7d3c7a3d55da","last_access_time":1726574281709}}]}
