{"metadata":{"name":"RAG template - granite_7b_lab","description":"Granite Prompt Template for RAG.","asset_type":"wx_prompt","origin_country":"us"},"entity":{"wx_prompt":{"dataset":false,"mime_type":"application/json","governance_tracked":false},"location_definition":{"physical_location_code":"FRA","physical_location_code_assigned_by":"IBMid-550003B08R","physical_location_code_rds_id":"c57cb90f-2126-3800-9c9f-9eab82021cdf","physical_location_code_rds_version":"00002024-0415-4090-8334-172904000000_4","physical_location_code_assignment_method":"INFERRED","physical_location_code_added_on":"1725981473831"},"modelfacts_system":{"model_information":{},"training_information":{},"project_details":{"environment_type":"development","is_environmenttype_openscale_value":false},"model_identity_information":{"model_identity_key":"6339eb1f-c62a-4266-befd-1a86d5be22a1"},"deployment_details":[],"modelentry_information":{},"display_usecase_warning":true},"modelfacts_user":{}},"attachments":[{"id":"33d1435a-882d-411e-90e0-e4f644e7c9ac","version":2,"asset_type":"wx_prompt","name":"RAG template - granite_7b_lab","mime":"application/json","datasource_type":"193a97c1-4475-4a19-b90c-295c4fdc6517","object_key":"wx_prompt/RAGtemplate-granite_7b_lab__da__oxo8kmt4wt.json","creator_id":"iam-ServiceId-f49c5558-c247-4983-a04f-7d3c7a3d55da","create_time":1726574281509,"size":984,"is_remote":false,"is_managed":false,"is_referenced":true,"is_object_key_read_only":false,"is_user_provided_path_key":true,"transfer_complete":true,"is_partitioned":false,"complete_time_ticks":1726574281509,"user_data":{},"test_doc":0,"handle":{"bucket":"industryacceleratorretrievalaugme-donotdelete-pr-hft6cpdefd1sym","location":"eu-de","type":"bluemix_cos","key":"wx_prompt/RAGtemplate-granite_7b_lab__da__oxo8kmt4wt.json","upload_id":"done","max_part_num":1},"usage":{"access_count":0,"last_accessor_id":"iam-ServiceId-f49c5558-c247-4983-a04f-7d3c7a3d55da","last_access_time":1726574281509}}]}
