{"metadata":{"asset_id":"47323279-bc3f-46f0-bff4-3789b5c4233b","asset_attributes":["notebook"],"name":"Federated Learning XGBoost Demo Part 2 - for Party","asset_type":"notebook","created_at":"2021-10-07T16:59:01Z","description":"","origin_country":"us","owner_id":"IBMid-550003P291","project_id":"77c997a0-d3d5-4dc3-86aa-74bb7a5bbbd0","size":12554,"tags":["notebook"],"usage":{"last_update_time":1633625941782,"last_updated_at":"2021-10-07T16:59:01Z"}},"entity":{"notebook":{"kernel":"","originates_from":{"type":"blank"},"runtime":{"environment":"conda2py38-77c997a0-d3d5-4dc3-86aa-74bb7a5bbbd0"}}},"attachments":[{"id":"97fd3b8c-9d8f-4286-8d00-caa3d5ecb413","version":2,"asset_type":"notebook","name":"attachment for notebook 47323279-bc3f-46f0-bff4-3789b5c4233b","description":"attachment for notebook 47323279-bc3f-46f0-bff4-3789b5c4233b","mime":"application/json","datasource_type":"193a97c1-4475-4a19-b90c-295c4fdc6517","object_key":"notebook/Federated_Learning_XGBoost_Demo_Part_2_-_for_Party_i9YogJxVf.ipynb","creator_id":"IBMid-550003P291","create_time":1633625941782,"size":12554,"is_remote":false,"is_managed":false,"is_referenced":true,"is_object_key_read_only":false,"is_user_provided_path_key":true,"transfer_complete":true,"is_partitioned":false,"complete_time_ticks":1633625941782,"user_data":{},"test_doc":0,"handle":{"bucket":"federatedlearningxgboostdemo-donotdelete-pr-2hrzzrqgdwxltt","location":"us-geo","key":"notebook/Federated_Learning_XGBoost_Demo_Part_2_-_for_Party_i9YogJxVf.ipynb","upload_id":"done","max_part_num":1},"usage":{"access_count":0,"last_accessor_id":"IBMid-550003P291","last_access_time":1633625941782}}]}
