{"metadata":{"asset_id":"a208a87d-3b45-47c3-a8de-e1f0ea320ba8","asset_attributes":["notebook"],"name":"Federated Learning XGBoost Demo Part 2 - for Party","asset_type":"notebook","created_at":"2022-03-24T18:08:24Z","description":"","origin_country":"us","owner_id":"IBMid-550003P291","project_id":"1afb3278-d2ee-4c5d-a40b-cdf287a76ea9","size":11014,"tags":["notebook"],"usage":{"last_update_time":1648145305027,"last_updated_at":"2022-03-24T18:08:25Z"}},"entity":{"notebook":{"kernel":"","originates_from":{"type":"blank"},"runtime":{"environment":"conda2rt221"}},"location_definition":{"physical_location_code":"DAL","physical_location_code_assigned_by":"IBMid-550003P291","physical_location_code_rds_id":"c57cb90f-2126-3800-9c9f-9eab82021cdf","physical_location_code_rds_version":"test_version_noop","physical_location_code_assignment_method":"INFERRED","physical_location_code_added_on":"1647660371491"}},"attachments":[{"id":"e5577559-87a4-4227-b609-683847281521","version":2,"asset_type":"notebook","name":"attachment for notebook a208a87d-3b45-47c3-a8de-e1f0ea320ba8","description":"attachment for notebook a208a87d-3b45-47c3-a8de-e1f0ea320ba8","mime":"application/json","datasource_type":"193a97c1-4475-4a19-b90c-295c4fdc6517","object_key":"notebook/Federated_Learning_XGBoost_Demo_Part_2_-_for_Party_NuqyUqQ1v.ipynb","creator_id":"IBMid-550003P291","create_time":1648145305026,"size":11014,"is_remote":false,"is_managed":false,"is_referenced":true,"is_object_key_read_only":false,"is_user_provided_path_key":true,"transfer_complete":true,"is_partitioned":false,"complete_time_ticks":1648145305026,"user_data":{},"test_doc":0,"handle":{"bucket":"federatedlearningxgboostupdate-donotdelete-pr-wpqhm0wuzghsel","location":"us-geo","key":"notebook/Federated_Learning_XGBoost_Demo_Part_2_-_for_Party_NuqyUqQ1v.ipynb","upload_id":"done","max_part_num":1},"usage":{"access_count":0,"last_accessor_id":"IBMid-550003P291","last_access_time":1648145305026}}]}
