{"metadata":{"asset_id":"3c4ec65d-6a71-441b-a3d5-56c494efc87c","asset_attributes":["notebook"],"name":"Federated Learning XGBoost Demo Part 1 - for Admin","asset_type":"notebook","created_at":"2021-10-07T16:57:17Z","description":"","origin_country":"us","owner_id":"IBMid-550003P291","project_id":"77c997a0-d3d5-4dc3-86aa-74bb7a5bbbd0","size":13443,"tags":["notebook"],"usage":{"last_update_time":1633625838606,"last_updated_at":"2021-10-07T16:57:18Z"}},"entity":{"notebook":{"kernel":"","originates_from":{"type":"blank"},"runtime":{"environment":"conda2py38-77c997a0-d3d5-4dc3-86aa-74bb7a5bbbd0"}}},"attachments":[{"id":"d809fa50-8802-4683-b3ab-3c9d543a2a90","version":2,"asset_type":"notebook","name":"attachment for notebook 3c4ec65d-6a71-441b-a3d5-56c494efc87c","description":"attachment for notebook 3c4ec65d-6a71-441b-a3d5-56c494efc87c","mime":"application/json","datasource_type":"193a97c1-4475-4a19-b90c-295c4fdc6517","object_key":"notebook/Federated_Learning_XGBoost_Demo_Part_1_-_for_Admin_AhAy7s3oZ.ipynb","creator_id":"IBMid-550003P291","create_time":1633625838605,"size":13443,"is_remote":false,"is_managed":false,"is_referenced":true,"is_object_key_read_only":false,"is_user_provided_path_key":true,"transfer_complete":true,"is_partitioned":false,"complete_time_ticks":1633625838605,"user_data":{},"test_doc":0,"handle":{"bucket":"federatedlearningxgboostdemo-donotdelete-pr-2hrzzrqgdwxltt","location":"us-geo","key":"notebook/Federated_Learning_XGBoost_Demo_Part_1_-_for_Admin_AhAy7s3oZ.ipynb","upload_id":"done","max_part_num":1},"usage":{"access_count":0,"last_accessor_id":"IBMid-550003P291","last_access_time":1633625838605}}]}
