{"metadata":{"asset_id":"3223dcae-b070-4a05-bb2b-9f15673ceae1","asset_attributes":["data_asset","directory_asset","location_definition"],"name":"wca_rag_lib-0.0.0.tar.gz","asset_type":"data_asset","created_at":"2025-07-22T05:16:27Z","origin_country":"us","owner_id":"IBMid-6A30005P8Q","project_id":"7f8aaada-24cf-4526-b122-6f4b0df585c6","size":35243,"usage":{"last_update_time":1753161387202,"last_updated_at":"2025-07-22T05:16:27Z"}},"entity":{"data_asset":{"mime_type":"application/x-gzip","dataset":false},"directory_asset":{"path":""},"location_definition":{"physical_location_code_assignment_method":"INFERRED","physical_location_code":"DAL","physical_location_code_assigned_by":"IBMid-6A30005P8Q","physical_location_code_added_on":"1753161302921","physical_location_code_rds_version":"00002023-0913-4224-8722-239616000000_4","physical_location_code_rds_id":"c57cb90f-2126-3800-9c9f-9eab82021cdf"}},"attachments":[{"id":"518f2d9d-82ad-43d8-905e-67143b6f0027","version":2,"asset_type":"data_asset","name":"wca_rag_lib-0.0.0.tar.gz","mime":"application/x-gzip","datasource_type":"193a97c1-4475-4a19-b90c-295c4fdc6517","object_key":"wca_rag_lib-0.0.0.tar.gz","creator_id":"IBMid-6A30005P8Q","create_time":1753161387343,"size":35243,"is_remote":false,"is_managed":false,"is_referenced":true,"is_object_key_read_only":true,"is_user_provided_path_key":true,"transfer_complete":true,"is_partitioned":false,"complete_time_ticks":1753161387343,"user_data":{},"test_doc":0,"handle":{"bucket":"copyright-donotdelete-pr-hpkda3f3bo1fxe","location":"us-south","type":"bluemix_cos","key":"wca_rag_lib-0.0.0.tar.gz","upload_id":"done","max_part_num":1},"usage":{"access_count":0,"last_accessor_id":"IBMid-6A30005P8Q","last_access_time":1753161387343}}]}
