{"metadata":{"asset_id":"62c0717b-55ee-4c41-9524-39ea3c13469f","asset_attributes":["notebook","location_definition"],"name":"Populate vector store","asset_type":"notebook","created_at":"2025-07-22T05:16:06Z","description":"","origin_country":"us","owner_id":"IBMid-6A30005P8Q","project_id":"7f8aaada-24cf-4526-b122-6f4b0df585c6","size":49958,"tags":["notebook"],"usage":{"last_update_time":1753161366898,"last_updated_at":"2025-07-22T05:16:06Z"}},"entity":{"notebook":{"kernel":"","originates_from":{"type":"file"},"runtime":{"environment":"rt241pys1-7f8aaada-24cf-4526-b122-6f4b0df585c6"}},"location_definition":{"physical_location_code":"DAL","physical_location_code_assigned_by":"IBMid-6A30005P8Q","physical_location_code_rds_id":"c57cb90f-2126-3800-9c9f-9eab82021cdf","physical_location_code_rds_version":"00002023-0913-4224-8722-239616000000_4","physical_location_code_assignment_method":"INFERRED","physical_location_code_added_on":"1753161302921"}},"attachments":[{"id":"a25e73c6-596f-4def-ac99-844a1d1ac4a1","version":2,"asset_type":"notebook","name":"attachment for notebook 62c0717b-55ee-4c41-9524-39ea3c13469f","description":"attachment for notebook 62c0717b-55ee-4c41-9524-39ea3c13469f","mime":"application/json","datasource_type":"193a97c1-4475-4a19-b90c-295c4fdc6517","object_key":"notebook/Populate_vector_store_SK-PoTikx.ipynb","creator_id":"IBMid-6A30005P8Q","create_time":1753161366897,"size":49958,"is_remote":false,"is_managed":false,"is_referenced":true,"is_object_key_read_only":false,"is_user_provided_path_key":true,"transfer_complete":true,"is_partitioned":false,"complete_time_ticks":1753161366897,"user_data":{},"test_doc":0,"handle":{"bucket":"copyright-donotdelete-pr-hpkda3f3bo1fxe","location":"us-south","type":"bluemix_cos","key":"notebook/Populate_vector_store_SK-PoTikx.ipynb","upload_id":"done","max_part_num":1},"usage":{"access_count":0,"last_accessor_id":"IBMid-6A30005P8Q","last_access_time":1753161366897}}]}
