{"metadata":{"asset_id":"d1de6a9c-3815-4e16-a3f4-c94f4f2a25fe","asset_attributes":["data_asset"],"name":"Remote Sensing Output.csv","asset_type":"data_asset","created_at":"2021-09-30T08:02:09Z","description":"","origin_country":"us","owner_id":"IBMid-550003B08R","project_id":"737e93fc-f6a2-4e0e-919b-16c061b29db7","size":859337,"tags":[],"usage":{"last_update_time":1633016091096,"last_updated_at":"2021-09-30T15:34:51Z"}},"entity":{"data_asset":{"mime_type":"text/csv","dataset":false}},"attachments":[{"id":"1d8ff079-21a0-48da-afb4-8f2a9c3667d9","version":2,"asset_type":"data_asset","name":"Remote Sensing Output.csv","mime":"text/csv","datasource_type":"193a97c1-4475-4a19-b90c-295c4fdc6517","object_key":"Remote Sensing Output.csv","creator_id":"iam-ServiceId-f49c5558-c247-4983-a04f-7d3c7a3d55da","create_time":1632988931336,"size":859337,"is_remote":false,"is_managed":false,"is_referenced":true,"is_object_key_read_only":false,"is_user_provided_path_key":true,"transfer_complete":true,"is_partitioned":false,"complete_time_ticks":1632988931336,"user_data":{},"test_doc":0,"handle":{"bucket":"insurancelossestimationusingremot-donotdelete-pr-espogxoxtu9veg","location":"us-geo","key":"Remote Sensing Output.csv","upload_id":"done","max_part_num":1},"usage":{"access_count":1,"last_accessor_id":"f396d599-99e2-41d8-9872-884288bea429","last_access_time":1633016091095,"last_updater_id":"f396d599-99e2-41d8-9872-884288bea429","last_update_time":1633016091095}}]}
