{"metadata":{"asset_id":"26fb7dda-01f5-40fb-b32e-ff0d01a3f926","asset_attributes":["data_asset"],"name":"insurance-loss-estimation-using-remote-sensing-analytics-dashboard.zip","asset_type":"data_asset","created_at":"2021-10-05T07:46:44Z","description":"","origin_country":"us","owner_id":"IBMid-550003B08R","project_id":"737e93fc-f6a2-4e0e-919b-16c061b29db7","size":4629276,"tags":[],"usage":{"last_update_time":1633420007538,"last_updated_at":"2021-10-05T07:46:47Z"}},"entity":{"data_asset":{"mime_type":"application/zip","dataset":false}},"attachments":[{"id":"5125e0cf-eb43-469c-a3e0-67bcb1ec3ce3","version":2,"asset_type":"data_asset","name":"insurance-loss-estimation-using-remote-sensing-analytics-dashboard.zip","mime":"application/zip","datasource_type":"193a97c1-4475-4a19-b90c-295c4fdc6517","object_key":"insurance-loss-estimation-using-remote-sensing-analytics-dashboard.zip","creator_id":"IBMid-550003B08R","create_time":1633420007536,"size":4629276,"is_remote":false,"is_managed":false,"is_referenced":true,"is_object_key_read_only":true,"is_user_provided_path_key":true,"transfer_complete":true,"is_partitioned":false,"complete_time_ticks":1633420007536,"user_data":{},"test_doc":0,"handle":{"bucket":"insurancelossestimationusingremot-donotdelete-pr-espogxoxtu9veg","location":"us-geo","key":"insurance-loss-estimation-using-remote-sensing-analytics-dashboard.zip","upload_id":"done","max_part_num":1},"usage":{"access_count":0,"last_accessor_id":"IBMid-550003B08R","last_access_time":1633420007536}}]}
