{"metadata":{"asset_id":"fb2f9899-e02f-4a03-a4e1-4f1c31f4d061","asset_attributes":["data_asset"],"name":"insurance-loss-estimation-using-remote-sensing-data-glossary-terms.csv","asset_type":"data_asset","created_at":"2021-10-05T07:15:17Z","description":"","origin_country":"us","owner_id":"IBMid-550003B08R","project_id":"737e93fc-f6a2-4e0e-919b-16c061b29db7","size":28749,"tags":[],"usage":{"last_update_time":1633418119592,"last_updated_at":"2021-10-05T07:15:19Z"}},"entity":{"data_asset":{"mime_type":"text/csv","dataset":false}},"attachments":[{"id":"2b32fbb1-ec53-445c-81f0-f573b436d4d5","version":2,"asset_type":"data_asset","name":"insurance-loss-estimation-using-remote-sensing-data-glossary-terms.csv","mime":"text/csv","datasource_type":"193a97c1-4475-4a19-b90c-295c4fdc6517","object_key":"insurance-loss-estimation-using-remote-sensing-data-glossary-terms.csv","creator_id":"IBMid-550003B08R","create_time":1633418119592,"size":28749,"is_remote":false,"is_managed":false,"is_referenced":true,"is_object_key_read_only":true,"is_user_provided_path_key":true,"transfer_complete":true,"is_partitioned":false,"complete_time_ticks":1633418119592,"user_data":{},"test_doc":0,"handle":{"bucket":"insurancelossestimationusingremot-donotdelete-pr-espogxoxtu9veg","location":"us-geo","key":"insurance-loss-estimation-using-remote-sensing-data-glossary-terms.csv","upload_id":"done","max_part_num":1},"usage":{"access_count":0,"last_accessor_id":"IBMid-550003B08R","last_access_time":1633418119592}}]}
