{"metadata":{"asset_id":"95445ef0-f23f-40d0-b258-13ee25f4032a","asset_attributes":["data_asset","data_profile_uda"],"name":"Readme - Insurance Loss Estimation using Remote Sensing Industry Accelerator.pdf","asset_type":"data_asset","created_at":"2021-09-30T08:02:09Z","description":"","origin_country":"us","owner_id":"IBMid-550003B08R","project_id":"737e93fc-f6a2-4e0e-919b-16c061b29db7","size":100787,"tags":[],"usage":{"last_update_time":1633622776650,"last_updated_at":"2021-10-07T16:06:16Z"}},"entity":{"data_asset":{"mime_type":"application/pdf","dataset":false},"data_profile_uda":{"status":"completed"}},"attachments":[{"id":"0ca94d75-672f-4190-885e-2cb692c6e075","version":2,"asset_type":"data_asset","name":"Readme - Insurance Loss Estimation using Remote Sensing Industry Accelerator.pdf","mime":"application/pdf","datasource_type":"193a97c1-4475-4a19-b90c-295c4fdc6517","object_key":"Readme - Insurance Loss Estimation using Remote Sensing Industry Accelerator.pdf","creator_id":"iam-ServiceId-f49c5558-c247-4983-a04f-7d3c7a3d55da","create_time":1632988930220,"size":97811,"is_remote":false,"is_managed":false,"is_referenced":true,"is_object_key_read_only":false,"is_user_provided_path_key":true,"transfer_complete":true,"is_partitioned":false,"complete_time_ticks":1632988930220,"user_data":{},"test_doc":0,"handle":{"bucket":"insurancelossestimationusingremot-donotdelete-pr-espogxoxtu9veg","location":"us-geo","key":"Readme - Insurance Loss Estimation using Remote Sensing Industry Accelerator.pdf","upload_id":"done","max_part_num":1},"usage":{"access_count":2,"last_accessor_id":"IBMid-550003B08R","last_access_time":1633622776648,"last_updater_id":"IBMid-550003B08R","last_update_time":1633622776648}},{"id":"aa8fa16a-1630-44fc-8691-af0316212f61","version":2,"asset_type":"data_profile_uda","name":"uda_95445ef0-f23f-40d0-b258-13ee25f4032a.json","mime":"application/json","datasource_type":"193a97c1-4475-4a19-b90c-295c4fdc6517","object_key":"data_profile_uda/2021-09-30-08_02_48-uda_95445ef0-f23f-40d0-b258-13ee25f4032a.json","creator_id":"iam-ServiceId-5d9bb1d6-b10e-410d-a535-ad6b78e9773b","create_time":1632988969600,"size":1488,"is_remote":false,"is_managed":false,"is_referenced":true,"is_object_key_read_only":false,"is_user_provided_path_key":true,"transfer_complete":true,"is_partitioned":false,"complete_time_ticks":1632988969600,"user_data":{},"test_doc":0,"handle":{"bucket":"insurancelossestimationusingremot-donotdelete-pr-espogxoxtu9veg","location":"us-geo","key":"data_profile_uda/2021-09-30-08_02_48-uda_95445ef0-f23f-40d0-b258-13ee25f4032a.json","upload_id":"done","max_part_num":1},"usage":{"access_count":0,"last_accessor_id":"iam-ServiceId-5d9bb1d6-b10e-410d-a535-ad6b78e9773b","last_access_time":1632988969600}},{"id":"b8963d57-2837-4291-8a32-50e840331633","version":2,"asset_type":"data_profile_uda","name":"uda_95445ef0-f23f-40d0-b258-13ee25f4032a.json","mime":"application/json","datasource_type":"193a97c1-4475-4a19-b90c-295c4fdc6517","object_key":"data_profile_uda/2021-09-30-08_03_02-uda_95445ef0-f23f-40d0-b258-13ee25f4032a.json","creator_id":"iam-ServiceId-5d9bb1d6-b10e-410d-a535-ad6b78e9773b","create_time":1632988982770,"size":1488,"is_remote":false,"is_managed":false,"is_referenced":true,"is_object_key_read_only":false,"is_user_provided_path_key":true,"transfer_complete":true,"is_partitioned":false,"complete_time_ticks":1632988982770,"user_data":{},"test_doc":0,"handle":{"bucket":"insurancelossestimationusingremot-donotdelete-pr-espogxoxtu9veg","location":"us-geo","key":"data_profile_uda/2021-09-30-08_03_02-uda_95445ef0-f23f-40d0-b258-13ee25f4032a.json","upload_id":"done","max_part_num":1},"usage":{"access_count":0,"last_accessor_id":"iam-ServiceId-5d9bb1d6-b10e-410d-a535-ad6b78e9773b","last_access_time":1632988982770}}]}
