{"metadata":{"asset_id":"25ef2f32-b48b-494f-948e-58ac2b282c8a","asset_attributes":["data_asset"],"name":"insurance-loss-estimation-using-remote-sensing-data-glossary-categories.csv","asset_type":"data_asset","created_at":"2021-10-05T07:26:00Z","description":"","origin_country":"us","owner_id":"IBMid-550003B08R","project_id":"737e93fc-f6a2-4e0e-919b-16c061b29db7","size":615,"tags":[],"usage":{"last_update_time":1633418761748,"last_updated_at":"2021-10-05T07:26:01Z"}},"entity":{"data_asset":{"mime_type":"text/csv","dataset":false}},"attachments":[{"id":"0d9737ae-19ab-46c8-9fab-c6ddd65062b5","version":2,"asset_type":"data_asset","name":"insurance-loss-estimation-using-remote-sensing-data-glossary-categories.csv","mime":"text/csv","datasource_type":"193a97c1-4475-4a19-b90c-295c4fdc6517","object_key":"insurance-loss-estimation-using-remote-sensing-data-glossary-categories.csv","creator_id":"IBMid-550003B08R","create_time":1633418761747,"size":615,"is_remote":false,"is_managed":false,"is_referenced":true,"is_object_key_read_only":true,"is_user_provided_path_key":true,"transfer_complete":true,"is_partitioned":false,"complete_time_ticks":1633418761747,"user_data":{},"test_doc":0,"handle":{"bucket":"insurancelossestimationusingremot-donotdelete-pr-espogxoxtu9veg","location":"us-geo","key":"insurance-loss-estimation-using-remote-sensing-data-glossary-categories.csv","upload_id":"done","max_part_num":1},"usage":{"access_count":0,"last_accessor_id":"IBMid-550003B08R","last_access_time":1633418761747}}]}
