{"metadata":{"asset_id":"f187d6ab-8c74-4505-8c7e-4342889c7ed6","asset_attributes":["data_asset"],"name":"b08_before.tif","asset_type":"data_asset","created_at":"2021-09-30T08:02:09Z","description":"","origin_country":"us","owner_id":"IBMid-550003B08R","project_id":"737e93fc-f6a2-4e0e-919b-16c061b29db7","size":809411,"tags":[],"usage":{"last_update_time":1632988930266,"last_updated_at":"2021-09-30T08:02:10Z"}},"entity":{"data_asset":{"mime_type":"image/x-tiff","dataset":false}},"attachments":[{"id":"63b31098-b0a6-457b-9563-dad1d364c006","version":2,"asset_type":"data_asset","name":"b08_before.tif","mime":"image/x-tiff","datasource_type":"193a97c1-4475-4a19-b90c-295c4fdc6517","object_key":"b08_before.tif","creator_id":"iam-ServiceId-f49c5558-c247-4983-a04f-7d3c7a3d55da","create_time":1632988930119,"size":809411,"is_remote":false,"is_managed":false,"is_referenced":true,"is_object_key_read_only":false,"is_user_provided_path_key":true,"transfer_complete":true,"is_partitioned":false,"complete_time_ticks":1632988930119,"user_data":{},"test_doc":0,"handle":{"bucket":"insurancelossestimationusingremot-donotdelete-pr-espogxoxtu9veg","location":"us-geo","key":"b08_before.tif","upload_id":"done","max_part_num":1},"usage":{"access_count":0,"last_accessor_id":"iam-ServiceId-f49c5558-c247-4983-a04f-7d3c7a3d55da","last_access_time":1632988930119}}]}
