{"metadata":{"asset_id":"b893eecf-c694-40f8-bd0e-7f822bc8dc50","asset_attributes":["notebook"],"name":"2-model-training-and-deployment","asset_type":"notebook","created_at":"2021-09-30T08:02:11Z","description":"","origin_country":"us","owner_id":"iam-ServiceId-9e68bc5f-c5f6-4f6f-8bcf-e57f47b9d1b1","project_id":"737e93fc-f6a2-4e0e-919b-16c061b29db7","size":935763,"tags":["notebook"],"usage":{"last_update_time":1633616035981,"last_updated_at":"2021-10-07T14:13:55Z"}},"entity":{"notebook":{"kernel":{"name":"python3","display_name":"Python 3.8","language":"python"},"originates_from":{"type":"file"},"runtime":{"environment":"conda2py38-737e93fc-f6a2-4e0e-919b-16c061b29db7"}}},"attachments":[{"id":"0d61d3c4-c897-40ec-ad8e-00a01598fa4c","version":2,"asset_type":"notebook","name":"attachment for notebook b893eecf-c694-40f8-bd0e-7f822bc8dc50","description":"attachment for notebook b893eecf-c694-40f8-bd0e-7f822bc8dc50","mime":"application/json","datasource_type":"193a97c1-4475-4a19-b90c-295c4fdc6517","object_key":"notebook/2_-_Model_Training_and_Deployment_gepjKkhnk.ipynb","creator_id":"IBMid-550003B08R","create_time":1632988932173,"size":935763,"is_remote":false,"is_managed":false,"is_referenced":true,"is_object_key_read_only":false,"is_user_provided_path_key":true,"transfer_complete":true,"is_partitioned":false,"complete_time_ticks":1632988932173,"user_data":{},"test_doc":0,"handle":{"bucket":"insurancelossestimationusingremot-donotdelete-pr-espogxoxtu9veg","location":"us-geo","key":"notebook/2_-_Model_Training_and_Deployment_gepjKkhnk.ipynb","upload_id":"done","max_part_num":1},"usage":{"access_count":0,"last_accessor_id":"IBMid-550003B08R","last_access_time":1632988932173}}]}
