{"metadata":{"asset_id":"9678cc21-5694-4b4b-9421-2305d832fc4d","asset_attributes":["notebook"],"name":"import-wkc-glossary","asset_type":"notebook","created_at":"2021-10-05T07:20:36Z","description":"","origin_country":"us","owner_id":"IBMid-550003B08R","project_id":"737e93fc-f6a2-4e0e-919b-16c061b29db7","size":42324,"tags":["notebook"],"usage":{"last_update_time":1633615919570,"last_updated_at":"2021-10-07T14:11:59Z"}},"entity":{"notebook":{"kernel":{"name":"python3","display_name":"Python 3.8","language":"python"},"originates_from":{"type":"blank"},"runtime":{"environment":"conda2py38-737e93fc-f6a2-4e0e-919b-16c061b29db7"}}},"attachments":[{"id":"0025423c-9844-4645-a7c3-5a021c45f1ad","version":2,"asset_type":"notebook","name":"attachment for notebook 9678cc21-5694-4b4b-9421-2305d832fc4d","description":"attachment for notebook 9678cc21-5694-4b4b-9421-2305d832fc4d","mime":"application/json","datasource_type":"193a97c1-4475-4a19-b90c-295c4fdc6517","object_key":"notebook/import-wkc-glossary_uZj3qlyh8.ipynb","creator_id":"IBMid-550003B08R","create_time":1633418437040,"size":42324,"is_remote":false,"is_managed":false,"is_referenced":true,"is_object_key_read_only":false,"is_user_provided_path_key":true,"transfer_complete":true,"is_partitioned":false,"complete_time_ticks":1633418437040,"user_data":{},"test_doc":0,"handle":{"bucket":"insurancelossestimationusingremot-donotdelete-pr-espogxoxtu9veg","location":"us-geo","key":"notebook/import-wkc-glossary_uZj3qlyh8.ipynb","upload_id":"done","max_part_num":1},"usage":{"access_count":0,"last_accessor_id":"IBMid-550003B08R","last_access_time":1633418437040}}]}
