{"metadata":{"asset_id":"26ad7046-4433-4b3c-a8f9-044b623f175d","asset_attributes":["notebook"],"name":"1-impact-region-analysis-with-remote-sensing","asset_type":"notebook","created_at":"2021-09-30T08:02:11Z","description":"","origin_country":"us","owner_id":"iam-ServiceId-9e68bc5f-c5f6-4f6f-8bcf-e57f47b9d1b1","project_id":"737e93fc-f6a2-4e0e-919b-16c061b29db7","size":271056,"tags":["notebook"],"usage":{"last_update_time":1633417983526,"last_updated_at":"2021-10-05T07:13:03Z"}},"entity":{"notebook":{"kernel":{"name":"python37","display_name":"Python 3.7 with Spark","language":"python3"},"originates_from":{"type":"file"},"runtime":{"environment":"spark30py37-737e93fc-f6a2-4e0e-919b-16c061b29db7"}}},"attachments":[{"id":"7535fbe3-633d-45d2-abd6-56d23ddaab13","version":2,"asset_type":"notebook","name":"attachment for notebook 26ad7046-4433-4b3c-a8f9-044b623f175d","description":"attachment for notebook 26ad7046-4433-4b3c-a8f9-044b623f175d","mime":"application/json","datasource_type":"193a97c1-4475-4a19-b90c-295c4fdc6517","object_key":"notebook/1_-_Impact_Region_Analysis_with_Remote_Sensing_PtbMwGgKw.ipynb","creator_id":"IBMid-550003B08R","create_time":1632988931996,"size":271056,"is_remote":false,"is_managed":false,"is_referenced":true,"is_object_key_read_only":false,"is_user_provided_path_key":true,"transfer_complete":true,"is_partitioned":false,"complete_time_ticks":1632988931996,"user_data":{},"test_doc":0,"handle":{"bucket":"insurancelossestimationusingremot-donotdelete-pr-espogxoxtu9veg","location":"us-geo","key":"notebook/1_-_Impact_Region_Analysis_with_Remote_Sensing_PtbMwGgKw.ipynb","upload_id":"done","max_part_num":1},"usage":{"access_count":0,"last_accessor_id":"IBMid-550003B08R","last_access_time":1632988931996}}]}
