{"metadata":{"asset_id":"87fac875-663a-48d3-afaf-2b12aa21840c","asset_attributes":["data_asset"],"name":"jfk_weather_cleaned.csv","asset_type":"data_asset","created_at":"2019-12-27T20:44:15Z","description":"","origin_country":"us","owner_id":"3bc31157-6f5e-42a4-a071-a7b8d3c429f9","project_id":"5518b3ea-2e58-484b-a20f-987a1973dda0","size":6017686,"tags":[],"usage":{"last_update_time":1607529729454,"last_updated_at":"2020-12-09T16:02:09Z"}},"entity":{"data_asset":{"mime_type":"text/csv","dataset":false}},"attachments":[{"id":"773a5fa5-048f-41e8-85b4-c78b426f9932","version":2,"asset_type":"data_asset","name":"jfk_weather_cleaned.csv","mime":"text/csv","object_key":"jfk_weather_cleaned.csv","create_time":1577479455811,"size":6017686,"is_remote":false,"is_managed":false,"is_referenced":true,"is_object_key_read_only":true,"is_user_provided_path_key":true,"transfer_complete":true,"is_partitioned":false,"complete_time_ticks":1577479455811,"user_data":{},"test_doc":0,"handle":{"bucket":"daxproject-donotdelete-pr-z6amjhch1g940z","location":"us-geo","key":"jfk_weather_cleaned.csv","upload_id":"done","max_part_num":1},"usage":{"access_count":1,"last_accessor_id":"3bc31157-6f5e-42a4-a071-a7b8d3c429f9","last_access_time":1607529729453,"last_updater_id":"3bc31157-6f5e-42a4-a071-a7b8d3c429f9","last_update_time":1607529729453}}]}
