{"metadata":{"asset_id":"3d313d91-9a41-45de-8667-10eec5dadbd2","asset_attributes":["data_asset"],"name":"jfk_weather.csv","asset_type":"data_asset","created_at":"2019-12-19T21:50:02Z","description":"","origin_country":"us","owner_id":"IBMid-550003P291","project_id":"5518b3ea-2e58-484b-a20f-987a1973dda0","size":29961606,"tags":[],"usage":{"last_update_time":1576792203002,"last_updated_at":"2019-12-19T21:50:03Z"}},"entity":{"data_asset":{"mime_type":"text/csv","dataset":false}},"attachments":[{"id":"4d71240a-aa2b-4be5-a93c-cfbe84a8884a","version":2,"asset_type":"data_asset","name":"jfk_weather.csv","mime":"text/csv","object_key":"jfk_weather.csv","create_time":1576792203002,"size":29961606,"is_remote":false,"is_managed":false,"is_referenced":true,"is_object_key_read_only":true,"is_user_provided_path_key":true,"transfer_complete":true,"is_partitioned":false,"complete_time_ticks":1576792203002,"user_data":{},"test_doc":0,"handle":{"bucket":"daxproject-donotdelete-pr-z6amjhch1g940z","location":"us-geo","key":"jfk_weather.csv","upload_id":"done","max_part_num":1},"usage":{"access_count":0,"last_accessor_id":"IBMid-550003P291","last_access_time":1576792203002}}]}
