{"metadata":{"asset_id":"b3a78904-6bd9-4bbf-86fe-0b5a9098e6e6","asset_attributes":["notebook"],"name":"Part 3 - Time Series Forecasting","asset_type":"notebook","created_at":"2020-02-25T21:26:45Z","description":"","origin_country":"us","owner_id":"IBMid-550003P291","project_id":"5518b3ea-2e58-484b-a20f-987a1973dda0","size":30215,"tags":["notebook"],"usage":{"last_update_time":1607530255712,"last_updated_at":"2020-12-09T16:10:55Z"}},"entity":{"notebook":{"kernel":{"name":"python3","display_name":"Python 3.7","language":"python"},"originates_from":{"url":"https://raw.github.ibm.com/CODAIT/watson-studio-gallery-dax-weather-project/master/notebooks/Part%203%20-%20Time%20Series%20Forecasting.ipynb?token=AAF7fgqqT5yFPrGaXAvmFwq8JuXv8Sepks5eXsqRwA%3D%3D","type":"url"},"runtime":{"environment":"conda2py37-5518b3ea-2e58-484b-a20f-987a1973dda0"}}},"attachments":[{"id":"fd4807f5-aa5c-4093-816b-4fa5a6283eff","version":2,"asset_type":"notebook","name":"attachment for notebook b3a78904-6bd9-4bbf-86fe-0b5a9098e6e6","description":"attachment for notebook b3a78904-6bd9-4bbf-86fe-0b5a9098e6e6","mime":"application/json","object_key":"notebook/Part_3_-_Time_Series_Forecasting_tKFIqkPqy.ipynb","create_time":1582666006518,"size":30215,"is_remote":false,"is_managed":false,"is_referenced":true,"is_object_key_read_only":false,"is_user_provided_path_key":true,"transfer_complete":true,"is_partitioned":false,"complete_time_ticks":1582666006518,"user_data":{},"test_doc":0,"handle":{"bucket":"daxproject-donotdelete-pr-z6amjhch1g940z","location":"us-geo","key":"notebook/Part_3_-_Time_Series_Forecasting_tKFIqkPqy.ipynb","upload_id":"done","max_part_num":1},"usage":{"access_count":0,"last_accessor_id":"IBMid-550003P291","last_access_time":1582666006518}}]}
