{"metadata":{"asset_id":"e693ffce-c2db-47f7-a7c6-101bbf93f251","asset_attributes":["notebook"],"name":"Part 2 - Data Analysis","asset_type":"notebook","created_at":"2020-01-14T18:11:38Z","description":"","origin_country":"us","owner_id":"IBMid-550003P291","project_id":"5518b3ea-2e58-484b-a20f-987a1973dda0","size":1236332,"tags":["notebook"],"usage":{"last_update_time":1607530248784,"last_updated_at":"2020-12-09T16:10:48Z"}},"entity":{"notebook":{"kernel":{"name":"python3","display_name":"Python 3.7","language":"python"},"originates_from":{"type":"file"},"runtime":{"environment":"conda2py37-5518b3ea-2e58-484b-a20f-987a1973dda0"}}},"attachments":[{"id":"81a3ec20-0dbf-4cf8-9f51-f5cff1bdfbcc","version":2,"asset_type":"notebook","name":"attachment for notebook e693ffce-c2db-47f7-a7c6-101bbf93f251","description":"attachment for notebook e693ffce-c2db-47f7-a7c6-101bbf93f251","mime":"application/json","object_key":"notebook/Part_2_-_Data_Analysis_wKXWkDSTR.ipynb","create_time":1579025499358,"size":1236332,"is_remote":false,"is_managed":false,"is_referenced":true,"is_object_key_read_only":false,"is_user_provided_path_key":true,"transfer_complete":true,"is_partitioned":false,"complete_time_ticks":1579025499358,"user_data":{},"test_doc":0,"handle":{"bucket":"daxproject-donotdelete-pr-z6amjhch1g940z","location":"us-geo","key":"notebook/Part_2_-_Data_Analysis_wKXWkDSTR.ipynb","upload_id":"done","max_part_num":1},"usage":{"access_count":0,"last_accessor_id":"IBMid-550003P291","last_access_time":1579025499358}}]}
