{"metadata":{"asset_id":"c886abe8-b34c-47b9-9a21-50ef4aa5b1fb","asset_attributes":["notebook"],"name":"Part 1 - Data Cleaning","asset_type":"notebook","created_at":"2020-01-14T18:11:02Z","description":"","origin_country":"us","owner_id":"IBMid-550003P291","project_id":"5518b3ea-2e58-484b-a20f-987a1973dda0","size":77225,"tags":["notebook"],"usage":{"last_update_time":1607530228402,"last_updated_at":"2020-12-09T16:10:28Z"}},"entity":{"notebook":{"kernel":{"name":"python3","display_name":"Python 3.7","language":"python"},"originates_from":{"type":"file"},"runtime":{"environment":"conda2py37-5518b3ea-2e58-484b-a20f-987a1973dda0"}}},"attachments":[{"id":"6d0ecead-6be5-45f0-b7c1-5f0fbb02d9b7","version":2,"asset_type":"notebook","name":"attachment for notebook c886abe8-b34c-47b9-9a21-50ef4aa5b1fb","description":"attachment for notebook c886abe8-b34c-47b9-9a21-50ef4aa5b1fb","mime":"application/json","object_key":"notebook/Part_1_-_Data_Cleaning_WiVsaamRN.ipynb","create_time":1579025463500,"size":77225,"is_remote":false,"is_managed":false,"is_referenced":true,"is_object_key_read_only":false,"is_user_provided_path_key":true,"transfer_complete":true,"is_partitioned":false,"complete_time_ticks":1579025463500,"user_data":{},"test_doc":0,"handle":{"bucket":"daxproject-donotdelete-pr-z6amjhch1g940z","location":"us-geo","key":"notebook/Part_1_-_Data_Cleaning_WiVsaamRN.ipynb","upload_id":"done","max_part_num":1},"usage":{"access_count":0,"last_accessor_id":"IBMid-550003P291","last_access_time":1579025463500}}]}
