Name,Display Name,Description,Business Definition,Owner,State,Tags
Asset,Asset,"A tangible resource of a company, for example: power system equipment,communication network equipment,end devices,cabinets,buildings.",,,ACTIVE,
Asset Actual Cost,Asset Actual Cost,The cost of using the asset for a task.,,,ACTIVE,
Asset Capacity,Asset Capacity,"Indicates the capacity based on type of asset, for example: production capacity, seating capacity,storage capacity.",,,ACTIVE,
Asset Capacity Unit Of Measure,Asset Capacity Unit Of Measure,"Identifies the unit of measure associated with asset capacity, for example: Units, GBs , liters. ",,,ACTIVE,
Asset Description,Asset Description,A free human readable text that is describing the asset. ,,,ACTIVE,
Asset Failure,Asset Failure,An association between asset and failure event.,,,ACTIVE,
Asset Failure Score,Asset Failure Score,A numeric score that represents the relative possibility of failure of an asset.,,,ACTIVE,
Asset Financial Value,Asset Financial Value,The value of an asset at the time when financial value was last established.,,,ACTIVE,
Asset Financial Value Date Time,Asset Financial Value Date Time,The date and time when the financial value was last established.,,,ACTIVE,
Asset Health Score,Asset Health Score,A numeric score that represents the health of an asset.,,,ACTIVE,
Asset Identifier,Asset Identifier,Identifies the asset.,,,ACTIVE,
Asset Maintenance,Asset Maintenance,Maintenance events associated with an asset.,,,ACTIVE,
Asset Model Number,Asset Model Number,The asset manufacturer model number.,,,ACTIVE,
Asset Name,Asset Name,The name of the asset.,,,ACTIVE,
Asset Production,Asset Production,Indicates the output production of the asset.,,,ACTIVE,
Asset Production Unit Of Measure,Asset Production Unit Of Measure,"Indicates the unit of measure in which asset's production is expressed, for example: units per day.",,,ACTIVE,
Asset Purchase Price,Asset Purchase Price,The purchase price of the asset.,,,ACTIVE,
Asset Remaining Life,Asset Remaining Life,"Estimated number of days,weeks,months or years an asset is likely to be in service as per manufacturer specifications.",,,ACTIVE,
Asset Remaining Life Unit Of Measure,Asset Remaining Life Unit Of Measure,"Indicates the unit of measure in which asset remaining life is expressed, for example: days,weeks,months,years.",,,ACTIVE,
Asset Repair Cost,Asset Repair Cost,The cost of repairing the asset.,,,ACTIVE,
Asset Status,Asset Status,"The status of the asset, for example: installed,removed,retired,received.",,,ACTIVE,
Asset Type,Asset Type,"The classification of an asset and its subtypes according to the corporate standards, practices and existing IT systems.transmission,distribution,maintenance assets.",,,ACTIVE,
Crew,Crew,A group of people who have and use specific skills and tools.,,,ACTIVE,
Crew Member,Crew Member,The relationship between the crew and the employee that defines the crew member.,,,ACTIVE,
Crew Name,Crew Name,The name of the crew,,,ACTIVE,
Crew Type,Crew Type,The type of the crew as classified by the work management standards and practices.,,,ACTIVE,
Date Of Birth,Date Of Birth,Identifies the birth date of an individual.,,,ACTIVE,
Driver License Number,Driver License Number,The unique number assigned to an individual's driver license.,,,ACTIVE,
Education Level,Education Level,The highest level of education of the person.,,,ACTIVE,
Email Address,Email Address,"An electronic address that can be used to send and receive correspondence over a computer network, for example: jsmith@jonesinc.com.",,,ACTIVE,
Employee,Employee,A person employed by the organization.,,,ACTIVE,
Employee Identifier,Employee Identifier,A unique number that identifies an employee.,,,ACTIVE,
Employee Type,Employee Type,"Identifies the type of employee, for example: maintenance, admin, contact center agent.",,,ACTIVE,
Failure Code,Failure Code,A code identifying a failure of an asset.,,,ACTIVE,
Failure Cost,Failure Cost,Cost associated with the failure event.,,,ACTIVE,
Failure Event,Failure Event,An event that describes where an asset fails to perform its functions within specified parameters.,,,ACTIVE,
Failure Event Description,Failure Event Description,A description of the failure event.,,,ACTIVE,
Failure Event End Date Time,Failure Event End Date Time,The end date and time of the failure event.,,,ACTIVE,
Failure Event Start Date Time,Failure Event Start Date Time,The start date and time when the failure event occurred.,,,ACTIVE,
Failure Maintenance,Failure Maintenance,Maintenance activity carried out in an event of asset failure.,,,ACTIVE,
First Name,First Name,"A personal name typically used to refer to an individual in informal circumstances, for example: John, Mary.",,,ACTIVE,
Hourly Rate,Hourly Rate,The hourly rate that is applicable to the task performed by the employee,,,ACTIVE,
Last Name,Last Name,"Identifies individual's name which belongs to the family the Individual is a part of, for example: Smith, Mueller.",,,ACTIVE,
Loss Per Life Day,Loss Per Life Day,"Opportunity cost per day incurred due to unused life days of an asset, when maintenance is performed sooner than remaining life",,,ACTIVE,
Maintenance Cost,Maintenance Cost,Actual cost associated with maintenance of an asset.,,,ACTIVE,
Maintenance Crew,Maintenance Crew,The crew involved in asset maintenance.,,,ACTIVE,
Maintenance Event,Maintenance Event,Identifies the properties associated with asset maintenance.,,,ACTIVE,
Maintenance Event End Date Time,Maintenance Event End Date Time,The date and time upon which the maintenance event completed.,,,ACTIVE,
Maintenance Event Start Date Time,Maintenance Event Start Date Time,The date and time upon which the maintenance event started.,,,ACTIVE,
Maintenance Event Status,Maintenance Event Status,"Indicates the status of asset maintenance work, for example: completed, in progress, scheduled.",,,ACTIVE,
Maintenance Event Type,Maintenance Event Type,"Identifies the type of maintenance event, for example: scheduled maintenance, breakdown or failure maintenance.",,,ACTIVE,
Maintenance Labor costs,Maintenance Labor costs,The cost of the labor that is associated with the maintenance work for the labor that is carried out in the assessed period.,,,ACTIVE,
Maintenance Loss,Maintenance Loss,Production capacity lost due to a maintenance event.,,,ACTIVE,
Maintenance Loss Unit Of Measure,Maintenance Loss Unit Of Measure,"Indicates the unit of measure in which maintenance loss is expressed, for example: Number of units.",,,ACTIVE,
Number Of Asset Failures,Number Of Asset Failures,The number of failure events that occurred in connection with the asset in the assessed period.,,,ACTIVE,
Number Of Maintenance Work Completed,Number Of Maintenance Work Completed,The number of maintenance work orders that are completed on the asset in the assessed period.,,,ACTIVE,
Planned Maintenance Cost,Planned Maintenance Cost,The cost of resources that are used when you carry out preventive maintenance.,,,ACTIVE,
Planned Production,Planned Production,Indicates the planned output production of the asset.,,,ACTIVE,
Planned Production Unit Of Measure,Planned Production Unit Of Measure,"Indicates the unit of measure in which asset's planned production is expressed, for example: units per day",,,ACTIVE,
Probability Of Failure,Probability Of Failure,The probability of a failure of the asset.,,,ACTIVE,
Repair Loss,Repair Loss,Production capacity lost due to repair.,,,ACTIVE,
Scheduled Maintenance Indicator,Scheduled Maintenance Indicator,Indicates whether is a scheduled maintenance activity or not.,,,ACTIVE,
Work Address,Work Address,The address of a person's work.,,,ACTIVE,