{"metadata":{"asset_id":"f8ceeef7-990f-4cbe-8f65-b90578d77442","asset_attributes":["data_asset","location_definition"],"name":"Readme - RAG as watsonx Orchestrate AI Assistant extension.pdf","asset_type":"data_asset","created_at":"2025-05-14T18:49:02Z","description":"README file for RAG watsonx Orchestarte AI Assistant extension.","origin_country":"us","owner_id":"IBMid-50Q83SX8M9","project_id":"e32c52e5-553c-44e9-81c2-532b8a37033e","size":2856356,"usage":{"last_update_time":1747248542271,"last_updated_at":"2025-05-14T18:49:02Z"}},"entity":{"data_asset":{"dataset":false,"mime_type":"application/pdf"},"location_definition":{"physical_location_code_assignment_method":"INFERRED","physical_location_code":"DAL","physical_location_code_assigned_by":"IBMid-50Q83SX8M9","physical_location_code_added_on":"1747248426105","physical_location_code_rds_version":"00002024-1018-4172-8517-089558000000_4","physical_location_code_rds_id":"c57cb90f-2126-3800-9c9f-9eab82021cdf"}},"attachments":[{"id":"3e2eb251-29b5-4fa0-978d-269aacd9d75d","version":2,"asset_type":"data_asset","name":"Readme - RAG as watsonx Orchestrate AI Assistant extension.pdf","mime":"application/pdf","datasource_type":"193a97c1-4475-4a19-b90c-295c4fdc6517","object_key":"Readme - RAG as watsonx Orchestrate AI Assistant extension.pdf","creator_id":"IBMid-50Q83SX8M9","create_time":1747248542503,"size":2856356,"is_remote":false,"is_managed":false,"is_referenced":true,"is_object_key_read_only":false,"is_user_provided_path_key":true,"transfer_complete":true,"is_partitioned":false,"complete_time_ticks":1747248542503,"user_data":{},"test_doc":0,"handle":{"bucket":"qna16hotfixbuild-donotdelete-pr-u1oyyoe2n83sbv","location":"us-south","type":"bluemix_cos","key":"Readme - RAG as watsonx Orchestrate AI Assistant extension.pdf","upload_id":"done","max_part_num":1},"usage":{"access_count":0,"last_accessor_id":"IBMid-50Q83SX8M9","last_access_time":1747248542503}}]}
