{"metadata":{"asset_id":"de8ccff1-8788-4550-bd03-994389cb1b60","asset_attributes":["data_asset","location_definition"],"name":"expert_profiles_data.json","asset_type":"data_asset","created_at":"2025-05-14T18:48:17Z","description":"LLM Generated expert profiles data.","origin_country":"us","owner_id":"IBMid-50Q83SX8M9","project_id":"e32c52e5-553c-44e9-81c2-532b8a37033e","size":1162705,"usage":{"last_update_time":1747248497416,"last_updated_at":"2025-05-14T18:48:17Z"}},"entity":{"data_asset":{"dataset":false,"mime_type":"application/json"},"location_definition":{"physical_location_code_assignment_method":"INFERRED","physical_location_code":"DAL","physical_location_code_assigned_by":"IBMid-50Q83SX8M9","physical_location_code_added_on":"1747248426105","physical_location_code_rds_version":"00002024-1018-4172-8517-089558000000_4","physical_location_code_rds_id":"c57cb90f-2126-3800-9c9f-9eab82021cdf"}},"attachments":[{"id":"fe2fb031-053b-4392-8a4c-2975c53a26e8","version":2,"asset_type":"data_asset","name":"expert_profiles_data.json","mime":"application/json","datasource_type":"193a97c1-4475-4a19-b90c-295c4fdc6517","object_key":"expert_profiles_data.json","creator_id":"IBMid-50Q83SX8M9","create_time":1747248497551,"size":1162705,"is_remote":false,"is_managed":false,"is_referenced":true,"is_object_key_read_only":false,"is_user_provided_path_key":true,"transfer_complete":true,"is_partitioned":false,"complete_time_ticks":1747248497551,"user_data":{},"test_doc":0,"handle":{"bucket":"qna16hotfixbuild-donotdelete-pr-u1oyyoe2n83sbv","location":"us-south","type":"bluemix_cos","key":"expert_profiles_data.json","upload_id":"done","max_part_num":1},"usage":{"access_count":0,"last_accessor_id":"IBMid-50Q83SX8M9","last_access_time":1747248497551}}]}
