{"metadata":{"asset_id":"304da9dc-1a3d-4c42-b072-4563b58894f7","asset_attributes":["data_asset","location_definition"],"name":"elastic_search_ELSER_BM25_hybrid_template_rrf.json","asset_type":"data_asset","created_at":"2025-05-14T18:48:33Z","description":"ELSER Multisearch Hybrid template with RRF.","origin_country":"us","owner_id":"IBMid-50Q83SX8M9","project_id":"e32c52e5-553c-44e9-81c2-532b8a37033e","size":499,"usage":{"last_update_time":1747248513917,"last_updated_at":"2025-05-14T18:48:33Z"}},"entity":{"data_asset":{"dataset":false,"mime_type":"application/json"},"location_definition":{"physical_location_code_assignment_method":"INFERRED","physical_location_code":"DAL","physical_location_code_assigned_by":"IBMid-50Q83SX8M9","physical_location_code_added_on":"1747248426105","physical_location_code_rds_version":"00002024-1018-4172-8517-089558000000_4","physical_location_code_rds_id":"c57cb90f-2126-3800-9c9f-9eab82021cdf"}},"attachments":[{"id":"1106627a-2590-4603-a8e0-0eb5a2eb84f7","version":2,"asset_type":"data_asset","name":"elastic_search_ELSER_BM25_hybrid_template_rrf.json","mime":"application/json","datasource_type":"193a97c1-4475-4a19-b90c-295c4fdc6517","object_key":"elastic_search_ELSER_BM25_hybrid_template_rrf.json","creator_id":"IBMid-50Q83SX8M9","create_time":1747248514110,"size":499,"is_remote":false,"is_managed":false,"is_referenced":true,"is_object_key_read_only":false,"is_user_provided_path_key":true,"transfer_complete":true,"is_partitioned":false,"complete_time_ticks":1747248514110,"user_data":{},"test_doc":0,"handle":{"bucket":"qna16hotfixbuild-donotdelete-pr-u1oyyoe2n83sbv","location":"us-south","type":"bluemix_cos","key":"elastic_search_ELSER_BM25_hybrid_template_rrf.json","upload_id":"done","max_part_num":1},"usage":{"access_count":0,"last_accessor_id":"IBMid-50Q83SX8M9","last_access_time":1747248514110}}]}
