{"metadata":{"asset_id":"770e58f7-5052-4c1b-b4c6-28051431c34c","asset_attributes":["environment"],"name":"qna_template","asset_type":"environment","created_at":"2025-05-14T18:54:22Z","description":"","origin_country":"us","owner_id":"IBMid-50Q83SX8M9","project_id":"e32c52e5-553c-44e9-81c2-532b8a37033e","sandbox_id":"e32c52e5-553c-44e9-81c2-532b8a37033e","size":0,"tags":["dsx"],"usage":{"last_update_time":1747248901027,"last_updated_at":"2025-05-14T18:55:01Z"}},"entity":{"environment":{"sub_type":"notebook","display_name":"qna_template","hardware_specification":{"type":"referenced","guid":"df39e530-bba2-4447-a6f4-1239fe3c1c94"},"software_specification":{"type":"referenced","guid":"3608d87a-ed6a-4bf9-b9c3-0554b77c9504"},"tools_specification":{"supported_kernels":[{"name":"python3","display_name":"Python 3.11","language":"python","version":"3.11"}],"notebook_extensions":["ipywidgets"]}}}}
