{"metadata":{"asset_id":"df39e530-bba2-4447-a6f4-1239fe3c1c94","asset_attributes":["hardware_specification"],"name":"qna_template","asset_type":"hardware_specification","created_at":"2025-05-14T18:54:22Z","description":"","origin_country":"us","owner_id":"IBMid-50Q83SX8M9","project_id":"e32c52e5-553c-44e9-81c2-532b8a37033e","sandbox_id":"e32c52e5-553c-44e9-81c2-532b8a37033e","size":0,"tags":["dsx"],"usage":{"last_update_time":1747248862186,"last_updated_at":"2025-05-14T18:54:22Z"}},"entity":{"hardware_specification":{"nodes":{"cpu":{"units":"2","model":""},"mem":{"size":"8Gi"}}}}}
