{"metadata":{"asset_id":"6bf8c0ba-f2de-476c-93e9-53567cdbc2fa","asset_attributes":["job"],"name":"QnA with RAG Pipeline Job","asset_type":"job","created_at":"2025-05-14T18:49:11Z","description":"Watson Pipeline job that executes the notebooks end to end in an automated method.","origin_country":"us","owner_id":"IBMid-50Q83SX8M9","project_id":"e32c52e5-553c-44e9-81c2-532b8a37033e","size":0,"usage":{"last_update_time":1747248551762,"last_updated_at":"2025-05-14T18:49:11Z"}},"entity":{"job":{"asset_ref_type":"orchestration_flow","configuration":{"env_id":"rt241pys2-e32c52e5-553c-44e9-81c2-532b8a37033e","env_type":"notebook","env_variables":[]},"last_run_initiator":"deprecated field","last_run_time":"deprecated field","last_run_status":"deprecated field","last_run_status_timestamp":0,"future_scheduled_runs":[],"enable_notifications":true,"task_credentials_support":{"task_credentials_enabled":true,"user_id":"IBMid-50Q83SX8M9","account_id":"bf39bada4fec455381233ca90b8da12f"},"project_name":"qna_16_hotfix_build","asset_ref":"70c8e103-59f9-4b32-96ef-7d0ca499d3a2","schedule_id":"","schedule_creator_id":""}}}
