{"metadata":{"asset_id":"def5456a-2c5d-45b0-9193-f03d72d601fd","asset_attributes":["job"],"name":"Process and Ingest data into vector DB Job","asset_type":"job","created_at":"2025-05-14T18:47:52Z","description":"Notebook job to process and ingest data into a vector database.","origin_country":"us","owner_id":"IBMid-50Q83SX8M9","project_id":"e32c52e5-553c-44e9-81c2-532b8a37033e","size":0,"usage":{"last_update_time":1747248472439,"last_updated_at":"2025-05-14T18:47:52Z"}},"entity":{"job":{"asset_ref_type":"notebook","configuration":{"entrypoint":"","env_id":"rt241pys2-e32c52e5-553c-44e9-81c2-532b8a37033e","env_type":"notebook","env_variables":[],"file_ref":"","run_results":"log_and_new_notebook"},"last_run_initiator":"deprecated field","last_run_time":"deprecated field","last_run_status":"deprecated field","last_run_status_timestamp":0,"future_scheduled_runs":[],"enable_notifications":true,"task_credentials_support":{"task_credentials_enabled":true,"user_id":"IBMid-50Q83SX8M9","account_id":"bf39bada4fec455381233ca90b8da12f"},"project_name":"qna_16_hotfix_build","asset_ref":"3eb7085e-9dfe-46d3-b200-cc71091326f5","schedule_id":"","schedule_creator_id":""}}}
