{"metadata":{"asset_id":"f4a61360-9859-470b-8c08-b996dabe3fed","asset_attributes":["job"],"name":"Create and Deploy QnA Python Function job","asset_type":"job","created_at":"2025-05-14T18:47:44Z","description":"Notebook job for the creation and deployment of the QnA python function for RAG.","origin_country":"us","owner_id":"IBMid-50Q83SX8M9","project_id":"e32c52e5-553c-44e9-81c2-532b8a37033e","size":0,"usage":{"last_update_time":1747248464741,"last_updated_at":"2025-05-14T18:47:44Z"}},"entity":{"job":{"asset_ref_type":"notebook","configuration":{"entrypoint":"","env_id":"rt241pys2-e32c52e5-553c-44e9-81c2-532b8a37033e","env_type":"notebook","env_variables":[],"file_ref":"","run_results":"log_and_new_notebook"},"last_run_initiator":"deprecated field","last_run_time":"deprecated field","last_run_status":"deprecated field","last_run_status_timestamp":0,"future_scheduled_runs":[],"enable_notifications":true,"task_credentials_support":{"task_credentials_enabled":true,"user_id":"IBMid-50Q83SX8M9","account_id":"bf39bada4fec455381233ca90b8da12f"},"project_name":"qna_16_hotfix_build","asset_ref":"96a86699-2508-49d7-a480-def9f8a990ea","schedule_id":"","schedule_creator_id":""}}}
