{"metadata":{"asset_id":"3eb7085e-9dfe-46d3-b200-cc71091326f5","asset_attributes":["notebook","location_definition"],"name":"Process and Ingest data into vector DB","asset_type":"notebook","created_at":"2025-05-14T18:47:48Z","description":"This notebook processes various types of data and convert data for subsequent ingestion into the vector index.","origin_country":"us","owner_id":"IBMid-50Q83SX8M9","project_id":"e32c52e5-553c-44e9-81c2-532b8a37033e","size":33297,"tags":["notebook"],"usage":{"last_update_time":1747248971837,"last_updated_at":"2025-05-14T18:56:11Z"}},"entity":{"notebook":{"originates_from":{"type":"blank"},"kernel":{"name":"python3","display_name":"Python 3.11","language":"python"},"runtime":{"environment":"rt241pys2-e32c52e5-553c-44e9-81c2-532b8a37033e"}},"location_definition":{"physical_location_code":"DAL","physical_location_code_assigned_by":"IBMid-50Q83SX8M9","physical_location_code_rds_id":"c57cb90f-2126-3800-9c9f-9eab82021cdf","physical_location_code_rds_version":"00002024-1018-4172-8517-089558000000_4","physical_location_code_assignment_method":"INFERRED","physical_location_code_added_on":"1747248426105"}},"attachments":[{"id":"9aa5419b-9944-4760-80fd-6118f7581fe9","version":2,"asset_type":"notebook","name":"attachment for notebook 3eb7085e-9dfe-46d3-b200-cc71091326f5","description":"attachment for notebook 3eb7085e-9dfe-46d3-b200-cc71091326f5","mime":"application/json","datasource_type":"193a97c1-4475-4a19-b90c-295c4fdc6517","object_key":"notebook/Process_and_Ingest_Data_into_Vector_DB.ipynb","creator_id":"IBMid-50Q83SX8M9","create_time":1747248468954,"size":33297,"is_remote":false,"is_managed":false,"is_referenced":true,"is_object_key_read_only":false,"is_user_provided_path_key":true,"transfer_complete":true,"is_partitioned":false,"complete_time_ticks":1747248468954,"user_data":{},"test_doc":0,"handle":{"bucket":"qna16hotfixbuild-donotdelete-pr-u1oyyoe2n83sbv","location":"us-south","type":"bluemix_cos","key":"notebook/Process_and_Ingest_Data_into_Vector_DB.ipynb","upload_id":"done","max_part_num":1},"usage":{"access_count":0,"last_accessor_id":"IBMid-50Q83SX8M9","last_access_time":1747248468954}}]}
