{"metadata":{"asset_id":"1115bb16-a466-47c3-bbb4-2a119a8cdbff","asset_attributes":["notebook","location_definition"],"name":"QnA with RAG","asset_type":"notebook","created_at":"2025-05-14T18:47:56Z","description":"This notebook can be used to try out the deployed function by asking some questions, either by executing a notebook, or in a more interactive mode using an ipywidget.","origin_country":"us","owner_id":"IBMid-50Q83SX8M9","project_id":"e32c52e5-553c-44e9-81c2-532b8a37033e","size":9909,"tags":["notebook"],"usage":{"last_update_time":1747248928034,"last_updated_at":"2025-05-14T18:55:28Z"}},"entity":{"notebook":{"originates_from":{"type":"blank"},"kernel":{"name":"python3","display_name":"Python 3.11","language":"python"},"runtime":{"environment":"770e58f7-5052-4c1b-b4c6-28051431c34c"}},"location_definition":{"physical_location_code":"DAL","physical_location_code_assigned_by":"IBMid-50Q83SX8M9","physical_location_code_rds_id":"c57cb90f-2126-3800-9c9f-9eab82021cdf","physical_location_code_rds_version":"00002024-1018-4172-8517-089558000000_4","physical_location_code_assignment_method":"INFERRED","physical_location_code_added_on":"1747248426105"}},"attachments":[{"id":"0d8f02ea-977d-4a96-829f-39a5ff763daa","version":2,"asset_type":"notebook","name":"attachment for notebook 1115bb16-a466-47c3-bbb4-2a119a8cdbff","description":"attachment for notebook 1115bb16-a466-47c3-bbb4-2a119a8cdbff","mime":"application/json","datasource_type":"193a97c1-4475-4a19-b90c-295c4fdc6517","object_key":"notebook/QnA_with_RAG.ipynb","creator_id":"IBMid-50Q83SX8M9","create_time":1747248476995,"size":9909,"is_remote":false,"is_managed":false,"is_referenced":true,"is_object_key_read_only":false,"is_user_provided_path_key":true,"transfer_complete":true,"is_partitioned":false,"complete_time_ticks":1747248476995,"user_data":{},"test_doc":0,"handle":{"bucket":"qna16hotfixbuild-donotdelete-pr-u1oyyoe2n83sbv","location":"us-south","type":"bluemix_cos","key":"notebook/QnA_with_RAG.ipynb","upload_id":"done","max_part_num":1},"usage":{"access_count":0,"last_accessor_id":"IBMid-50Q83SX8M9","last_access_time":1747248476995}}]}
