{"metadata":{"asset_id":"6534ddfe-411f-4732-aef0-c038b2849e55","asset_attributes":["notebook","location_definition"],"name":"Test Queries for Vector Database","asset_type":"notebook","created_at":"2025-05-14T18:48:10Z","description":"","origin_country":"us","owner_id":"IBMid-50Q83SX8M9","project_id":"e32c52e5-553c-44e9-81c2-532b8a37033e","size":24689,"tags":["notebook"],"usage":{"last_update_time":1747248955081,"last_updated_at":"2025-05-14T18:55:55Z"}},"entity":{"notebook":{"originates_from":{"type":"blank"},"kernel":{"name":"python3","display_name":"Python 3.11","language":"python"},"runtime":{"environment":"rt241pys2-e32c52e5-553c-44e9-81c2-532b8a37033e"}},"location_definition":{"physical_location_code":"DAL","physical_location_code_assigned_by":"IBMid-50Q83SX8M9","physical_location_code_rds_id":"c57cb90f-2126-3800-9c9f-9eab82021cdf","physical_location_code_rds_version":"00002024-1018-4172-8517-089558000000_4","physical_location_code_assignment_method":"INFERRED","physical_location_code_added_on":"1747248426105"}},"attachments":[{"id":"e1c8ea8e-d940-440a-9b0f-10163b3d414b","version":2,"asset_type":"notebook","name":"attachment for notebook 6534ddfe-411f-4732-aef0-c038b2849e55","description":"attachment for notebook 6534ddfe-411f-4732-aef0-c038b2849e55","mime":"application/json","datasource_type":"193a97c1-4475-4a19-b90c-295c4fdc6517","object_key":"notebook/Test_Queries_for_Vector_DB.ipynb","creator_id":"IBMid-50Q83SX8M9","create_time":1747248490650,"size":24689,"is_remote":false,"is_managed":false,"is_referenced":true,"is_object_key_read_only":false,"is_user_provided_path_key":true,"transfer_complete":true,"is_partitioned":false,"complete_time_ticks":1747248490650,"user_data":{},"test_doc":0,"handle":{"bucket":"qna16hotfixbuild-donotdelete-pr-u1oyyoe2n83sbv","location":"us-south","type":"bluemix_cos","key":"notebook/Test_Queries_for_Vector_DB.ipynb","upload_id":"done","max_part_num":1},"usage":{"access_count":0,"last_accessor_id":"IBMid-50Q83SX8M9","last_access_time":1747248490650}}]}
