{"metadata":{"asset_id":"68eec9f3-efe9-4b77-94cc-ce4def364fb5","asset_attributes":["notebook","location_definition"],"name":"Analyze Log and Feedback notebook","asset_type":"notebook","created_at":"2025-05-14T18:48:03Z","description":"","origin_country":"us","owner_id":"IBMid-50Q83SX8M9","project_id":"e32c52e5-553c-44e9-81c2-532b8a37033e","size":44219,"tags":["notebook"],"usage":{"last_update_time":1747248939544,"last_updated_at":"2025-05-14T18:55:39Z"}},"entity":{"notebook":{"originates_from":{"type":"blank"},"kernel":{"name":"python3","display_name":"Python 3.11","language":"python"},"runtime":{"environment":"rt241pys2-e32c52e5-553c-44e9-81c2-532b8a37033e"}},"location_definition":{"physical_location_code":"DAL","physical_location_code_assigned_by":"IBMid-50Q83SX8M9","physical_location_code_rds_id":"c57cb90f-2126-3800-9c9f-9eab82021cdf","physical_location_code_rds_version":"00002024-1018-4172-8517-089558000000_4","physical_location_code_assignment_method":"INFERRED","physical_location_code_added_on":"1747248426105"}},"attachments":[{"id":"2f768c28-33ef-46e1-b7bc-4fc59b383f69","version":2,"asset_type":"notebook","name":"attachment for notebook 68eec9f3-efe9-4b77-94cc-ce4def364fb5","description":"attachment for notebook 68eec9f3-efe9-4b77-94cc-ce4def364fb5","mime":"application/json","datasource_type":"193a97c1-4475-4a19-b90c-295c4fdc6517","object_key":"notebook/Analyze_Log_and_Feedback.ipynb","creator_id":"IBMid-50Q83SX8M9","create_time":1747248483849,"size":44219,"is_remote":false,"is_managed":false,"is_referenced":true,"is_object_key_read_only":false,"is_user_provided_path_key":true,"transfer_complete":true,"is_partitioned":false,"complete_time_ticks":1747248483849,"user_data":{},"test_doc":0,"handle":{"bucket":"qna16hotfixbuild-donotdelete-pr-u1oyyoe2n83sbv","location":"us-south","type":"bluemix_cos","key":"notebook/Analyze_Log_and_Feedback.ipynb","upload_id":"done","max_part_num":1},"usage":{"access_count":0,"last_accessor_id":"IBMid-50Q83SX8M9","last_access_time":1747248483849}}]}
