{"metadata":{"asset_id":"3a14df64-9657-4b20-bdff-c2f12342e6a0","asset_attributes":["package_extension","location_definition"],"name":"Package Extension","asset_type":"package_extension","created_at":"2025-05-14T18:55:00Z","description":"Package Extensions created by environments-ui","origin_country":"us","owner_id":"IBMid-50Q83SX8M9","project_id":"e32c52e5-553c-44e9-81c2-532b8a37033e","sandbox_id":"e32c52e5-553c-44e9-81c2-532b8a37033e","size":308,"tags":["dsx"],"usage":{"last_update_time":1747248901528,"last_updated_at":"2025-05-14T18:55:01Z"}},"entity":{"package_extension":{"type":"conda_yml","interpreter":"mamba","object_key":"package_extension/Package_Extension_O5iPhnILX.yml"},"location_definition":{"physical_location_code":"DAL","physical_location_code_assigned_by":"IBMid-50Q83SX8M9","physical_location_code_rds_id":"c57cb90f-2126-3800-9c9f-9eab82021cdf","physical_location_code_rds_version":"00002024-1018-4172-8517-089558000000_4","physical_location_code_assignment_method":"INFERRED","physical_location_code_added_on":"1747248426105"}},"attachments":[{"id":"e04d4219-be7f-434a-a150-0350cc0cbd63","version":2,"asset_type":"package_extension","name":"attachment for package extension 3a14df64-9657-4b20-bdff-c2f12342e6a0","description":"attachment for package extension 3a14df64-9657-4b20-bdff-c2f12342e6a0","mime":"application/json","datasource_type":"193a97c1-4475-4a19-b90c-295c4fdc6517","object_key":"package_extension/Package_Extension_O5iPhnILX.yml","creator_id":"IBMid-50Q83SX8M9","create_time":1747248901528,"size":308,"is_remote":false,"is_managed":false,"is_referenced":true,"is_object_key_read_only":false,"is_user_provided_path_key":true,"transfer_complete":true,"is_partitioned":false,"complete_time_ticks":1747248901528,"user_data":{},"test_doc":0,"handle":{"bucket":"qna16hotfixbuild-donotdelete-pr-u1oyyoe2n83sbv","location":"us-south","type":"bluemix_cos","key":"package_extension/Package_Extension_O5iPhnILX.yml","upload_id":"done","max_part_num":1},"usage":{"access_count":0,"last_accessor_id":"IBMid-50Q83SX8M9","last_access_time":1747248901528}}]}
