{"metadata":{"asset_id":"3608d87a-ed6a-4bf9-b9c3-0554b77c9504","asset_attributes":["software_specification"],"name":"qna_template","asset_type":"software_specification","created_at":"2025-05-14T18:55:00Z","description":"","origin_country":"us","owner_id":"IBMid-50Q83SX8M9","project_id":"e32c52e5-553c-44e9-81c2-532b8a37033e","sandbox_id":"e32c52e5-553c-44e9-81c2-532b8a37033e","size":0,"tags":["dsx"],"usage":{"last_update_time":1747248901882,"last_updated_at":"2025-05-14T18:55:01Z"}},"entity":{"software_specification":{"type":"derived","display_name":"qna_template","base_software_specification":{"guid":"45f12dfe-aa78-5b8d-9f38-0ee223c47309","href":"/v2/software_specifications/45f12dfe-aa78-5b8d-9f38-0ee223c47309"},"package_extensions":[{"guid":"3a14df64-9657-4b20-bdff-c2f12342e6a0","href":"/v2/package_extensions/3a14df64-9657-4b20-bdff-c2f12342e6a0"}]}}}
