{"metadata":{"asset_id":"f7d8358e-df63-45ab-a221-8f151895ecfd","asset_attributes":["data_asset","location_definition"],"name":"hotel_reviews.csv","asset_type":"data_asset","created_at":"2023-07-06T18:22:22Z","origin_country":"us","owner_id":"IBMid-120000KSRG","project_id":"78e23521-1a2f-4db9-b553-7b43613b9919","size":728488,"usage":{"last_update_time":1688667743497,"last_updated_at":"2023-07-06T18:22:23Z"}},"entity":{"data_asset":{"mime_type":"text/csv","dataset":false},"location_definition":{"physical_location_code":"DAL","physical_location_code_assigned_by":"IBMid-120000KSRG","physical_location_code_rds_id":"c57cb90f-2126-3800-9c9f-9eab82021cdf","physical_location_code_rds_version":"00002022-0801-4092-8232-620146000000_2","physical_location_code_assignment_method":"INFERRED","physical_location_code_added_on":"1686583525523"}},"attachments":[{"id":"19ef7819-5b4a-4a5d-a0f0-52f18a3de692","version":2,"asset_type":"data_asset","name":"hotel_reviews.csv","mime":"text/csv","datasource_type":"193a97c1-4475-4a19-b90c-295c4fdc6517","object_key":"hotel_reviews.csv","creator_id":"iam-ServiceId-f49c5558-c247-4983-a04f-7d3c7a3d55da","create_time":1688667743382,"size":728488,"is_remote":false,"is_managed":false,"is_referenced":true,"is_object_key_read_only":false,"is_user_provided_path_key":true,"transfer_complete":true,"is_partitioned":false,"complete_time_ticks":1688667743382,"user_data":{},"test_doc":0,"handle":{"bucket":"textanalysiswithwatsonnaturallang-donotdelete-pr-mlsqaxxnkjanhz","location":"us-south","type":"bluemix_cos","key":"hotel_reviews.csv","upload_id":"done","max_part_num":1},"usage":{"access_count":0,"last_accessor_id":"iam-ServiceId-f49c5558-c247-4983-a04f-7d3c7a3d55da","last_access_time":1688667743382}}]}
