{"metadata":{"asset_id":"b77eacad-59da-40e0-a9e5-aa14a264ae26","asset_attributes":["environment"],"name":"NLP Runtime 16GB with IPyWidgets","asset_type":"environment","created_at":"2023-07-06T18:22:23Z","description":"","origin_country":"us","owner_id":"IBMid-120000KSRG","project_id":"78e23521-1a2f-4db9-b553-7b43613b9919","sandbox_id":"78e23521-1a2f-4db9-b553-7b43613b9919","size":0,"tags":["dsx"],"usage":{"last_update_time":1688667743878,"last_updated_at":"2023-07-06T18:22:23Z"}},"entity":{"environment":{"sub_type":"notebook","display_name":"NLP Runtime 16GB with IPyWidgets","hardware_specification":{"type":"referenced","guid":"ba3868bc-242a-473b-b5c0-20fa041b71b7"},"software_specification":{"type":"referenced","guid":"b1a3e58f-ff58-59d7-8dc5-62042e42a538"},"tools_specification":{"supported_kernels":[{"name":"python3","display_name":"Python 3.10","language":"python","version":"3.10"}],"notebook_extensions":["ipywidgets"]}}}}
