{"metadata":{"asset_id":"4523e67c-5bf7-4caa-bc2e-ab70aaba882a","asset_attributes":["environment"],"name":"NLP Runtime with IPyWidgets","asset_type":"environment","created_at":"2023-07-06T18:22:23Z","description":"","origin_country":"us","owner_id":"IBMid-120000KSRG","project_id":"78e23521-1a2f-4db9-b553-7b43613b9919","sandbox_id":"78e23521-1a2f-4db9-b553-7b43613b9919","size":0,"tags":["dsx"],"usage":{"last_update_time":1688667743805,"last_updated_at":"2023-07-06T18:22:23Z"}},"entity":{"environment":{"sub_type":"notebook","display_name":"NLP Runtime with IPyWidgets","hardware_specification":{"type":"referenced","guid":"812d1e99-e095-4417-afa8-3ad7663db819"},"software_specification":{"type":"referenced","guid":"b1a3e58f-ff58-59d7-8dc5-62042e42a538"},"tools_specification":{"supported_kernels":[{"name":"python3","display_name":"Python 3.10","language":"python","version":"3.10"}],"notebook_extensions":["ipywidgets"]}}}}
