{"metadata":{"asset_id":"ba3868bc-242a-473b-b5c0-20fa041b71b7","asset_attributes":["hardware_specification"],"name":"NLP Training","asset_type":"hardware_specification","created_at":"2023-07-06T18:22:22Z","description":"","origin_country":"us","owner_id":"IBMid-120000KSRG","project_id":"78e23521-1a2f-4db9-b553-7b43613b9919","sandbox_id":"78e23521-1a2f-4db9-b553-7b43613b9919","size":0,"tags":["dsx"],"usage":{"last_update_time":1688667742640,"last_updated_at":"2023-07-06T18:22:22Z"}},"entity":{"hardware_specification":{"nodes":{"cpu":{"units":"4","model":""},"mem":{"size":"16Gi"}}}}}
