{"metadata":{"asset_id":"812d1e99-e095-4417-afa8-3ad7663db819","asset_attributes":["hardware_specification"],"name":"NLP Runtime with IPyWidgets","asset_type":"hardware_specification","created_at":"2023-07-06T18:22:22Z","description":"","origin_country":"us","owner_id":"IBMid-120000KSRG","project_id":"78e23521-1a2f-4db9-b553-7b43613b9919","sandbox_id":"78e23521-1a2f-4db9-b553-7b43613b9919","size":0,"tags":["dsx"],"usage":{"last_update_time":1688667742632,"last_updated_at":"2023-07-06T18:22:22Z"}},"entity":{"hardware_specification":{"nodes":{"cpu":{"units":"2","model":""},"mem":{"size":"8Gi"}}}}}
