{"metadata":{"asset_id":"a1ec3c7b-c460-49d9-a690-327b68fddf75","asset_attributes":["notebook"],"name":"Hotel Review Analysis","asset_type":"notebook","created_at":"2023-07-06T18:22:24Z","description":"","origin_country":"us","owner_id":"IBMid-120000KSRG","project_id":"78e23521-1a2f-4db9-b553-7b43613b9919","size":774657,"tags":["notebook"],"usage":{"last_update_time":1688667858233,"last_updated_at":"2023-07-06T18:24:18Z"}},"entity":{"notebook":{"kernel":{"name":"python3","display_name":"Python 3.10","language":"python"},"originates_from":{"type":"file"},"runtime":{"environment":"b77eacad-59da-40e0-a9e5-aa14a264ae26"}},"location_definition":{"physical_location_code":"DAL","physical_location_code_assigned_by":"IBMid-120000KSRG","physical_location_code_rds_id":"c57cb90f-2126-3800-9c9f-9eab82021cdf","physical_location_code_rds_version":"b173b384-6352-45b6-ab01-30b4a45440af_0","physical_location_code_assignment_method":"INFERRED","physical_location_code_added_on":"1688667732886"}},"attachments":[{"id":"29b57600-e2d4-489b-b896-31e69f64f412","version":2,"asset_type":"notebook","name":"attachment for notebook a1ec3c7b-c460-49d9-a690-327b68fddf75","description":"attachment for notebook a1ec3c7b-c460-49d9-a690-327b68fddf75","mime":"application/json","datasource_type":"193a97c1-4475-4a19-b90c-295c4fdc6517","object_key":"notebook/Hotel_Review_Analysis_iP2C1ilge.ipynb","creator_id":"IBMid-120000KSRG","create_time":1688667745530,"size":774657,"is_remote":false,"is_managed":false,"is_referenced":true,"is_object_key_read_only":false,"is_user_provided_path_key":true,"transfer_complete":true,"is_partitioned":false,"complete_time_ticks":1688667745530,"user_data":{},"test_doc":0,"handle":{"bucket":"textanalysiswithwatsonnaturallang-donotdelete-pr-mlsqaxxnkjanhz","location":"us-south","type":"bluemix_cos","key":"notebook/Hotel_Review_Analysis_iP2C1ilge.ipynb","upload_id":"done","max_part_num":1},"usage":{"access_count":1,"last_accessor_id":"IBMid-120000KSRG","last_access_time":1688667853995,"last_updater_id":"IBMid-120000KSRG","last_update_time":1688667853995}}]}
