{"metadata":{"asset_id":"983002b5-f958-463c-857d-bda37121bd66","asset_attributes":["notebook"],"name":"Car Complaint Analysis","asset_type":"notebook","created_at":"2023-07-06T18:22:25Z","description":"This notebook demonstrates how to analyze car complaints using Watson NLP.\n\nThe data that is used in this notebook is taken from the National Highway and Transit Association (NHTSA) of the US Department of Transportation. The NHTSA records complaints from car owners, and makes them available regularly. You will learn syntax analysis, noun phrase extraction, how to correlate structured data with the analysis results. When you create the notebook, select the latest NLP runtime environment for its runtime.","origin_country":"us","owner_id":"IBMid-120000KSRG","project_id":"78e23521-1a2f-4db9-b553-7b43613b9919","size":1418154,"tags":["notebook"],"usage":{"last_update_time":1688667747333,"last_updated_at":"2023-07-06T18:22:27Z"}},"entity":{"notebook":{"kernel":{"name":"python3","display_name":"Python 3.10","language":"python"},"originates_from":{"type":"file"},"runtime":{"environment":"4523e67c-5bf7-4caa-bc2e-ab70aaba882a"}},"location_definition":{"physical_location_code":"DAL","physical_location_code_assigned_by":"IBMid-120000KSRG","physical_location_code_rds_id":"c57cb90f-2126-3800-9c9f-9eab82021cdf","physical_location_code_rds_version":"b173b384-6352-45b6-ab01-30b4a45440af_0","physical_location_code_assignment_method":"INFERRED","physical_location_code_added_on":"1688667732886"}},"attachments":[{"id":"8bf5948d-7c27-4b62-8b55-b3496fb65c8d","version":2,"asset_type":"notebook","name":"attachment for notebook 983002b5-f958-463c-857d-bda37121bd66","description":"attachment for notebook 983002b5-f958-463c-857d-bda37121bd66","mime":"application/json","datasource_type":"193a97c1-4475-4a19-b90c-295c4fdc6517","object_key":"notebook/Car_Complaint_Analysis_9rN8qFGpk.ipynb","creator_id":"IBMid-120000KSRG","create_time":1688667745550,"size":1418154,"is_remote":false,"is_managed":false,"is_referenced":true,"is_object_key_read_only":false,"is_user_provided_path_key":true,"transfer_complete":true,"is_partitioned":false,"complete_time_ticks":1688667745550,"user_data":{},"test_doc":0,"handle":{"bucket":"textanalysiswithwatsonnaturallang-donotdelete-pr-mlsqaxxnkjanhz","location":"us-south","type":"bluemix_cos","key":"notebook/Car_Complaint_Analysis_9rN8qFGpk.ipynb","upload_id":"done","max_part_num":1},"usage":{"access_count":0,"last_accessor_id":"IBMid-120000KSRG","last_access_time":1688667745550}}]}
