{"metadata":{"asset_id":"0c335f10-259c-4298-91fe-643ada732aae","asset_attributes":["notebook"],"name":"Financial complaint analysis","asset_type":"notebook","created_at":"2023-07-06T18:22:24Z","description":"This notebook demonstrates how to analyze financial customer complaints using Watson NLP.\n\nThe data that is used in this notebook is taken from the Consumer Complaint Database that is published by the Consumer Financial Protection Bureau (CFPB), an U.S. government agency. The Consumer Complaint Database is a collection of complaints about consumer financial products and services that the CFPB sent to companies for response. In this notebook, you will focus on complaints that contain narrative descriptions to show how to use Watson NLP. When you create the notebook, select the latest NLP runtime environment for its runtime.","origin_country":"us","owner_id":"IBMid-120000KSRG","project_id":"78e23521-1a2f-4db9-b553-7b43613b9919","size":199300,"tags":["notebook"],"usage":{"last_update_time":1688667747366,"last_updated_at":"2023-07-06T18:22:27Z"}},"entity":{"notebook":{"kernel":{"name":"python3","display_name":"Python 3.10","language":"python","version":"3.10"},"originates_from":{"type":"file"},"runtime":{"environment":"4523e67c-5bf7-4caa-bc2e-ab70aaba882a"}},"location_definition":{"physical_location_code":"DAL","physical_location_code_assigned_by":"IBMid-120000KSRG","physical_location_code_rds_id":"c57cb90f-2126-3800-9c9f-9eab82021cdf","physical_location_code_rds_version":"b173b384-6352-45b6-ab01-30b4a45440af_0","physical_location_code_assignment_method":"INFERRED","physical_location_code_added_on":"1688667732886"}},"attachments":[{"id":"64a9c98a-f3e6-4507-8f07-c03ee3eb4381","version":2,"asset_type":"notebook","name":"attachment for notebook 0c335f10-259c-4298-91fe-643ada732aae","description":"attachment for notebook 0c335f10-259c-4298-91fe-643ada732aae","mime":"application/json","datasource_type":"193a97c1-4475-4a19-b90c-295c4fdc6517","object_key":"notebook/Financial_complaint_analysis_R1FlzKQxY.ipynb","creator_id":"IBMid-120000KSRG","create_time":1688667745302,"size":199300,"is_remote":false,"is_managed":false,"is_referenced":true,"is_object_key_read_only":false,"is_user_provided_path_key":true,"transfer_complete":true,"is_partitioned":false,"complete_time_ticks":1688667745302,"user_data":{},"test_doc":0,"handle":{"bucket":"textanalysiswithwatsonnaturallang-donotdelete-pr-mlsqaxxnkjanhz","location":"us-south","type":"bluemix_cos","key":"notebook/Financial_complaint_analysis_R1FlzKQxY.ipynb","upload_id":"done","max_part_num":1},"usage":{"access_count":0,"last_accessor_id":"IBMid-120000KSRG","last_access_time":1688667745302}}]}
