{"metadata":{"asset_id":"e4cc17df-b477-4b40-8380-f16df1a71067","asset_attributes":["notebook"],"name":"Complaint Classification","asset_type":"notebook","created_at":"2023-07-06T18:22:24Z","description":"This notebook demonstrates how to train different text classifiers using Watson NLP. The classifiers predict the product group from the text of a customer complaint. This could be used, for example to route a complaint to the appropriate staff member.\n\nThe data that is used in this notebook is taken from the Consumer Complaint Database that is published by the Consumer Financial Protection Bureau (CFPB), a U.S. government agency. The Consumer Complaint Database is a collection of complaints about consumer financial products and services that the CFPB sent to companies for response. This notebook runs on the latest NLP runtime environment.","origin_country":"us","owner_id":"IBMid-120000KSRG","project_id":"78e23521-1a2f-4db9-b553-7b43613b9919","size":203162,"tags":["notebook"],"usage":{"last_update_time":1688668400623,"last_updated_at":"2023-07-06T18:33:20Z"}},"entity":{"notebook":{"kernel":{"name":"python3","display_name":"Python 3.10","language":"python"},"originates_from":{"type":"file"},"runtime":{"environment":"4523e67c-5bf7-4caa-bc2e-ab70aaba882a"}},"location_definition":{"physical_location_code":"DAL","physical_location_code_assigned_by":"IBMid-120000KSRG","physical_location_code_rds_id":"c57cb90f-2126-3800-9c9f-9eab82021cdf","physical_location_code_rds_version":"b173b384-6352-45b6-ab01-30b4a45440af_0","physical_location_code_assignment_method":"INFERRED","physical_location_code_added_on":"1688667732886"}},"attachments":[{"id":"bd120f49-39cc-4890-aafd-0c1c5270c942","version":2,"asset_type":"notebook","name":"attachment for notebook e4cc17df-b477-4b40-8380-f16df1a71067","description":"attachment for notebook e4cc17df-b477-4b40-8380-f16df1a71067","mime":"application/json","datasource_type":"193a97c1-4475-4a19-b90c-295c4fdc6517","object_key":"notebook/Complaint_Classification_dz0DgUxxZ.ipynb","creator_id":"IBMid-120000KSRG","create_time":1688667745314,"size":203162,"is_remote":false,"is_managed":false,"is_referenced":true,"is_object_key_read_only":false,"is_user_provided_path_key":true,"transfer_complete":true,"is_partitioned":false,"complete_time_ticks":1688667745314,"user_data":{},"test_doc":0,"handle":{"bucket":"textanalysiswithwatsonnaturallang-donotdelete-pr-mlsqaxxnkjanhz","location":"us-south","type":"bluemix_cos","key":"notebook/Complaint_Classification_dz0DgUxxZ.ipynb","upload_id":"done","max_part_num":1},"usage":{"access_count":3,"last_accessor_id":"IBMid-120000KSRG","last_access_time":1688668197123,"last_updater_id":"IBMid-120000KSRG","last_update_time":1688668197123}}]}
