{"metadata":{"asset_id":"82381866-7470-4e92-b567-6c227be8fe45","asset_attributes":["data_asset"],"name":"SKUs.csv","asset_type":"data_asset","created_at":"2021-09-30T17:20:44Z","description":"","origin_country":"us","owner_id":"IBMid-550003P291","project_id":"4a18c0dc-64af-40cb-8d59-38b9dd3959c8","size":7567,"tags":[],"usage":{"last_update_time":1633022445196,"last_updated_at":"2021-09-30T17:20:45Z"}},"entity":{"data_asset":{"mime_type":"text/csv","dataset":false}},"attachments":[{"id":"d838d327-86af-4f48-b6f4-0f0f8e496e1b","version":2,"asset_type":"data_asset","name":"SKUs.csv","mime":"text/csv","datasource_type":"193a97c1-4475-4a19-b90c-295c4fdc6517","object_key":"SKUs.csv","creator_id":"iam-ServiceId-f49c5558-c247-4983-a04f-7d3c7a3d55da","create_time":1633022445073,"size":7567,"is_remote":false,"is_managed":false,"is_referenced":true,"is_object_key_read_only":false,"is_user_provided_path_key":true,"transfer_complete":true,"is_partitioned":false,"complete_time_ticks":1633022445073,"user_data":{},"test_doc":0,"handle":{"bucket":"shelfspaceoptimization-donotdelete-pr-egbsdzaiqig1z9","location":"us-geo","key":"SKUs.csv","upload_id":"done","max_part_num":1},"usage":{"access_count":0,"last_accessor_id":"iam-ServiceId-f49c5558-c247-4983-a04f-7d3c7a3d55da","last_access_time":1633022445073}}]}
