{"metadata":{"asset_id":"be8a2cea-7b12-4fde-8772-bec626aa0887","asset_attributes":["data_asset","location_definition"],"name":"GroupFacingLimits.csv","asset_type":"data_asset","created_at":"2023-11-30T09:20:54Z","description":"","origin_country":"us","owner_id":"IBMid-270006YQEG","project_id":"ea91d92e-661b-4ef2-98e9-f8366570eea7","size":25,"tags":[],"usage":{"last_update_time":1701336055193,"last_updated_at":"2023-11-30T09:20:55Z"}},"entity":{"data_asset":{"mime_type":"text/csv","dataset":false},"location_definition":{"physical_location_code":"DAL","physical_location_code_assigned_by":"IBMid-270006YQEG","physical_location_code_rds_id":"c57cb90f-2126-3800-9c9f-9eab82021cdf","physical_location_code_rds_version":"20ed74f5-e315-4de9-b9e6-3282d11fc236_1","physical_location_code_assignment_method":"INFERRED","physical_location_code_added_on":"1698674512575"}},"attachments":[{"id":"bb8a7d66-9b3c-4dcf-a4a9-a40bce77a19f","version":2,"asset_type":"data_asset","name":"GroupFacingLimits.csv","mime":"text/csv","datasource_type":"193a97c1-4475-4a19-b90c-295c4fdc6517","object_key":"GroupFacingLimits.csv","creator_id":"iam-ServiceId-947d5b81-8bd3-42a6-844e-9dc008847612","create_time":1701336055116,"size":25,"is_remote":false,"is_managed":false,"is_referenced":true,"is_object_key_read_only":true,"is_user_provided_path_key":true,"transfer_complete":true,"is_partitioned":false,"complete_time_ticks":1701336055116,"user_data":{},"test_doc":0,"handle":{"bucket":"shelfspaceoptimization-donotdelete-pr-rymuykyb0rx4w5","location":"us-south","type":"bluemix_cos","key":"GroupFacingLimits.csv","upload_id":"done","max_part_num":1},"usage":{"access_count":0,"last_accessor_id":"iam-ServiceId-947d5b81-8bd3-42a6-844e-9dc008847612","last_access_time":1701336055116}}]}
