{"metadata":{"asset_id":"f41a7893-6382-415a-b9fb-3c4288fecdf9","asset_attributes":["data_asset","location_definition"],"name":"Groups.csv","asset_type":"data_asset","created_at":"2025-05-05T09:35:23Z","description":"","origin_country":"us","owner_id":"IBMid-270006YQEG","project_id":"b0529072-8f67-4978-b9a9-bc7befe256bd","size":1032,"tags":[],"usage":{"last_update_time":1746437723961,"last_updated_at":"2025-05-05T09:35:23Z"}},"entity":{"data_asset":{"mime_type":"text/csv","dataset":false},"location_definition":{"physical_location_code":"DAL","physical_location_code_assigned_by":"IBMid-270006YQEG","physical_location_code_rds_id":"c57cb90f-2126-3800-9c9f-9eab82021cdf","physical_location_code_rds_version":"20ed74f5-e315-4de9-b9e6-3282d11fc236_1","physical_location_code_assignment_method":"INFERRED","physical_location_code_added_on":"1746437716155"}},"attachments":[{"id":"f51c22b9-2374-4f92-a65c-922d4a0c5a1d","version":2,"asset_type":"data_asset","name":"Groups.csv","mime":"text/csv","datasource_type":"193a97c1-4475-4a19-b90c-295c4fdc6517","object_key":"Groups.csv","creator_id":"IBMid-270006YQEG","create_time":1746437723960,"size":1032,"is_remote":false,"is_managed":false,"is_referenced":true,"is_object_key_read_only":true,"is_user_provided_path_key":true,"transfer_complete":true,"is_partitioned":false,"complete_time_ticks":1746437723960,"user_data":{},"test_doc":0,"handle":{"bucket":"shelfspaceoptimization-donotdelete-pr-l6zdywhk7mzmm5","location":"us-south","type":"bluemix_cos","key":"Groups.csv","upload_id":"done","max_part_num":1},"usage":{"access_count":0,"last_accessor_id":"IBMid-270006YQEG","last_access_time":1746437723960}}]}
