{"metadata":{"asset_id":"6f7deb51-7952-4b6b-ac77-63a18663158c","asset_attributes":["data_asset","location_definition"],"name":"Weights.csv","asset_type":"data_asset","created_at":"2025-05-05T09:35:24Z","description":"","origin_country":"us","owner_id":"IBMid-270006YQEG","project_id":"b0529072-8f67-4978-b9a9-bc7befe256bd","size":127,"tags":[],"usage":{"last_update_time":1746437724485,"last_updated_at":"2025-05-05T09:35:24Z"}},"entity":{"data_asset":{"mime_type":"text/csv","dataset":false},"location_definition":{"physical_location_code":"DAL","physical_location_code_assigned_by":"IBMid-270006YQEG","physical_location_code_rds_id":"c57cb90f-2126-3800-9c9f-9eab82021cdf","physical_location_code_rds_version":"20ed74f5-e315-4de9-b9e6-3282d11fc236_1","physical_location_code_assignment_method":"INFERRED","physical_location_code_added_on":"1746437716155"}},"attachments":[{"id":"c00cfd84-f480-4ae9-a4ed-59d6fb3dc776","version":2,"asset_type":"data_asset","name":"Weights.csv","mime":"text/csv","datasource_type":"193a97c1-4475-4a19-b90c-295c4fdc6517","object_key":"Weights.csv","creator_id":"IBMid-270006YQEG","create_time":1746437724484,"size":127,"is_remote":false,"is_managed":false,"is_referenced":true,"is_object_key_read_only":true,"is_user_provided_path_key":true,"transfer_complete":true,"is_partitioned":false,"complete_time_ticks":1746437724484,"user_data":{},"test_doc":0,"handle":{"bucket":"shelfspaceoptimization-donotdelete-pr-l6zdywhk7mzmm5","location":"us-south","type":"bluemix_cos","key":"Weights.csv","upload_id":"done","max_part_num":1},"usage":{"access_count":0,"last_accessor_id":"IBMid-270006YQEG","last_access_time":1746437724484}}]}
