{"metadata":[{"decision":{"name":"ShelfSpaceOptimization","description":"","spaceId":"3cbe2d44-0bc4-43c9-939a-7e089e6fe1a8","environments":[],"extensions":[]},"scenarios":[{"id":"dc0c17eb-bc07-4e79-a702-784fa0956d17","qualifiers":[{"name":"modelType","value":"opl"},{"name":"modelMetadata","value":"{\"creationTime\":1566495748773,\"lastEditTime\":1626869677301,\"lastUploadTime\":1566495751193}"}],"name":"Scenario Expected Sales","description":"","category":"scenario","readOnly":false,"creator":"IBMid-270006YQEG","createdAt":1701336063000,"usage":{"lastModificationTime":1704794610000,"lastModifier":"IBMid-270006YQEG"},"tables":[{"category":"output","creator":"IBMid-270006YQEG","createdAt":1701336063559,"lastUpdater":"IBMid-270006YQEG","updatedAt":1704794601109,"crc":1586395319,"size":1538,"attachmentKey":"4f7ad232-5435-4ba8-aba9-40f2ee977e37/1704794601109","name":"SKUOnShelfPlacement","tableType":{"columns":[{"key":"sku","dataType":"String"},{"key":"shelf","dataType":"String"},{"key":"numFacings","dataType":"Number"},{"key":"offset","dataType":"Number"},{"key":"skuWidth","dataType":"Number"},{"key":"offset2","dataType":"Number"},{"key":"parentGrp","dataType":"String"}]},"numberOfRows":49},{"category":"input","creator":"IBMid-270006YQEG","createdAt":1701336063559,"lastUpdater":"IBMid-270006YQEG","updatedAt":1701336063559,"attachmentKey":"45bd1332-ac8f-4da1-84a0-b98929f5df9a","name":"Parameters","tableType":{"columns":[{"key":"MinTargetAvgDisplayPrice","dataType":"Number"},{"key":"MaxTargetAvgDisplayPrice","dataType":"Number"}]},"numberOfRows":1},{"category":"output","creator":"IBMid-270006YQEG","createdAt":1701336063559,"lastUpdater":"IBMid-270006YQEG","updatedAt":1704794601109,"crc":738605661,"size":701,"attachmentKey":"1d3b61b3-d315-4966-88a4-2901a28ba68c/1704794601109","name":"GroupFacings","tableType":{"columns":[{"key":"grp","dataType":"String"},{"key":"alpha","dataType":"Number"},{"key":"beta","dataType":"Number"},{"key":"numFacings","dataType":"Number"}]},"numberOfRows":36},{"category":"input","creator":"IBMid-270006YQEG","createdAt":1701336063559,"lastUpdater":"IBMid-270006YQEG","updatedAt":1701336063559,"attachmentKey":"cf789bcd-4e54-48f8-bc96-cb060a08f026","name":"AdjTypes","tableType":{"columns":[{"key":"value","dataType":"String"}]},"numberOfRows":2},{"category":"output","creator":"IBMid-270006YQEG","createdAt":1701336063559,"lastUpdater":"IBMid-270006YQEG","updatedAt":1704794601109,"crc":2583737398,"size":48,"attachmentKey":"d5c62fdc-a19c-43d4-b621-6944918f3072/1704794601109","name":"emptySpaceOnShelf","tableType":{"columns":[{"key":"shelf","dataType":"String"},{"key":"value","dataType":"Number"}]},"numberOfRows":6},{"category":"output","creator":"IBMid-270006YQEG","createdAt":1701336063559,"lastUpdater":"IBMid-270006YQEG","updatedAt":1704794601109,"crc":361991339,"size":2504,"attachmentKey":"2596991d-6f84-4bcd-837d-952f322bef59/1704794601109","name":"unitsShortage","tableType":{"columns":[{"key":"sku","dataType":"String"},{"key":"value","dataType":"Number"}]},"numberOfRows":236},{"category":"input","creator":"IBMid-270006YQEG","createdAt":1701336063559,"lastUpdater":"IBMid-270006YQEG","updatedAt":1701336063559,"name":"GroupAdjacencies","tableType":{"columns":[{"key":"grp1Id","dataType":"String"},{"key":"grp2Id","dataType":"String"},{"key":"adjType","dataType":"String"}]},"numberOfRows":0},{"category":"input","creator":"IBMid-270006YQEG","createdAt":1701336063559,"lastUpdater":"IBMid-270006YQEG","updatedAt":1701336063559,"attachmentKey":"b164a9b8-fbe6-45cf-826d-089a7a29b8dc","name":"SKUs","tableType":{"columns":[{"key":"id","dataType":"String"},{"key":"minFacings","dataType":"Number"},{"key":"maxFacings","dataType":"Number"},{"key":"demand","dataType":"Number"},{"key":"replenishRate","dataType":"Number"},{"key":"parentGroup","dataType":"String"},{"key":"width","dataType":"Number"},{"key":"price","dataType":"Number"}]},"numberOfRows":236},{"category":"input","creator":"IBMid-270006YQEG","createdAt":1701336063559,"lastUpdater":"IBMid-270006YQEG","updatedAt":1701336063559,"attachmentKey":"6d2ccb69-6955-4cfd-8b34-fd51558e1bdb","name":"Weights","tableType":{"columns":[{"key":"expectedSales","dataType":"Number"},{"key":"emptySpacePenalty","dataType":"Number"},{"key":"shortagePenalty","dataType":"Number"},{"key":"rectangularityPenalty","dataType":"Number"},{"key":"squarenessPenalty","dataType":"Number"},{"key":"avgDisplayPricePenalty","dataType":"Number"}]},"numberOfRows":1},{"category":"input","creator":"IBMid-270006YQEG","createdAt":1701336063559,"lastUpdater":"IBMid-270006YQEG","updatedAt":1701336063559,"name":"GroupFacingLimits","tableType":{"columns":[{"key":"grp","dataType":"String"},{"key":"minFacings","dataType":"String"},{"key":"maxFacings","dataType":"String"}]},"numberOfRows":0},{"category":"input","creator":"IBMid-270006YQEG","createdAt":1701336063559,"lastUpdater":"IBMid-270006YQEG","updatedAt":1701336063559,"attachmentKey":"d28f4299-360f-4708-a0f2-16b122c944c4","name":"SKUShelves","tableType":{"columns":[{"key":"sku","dataType":"String"},{"key":"shelf","dataType":"String"},{"key":"unitsPerFacing","dataType":"Number"}]},"numberOfRows":1416},{"category":"output","creator":"IBMid-270006YQEG","createdAt":1701336063559,"lastUpdater":"IBMid-270006YQEG","updatedAt":1704794601109,"crc":2489539855,"size":474,"attachmentKey":"7ce71399-2c9d-45f9-ad2c-177d66098133/1704794601109","name":"stats","tableType":{"columns":[{"key":"Name","dataType":"String"},{"key":"Value","dataType":"String"}]},"numberOfRows":16},{"category":"input","creator":"IBMid-270006YQEG","createdAt":1701336063559,"lastUpdater":"IBMid-270006YQEG","updatedAt":1701336063559,"attachmentKey":"941dac94-fbe7-4b07-afb6-9b3c701ff585","name":"Groups","tableType":{"columns":[{"key":"id","dataType":"String"},{"key":"level","dataType":"Number"},{"key":"parentGroup","dataType":"String"},{"key":"alpha","dataType":"Number"},{"key":"beta","dataType":"Number"},{"key":"needRectangularity","dataType":"Number"},{"key":"needSquareness","dataType":"Number"}]},"numberOfRows":36},{"category":"input","creator":"IBMid-270006YQEG","createdAt":1701336063559,"lastUpdater":"IBMid-270006YQEG","updatedAt":1701336063559,"name":"GroupsReqdOnShelves","tableType":{"columns":[{"key":"grp","dataType":"String"},{"key":"shelf","dataType":"String"}]},"numberOfRows":0},{"category":"output","creator":"IBMid-270006YQEG","createdAt":1701336063559,"lastUpdater":"IBMid-270006YQEG","updatedAt":1704794601109,"crc":1311982929,"size":1506,"attachmentKey":"b4e380c9-ca83-4c9a-a4a1-c73e08f2bb1b/1704794601109","name":"GroupOnShelfPlacement","tableType":{"columns":[{"key":"grp","dataType":"String"},{"key":"shelf","dataType":"String"},{"key":"numFacings","dataType":"Number"},{"key":"offset","dataType":"Number"},{"key":"widthOnShelf","dataType":"Number"}]},"numberOfRows":71},{"category":"input","creator":"IBMid-270006YQEG","createdAt":1701336063559,"lastUpdater":"IBMid-270006YQEG","updatedAt":1701336063559,"attachmentKey":"2f4455bf-8654-499f-8897-edf905369a28","name":"Shelves","tableType":{"columns":[{"key":"id","dataType":"String"},{"key":"width","dataType":"Number"},{"key":"level","dataType":"Number"},{"key":"offSet","dataType":"Number"}]},"numberOfRows":6},{"category":"output","creator":"IBMid-270006YQEG","createdAt":1701336063559,"lastUpdater":"IBMid-270006YQEG","updatedAt":1704794601109,"crc":2723983141,"size":201,"attachmentKey":"79639cba-cfcb-49c8-bcc5-32952783e8f8/1704794601109","name":"kpis","tableType":{"columns":[{"key":"Name","dataType":"String"},{"key":"Value","dataType":"Number"}]},"numberOfRows":7}],"assets":[{"qualifiers":[{"name":"source","value":"{\"creationTime\":1566495748773,\"lastEditTime\":1566495751193,\"lastUploadTime\":1566495751193}"}],"category":"model","creator":"IBMid-270006YQEG","createdAt":1701336063559,"lastUpdater":"IBMid-270006YQEG","updatedAt":1701336063559,"crc":749050825,"size":18340,"attachmentKey":"d357bcca-abd6-4b4c-9b58-2cfe1d25dab3/1699455307176","name":"model.mod","contentType":"application/json"},{"category":"output","creator":"IBMid-270006YQEG","createdAt":1704794601109,"lastUpdater":"IBMid-270006YQEG","updatedAt":1704794601109,"crc":560467806,"size":843642,"attachmentKey":"fdcfbcbe-f450-4212-9fe4-b02d2eb849fd/1704794601109","name":"log.txt","contentType":"text/plain"}],"solveStatus":{"creationTime":1704794408528,"lastModificationTime":1704794608139,"state":"TERMINATED","solveConfig":{"containerId":"Scenario Expected Sales","solveParameters":{}},"jobDetails":{"id":"bd7c1ddf-02ba-460a-a973-6bf0a95c7425","createdAt":1704794415849,"startedAt":1704794416800,"endedAt":1704794603153,"submittedAt":1704794415849,"details":{"KPI.PROGRESS_CURRENT_OBJECTIVE":"2926696.8582","KPI.avgDisplayPricePenaltyKPI":"0","KPI.emptySpacePenaltyKPI":"0","KPI.expectedSalesKPI":"2.928E+4","KPI.rectangularityPenaltyKPI":"229","KPI.shortagePenaltyKPI":"1489","KPI.squarenessPenaltyKPI":"45","MODEL_DETAIL_BOOLEAN_VARS":"1812","MODEL_DETAIL_CONSTRAINTS":"11154","MODEL_DETAIL_CONTINUOUS_VARS":"2036","MODEL_DETAIL_INTEGER_VARS":"1904","MODEL_DETAIL_LINEAR_CONSTRAINTS":"11154","MODEL_DETAIL_NON_ZEROS":"49954","MODEL_DETAIL_OBJECTIVE_SENSE":"maximize","MODEL_DETAIL_QUADRATIC_CONSTRAINTS":"0","MODEL_DETAIL_TYPE":"MIP","PROGRESS_BEST_OBJECTIVE":"2927299.2294","PROGRESS_BEST_OBJECTIVE.history":"[[1.704794423106E9,2927386.0359],[1.704794424117E9,2927385.3327],[1.704794425831E9,2927385.3327],[1.704794428183E9,2927385.3327],[1.704794430431E9,2927385.2001],[1.704794440236E9,2927382.1364],[1.704794441256E9,2927375.2743],[1.70479444708E9,2927366.6047],[1.704794449862E9,2927364.6409],[1.704794452541E9,2927361.0042],[1.704794453662E9,2927358.6528],[1.70479445577E9,2927343.6868],[1.704794456851E9,2927342.9916],[1.704794458379E9,2927340.2514],[1.704794459588E9,2927338.475],[1.704794463661E9,2927338.4699],[1.704794465354E9,2927338.1793],[1.704794467224E9,2927337.9393],[1.70479446854E9,2927337.9041],[1.704794470998E9,2927337.6714],[1.704794472106E9,2927337.3753],[1.7047944752E9,2927337.2518],[1.70479447747E9,2927337.1363],[1.70479447921E9,2927337.1336],[1.70479448037E9,2927337.0526],[1.704794482384E9,2927337.0315],[1.704794483877E9,2927337.0315],[1.704794485572E9,2927336.9173],[1.704794486795E9,2927336.7992],[1.704794489299E9,2927336.7576],[1.704794490479E9,2927336.751],[1.704794491501E9,2927336.6622],[1.704794493461E9,2927336.524],[1.704794497434E9,2927336.5092],[1.704794498735E9,2927336.2988],[1.704794500122E9,2927336.2221],[1.704794501352E9,2927336.1336],[1.704794503078E9,2927336.0236],[1.704794506203E9,2927335.8992],[1.704794507418E9,2927335.624],[1.704794508525E9,2927335.5686],[1.704794509813E9,2927335.0874],[1.704794511235E9,2927335.0874],[1.704794513667E9,2927334.9911],[1.704794514911E9,2927334.7153],[1.704794517911E9,2927334.6186],[1.70479451967E9,2927334.6084],[1.704794520894E9,2927334.4838],[1.704794521902E9,2927334.3342],[1.704794523485E9,2927333.4374],[1.704794524671E9,2927333.3574],[1.70479452611E9,2927332.0641],[1.704794527376E9,2927331.6342],[1.704794528773E9,2927331.446],[1.704794531484E9,2927330.609],[1.70479453263E9,2927330.0234],[1.704794533815E9,2927329.659],[1.704794535021E9,2927329.2812],[1.704794536086E9,2927329.1039],[1.704794537424E9,2927329.0669],[1.704794539725E9,2927329.0311],[1.704794540939E9,2927328.9168],[1.704794542205E9,2927326.7139],[1.704794543817E9,2927325.577],[1.704794544947E9,2927324.1207],[1.704794545965E9,2927323.5773],[1.704794548421E9,2927323.4709],[1.704794549722E9,2927320.7629],[1.704794551127E9,2927319.5829],[1.704794552494E9,2927318.896],[1.704794553738E9,2927317.947],[1.704794555408E9,2927317.5318],[1.704794556981E9,2927316.8244],[1.704794558199E9,2927315.3495],[1.704794560373E9,2927314.9495],[1.704794562763E9,2927314.9013],[1.70479456434E9,2927314.4425],[1.704794565544E9,2927313.8994],[1.704794566846E9,2927311.6886],[1.704794568058E9,2927309.8542],[1.704794569919E9,2927305.6113],[1.704794571399E9,2927304.5528],[1.704794572701E9,2927304.0941],[1.704794573735E9,2927303.3016],[1.704794574804E9,2927302.7493],[1.70479457595E9,2927302.7488],[1.704794577347E9,2927302.7027],[1.704794578399E9,2927302.4976],[1.704794579666E9,2927300.8376],[1.704794580726E9,2927300.047],[1.704794585384E9,2927299.8743],[1.704794590363E9,2927299.8537],[1.704794596646E9,2927299.6881],[1.704794600979E9,2927299.2294]]","PROGRESS_CURRENT_OBJECTIVE":"2926696.8582","PROGRESS_CURRENT_OBJECTIVE.history":"[[1.704794423106E9,-3145],[1.704794424117E9,-3145],[1.704794425831E9,831013.8964],[1.704794428183E9,1820478.1036],[1.704794430431E9,1820478.1038],[1.704794440236E9,2593457.3551],[1.704794441256E9,2593457.3551],[1.70479444708E9,2593457.3551],[1.704794449862E9,2593457.3551],[1.704794452541E9,2593457.3551],[1.704794453662E9,2593457.3551],[1.70479445577E9,2593457.3551],[1.704794456851E9,2593457.3551],[1.704794458379E9,2593457.3551],[1.704794459588E9,2593457.3551],[1.704794463661E9,2593457.3551],[1.704794465354E9,2593457.3551],[1.704794467224E9,2593457.3551],[1.70479446854E9,2593457.3551],[1.704794470998E9,2593457.3551],[1.704794472106E9,2593457.3551],[1.7047944752E9,2593457.3551],[1.70479447747E9,2899754.0762],[1.70479447921E9,2919039.8229],[1.70479448037E9,2919039.8229],[1.704794482384E9,2919039.8229],[1.704794483877E9,2920325.7948],[1.704794485572E9,2920325.7948],[1.704794486795E9,2920325.7948],[1.704794489299E9,2920325.7948],[1.704794490479E9,2920325.7948],[1.704794491501E9,2920325.7948],[1.704794493461E9,2920325.7948],[1.704794497434E9,2920325.7948],[1.704794498735E9,2920325.7948],[1.704794500122E9,2920325.7948],[1.704794501352E9,2920325.7948],[1.704794503078E9,2920325.7948],[1.704794506203E9,2920325.7948],[1.704794507418E9,2920325.7948],[1.704794508525E9,2920325.7948],[1.704794509813E9,2920325.7948],[1.704794511235E9,2920888.1914],[1.704794513667E9,2924896.4558],[1.704794514911E9,2924896.4558],[1.704794517911E9,2924896.4558],[1.70479451967E9,2924896.4558],[1.704794520894E9,2924896.4558],[1.704794521902E9,2924896.4558],[1.704794523485E9,2924896.4558],[1.704794524671E9,2924896.4558],[1.70479452611E9,2924896.4558],[1.704794527376E9,2924896.4558],[1.704794528773E9,2924896.4558],[1.704794531484E9,2924896.4558],[1.70479453263E9,2924896.4558],[1.704794533815E9,2924896.4558],[1.704794535021E9,2924896.4558],[1.704794536086E9,2924918.4559],[1.704794537424E9,2924918.4559],[1.704794539725E9,2925852.3341],[1.704794540939E9,2925852.3341],[1.704794542205E9,2925852.3341],[1.704794543817E9,2925852.3341],[1.704794544947E9,2925852.3341],[1.704794545965E9,2925852.3341],[1.704794548421E9,2925852.3341],[1.704794549722E9,2925852.3341],[1.704794551127E9,2925852.3341],[1.704794552494E9,2925852.3341],[1.704794553738E9,2925852.3341],[1.704794555408E9,2925852.3341],[1.704794556981E9,2925852.3341],[1.704794558199E9,2925852.3341],[1.704794560373E9,2925852.3341],[1.704794562763E9,2925852.3341],[1.70479456434E9,2925852.3341],[1.704794565544E9,2925852.3341],[1.704794566846E9,2925852.3341],[1.704794568058E9,2925852.3341],[1.704794569919E9,2925852.3341],[1.704794571399E9,2925852.3341],[1.704794572701E9,2925852.3341],[1.704794573735E9,2925852.3341],[1.704794574804E9,2925852.3341],[1.70479457595E9,2925922.3341],[1.704794577347E9,2925922.3341],[1.704794578399E9,2925928.3341],[1.704794579666E9,2925928.3341],[1.704794580726E9,2925928.3341],[1.704794585384E9,2926650.3582],[1.704794590363E9,2926655.8582],[1.704794596646E9,2926696.8582],[1.704794600979E9,2926696.8582]]","PROGRESS_GAP":"0.0002058","PROGRESS_GAP.history":"[[1.704794423106E9,931.8],[1.704794424117E9,931.8],[1.704794425831E9,2.523],[1.704794428183E9,0.6080],[1.704794430431E9,0.6080],[1.704794440236E9,0.1288],[1.704794441256E9,0.1288],[1.70479444708E9,0.1288],[1.704794449862E9,0.1287],[1.704794452541E9,0.1287],[1.704794453662E9,0.1287],[1.70479445577E9,0.1287],[1.704794456851E9,0.1287],[1.704794458379E9,0.1287],[1.704794459588E9,0.1287],[1.704794463661E9,0.1287],[1.704794465354E9,0.1287],[1.704794467224E9,0.1287],[1.70479446854E9,0.1287],[1.704794470998E9,0.1287],[1.704794472106E9,0.1287],[1.7047944752E9,0.1287],[1.70479447747E9,0.009512],[1.70479447921E9,0.002842],[1.70479448037E9,0.002842],[1.704794482384E9,0.002842],[1.704794483877E9,0.002401],[1.704794485572E9,0.002401],[1.704794486795E9,0.002401],[1.704794489299E9,0.002401],[1.704794490479E9,0.002401],[1.704794491501E9,0.002401],[1.704794493461E9,0.002401],[1.704794497434E9,0.002401],[1.704794498735E9,0.002401],[1.704794500122E9,0.002401],[1.704794501352E9,0.002401],[1.704794503078E9,0.002400],[1.704794506203E9,0.002400],[1.704794507418E9,0.002400],[1.704794508525E9,0.002400],[1.704794509813E9,0.002400],[1.704794511235E9,0.002207],[1.704794513667E9,0.0008337],[1.704794514911E9,0.0008336],[1.704794517911E9,0.0008336],[1.70479451967E9,0.0008336],[1.704794520894E9,0.0008335],[1.704794521902E9,0.0008335],[1.704794523485E9,0.0008332],[1.704794524671E9,0.0008332],[1.70479452611E9,0.0008327],[1.704794527376E9,0.0008326],[1.704794528773E9,0.0008325],[1.704794531484E9,0.0008322],[1.70479453263E9,0.0008320],[1.704794533815E9,0.0008319],[1.704794535021E9,0.0008318],[1.704794536086E9,0.0008242],[1.704794537424E9,0.0008242],[1.704794539725E9,0.0005047],[1.704794540939E9,0.0005047],[1.704794542205E9,0.0005039],[1.704794543817E9,0.0005035],[1.704794544947E9,0.0005030],[1.704794545965E9,0.0005028],[1.704794548421E9,0.0005028],[1.704794549722E9,0.0005019],[1.704794551127E9,0.0005015],[1.704794552494E9,0.0005012],[1.704794553738E9,0.0005009],[1.704794555408E9,0.0005008],[1.704794556981E9,0.0005005],[1.704794558199E9,0.0005000],[1.704794560373E9,0.0004999],[1.704794562763E9,0.0004999],[1.70479456434E9,0.0004997],[1.704794565544E9,0.0004995],[1.704794566846E9,0.0004988],[1.704794568058E9,0.0004982],[1.704794569919E9,0.0004967],[1.704794571399E9,0.0004963],[1.704794572701E9,0.0004962],[1.704794573735E9,0.0004959],[1.704794574804E9,0.0004957],[1.70479457595E9,0.0004718],[1.704794577347E9,0.0004718],[1.704794578399E9,0.0004697],[1.704794579666E9,0.0004691],[1.704794580726E9,0.0004688],[1.704794585384E9,0.0002219],[1.704794590363E9,0.0002200],[1.704794596646E9,0.0002060],[1.704794600979E9,0.0002058]]","STAT.cplex.modelType":"MIP","STAT.cplex.size.booleanVariables":"1812","STAT.cplex.size.constraints":"11154","STAT.cplex.size.continousVariables":"2036","STAT.cplex.size.integerVariables":"1904","STAT.cplex.size.linearConstraints":"11154","STAT.cplex.size.quadraticConstraints":"0","STAT.cplex.size.variables":"5752","STAT.cplex.solve.elapsedTime":"1.705E+9","STAT.cplex.solve.explored":"2200310","STAT.cplex.solve.iterationCount":"534654","STAT.cplex.solve.opened":"333001","STAT.job.coresCount":"1","STAT.job.inputsReadMs":"681","STAT.job.memoryPeakKB":"446928","STAT.job.modelProcessingMs":"183238","STAT.job.outputsWriteMs":"2074","latestOutputUpload":"2024-01-09T10:03:23.151Z"},"executionStatus":"PROCESSED","solveStatus":"FEASIBLE_SOLUTION","logTail":["[2024-01-09T10:03:20.979Z, INFO] Sequential b&c:","[2024-01-09T10:03:20.979Z, INFO]   Real time             =  175.15 sec. (190525.36 ticks)","[2024-01-09T10:03:20.979Z, INFO]                           ------------","[2024-01-09T10:03:20.979Z, INFO] Total (root+branch&cut) =  180.00 sec. (192305.17 ticks)","[2024-01-09T10:03:20.984Z, INFO] Initialization of expectedSalesKPI.","[2024-01-09T10:03:20.984Z, INFO] ------kpi- KPI.expectedSalesKPI 2.928E+4","[2024-01-09T10:03:20.985Z, INFO] Initialization of emptySpacePenaltyKPI.","[2024-01-09T10:03:20.985Z, INFO] ------kpi- KPI.emptySpacePenaltyKPI 0","[2024-01-09T10:03:20.985Z, INFO] Initialization of shortagePenaltyKPI.","[2024-01-09T10:03:20.985Z, INFO] ------kpi- KPI.shortagePenaltyKPI 1489","[2024-01-09T10:03:20.985Z, INFO] Initialization of rectangularityPenaltyKPI.","[2024-01-09T10:03:20.985Z, INFO] ------kpi- KPI.rectangularityPenaltyKPI 229","[2024-01-09T10:03:20.985Z, INFO] Initialization of squarenessPenaltyKPI.","[2024-01-09T10:03:20.985Z, INFO] ------kpi- KPI.squarenessPenaltyKPI 45","[2024-01-09T10:03:20.985Z, INFO] Initialization of avgDisplayPricePenaltyKPI.","[2024-01-09T10:03:20.985Z, INFO] ------kpi- KPI.avgDisplayPricePenaltyKPI 0","[2024-01-09T10:03:20.985Z, INFO] Initialization of TEmptySpaceOnShelf.","[2024-01-09T10:03:20.985Z, INFO] Initialization of emptySpaceOnShelf.","[2024-01-09T10:03:20.986Z, INFO] Initialization of TGroupFacings.","[2024-01-09T10:03:20.986Z, INFO] Initialization of GroupFacings.","[2024-01-09T10:03:20.986Z, INFO] Initialization of TGroupOnShelfPlacement.","[2024-01-09T10:03:20.986Z, INFO] Initialization of GroupOnShelfPlacement.","[2024-01-09T10:03:20.987Z, INFO] Initialization of TSKUOnShelfPlacement.","[2024-01-09T10:03:20.987Z, INFO] Initialization of SKUOnShelfPlacement.","[2024-01-09T10:03:20.987Z, INFO] Initialization of TUnitsShortage.","[2024-01-09T10:03:20.987Z, INFO] Initialization of unitsShortage.","[2024-01-09T10:03:20.989Z, INFO] Initialization of squarenessPenaltyKPI.","[2024-01-09T10:03:20.989Z, INFO] Initialization of shortagePenaltyKPI.","[2024-01-09T10:03:20.989Z, INFO] Initialization of emptySpacePenaltyKPI.","[2024-01-09T10:03:20.989Z, INFO] Initialization of expectedSalesKPI.","[2024-01-09T10:03:20.989Z, INFO] Initialization of rectangularityPenaltyKPI.","[2024-01-09T10:03:20.989Z, INFO] Initialization of avgDisplayPricePenaltyKPI.","[2024-01-09T10:03:20.990Z, INFO] Initialization of SKUOnShelfPlacement.","[2024-01-09T10:03:20.990Z, INFO] Initialization of TSKUOnShelfPlacement.","[2024-01-09T10:03:20.990Z, INFO] Initialization of GroupOnShelfPlacement.","[2024-01-09T10:03:20.990Z, INFO] Initialization of TGroupOnShelfPlacement.","[2024-01-09T10:03:20.990Z, INFO] Initialization of emptySpaceOnShelf.","[2024-01-09T10:03:20.990Z, INFO] Initialization of TEmptySpaceOnShelf.","[2024-01-09T10:03:20.990Z, INFO] Initialization of unitsShortage.","[2024-01-09T10:03:20.991Z, INFO] Initialization of TUnitsShortage.","[2024-01-09T10:03:20.991Z, INFO] Initialization of GroupFacings.","[2024-01-09T10:03:20.991Z, INFO] Initialization of TGroupFacings.","[2024-01-09T10:03:20.993Z, INFO] attachments : [unitsShortage.csv,GroupOnShelfPlacement.csv,GroupFacings.csv,SKUOnShelfPlacement.csv,emptySpaceOnShelf.csv]","[2024-01-09T10:03:20.999Z, INFO] Total time spent in post processing: 873 msecs.","[2024-01-09T10:03:20.999Z, INFO] Solve finished with status: FEASIBLE_SOLUTION."]},"taskSetupTime":1704794415906,"taskSolveTime":1704794606991,"taskTearDownTime":1704794608139,"jobSpaceId":"3cbe2d44-0bc4-43c9-939a-7e089e6fe1a8","jobDeploymentId":"440a212c-30a2-4650-be27-e1e0f53d6bc8","jobId":"bd7c1ddf-02ba-460a-a973-6bf0a95c7425","ping":1704794588759},"dataUsagePerCategory":{"output":{"lastModificationTime":1704794601109,"lastModifier":"IBMid-270006YQEG"},"input":{"lastModificationTime":1701336063559,"lastModifier":"IBMid-270006YQEG"},"model":{"lastModificationTime":1701336063559,"lastModifier":"IBMid-270006YQEG"}}},{"id":"93c23ece-c5ee-4587-8bc8-dea5122063f9","qualifiers":[{"name":"modelType","value":"opl"},{"name":"modelMetadata","value":"{\"creationTime\":1566495940185,\"lastEditTime\":1626869898700,\"lastUploadTime\":1566495941253}"}],"name":"Scenario rectangle and square","description":"","category":"scenario","readOnly":false,"creator":"IBMid-270006YQEG","createdAt":1701336068000,"usage":{"lastModificationTime":1704795688000,"lastModifier":"IBMid-270006YQEG"},"tables":[{"category":"output","creator":"IBMid-270006YQEG","createdAt":1701336068512,"lastUpdater":"IBMid-270006YQEG","updatedAt":1704795682934,"crc":920247419,"size":1424,"attachmentKey":"74da3115-329c-4d50-85fd-c175ef04940e/1704795682934","name":"SKUOnShelfPlacement","tableType":{"columns":[{"key":"sku","dataType":"String"},{"key":"shelf","dataType":"String"},{"key":"numFacings","dataType":"Number"},{"key":"offset","dataType":"Number"},{"key":"skuWidth","dataType":"Number"},{"key":"offset2","dataType":"Number"},{"key":"parentGrp","dataType":"String"}]},"numberOfRows":43},{"category":"input","creator":"IBMid-270006YQEG","createdAt":1701336068512,"lastUpdater":"IBMid-270006YQEG","updatedAt":1701336068512,"attachmentKey":"fe4ae60f-f7b4-4c2b-a438-abf680062cd7/43b7c7fa-aae3-4eee-94e6-953d870507b5","name":"Parameters","tableType":{"columns":[{"key":"MinTargetAvgDisplayPrice","dataType":"Number"},{"key":"MaxTargetAvgDisplayPrice","dataType":"Number"}]},"numberOfRows":1},{"category":"output","creator":"IBMid-270006YQEG","createdAt":1701336068512,"lastUpdater":"IBMid-270006YQEG","updatedAt":1704795682934,"crc":1886442698,"size":698,"attachmentKey":"4e3949ce-b094-41b5-a2ce-10705bcfb168/1704795682934","name":"GroupFacings","tableType":{"columns":[{"key":"grp","dataType":"String"},{"key":"alpha","dataType":"Number"},{"key":"beta","dataType":"Number"},{"key":"numFacings","dataType":"Number"}]},"numberOfRows":36},{"category":"input","creator":"IBMid-270006YQEG","createdAt":1701336068512,"lastUpdater":"IBMid-270006YQEG","updatedAt":1701336068512,"attachmentKey":"fe4ae60f-f7b4-4c2b-a438-abf680062cd7/5a674434-6573-4f02-aa13-0c60148eeeac","name":"AdjTypes","tableType":{"columns":[{"key":"value","dataType":"String"}]},"numberOfRows":2},{"category":"output","creator":"IBMid-270006YQEG","createdAt":1701336068512,"lastUpdater":"IBMid-270006YQEG","updatedAt":1704795682934,"crc":3113473615,"size":64,"attachmentKey":"c2d80732-06fa-409a-be9a-5dc06b245fa9/1704795682934","name":"emptySpaceOnShelf","tableType":{"columns":[{"key":"shelf","dataType":"String"},{"key":"value","dataType":"Number"}]},"numberOfRows":6},{"category":"output","creator":"IBMid-270006YQEG","createdAt":1701336068512,"lastUpdater":"IBMid-270006YQEG","updatedAt":1704795682934,"crc":961637826,"size":2498,"attachmentKey":"09643d5c-2a3c-4be8-88d1-b32b86e96d08/1704795682934","name":"unitsShortage","tableType":{"columns":[{"key":"sku","dataType":"String"},{"key":"value","dataType":"Number"}]},"numberOfRows":236},{"category":"input","creator":"IBMid-270006YQEG","createdAt":1701336068512,"lastUpdater":"IBMid-270006YQEG","updatedAt":1701336068512,"name":"GroupAdjacencies","tableType":{"columns":[{"key":"grp1Id","dataType":"String"},{"key":"grp2Id","dataType":"String"},{"key":"adjType","dataType":"String"}]},"numberOfRows":0},{"category":"input","creator":"IBMid-270006YQEG","createdAt":1701336068512,"lastUpdater":"IBMid-270006YQEG","updatedAt":1701336068512,"attachmentKey":"fe4ae60f-f7b4-4c2b-a438-abf680062cd7/b51e940c-2db0-44bf-9d91-f3b7835bfe51","name":"SKUs","tableType":{"columns":[{"key":"id","dataType":"String"},{"key":"minFacings","dataType":"Number"},{"key":"maxFacings","dataType":"Number"},{"key":"demand","dataType":"Number"},{"key":"replenishRate","dataType":"Number"},{"key":"parentGroup","dataType":"String"},{"key":"width","dataType":"Number"},{"key":"price","dataType":"Number"}]},"numberOfRows":236},{"category":"input","creator":"IBMid-270006YQEG","createdAt":1701336068512,"lastUpdater":"IBMid-270006YQEG","updatedAt":1701336068512,"attachmentKey":"fe4ae60f-f7b4-4c2b-a438-abf680062cd7/999ceac2-a113-4cc2-a464-b3680fd6ce2c","name":"Weights","tableType":{"columns":[{"key":"expectedSales","dataType":"Number"},{"key":"emptySpacePenalty","dataType":"Number"},{"key":"shortagePenalty","dataType":"Number"},{"key":"rectangularityPenalty","dataType":"Number"},{"key":"squarenessPenalty","dataType":"Number"},{"key":"avgDisplayPricePenalty","dataType":"Number"}]},"numberOfRows":1},{"category":"input","creator":"IBMid-270006YQEG","createdAt":1701336068512,"lastUpdater":"IBMid-270006YQEG","updatedAt":1701336068512,"name":"GroupFacingLimits","tableType":{"columns":[{"key":"grp","dataType":"String"},{"key":"minFacings","dataType":"String"},{"key":"maxFacings","dataType":"String"}]},"numberOfRows":0},{"category":"input","creator":"IBMid-270006YQEG","createdAt":1701336068512,"lastUpdater":"IBMid-270006YQEG","updatedAt":1701336068512,"attachmentKey":"fe4ae60f-f7b4-4c2b-a438-abf680062cd7/f7a97fd9-d289-402d-b91c-ade7cfc5f437","name":"SKUShelves","tableType":{"columns":[{"key":"sku","dataType":"String"},{"key":"shelf","dataType":"String"},{"key":"unitsPerFacing","dataType":"Number"}]},"numberOfRows":1416},{"category":"output","creator":"IBMid-270006YQEG","createdAt":1701336068512,"lastUpdater":"IBMid-270006YQEG","updatedAt":1704795682934,"crc":118800918,"size":474,"attachmentKey":"d2cd6864-5aca-4671-816d-b39e1a2ca40e/1704795682934","name":"stats","tableType":{"columns":[{"key":"Name","dataType":"String"},{"key":"Value","dataType":"String"}]},"numberOfRows":16},{"category":"input","creator":"IBMid-270006YQEG","createdAt":1701336068512,"lastUpdater":"IBMid-270006YQEG","updatedAt":1701336068512,"attachmentKey":"fe4ae60f-f7b4-4c2b-a438-abf680062cd7/e258fbfe-2997-4cad-a4da-0334037fba46","name":"Groups","tableType":{"columns":[{"key":"id","dataType":"String"},{"key":"level","dataType":"Number"},{"key":"parentGroup","dataType":"String"},{"key":"alpha","dataType":"Number"},{"key":"beta","dataType":"Number"},{"key":"needRectangularity","dataType":"Number"},{"key":"needSquareness","dataType":"Number"}]},"numberOfRows":36},{"category":"input","creator":"IBMid-270006YQEG","createdAt":1701336068512,"lastUpdater":"IBMid-270006YQEG","updatedAt":1701336068512,"name":"GroupsReqdOnShelves","tableType":{"columns":[{"key":"grp","dataType":"String"},{"key":"shelf","dataType":"String"}]},"numberOfRows":0},{"category":"output","creator":"IBMid-270006YQEG","createdAt":1701336068512,"lastUpdater":"IBMid-270006YQEG","updatedAt":1704795682934,"crc":2610991902,"size":1572,"attachmentKey":"84832da9-92a9-42a7-bcd2-f89f2a798c1b/1704795682934","name":"GroupOnShelfPlacement","tableType":{"columns":[{"key":"grp","dataType":"String"},{"key":"shelf","dataType":"String"},{"key":"numFacings","dataType":"Number"},{"key":"offset","dataType":"Number"},{"key":"widthOnShelf","dataType":"Number"}]},"numberOfRows":69},{"category":"input","creator":"IBMid-270006YQEG","createdAt":1701336068512,"lastUpdater":"IBMid-270006YQEG","updatedAt":1701336068512,"attachmentKey":"fe4ae60f-f7b4-4c2b-a438-abf680062cd7/dab3cc13-0100-4b89-b1fa-78ce625476a0","name":"Shelves","tableType":{"columns":[{"key":"id","dataType":"String"},{"key":"width","dataType":"Number"},{"key":"level","dataType":"Number"},{"key":"offSet","dataType":"Number"}]},"numberOfRows":6},{"category":"output","creator":"IBMid-270006YQEG","createdAt":1701336068512,"lastUpdater":"IBMid-270006YQEG","updatedAt":1704795682934,"crc":4149864895,"size":199,"attachmentKey":"281798b9-9229-4082-b09c-3b49ad97fe51/1704795682934","name":"kpis","tableType":{"columns":[{"key":"Name","dataType":"String"},{"key":"Value","dataType":"Number"}]},"numberOfRows":7}],"assets":[{"qualifiers":[{"name":"source","value":"{\"creationTime\":1566495940185,\"lastEditTime\":1566495941253,\"lastUploadTime\":1566495941253}"}],"category":"model","creator":"IBMid-270006YQEG","createdAt":1701336068512,"lastUpdater":"IBMid-270006YQEG","updatedAt":1701336068512,"crc":749050825,"size":18340,"attachmentKey":"ef2b8cb1-e71b-46d8-9081-454ce854fba9/1699455331564","name":"model.mod","contentType":"application/json"},{"category":"output","creator":"IBMid-270006YQEG","createdAt":1704795682934,"lastUpdater":"IBMid-270006YQEG","updatedAt":1704795682934,"crc":1584231526,"size":222935,"attachmentKey":"cc58102a-74bc-442a-b7a8-78fd0324885d/1704795682934","name":"log.txt","contentType":"text/plain"}],"solveStatus":{"creationTime":1704795487127,"lastModificationTime":1704795686689,"state":"TERMINATED","solveConfig":{"containerId":"Scenario rectangle and square","solveParameters":{}},"jobDetails":{"id":"d3d70878-65a0-4cd7-8664-48ebe3917aac","createdAt":1704795494421,"startedAt":1704795499728,"endedAt":1704795684963,"submittedAt":1704795494421,"details":{"KPI.PROGRESS_CURRENT_OBJECTIVE":"-71.1874","KPI.avgDisplayPricePenaltyKPI":"4","KPI.emptySpacePenaltyKPI":"19.50","KPI.expectedSalesKPI":"2.507E+4","KPI.rectangularityPenaltyKPI":"0","KPI.shortagePenaltyKPI":"1495","KPI.squarenessPenaltyKPI":"10","MODEL_DETAIL_BOOLEAN_VARS":"1812","MODEL_DETAIL_CONSTRAINTS":"11154","MODEL_DETAIL_CONTINUOUS_VARS":"2036","MODEL_DETAIL_INTEGER_VARS":"1904","MODEL_DETAIL_LINEAR_CONSTRAINTS":"11154","MODEL_DETAIL_NON_ZEROS":"49954","MODEL_DETAIL_OBJECTIVE_SENSE":"maximize","MODEL_DETAIL_QUADRATIC_CONSTRAINTS":"0","MODEL_DETAIL_TYPE":"MIP","PROGRESS_BEST_OBJECTIVE":"11429.1442","PROGRESS_BEST_OBJECTIVE.history":"[[1.704795503674E9,14507.4077],[1.704795506532E9,14450.0844],[1.704795522399E9,14450.0844],[1.70479552567E9,14450.0844],[1.70479552784E9,14450.0844],[1.704795542725E9,13454.034],[1.704795551115E9,13179.1787],[1.704795554803E9,12672.8418],[1.704795557228E9,12667.4512],[1.704795560709E9,12597.7746],[1.704795563961E9,12577.7169],[1.704795566653E9,12538.2625],[1.704795569435E9,12424.6534],[1.704795571594E9,12412.7297],[1.704795574248E9,12323.5563],[1.704795577758E9,12293.6808],[1.704795581352E9,12262.3991],[1.70479558311E9,12179.3788],[1.704795584758E9,12170.039],[1.704795588872E9,12153.6587],[1.704795592761E9,12143.8157],[1.704795597593E9,12143.8157],[1.704795599718E9,12133.1299],[1.704795603791E9,12097.4475],[1.704795605443E9,12097.4475],[1.704795608891E9,12023.41],[1.70479561129E9,11969.9502],[1.704795614278E9,11964.8828],[1.704795616425E9,11958.8052],[1.704795617788E9,11958.1025],[1.704795620059E9,11938.3934],[1.704795623399E9,11897.8662],[1.70479563026E9,11746.4695],[1.704795632718E9,11672.8418],[1.704795636786E9,11642.0655],[1.704795640123E9,11641.7824],[1.704795649162E9,11571.0924],[1.704795651196E9,11568.3166],[1.704795652807E9,11561.0294],[1.704795655299E9,11547.7062],[1.704795658852E9,11547.7062],[1.704795661904E9,11538.796],[1.704795663429E9,11525.6707],[1.704795666099E9,11525.6707],[1.704795667987E9,11518.9963],[1.704795671913E9,11446.4294],[1.704795674473E9,11439.9147],[1.704795677152E9,11439.9147],[1.704795678422E9,11433.522],[1.704795681403E9,11429.1442],[1.704795682829E9,11429.1442]]","PROGRESS_CURRENT_OBJECTIVE":"-71.1874","PROGRESS_CURRENT_OBJECTIVE.history":"[[1.704795503674E9,-31450],[1.704795506532E9,-29026.6312],[1.704795522399E9,-28589.2531],[1.70479552567E9,-13536.358],[1.70479552784E9,-13132.7658],[1.704795542725E9,-10253.8018],[1.704795551115E9,-10253.8018],[1.704795554803E9,-10253.8018],[1.704795557228E9,-10253.8018],[1.704795560709E9,-10253.8018],[1.704795563961E9,-10253.8018],[1.704795566653E9,-10253.8018],[1.704795569435E9,-10253.8018],[1.704795571594E9,-10253.8018],[1.704795574248E9,-10253.8018],[1.704795577758E9,-10253.8018],[1.704795581352E9,-10253.8018],[1.70479558311E9,-10253.8018],[1.704795584758E9,-10253.8018],[1.704795588872E9,-10253.8018],[1.704795592761E9,-10253.8018],[1.704795597593E9,-5578.4139],[1.704795599718E9,-5578.4139],[1.704795603791E9,-5578.4139],[1.704795605443E9,-4740.5433],[1.704795608891E9,-4740.5433],[1.70479561129E9,-4740.5433],[1.704795614278E9,-4740.5433],[1.704795616425E9,-4740.5433],[1.704795617788E9,-4740.5433],[1.704795620059E9,-4740.5433],[1.704795623399E9,-4740.5433],[1.70479563026E9,-4740.5433],[1.704795632718E9,-4740.5433],[1.704795636786E9,-4740.5433],[1.704795640123E9,-4740.5433],[1.704795649162E9,-4740.5433],[1.704795651196E9,-4740.5433],[1.704795652807E9,-4740.5433],[1.704795655299E9,-4740.5433],[1.704795658852E9,-4504.9253],[1.704795661904E9,-1844.3189],[1.704795663429E9,-1844.3189],[1.704795666099E9,-1448.3163],[1.704795667987E9,-1448.3163],[1.704795671913E9,-1448.3163],[1.704795674473E9,-1448.3163],[1.704795677152E9,-71.1874],[1.704795678422E9,-71.1874],[1.704795681403E9,-71.1874],[1.704795682829E9,-71.1874]]","PROGRESS_GAP":"161.6","PROGRESS_GAP.history":"[[1.704795503674E9,1.461],[1.704795506532E9,1.498],[1.704795522399E9,1.505],[1.70479552567E9,2.068],[1.70479552784E9,2.100],[1.704795542725E9,2.312],[1.704795551115E9,2.285],[1.704795554803E9,2.236],[1.704795557228E9,2.235],[1.704795560709E9,2.229],[1.704795563961E9,2.227],[1.704795566653E9,2.223],[1.704795569435E9,2.212],[1.704795571594E9,2.211],[1.704795574248E9,2.202],[1.704795577758E9,2.199],[1.704795581352E9,2.196],[1.70479558311E9,2.188],[1.704795584758E9,2.187],[1.704795588872E9,2.185],[1.704795592761E9,2.184],[1.704795597593E9,3.177],[1.704795599718E9,3.175],[1.704795603791E9,3.169],[1.704795605443E9,3.552],[1.704795608891E9,3.536],[1.70479561129E9,3.525],[1.704795614278E9,3.524],[1.704795616425E9,3.523],[1.704795617788E9,3.523],[1.704795620059E9,3.518],[1.704795623399E9,3.510],[1.70479563026E9,3.478],[1.704795632718E9,3.462],[1.704795636786E9,3.456],[1.704795640123E9,3.456],[1.704795649162E9,3.441],[1.704795651196E9,3.440],[1.704795652807E9,3.439],[1.704795655299E9,3.436],[1.704795658852E9,3.563],[1.704795661904E9,7.256],[1.704795663429E9,7.249],[1.704795666099E9,8.958],[1.704795667987E9,8.953],[1.704795671913E9,8.903],[1.704795674473E9,8.899],[1.704795677152E9,161.7],[1.704795678422E9,161.6],[1.704795681403E9,161.6],[1.704795682829E9,161.6]]","STAT.cplex.modelType":"MIP","STAT.cplex.size.booleanVariables":"1812","STAT.cplex.size.constraints":"11154","STAT.cplex.size.continousVariables":"2036","STAT.cplex.size.integerVariables":"1904","STAT.cplex.size.linearConstraints":"11154","STAT.cplex.size.quadraticConstraints":"0","STAT.cplex.size.variables":"5752","STAT.cplex.solve.elapsedTime":"1.705E+9","STAT.cplex.solve.explored":"320123","STAT.cplex.solve.iterationCount":"963231","STAT.cplex.solve.opened":"110222","STAT.job.coresCount":"1","STAT.job.inputsReadMs":"2113","STAT.job.memoryPeakKB":"235792","STAT.job.modelProcessingMs":"180888","STAT.job.outputsWriteMs":"2043","latestOutputUpload":"2024-01-09T10:21:24.961Z"},"executionStatus":"PROCESSED","solveStatus":"FEASIBLE_SOLUTION","logTail":["[2024-01-09T10:21:22.829Z, INFO] Sequential b&c:","[2024-01-09T10:21:22.829Z, INFO]   Real time             =  176.30 sec. (187685.26 ticks)","[2024-01-09T10:21:22.829Z, INFO]                           ------------","[2024-01-09T10:21:22.829Z, INFO] Total (root+branch&cut) =  180.00 sec. (190868.41 ticks)","[2024-01-09T10:21:22.839Z, INFO] Initialization of expectedSalesKPI.","[2024-01-09T10:21:22.842Z, INFO] ------kpi- KPI.expectedSalesKPI 2.507E+4","[2024-01-09T10:21:22.843Z, INFO] Initialization of emptySpacePenaltyKPI.","[2024-01-09T10:21:22.843Z, INFO] ------kpi- KPI.emptySpacePenaltyKPI 19.50","[2024-01-09T10:21:22.843Z, INFO] Initialization of shortagePenaltyKPI.","[2024-01-09T10:21:22.843Z, INFO] ------kpi- KPI.shortagePenaltyKPI 1495","[2024-01-09T10:21:22.844Z, INFO] Initialization of rectangularityPenaltyKPI.","[2024-01-09T10:21:22.844Z, INFO] ------kpi- KPI.rectangularityPenaltyKPI 0","[2024-01-09T10:21:22.844Z, INFO] Initialization of squarenessPenaltyKPI.","[2024-01-09T10:21:22.845Z, INFO] ------kpi- KPI.squarenessPenaltyKPI 10","[2024-01-09T10:21:22.845Z, INFO] Initialization of avgDisplayPricePenaltyKPI.","[2024-01-09T10:21:22.845Z, INFO] ------kpi- KPI.avgDisplayPricePenaltyKPI 4","[2024-01-09T10:21:22.845Z, INFO] Initialization of TEmptySpaceOnShelf.","[2024-01-09T10:21:22.845Z, INFO] Initialization of emptySpaceOnShelf.","[2024-01-09T10:21:22.846Z, INFO] Initialization of TGroupFacings.","[2024-01-09T10:21:22.846Z, INFO] Initialization of GroupFacings.","[2024-01-09T10:21:22.847Z, INFO] Initialization of TGroupOnShelfPlacement.","[2024-01-09T10:21:22.847Z, INFO] Initialization of GroupOnShelfPlacement.","[2024-01-09T10:21:22.848Z, INFO] Initialization of TSKUOnShelfPlacement.","[2024-01-09T10:21:22.848Z, INFO] Initialization of SKUOnShelfPlacement.","[2024-01-09T10:21:22.851Z, INFO] Initialization of TUnitsShortage.","[2024-01-09T10:21:22.851Z, INFO] Initialization of unitsShortage.","[2024-01-09T10:21:22.852Z, INFO] Initialization of squarenessPenaltyKPI.","[2024-01-09T10:21:22.852Z, INFO] Initialization of shortagePenaltyKPI.","[2024-01-09T10:21:22.852Z, INFO] Initialization of emptySpacePenaltyKPI.","[2024-01-09T10:21:22.853Z, INFO] Initialization of expectedSalesKPI.","[2024-01-09T10:21:22.853Z, INFO] Initialization of rectangularityPenaltyKPI.","[2024-01-09T10:21:22.853Z, INFO] Initialization of avgDisplayPricePenaltyKPI.","[2024-01-09T10:21:22.853Z, INFO] Initialization of SKUOnShelfPlacement.","[2024-01-09T10:21:22.853Z, INFO] Initialization of TSKUOnShelfPlacement.","[2024-01-09T10:21:22.855Z, INFO] Initialization of GroupOnShelfPlacement.","[2024-01-09T10:21:22.855Z, INFO] Initialization of TGroupOnShelfPlacement.","[2024-01-09T10:21:22.856Z, INFO] Initialization of emptySpaceOnShelf.","[2024-01-09T10:21:22.856Z, INFO] Initialization of TEmptySpaceOnShelf.","[2024-01-09T10:21:22.857Z, INFO] Initialization of unitsShortage.","[2024-01-09T10:21:22.857Z, INFO] Initialization of TUnitsShortage.","[2024-01-09T10:21:22.857Z, INFO] Initialization of GroupFacings.","[2024-01-09T10:21:22.857Z, INFO] Initialization of TGroupFacings.","[2024-01-09T10:21:22.867Z, INFO] attachments : [unitsShortage.csv,GroupOnShelfPlacement.csv,GroupFacings.csv,SKUOnShelfPlacement.csv,emptySpaceOnShelf.csv]","[2024-01-09T10:21:22.872Z, INFO] Total time spent in post processing: 239 msecs.","[2024-01-09T10:21:22.872Z, INFO] Solve finished with status: FEASIBLE_SOLUTION."]},"taskSetupTime":1704795494471,"taskSolveTime":1704795685537,"taskTearDownTime":1704795686689,"jobSpaceId":"3cbe2d44-0bc4-43c9-939a-7e089e6fe1a8","jobDeploymentId":"440a212c-30a2-4650-be27-e1e0f53d6bc8","jobId":"d3d70878-65a0-4cd7-8664-48ebe3917aac","ping":1704795667290},"dataUsagePerCategory":{"output":{"lastModificationTime":1704795682934,"lastModifier":"IBMid-270006YQEG"},"input":{"lastModificationTime":1701336068512,"lastModifier":"IBMid-270006YQEG"},"model":{"lastModificationTime":1701336068512,"lastModifier":"IBMid-270006YQEG"}}},{"id":"ae6db4ac-f4fb-40f8-98ae-a9baf1274394","qualifiers":[{"name":"modelType","value":"opl"},{"name":"modelMetadata","value":"{\"creationTime\":1566496043650,\"lastEditTime\":1626870100645,\"lastUploadTime\":1626869717233}"}],"name":"Scenario Lexicographic","description":"","category":"scenario","readOnly":false,"creator":"IBMid-270006YQEG","createdAt":1701336065000,"usage":{"lastModificationTime":1704794828000,"lastModifier":"IBMid-270006YQEG"},"tables":[{"category":"output","creator":"IBMid-270006YQEG","createdAt":1701336065618,"lastUpdater":"IBMid-270006YQEG","updatedAt":1704794816586,"crc":1800708715,"size":1103,"attachmentKey":"c315dadc-6af9-41e0-b9c8-a2e9b6d46784/1704794816586","name":"SKUOnShelfPlacement","tableType":{"columns":[{"key":"sku","dataType":"String"},{"key":"shelf","dataType":"String"},{"key":"numFacings","dataType":"Number"},{"key":"offset","dataType":"Number"},{"key":"skuWidth","dataType":"Number"},{"key":"offset2","dataType":"Number"},{"key":"parentGrp","dataType":"String"}]},"numberOfRows":34},{"category":"input","creator":"IBMid-270006YQEG","createdAt":1701336065618,"lastUpdater":"IBMid-270006YQEG","updatedAt":1701336065618,"attachmentKey":"bafd4a58-fc37-4691-97f0-80cf2e0cec69/7aa6f11d-cd71-4735-88f0-b96f7880f242","name":"Parameters","tableType":{"columns":[{"key":"MinTargetAvgDisplayPrice","dataType":"Number"},{"key":"MaxTargetAvgDisplayPrice","dataType":"Number"}]},"numberOfRows":1},{"category":"output","creator":"IBMid-270006YQEG","createdAt":1701336065618,"lastUpdater":"IBMid-270006YQEG","updatedAt":1704794816586,"crc":3286566589,"size":701,"attachmentKey":"28c8a5dc-4832-421d-9af0-994f32286019/1704794816586","name":"GroupFacings","tableType":{"columns":[{"key":"grp","dataType":"String"},{"key":"alpha","dataType":"Number"},{"key":"beta","dataType":"Number"},{"key":"numFacings","dataType":"Number"}]},"numberOfRows":36},{"category":"input","creator":"IBMid-270006YQEG","createdAt":1701336065618,"lastUpdater":"IBMid-270006YQEG","updatedAt":1701336065618,"attachmentKey":"bafd4a58-fc37-4691-97f0-80cf2e0cec69/e9c11812-6b6a-47e7-a3c0-e56523bd60c0","name":"AdjTypes","tableType":{"columns":[{"key":"value","dataType":"String"}]},"numberOfRows":2},{"category":"output","creator":"IBMid-270006YQEG","createdAt":1701336065618,"lastUpdater":"IBMid-270006YQEG","updatedAt":1704794816586,"crc":2583737398,"size":48,"attachmentKey":"7f5b7907-7ae0-41f2-b7b7-0ff4b5950edf/1704794816586","name":"emptySpaceOnShelf","tableType":{"columns":[{"key":"shelf","dataType":"String"},{"key":"value","dataType":"Number"}]},"numberOfRows":6},{"category":"output","creator":"IBMid-270006YQEG","createdAt":1701336065618,"lastUpdater":"IBMid-270006YQEG","updatedAt":1704794816586,"crc":1489251741,"size":2493,"attachmentKey":"8bd8445f-766a-4c02-a5f1-d6a86a203b58/1704794816586","name":"unitsShortage","tableType":{"columns":[{"key":"sku","dataType":"String"},{"key":"value","dataType":"Number"}]},"numberOfRows":236},{"category":"input","creator":"IBMid-270006YQEG","createdAt":1701336065618,"lastUpdater":"IBMid-270006YQEG","updatedAt":1701336065618,"name":"GroupAdjacencies","tableType":{"columns":[{"key":"grp1Id","dataType":"String"},{"key":"grp2Id","dataType":"String"},{"key":"adjType","dataType":"String"}]},"numberOfRows":0},{"category":"input","creator":"IBMid-270006YQEG","createdAt":1701336065618,"lastUpdater":"IBMid-270006YQEG","updatedAt":1701336065618,"attachmentKey":"bafd4a58-fc37-4691-97f0-80cf2e0cec69/975505b7-214c-44e1-b89f-f2db3710e027","name":"SKUs","tableType":{"columns":[{"key":"id","dataType":"String"},{"key":"minFacings","dataType":"Number"},{"key":"maxFacings","dataType":"Number"},{"key":"demand","dataType":"Number"},{"key":"replenishRate","dataType":"Number"},{"key":"parentGroup","dataType":"String"},{"key":"width","dataType":"Number"},{"key":"price","dataType":"Number"}]},"numberOfRows":236},{"category":"input","creator":"IBMid-270006YQEG","createdAt":1701336065618,"lastUpdater":"IBMid-270006YQEG","updatedAt":1701336065618,"attachmentKey":"bafd4a58-fc37-4691-97f0-80cf2e0cec69/1d0ca4c6-1fb4-40f5-873a-eecd2e86a78c","name":"Weights","tableType":{"columns":[{"key":"expectedSales","dataType":"Number"},{"key":"emptySpacePenalty","dataType":"Number"},{"key":"shortagePenalty","dataType":"Number"},{"key":"rectangularityPenalty","dataType":"Number"},{"key":"squarenessPenalty","dataType":"Number"},{"key":"avgDisplayPricePenalty","dataType":"Number"}]},"numberOfRows":1},{"category":"input","creator":"IBMid-270006YQEG","createdAt":1701336065618,"lastUpdater":"IBMid-270006YQEG","updatedAt":1701336065618,"name":"GroupFacingLimits","tableType":{"columns":[{"key":"grp","dataType":"String"},{"key":"minFacings","dataType":"String"},{"key":"maxFacings","dataType":"String"}]},"numberOfRows":0},{"category":"input","creator":"IBMid-270006YQEG","createdAt":1701336065618,"lastUpdater":"IBMid-270006YQEG","updatedAt":1701336065618,"attachmentKey":"bafd4a58-fc37-4691-97f0-80cf2e0cec69/e77618ba-a0de-437e-bd97-96e9ef29544e","name":"SKUShelves","tableType":{"columns":[{"key":"sku","dataType":"String"},{"key":"shelf","dataType":"String"},{"key":"unitsPerFacing","dataType":"Number"}]},"numberOfRows":1416},{"category":"output","creator":"IBMid-270006YQEG","createdAt":1701336065618,"lastUpdater":"IBMid-270006YQEG","updatedAt":1704794816586,"crc":399954246,"size":471,"attachmentKey":"e5fd757d-9dfa-4672-9599-4ec35088a994/1704794816586","name":"stats","tableType":{"columns":[{"key":"Name","dataType":"String"},{"key":"Value","dataType":"String"}]},"numberOfRows":16},{"category":"input","creator":"IBMid-270006YQEG","createdAt":1701336065618,"lastUpdater":"IBMid-270006YQEG","updatedAt":1701336065618,"attachmentKey":"bafd4a58-fc37-4691-97f0-80cf2e0cec69/4e45211a-5e20-4ea0-bac3-41bbd8d9cffc","name":"Groups","tableType":{"columns":[{"key":"id","dataType":"String"},{"key":"level","dataType":"Number"},{"key":"parentGroup","dataType":"String"},{"key":"alpha","dataType":"Number"},{"key":"beta","dataType":"Number"},{"key":"needRectangularity","dataType":"Number"},{"key":"needSquareness","dataType":"Number"}]},"numberOfRows":36},{"category":"input","creator":"IBMid-270006YQEG","createdAt":1701336065618,"lastUpdater":"IBMid-270006YQEG","updatedAt":1701336065618,"name":"GroupsReqdOnShelves","tableType":{"columns":[{"key":"grp","dataType":"String"},{"key":"shelf","dataType":"String"}]},"numberOfRows":0},{"category":"output","creator":"IBMid-270006YQEG","createdAt":1701336065618,"lastUpdater":"IBMid-270006YQEG","updatedAt":1704794816586,"crc":3661019509,"size":1252,"attachmentKey":"812c9b7f-ae76-4f71-b687-2a85f04f2f86/1704794816586","name":"GroupOnShelfPlacement","tableType":{"columns":[{"key":"grp","dataType":"String"},{"key":"shelf","dataType":"String"},{"key":"numFacings","dataType":"Number"},{"key":"offset","dataType":"Number"},{"key":"widthOnShelf","dataType":"Number"}]},"numberOfRows":57},{"category":"input","creator":"IBMid-270006YQEG","createdAt":1701336065618,"lastUpdater":"IBMid-270006YQEG","updatedAt":1701336065618,"attachmentKey":"bafd4a58-fc37-4691-97f0-80cf2e0cec69/b9b18ddc-055a-475f-b795-537cfe3695a2","name":"Shelves","tableType":{"columns":[{"key":"id","dataType":"String"},{"key":"width","dataType":"Number"},{"key":"level","dataType":"Number"},{"key":"offSet","dataType":"Number"}]},"numberOfRows":6},{"category":"output","creator":"IBMid-270006YQEG","createdAt":1701336065618,"lastUpdater":"IBMid-270006YQEG","updatedAt":1704794816586,"crc":3580829910,"size":199,"attachmentKey":"dd2630ba-4d3d-40f5-b7dc-140a9841b94a/1704794816586","name":"kpis","tableType":{"columns":[{"key":"Name","dataType":"String"},{"key":"Value","dataType":"Number"}]},"numberOfRows":7}],"assets":[{"qualifiers":[{"name":"source","value":"{\"creationTime\":1566496043650,\"lastEditTime\":1626869717233,\"lastUploadTime\":1626869717233}"}],"category":"model","creator":"IBMid-270006YQEG","createdAt":1701336065618,"lastUpdater":"IBMid-270006YQEG","updatedAt":1701336065618,"crc":219641856,"size":18168,"attachmentKey":"940d3b2e-6cd1-41d6-b33c-ceff9861de42/1699455317392","name":"model.mod","contentType":"application/json"},{"category":"output","creator":"IBMid-270006YQEG","createdAt":1704794816586,"lastUpdater":"IBMid-270006YQEG","updatedAt":1704794816586,"crc":3137811478,"size":1293474,"attachmentKey":"0335f74f-d359-4dec-9fb5-6ddc8fa02990/1704794816586","name":"log.txt","contentType":"text/plain"}],"solveStatus":{"creationTime":1704794626066,"lastModificationTime":1704794826038,"state":"TERMINATED","solveConfig":{"containerId":"Scenario Lexicographic","solveParameters":{}},"jobDetails":{"id":"b31cc135-d53d-45aa-b2c6-37d0c137afc2","createdAt":1704794633219,"startedAt":1704794634108,"endedAt":1704794819264,"submittedAt":1704794633219,"details":{"KPI.PROGRESS_CURRENT_OBJECTIVE":"29284.875","KPI.avgDisplayPricePenaltyKPI":"0","KPI.emptySpacePenaltyKPI":"0","KPI.expectedSalesKPI":"2.928E+4","KPI.rectangularityPenaltyKPI":"5554","KPI.shortagePenaltyKPI":"1489","KPI.squarenessPenaltyKPI":"90","MODEL_DETAIL_BOOLEAN_VARS":"1812","MODEL_DETAIL_CONSTRAINTS":"11154","MODEL_DETAIL_CONTINUOUS_VARS":"2036","MODEL_DETAIL_INTEGER_VARS":"1904","MODEL_DETAIL_LINEAR_CONSTRAINTS":"11154","MODEL_DETAIL_NON_ZEROS":"49954","MODEL_DETAIL_OBJECTIVE_SENSE":"maximize","MODEL_DETAIL_QUADRATIC_CONSTRAINTS":"0","MODEL_DETAIL_TYPE":"MIP","PROGRESS_BEST_OBJECTIVE":"1000000000000000000000000000000000000000000000000000000000000000000000000000","PROGRESS_BEST_OBJECTIVE.history":"[[1.704794636766E9,29288.7285],[1.704794637961E9,29288.7285],[1.704794639124E9,29288.7285],[1.704794640354E9,29288.7285],[1.704794643983E9,29288.6878],[1.704794645326E9,29288.5741],[1.704794646691E9,29288.3661],[1.704794648365E9,29288.305],[1.70479464939E9,29288.1274],[1.704794650573E9,29288.0484],[1.704794651607E9,29287.8429],[1.704794652637E9,29287.713],[1.704794653653E9,29287.5826],[1.704794654794E9,29287.5327],[1.704794655819E9,29287.4262],[1.704794656843E9,29287.3484],[1.704794658085E9,29287.2746],[1.704794659188E9,29287.2606],[1.704794660208E9,29287.2012],[1.704794661226E9,29287.1203],[1.704794662255E9,29287.0501],[1.7047946633E9,29287.0194],[1.704794664663E9,29286.9942],[1.70479466582E9,29286.9475],[1.704794666905E9,29286.9163],[1.704794667912E9,29286.9071],[1.704794668922E9,29286.8798],[1.704794669927E9,29286.8385],[1.704794671578E9,29286.8057],[1.704794672615E9,29286.7644],[1.704794673731E9,29286.7549],[1.704794674735E9,29286.7118],[1.704794675736E9,29286.6759],[1.704794676807E9,29286.638],[1.704794677808E9,29286.6236],[1.704794678833E9,29286.5958],[1.704794679838E9,29286.5788],[1.704794680842E9,29286.5627],[1.704794681879E9,29286.539],[1.704794682916E9,29286.5177],[1.70479468462E9,29286.5151],[1.704794685903E9,29286.4917],[1.704794687045E9,29286.4814],[1.704794688375E9,29286.4682],[1.704794692522E9,29286.4682],[1.704794695414E9,29286.465],[1.704794721132E9,29286.4564],[1.704794728134E9,-1483.1431],[1.704794730683E9,-1483.2477],[1.704794732116E9,-1483.4832],[1.704794816387E9,1000000000000000000000000000000000000000000000000000000000000000000000000000]]","PROGRESS_CURRENT_OBJECTIVE":"29284.875","PROGRESS_CURRENT_OBJECTIVE.history":"[[1.704794636766E9,0],[1.704794637961E9,29110.3717],[1.704794639124E9,29191.3573],[1.704794640354E9,29260.3139],[1.704794643983E9,29265.5371],[1.704794645326E9,29265.5371],[1.704794646691E9,29265.5371],[1.704794648365E9,29265.5371],[1.70479464939E9,29265.5371],[1.704794650573E9,29265.5371],[1.704794651607E9,29265.5371],[1.704794652637E9,29265.5371],[1.704794653653E9,29265.5371],[1.704794654794E9,29265.5371],[1.704794655819E9,29265.5371],[1.704794656843E9,29265.5371],[1.704794658085E9,29265.5371],[1.704794659188E9,29265.5371],[1.704794660208E9,29265.5371],[1.704794661226E9,29265.5371],[1.704794662255E9,29265.5371],[1.7047946633E9,29265.5371],[1.704794664663E9,29265.5371],[1.70479466582E9,29265.5371],[1.704794666905E9,29265.5371],[1.704794667912E9,29265.5371],[1.704794668922E9,29265.5371],[1.704794669927E9,29265.5371],[1.704794671578E9,29265.5371],[1.704794672615E9,29265.5371],[1.704794673731E9,29265.5371],[1.704794674735E9,29265.5371],[1.704794675736E9,29265.5371],[1.704794676807E9,29265.5371],[1.704794677808E9,29265.5371],[1.704794678833E9,29265.5371],[1.704794679838E9,29265.5371],[1.704794680842E9,29265.5371],[1.704794681879E9,29265.5371],[1.704794682916E9,29265.5371],[1.70479468462E9,29265.5371],[1.704794685903E9,29265.5371],[1.704794687045E9,29265.5371],[1.704794688375E9,29265.5371],[1.704794692522E9,29280.689],[1.704794695414E9,29280.689],[1.704794721132E9,29284.875],[1.704794728134E9,-1489],[1.704794730683E9,-1489],[1.704794732116E9,-1489],[1.704794816387E9,29284.875]]","PROGRESS_GAP":"3.415E+70","PROGRESS_GAP.history":"[[1.704794636766E9,2.929E+14],[1.704794637961E9,0.006127],[1.704794639124E9,0.003336],[1.704794640354E9,0.0009711],[1.704794643983E9,0.0007911],[1.704794645326E9,0.0007872],[1.704794646691E9,0.0007801],[1.704794648365E9,0.0007780],[1.70479464939E9,0.0007719],[1.704794650573E9,0.0007692],[1.704794651607E9,0.0007622],[1.704794652637E9,0.0007577],[1.704794653653E9,0.0007533],[1.704794654794E9,0.0007516],[1.704794655819E9,0.0007479],[1.704794656843E9,0.0007453],[1.704794658085E9,0.0007428],[1.704794659188E9,0.0007423],[1.704794660208E9,0.0007403],[1.704794661226E9,0.0007375],[1.704794662255E9,0.0007351],[1.7047946633E9,0.0007340],[1.704794664663E9,0.0007332],[1.70479466582E9,0.0007316],[1.704794666905E9,0.0007305],[1.704794667912E9,0.0007302],[1.704794668922E9,0.0007293],[1.704794669927E9,0.0007279],[1.704794671578E9,0.0007267],[1.704794672615E9,0.0007253],[1.704794673731E9,0.0007250],[1.704794674735E9,0.0007235],[1.704794675736E9,0.0007223],[1.704794676807E9,0.0007210],[1.704794677808E9,0.0007205],[1.704794678833E9,0.0007196],[1.704794679838E9,0.0007190],[1.704794680842E9,0.0007184],[1.704794681879E9,0.0007176],[1.704794682916E9,0.0007169],[1.70479468462E9,0.0007168],[1.704794685903E9,0.0007160],[1.704794687045E9,0.0007157],[1.704794688375E9,0.0007152],[1.704794692522E9,0.0001974],[1.704794695414E9,0.0001973],[1.704794721132E9,0.00005400],[1.704794728134E9,0.003933],[1.704794730683E9,0.003863],[1.704794732116E9,0.003705],[1.704794816387E9,3.415E+70]]","STAT.cplex.modelType":"MIP","STAT.cplex.size.booleanVariables":"1812","STAT.cplex.size.constraints":"11154","STAT.cplex.size.continousVariables":"2036","STAT.cplex.size.integerVariables":"1904","STAT.cplex.size.linearConstraints":"11154","STAT.cplex.size.quadraticConstraints":"0","STAT.cplex.size.variables":"5752","STAT.cplex.solve.elapsedTime":"1.705E+9","STAT.cplex.solve.explored":"32023","STAT.cplex.solve.iterationCount":"28356","STAT.cplex.solve.opened":"10132","STAT.job.coresCount":"1","STAT.job.inputsReadMs":"1698","STAT.job.memoryPeakKB":"263808","STAT.job.modelProcessingMs":"180536","STAT.job.outputsWriteMs":"2766","latestOutputUpload":"2024-01-09T10:06:59.262Z"},"executionStatus":"PROCESSED","solveStatus":"UNKNOWN","logTail":["[2024-01-09T10:05:32.895Z, INFO] Initialization of shortagePenaltyKPI.","[2024-01-09T10:05:32.895Z, INFO] ------kpi- KPI.shortagePenaltyKPI 1489","[2024-01-09T10:05:32.895Z, INFO] Initialization of rectangularityPenaltyKPI.","[2024-01-09T10:05:32.895Z, INFO] ------kpi- KPI.rectangularityPenaltyKPI 5554","[2024-01-09T10:05:32.895Z, INFO] Initialization of squarenessPenaltyKPI.","[2024-01-09T10:05:32.896Z, INFO] ------kpi- KPI.squarenessPenaltyKPI 90","[2024-01-09T10:05:32.896Z, INFO] Initialization of avgDisplayPricePenaltyKPI.","[2024-01-09T10:05:32.896Z, INFO] ------kpi- KPI.avgDisplayPricePenaltyKPI 0","[2024-01-09T10:05:32.896Z, INFO] Initialization of TEmptySpaceOnShelf.","[2024-01-09T10:05:32.896Z, INFO] Initialization of emptySpaceOnShelf.","[2024-01-09T10:05:32.896Z, INFO] Initialization of TGroupFacings.","[2024-01-09T10:05:32.896Z, INFO] Initialization of GroupFacings.","[2024-01-09T10:05:32.896Z, INFO] Initialization of TGroupOnShelfPlacement.","[2024-01-09T10:05:32.896Z, INFO] Initialization of GroupOnShelfPlacement.","[2024-01-09T10:05:32.896Z, INFO] Initialization of TSKUOnShelfPlacement.","[2024-01-09T10:05:32.896Z, INFO] Initialization of SKUOnShelfPlacement.","[2024-01-09T10:05:32.897Z, INFO] Initialization of TUnitsShortage.","[2024-01-09T10:05:32.897Z, INFO] Initialization of unitsShortage.","[2024-01-09T10:05:32.898Z, INFO] ------kpi- KPI.expectedSalesKPI 2.928E+4","[2024-01-09T10:05:32.898Z, INFO] ------kpi- KPI.emptySpacePenaltyKPI 0","[2024-01-09T10:05:32.898Z, INFO] ------kpi- KPI.shortagePenaltyKPI 1489","[2024-01-09T10:05:32.898Z, INFO] ------kpi- KPI.rectangularityPenaltyKPI 5554","[2024-01-09T10:05:32.898Z, INFO] ------kpi- KPI.squarenessPenaltyKPI 90","[2024-01-09T10:05:32.898Z, INFO] ------kpi- KPI.avgDisplayPricePenaltyKPI 0","[2024-01-09T10:05:32.899Z, INFO] Initialization of squarenessPenaltyKPI.","[2024-01-09T10:05:32.899Z, INFO] Initialization of shortagePenaltyKPI.","[2024-01-09T10:05:32.899Z, INFO] Initialization of emptySpacePenaltyKPI.","[2024-01-09T10:05:32.899Z, INFO] Initialization of TGroupFacings.","[2024-01-09T10:05:32.899Z, INFO] Initialization of expectedSalesKPI.","[2024-01-09T10:05:32.899Z, INFO] Initialization of rectangularityPenaltyKPI.","[2024-01-09T10:05:32.899Z, INFO] Initialization of avgDisplayPricePenaltyKPI.","[2024-01-09T10:05:32.899Z, INFO] Initialization of SKUOnShelfPlacement.","[2024-01-09T10:05:32.900Z, INFO] Initialization of TSKUOnShelfPlacement.","[2024-01-09T10:05:32.900Z, INFO] Initialization of GroupOnShelfPlacement.","[2024-01-09T10:05:32.900Z, INFO] Initialization of TGroupOnShelfPlacement.","[2024-01-09T10:05:32.901Z, INFO] Initialization of emptySpaceOnShelf.","[2024-01-09T10:05:32.901Z, INFO] Initialization of TEmptySpaceOnShelf.","[2024-01-09T10:05:32.901Z, INFO] Initialization of unitsShortage.","[2024-01-09T10:05:32.901Z, INFO] Initialization of TUnitsShortage.","[2024-01-09T10:05:32.901Z, INFO] Initialization of GroupFacings.","[2024-01-09T10:05:32.903Z, INFO] attachments : [unitsShortage.csv,GroupOnShelfPlacement.csv,GroupFacings.csv,SKUOnShelfPlacement.csv,emptySpaceOnShelf.csv]","[2024-01-09T10:06:56.387Z, INFO]     3         3      1  -1.4890000000e+03      22312        94.99        104105.91","[2024-01-09T10:06:56.395Z, INFO] Terminated with: Non-optimal status: time lim exc, feas","[2024-01-09T10:06:56.396Z, INFO] Total time spent in post processing: 1486 msecs.","[2024-01-09T10:06:56.396Z, INFO] Solve finished with status: UNKNOWN."]},"taskSetupTime":1704794633303,"taskSolveTime":1704794825062,"taskTearDownTime":1704794826037,"jobSpaceId":"3cbe2d44-0bc4-43c9-939a-7e089e6fe1a8","jobDeploymentId":"440a212c-30a2-4650-be27-e1e0f53d6bc8","jobId":"b31cc135-d53d-45aa-b2c6-37d0c137afc2","ping":1704794806227},"dataUsagePerCategory":{"output":{"lastModificationTime":1704794816586,"lastModifier":"IBMid-270006YQEG"},"input":{"lastModificationTime":1701336065618,"lastModifier":"IBMid-270006YQEG"},"model":{"lastModificationTime":1701336065618,"lastModifier":"IBMid-270006YQEG"}}},{"id":"5272cb78-38ff-4225-881c-1c17243b2826","name":"dashboard","description":"","category":"dashboard","readOnly":false,"creator":"IBMid-270006YQEG","createdAt":1701336061000,"usage":{"lastModificationTime":1704797114000,"lastModifier":"IBMid-270006YQEG"},"tables":[],"assets":[{"creator":"IBMid-270006YQEG","createdAt":1701336061592,"lastUpdater":"IBMid-270006YQEG","updatedAt":1704797113897,"crc":1551917956,"size":11580,"attachmentKey":"213e64bf-dcf8-4a89-bb84-d954904da340/1704797113897","name":"dashboard.json","contentType":"application/octet-stream"}],"dataUsagePerCategory":{}},{"id":"37c8b2db-ce05-4318-ab54-7b2e038e619a","qualifiers":[{"name":"modelType","value":"opl"},{"name":"modelMetadata","value":"{\"creationTime\":1566496043650,\"lastEditTime\":1626869653189,\"lastUploadTime\":1626869627317}"}],"name":"Baseline","description":"","category":"scenario","readOnly":false,"creator":"IBMid-270006YQEG","createdAt":1701336059000,"usage":{"lastModificationTime":1704794154000,"lastModifier":"IBMid-270006YQEG"},"tables":[{"category":"input","creator":"IBMid-270006YQEG","createdAt":1701336059584,"lastUpdater":"IBMid-270006YQEG","updatedAt":1701336059584,"attachmentKey":"1c6b5407-0724-4783-9516-009299c23d0a","name":"Parameters","tableType":{"columns":[{"key":"MinTargetAvgDisplayPrice","dataType":"Number"},{"key":"MaxTargetAvgDisplayPrice","dataType":"Number"}]},"numberOfRows":1},{"category":"output","creator":"IBMid-270006YQEG","createdAt":1701336059584,"lastUpdater":"IBMid-270006YQEG","updatedAt":1704794142350,"crc":447448533,"size":1478,"attachmentKey":"6ff6cb3f-e627-47d6-851a-e8d0f5612221/1704794142350","name":"SKUOnShelfPlacement","tableType":{"columns":[{"key":"sku","dataType":"String"},{"key":"shelf","dataType":"String"},{"key":"numFacings","dataType":"Number"},{"key":"offset","dataType":"Number"},{"key":"skuWidth","dataType":"Number"},{"key":"offset2","dataType":"Number"},{"key":"parentGrp","dataType":"String"}]},"numberOfRows":45},{"category":"input","creator":"IBMid-270006YQEG","createdAt":1701336059584,"lastUpdater":"IBMid-270006YQEG","updatedAt":1701336059584,"attachmentKey":"3d0641f7-e310-45ab-9319-8620d8ed91fd","name":"AdjTypes","tableType":{"columns":[{"key":"value","dataType":"String"}]},"numberOfRows":2},{"category":"output","creator":"IBMid-270006YQEG","createdAt":1701336059584,"lastUpdater":"IBMid-270006YQEG","updatedAt":1704794142350,"crc":2382017752,"size":700,"attachmentKey":"de09ec46-fc6f-4909-a0de-13380a99d4da/1704794142350","name":"GroupFacings","tableType":{"columns":[{"key":"grp","dataType":"String"},{"key":"alpha","dataType":"Number"},{"key":"beta","dataType":"Number"},{"key":"numFacings","dataType":"Number"}]},"numberOfRows":36},{"category":"output","creator":"IBMid-270006YQEG","createdAt":1701336059584,"lastUpdater":"IBMid-270006YQEG","updatedAt":1704794142350,"crc":3258513068,"size":58,"attachmentKey":"a6c503db-426e-4256-8e57-e564bc9e2057/1704794142350","name":"emptySpaceOnShelf","tableType":{"columns":[{"key":"shelf","dataType":"String"},{"key":"value","dataType":"Number"}]},"numberOfRows":6},{"category":"output","creator":"IBMid-270006YQEG","createdAt":1701336059584,"lastUpdater":"IBMid-270006YQEG","updatedAt":1704794142350,"crc":3803179405,"size":2498,"attachmentKey":"531ccc8f-ad94-475f-bb7b-cd7bd38e9a80/1704794142350","name":"unitsShortage","tableType":{"columns":[{"key":"sku","dataType":"String"},{"key":"value","dataType":"Number"}]},"numberOfRows":236},{"category":"input","creator":"IBMid-270006YQEG","createdAt":1701336059584,"lastUpdater":"IBMid-270006YQEG","updatedAt":1701336059584,"name":"GroupAdjacencies","tableType":{"columns":[{"key":"grp1Id","dataType":"String"},{"key":"grp2Id","dataType":"String"},{"key":"adjType","dataType":"String"}]},"numberOfRows":0},{"category":"input","creator":"IBMid-270006YQEG","createdAt":1701336059584,"lastUpdater":"IBMid-270006YQEG","updatedAt":1701336059584,"attachmentKey":"fd980095-e249-4c4b-a296-deeaae937b1f","name":"SKUs","tableType":{"columns":[{"key":"id","dataType":"String"},{"key":"minFacings","dataType":"Number"},{"key":"maxFacings","dataType":"Number"},{"key":"demand","dataType":"Number"},{"key":"replenishRate","dataType":"Number"},{"key":"parentGroup","dataType":"String"},{"key":"width","dataType":"Number"},{"key":"price","dataType":"Number"}]},"numberOfRows":236},{"category":"input","creator":"IBMid-270006YQEG","createdAt":1701336059584,"lastUpdater":"IBMid-270006YQEG","updatedAt":1701336059584,"attachmentKey":"940de72a-ae1b-4336-82f4-8356fbde776a","name":"Weights","tableType":{"columns":[{"key":"expectedSales","dataType":"Number"},{"key":"emptySpacePenalty","dataType":"Number"},{"key":"shortagePenalty","dataType":"Number"},{"key":"rectangularityPenalty","dataType":"Number"},{"key":"squarenessPenalty","dataType":"Number"},{"key":"avgDisplayPricePenalty","dataType":"Number"}]},"numberOfRows":1},{"category":"input","creator":"IBMid-270006YQEG","createdAt":1701336059584,"lastUpdater":"IBMid-270006YQEG","updatedAt":1701336059584,"name":"GroupFacingLimits","tableType":{"columns":[{"key":"grp","dataType":"String"},{"key":"minFacings","dataType":"String"},{"key":"maxFacings","dataType":"String"}]},"numberOfRows":0},{"category":"input","creator":"IBMid-270006YQEG","createdAt":1701336059584,"lastUpdater":"IBMid-270006YQEG","updatedAt":1701336059584,"attachmentKey":"0db1371c-31bd-44f9-9223-86a8b556e5e7","name":"SKUShelves","tableType":{"columns":[{"key":"sku","dataType":"String"},{"key":"shelf","dataType":"String"},{"key":"unitsPerFacing","dataType":"Number"}]},"numberOfRows":1416},{"category":"output","creator":"IBMid-270006YQEG","createdAt":1701336059584,"lastUpdater":"IBMid-270006YQEG","updatedAt":1704794142350,"crc":2660684135,"size":475,"attachmentKey":"ef0c8297-bb09-4257-8a3e-5bc5b7480a1a/1704794142350","name":"stats","tableType":{"columns":[{"key":"Name","dataType":"String"},{"key":"Value","dataType":"String"}]},"numberOfRows":16},{"category":"input","creator":"IBMid-270006YQEG","createdAt":1701336059584,"lastUpdater":"IBMid-270006YQEG","updatedAt":1701336059584,"attachmentKey":"926d86c1-d733-4b94-b9d5-c859d4032d7d","name":"Groups","tableType":{"columns":[{"key":"id","dataType":"String"},{"key":"level","dataType":"Number"},{"key":"parentGroup","dataType":"String"},{"key":"alpha","dataType":"Number"},{"key":"beta","dataType":"Number"},{"key":"needRectangularity","dataType":"Number"},{"key":"needSquareness","dataType":"Number"}]},"numberOfRows":36},{"category":"input","creator":"IBMid-270006YQEG","createdAt":1701336059584,"lastUpdater":"IBMid-270006YQEG","updatedAt":1701336059584,"name":"GroupsReqdOnShelves","tableType":{"columns":[{"key":"grp","dataType":"String"},{"key":"shelf","dataType":"String"}]},"numberOfRows":0},{"category":"input","creator":"IBMid-270006YQEG","createdAt":1701336059584,"lastUpdater":"IBMid-270006YQEG","updatedAt":1701336059584,"attachmentKey":"dfc24ee6-32f1-4ec0-b78b-437dc374da95","name":"Shelves","tableType":{"columns":[{"key":"id","dataType":"String"},{"key":"width","dataType":"Number"},{"key":"level","dataType":"Number"},{"key":"offSet","dataType":"Number"}]},"numberOfRows":6},{"category":"output","creator":"IBMid-270006YQEG","createdAt":1701336059584,"lastUpdater":"IBMid-270006YQEG","updatedAt":1704794142350,"crc":1852616496,"size":1394,"attachmentKey":"7d5ece96-db10-4f61-82f0-089a419bcc57/1704794142350","name":"GroupOnShelfPlacement","tableType":{"columns":[{"key":"grp","dataType":"String"},{"key":"shelf","dataType":"String"},{"key":"numFacings","dataType":"Number"},{"key":"offset","dataType":"Number"},{"key":"widthOnShelf","dataType":"Number"}]},"numberOfRows":63},{"category":"output","creator":"IBMid-270006YQEG","createdAt":1701336059584,"lastUpdater":"IBMid-270006YQEG","updatedAt":1704794142350,"crc":3120604112,"size":205,"attachmentKey":"0cd97564-4178-403a-b640-e49c7cbec49c/1704794142350","name":"kpis","tableType":{"columns":[{"key":"Name","dataType":"String"},{"key":"Value","dataType":"Number"}]},"numberOfRows":7}],"assets":[{"qualifiers":[{"name":"source","value":"{\"creationTime\":1566496043650,\"lastEditTime\":1626869627317,\"lastUploadTime\":1626869627317}"}],"category":"model","creator":"IBMid-270006YQEG","createdAt":1701336059584,"lastUpdater":"IBMid-270006YQEG","updatedAt":1701336059584,"crc":749050825,"size":18340,"attachmentKey":"b68443dd-0169-41fd-893c-cf29f77c1fc3/1699455338384","name":"model.mod","contentType":"application/json"},{"category":"output","creator":"IBMid-270006YQEG","createdAt":1704794142350,"lastUpdater":"IBMid-270006YQEG","updatedAt":1704794142350,"crc":3052112377,"size":231338,"attachmentKey":"36a4b172-67c7-42be-b05f-25cd8a254931/1704794142350","name":"log.txt","contentType":"text/plain"}],"solveStatus":{"creationTime":1704793910606,"lastModificationTime":1704794150114,"state":"TERMINATED","solveConfig":{"containerId":"Baseline","solveParameters":{}},"jobDetails":{"id":"b9eeac87-43f9-48aa-9c98-8765c6f3e65e","createdAt":1704793917314,"startedAt":1704793952551,"endedAt":1704794144427,"submittedAt":1704793917314,"details":{"KPI.PROGRESS_CURRENT_OBJECTIVE":"27546.8826","KPI.avgDisplayPricePenaltyKPI":"0","KPI.emptySpacePenaltyKPI":"6.500","KPI.expectedSalesKPI":"2.915E+4","KPI.rectangularityPenaltyKPI":"49.50","KPI.shortagePenaltyKPI":"1495","KPI.squarenessPenaltyKPI":"56","MODEL_DETAIL_BOOLEAN_VARS":"1812","MODEL_DETAIL_CONSTRAINTS":"11154","MODEL_DETAIL_CONTINUOUS_VARS":"2036","MODEL_DETAIL_INTEGER_VARS":"1904","MODEL_DETAIL_LINEAR_CONSTRAINTS":"11154","MODEL_DETAIL_NON_ZEROS":"49954","MODEL_DETAIL_OBJECTIVE_SENSE":"maximize","MODEL_DETAIL_QUADRATIC_CONSTRAINTS":"0","MODEL_DETAIL_TYPE":"MIP","PROGRESS_BEST_OBJECTIVE":"27792.0923","PROGRESS_BEST_OBJECTIVE.history":"[[1.704793965128E9,27803.6879],[1.704793969476E9,27802.9812],[1.704793972467E9,27802.98],[1.704793979909E9,27802.98],[1.704793988464E9,27802.98],[1.704793990168E9,27802.9084],[1.704794001009E9,27797.0627],[1.704794006807E9,27793.9099],[1.704794010551E9,27793.6859],[1.704794012398E9,27793.4802],[1.704794013527E9,27793.214],[1.70479401462E9,27793.1746],[1.704794016065E9,27793.0007],[1.704794017327E9,27792.8466],[1.704794018427E9,27792.7701],[1.704794020241E9,27792.6787],[1.704794021446E9,27792.5527],[1.704794025789E9,27792.5459],[1.70479402759E9,27792.5108],[1.704794029319E9,27792.4681],[1.704794042618E9,27792.4618],[1.704794043959E9,27792.4124],[1.704794049654E9,27792.363],[1.70479405994E9,27792.3137],[1.704794067847E9,27792.3004],[1.704794072454E9,27792.2933],[1.704794079961E9,27792.2642],[1.704794087045E9,27792.2327],[1.704794089019E9,27792.2306],[1.704794091893E9,27792.2247],[1.704794093515E9,27792.2172],[1.704794095987E9,27792.2075],[1.704794097186E9,27792.2075],[1.704794114866E9,27792.198],[1.704794118833E9,27792.1409],[1.704794122775E9,27792.139],[1.704794124272E9,27792.139],[1.704794125746E9,27792.1263],[1.704794127795E9,27792.1148],[1.704794135796E9,27792.1148],[1.704794137977E9,27792.1148],[1.704794139132E9,27792.1002],[1.704794140534E9,27792.0923],[1.704794141927E9,27792.0923]]","PROGRESS_CURRENT_OBJECTIVE":"27546.8826","PROGRESS_CURRENT_OBJECTIVE.history":"[[1.704793965128E9,-3145],[1.704793969476E9,-3145],[1.704793972467E9,-3145],[1.704793979909E9,26867.1941],[1.704793988464E9,26919.9337],[1.704793990168E9,27421.3216],[1.704794001009E9,27423.3216],[1.704794006807E9,27423.3216],[1.704794010551E9,27423.3216],[1.704794012398E9,27423.3216],[1.704794013527E9,27423.3216],[1.70479401462E9,27423.3216],[1.704794016065E9,27423.3216],[1.704794017327E9,27423.3216],[1.704794018427E9,27423.3216],[1.704794020241E9,27423.3216],[1.704794021446E9,27423.3216],[1.704794025789E9,27423.3216],[1.70479402759E9,27423.3216],[1.704794029319E9,27423.3216],[1.704794042618E9,27423.3216],[1.704794043959E9,27423.3216],[1.704794049654E9,27423.3216],[1.70479405994E9,27423.3216],[1.704794067847E9,27423.3216],[1.704794072454E9,27423.3216],[1.704794079961E9,27423.3216],[1.704794087045E9,27423.3216],[1.704794089019E9,27423.3216],[1.704794091893E9,27423.3216],[1.704794093515E9,27423.3216],[1.704794095987E9,27423.3216],[1.704794097186E9,27424.6161],[1.704794114866E9,27424.6161],[1.704794118833E9,27424.6161],[1.704794122775E9,27424.6161],[1.704794124272E9,27458.1456],[1.704794125746E9,27458.1456],[1.704794127795E9,27458.1456],[1.704794135796E9,27467.2814],[1.704794137977E9,27543.835],[1.704794139132E9,27543.835],[1.704794140534E9,27546.8826],[1.704794141927E9,27546.8826]]","PROGRESS_GAP":"0.008902","PROGRESS_GAP.history":"[[1.704793965128E9,9.841],[1.704793969476E9,9.840],[1.704793972467E9,9.840],[1.704793979909E9,0.03483],[1.704793988464E9,0.03280],[1.704793990168E9,0.01392],[1.704794001009E9,0.01363],[1.704794006807E9,0.01351],[1.704794010551E9,0.01351],[1.704794012398E9,0.01350],[1.704794013527E9,0.01349],[1.70479401462E9,0.01349],[1.704794016065E9,0.01348],[1.704794017327E9,0.01347],[1.704794018427E9,0.01347],[1.704794020241E9,0.01347],[1.704794021446E9,0.01346],[1.704794025789E9,0.01346],[1.70479402759E9,0.01346],[1.704794029319E9,0.01346],[1.704794042618E9,0.01346],[1.704794043959E9,0.01346],[1.704794049654E9,0.01346],[1.70479405994E9,0.01346],[1.704794067847E9,0.01345],[1.704794072454E9,0.01345],[1.704794079961E9,0.01345],[1.704794087045E9,0.01345],[1.704794089019E9,0.01345],[1.704794091893E9,0.01345],[1.704794093515E9,0.01345],[1.704794095987E9,0.01345],[1.704794097186E9,0.01340],[1.704794114866E9,0.01340],[1.704794118833E9,0.01340],[1.704794122775E9,0.01340],[1.704794124272E9,0.01216],[1.704794125746E9,0.01216],[1.704794127795E9,0.01216],[1.704794135796E9,0.01183],[1.704794137977E9,0.009014],[1.704794139132E9,0.009013],[1.704794140534E9,0.008902],[1.704794141927E9,0.008902]]","STAT.cplex.modelType":"MIP","STAT.cplex.size.booleanVariables":"1812","STAT.cplex.size.constraints":"11154","STAT.cplex.size.continousVariables":"2036","STAT.cplex.size.integerVariables":"1904","STAT.cplex.size.linearConstraints":"11154","STAT.cplex.size.quadraticConstraints":"0","STAT.cplex.size.variables":"5752","STAT.cplex.solve.elapsedTime":"1.705E+9","STAT.cplex.solve.explored":"1203322","STAT.cplex.solve.iterationCount":"733661","STAT.cplex.solve.opened":"323023","STAT.job.coresCount":"1","STAT.job.inputsReadMs":"4763","STAT.job.memoryPeakKB":"269376","STAT.job.modelProcessingMs":"184039","STAT.job.outputsWriteMs":"2147","latestOutputUpload":"2024-01-09T09:55:44.423Z"},"executionStatus":"PROCESSED","solveStatus":"FEASIBLE_SOLUTION","logTail":["[2024-01-09T09:55:41.947Z, INFO] Sequential b&c:","[2024-01-09T09:55:41.947Z, INFO]   Real time             =  162.02 sec. (159810.74 ticks)","[2024-01-09T09:55:41.947Z, INFO]                           ------------","[2024-01-09T09:55:41.947Z, INFO] Total (root+branch&cut) =  180.01 sec. (163341.65 ticks)","[2024-01-09T09:55:42.046Z, INFO] Initialization of expectedSalesKPI.","[2024-01-09T09:55:42.050Z, INFO] ------kpi- KPI.expectedSalesKPI 2.915E+4","[2024-01-09T09:55:42.050Z, INFO] Initialization of emptySpacePenaltyKPI.","[2024-01-09T09:55:42.051Z, INFO] ------kpi- KPI.emptySpacePenaltyKPI 6.500","[2024-01-09T09:55:42.051Z, INFO] Initialization of shortagePenaltyKPI.","[2024-01-09T09:55:42.052Z, INFO] ------kpi- KPI.shortagePenaltyKPI 1495","[2024-01-09T09:55:42.052Z, INFO] Initialization of rectangularityPenaltyKPI.","[2024-01-09T09:55:42.053Z, INFO] ------kpi- KPI.rectangularityPenaltyKPI 49.50","[2024-01-09T09:55:42.054Z, INFO] Initialization of squarenessPenaltyKPI.","[2024-01-09T09:55:42.054Z, INFO] ------kpi- KPI.squarenessPenaltyKPI 56","[2024-01-09T09:55:42.055Z, INFO] Initialization of avgDisplayPricePenaltyKPI.","[2024-01-09T09:55:42.055Z, INFO] ------kpi- KPI.avgDisplayPricePenaltyKPI 0","[2024-01-09T09:55:42.055Z, INFO] Initialization of TEmptySpaceOnShelf.","[2024-01-09T09:55:42.056Z, INFO] Initialization of emptySpaceOnShelf.","[2024-01-09T09:55:42.057Z, INFO] Initialization of TGroupFacings.","[2024-01-09T09:55:42.057Z, INFO] Initialization of GroupFacings.","[2024-01-09T09:55:42.066Z, INFO] Initialization of TGroupOnShelfPlacement.","[2024-01-09T09:55:42.066Z, INFO] Initialization of GroupOnShelfPlacement.","[2024-01-09T09:55:42.067Z, INFO] Initialization of TSKUOnShelfPlacement.","[2024-01-09T09:55:42.067Z, INFO] Initialization of SKUOnShelfPlacement.","[2024-01-09T09:55:42.070Z, INFO] Initialization of TUnitsShortage.","[2024-01-09T09:55:42.070Z, INFO] Initialization of unitsShortage.","[2024-01-09T09:55:42.072Z, INFO] Initialization of squarenessPenaltyKPI.","[2024-01-09T09:55:42.072Z, INFO] Initialization of shortagePenaltyKPI.","[2024-01-09T09:55:42.073Z, INFO] Initialization of emptySpacePenaltyKPI.","[2024-01-09T09:55:42.073Z, INFO] Initialization of expectedSalesKPI.","[2024-01-09T09:55:42.074Z, INFO] Initialization of rectangularityPenaltyKPI.","[2024-01-09T09:55:42.074Z, INFO] Initialization of avgDisplayPricePenaltyKPI.","[2024-01-09T09:55:42.074Z, INFO] Initialization of SKUOnShelfPlacement.","[2024-01-09T09:55:42.075Z, INFO] Initialization of TSKUOnShelfPlacement.","[2024-01-09T09:55:42.086Z, INFO] Initialization of GroupOnShelfPlacement.","[2024-01-09T09:55:42.086Z, INFO] Initialization of TGroupOnShelfPlacement.","[2024-01-09T09:55:42.087Z, INFO] Initialization of emptySpaceOnShelf.","[2024-01-09T09:55:42.088Z, INFO] Initialization of TEmptySpaceOnShelf.","[2024-01-09T09:55:42.088Z, INFO] Initialization of unitsShortage.","[2024-01-09T09:55:42.088Z, INFO] Initialization of TUnitsShortage.","[2024-01-09T09:55:42.089Z, INFO] Initialization of GroupFacings.","[2024-01-09T09:55:42.089Z, INFO] Initialization of TGroupFacings.","[2024-01-09T09:55:42.096Z, INFO] attachments : [unitsShortage.csv,GroupOnShelfPlacement.csv,GroupFacings.csv,SKUOnShelfPlacement.csv,emptySpaceOnShelf.csv]","[2024-01-09T09:55:42.149Z, INFO] Total time spent in post processing: 904 msecs.","[2024-01-09T09:55:42.149Z, INFO] Solve finished with status: FEASIBLE_SOLUTION."]},"taskSetupTime":1704793917378,"taskSolveTime":1704794149067,"taskTearDownTime":1704794150114,"jobSpaceId":"3cbe2d44-0bc4-43c9-939a-7e089e6fe1a8","jobDeploymentId":"440a212c-30a2-4650-be27-e1e0f53d6bc8","jobId":"b9eeac87-43f9-48aa-9c98-8765c6f3e65e","ping":1704794152391},"dataUsagePerCategory":{"output":{"lastModificationTime":1704794142350,"lastModifier":"IBMid-270006YQEG"},"input":{"lastModificationTime":1701336059584,"lastModifier":"IBMid-270006YQEG"},"model":{"lastModificationTime":1701336059584,"lastModifier":"IBMid-270006YQEG"}}}]}],"attachments":["do_scenario_asset/d357bcca-abd6-4b4c-9b58-2cfe1d25dab3/1699455307176","do_scenario_asset/fdcfbcbe-f450-4212-9fe4-b02d2eb849fd/1704794601109","do_scenario_asset/4f7ad232-5435-4ba8-aba9-40f2ee977e37/1704794601109","do_scenario_asset/45bd1332-ac8f-4da1-84a0-b98929f5df9a","do_scenario_asset/1d3b61b3-d315-4966-88a4-2901a28ba68c/1704794601109","do_scenario_asset/cf789bcd-4e54-48f8-bc96-cb060a08f026","do_scenario_asset/d5c62fdc-a19c-43d4-b621-6944918f3072/1704794601109","do_scenario_asset/2596991d-6f84-4bcd-837d-952f322bef59/1704794601109","do_scenario_asset/b164a9b8-fbe6-45cf-826d-089a7a29b8dc","do_scenario_asset/6d2ccb69-6955-4cfd-8b34-fd51558e1bdb","do_scenario_asset/d28f4299-360f-4708-a0f2-16b122c944c4","do_scenario_asset/7ce71399-2c9d-45f9-ad2c-177d66098133/1704794601109","do_scenario_asset/941dac94-fbe7-4b07-afb6-9b3c701ff585","do_scenario_asset/b4e380c9-ca83-4c9a-a4a1-c73e08f2bb1b/1704794601109","do_scenario_asset/2f4455bf-8654-499f-8897-edf905369a28","do_scenario_asset/79639cba-cfcb-49c8-bcc5-32952783e8f8/1704794601109","do_scenario_asset/ef2b8cb1-e71b-46d8-9081-454ce854fba9/1699455331564","do_scenario_asset/cc58102a-74bc-442a-b7a8-78fd0324885d/1704795682934","do_scenario_asset/74da3115-329c-4d50-85fd-c175ef04940e/1704795682934","do_scenario_asset/fe4ae60f-f7b4-4c2b-a438-abf680062cd7/43b7c7fa-aae3-4eee-94e6-953d870507b5","do_scenario_asset/4e3949ce-b094-41b5-a2ce-10705bcfb168/1704795682934","do_scenario_asset/fe4ae60f-f7b4-4c2b-a438-abf680062cd7/5a674434-6573-4f02-aa13-0c60148eeeac","do_scenario_asset/c2d80732-06fa-409a-be9a-5dc06b245fa9/1704795682934","do_scenario_asset/09643d5c-2a3c-4be8-88d1-b32b86e96d08/1704795682934","do_scenario_asset/fe4ae60f-f7b4-4c2b-a438-abf680062cd7/b51e940c-2db0-44bf-9d91-f3b7835bfe51","do_scenario_asset/fe4ae60f-f7b4-4c2b-a438-abf680062cd7/999ceac2-a113-4cc2-a464-b3680fd6ce2c","do_scenario_asset/fe4ae60f-f7b4-4c2b-a438-abf680062cd7/f7a97fd9-d289-402d-b91c-ade7cfc5f437","do_scenario_asset/d2cd6864-5aca-4671-816d-b39e1a2ca40e/1704795682934","do_scenario_asset/fe4ae60f-f7b4-4c2b-a438-abf680062cd7/e258fbfe-2997-4cad-a4da-0334037fba46","do_scenario_asset/84832da9-92a9-42a7-bcd2-f89f2a798c1b/1704795682934","do_scenario_asset/fe4ae60f-f7b4-4c2b-a438-abf680062cd7/dab3cc13-0100-4b89-b1fa-78ce625476a0","do_scenario_asset/281798b9-9229-4082-b09c-3b49ad97fe51/1704795682934","do_scenario_asset/940d3b2e-6cd1-41d6-b33c-ceff9861de42/1699455317392","do_scenario_asset/0335f74f-d359-4dec-9fb5-6ddc8fa02990/1704794816586","do_scenario_asset/c315dadc-6af9-41e0-b9c8-a2e9b6d46784/1704794816586","do_scenario_asset/bafd4a58-fc37-4691-97f0-80cf2e0cec69/7aa6f11d-cd71-4735-88f0-b96f7880f242","do_scenario_asset/28c8a5dc-4832-421d-9af0-994f32286019/1704794816586","do_scenario_asset/bafd4a58-fc37-4691-97f0-80cf2e0cec69/e9c11812-6b6a-47e7-a3c0-e56523bd60c0","do_scenario_asset/7f5b7907-7ae0-41f2-b7b7-0ff4b5950edf/1704794816586","do_scenario_asset/8bd8445f-766a-4c02-a5f1-d6a86a203b58/1704794816586","do_scenario_asset/bafd4a58-fc37-4691-97f0-80cf2e0cec69/975505b7-214c-44e1-b89f-f2db3710e027","do_scenario_asset/bafd4a58-fc37-4691-97f0-80cf2e0cec69/1d0ca4c6-1fb4-40f5-873a-eecd2e86a78c","do_scenario_asset/bafd4a58-fc37-4691-97f0-80cf2e0cec69/e77618ba-a0de-437e-bd97-96e9ef29544e","do_scenario_asset/e5fd757d-9dfa-4672-9599-4ec35088a994/1704794816586","do_scenario_asset/bafd4a58-fc37-4691-97f0-80cf2e0cec69/4e45211a-5e20-4ea0-bac3-41bbd8d9cffc","do_scenario_asset/812c9b7f-ae76-4f71-b687-2a85f04f2f86/1704794816586","do_scenario_asset/bafd4a58-fc37-4691-97f0-80cf2e0cec69/b9b18ddc-055a-475f-b795-537cfe3695a2","do_scenario_asset/dd2630ba-4d3d-40f5-b7dc-140a9841b94a/1704794816586","do_scenario_asset/213e64bf-dcf8-4a89-bb84-d954904da340/1704797113897","do_scenario_asset/b68443dd-0169-41fd-893c-cf29f77c1fc3/1699455338384","do_scenario_asset/36a4b172-67c7-42be-b05f-25cd8a254931/1704794142350","do_scenario_asset/1c6b5407-0724-4783-9516-009299c23d0a","do_scenario_asset/6ff6cb3f-e627-47d6-851a-e8d0f5612221/1704794142350","do_scenario_asset/3d0641f7-e310-45ab-9319-8620d8ed91fd","do_scenario_asset/de09ec46-fc6f-4909-a0de-13380a99d4da/1704794142350","do_scenario_asset/a6c503db-426e-4256-8e57-e564bc9e2057/1704794142350","do_scenario_asset/531ccc8f-ad94-475f-bb7b-cd7bd38e9a80/1704794142350","do_scenario_asset/fd980095-e249-4c4b-a296-deeaae937b1f","do_scenario_asset/940de72a-ae1b-4336-82f4-8356fbde776a","do_scenario_asset/0db1371c-31bd-44f9-9223-86a8b556e5e7","do_scenario_asset/ef0c8297-bb09-4257-8a3e-5bc5b7480a1a/1704794142350","do_scenario_asset/926d86c1-d733-4b94-b9d5-c859d4032d7d","do_scenario_asset/dfc24ee6-32f1-4ec0-b78b-437dc374da95","do_scenario_asset/7d5ece96-db10-4f61-82f0-089a419bcc57/1704794142350","do_scenario_asset/0cd97564-4178-403a-b640-e49c7cbec49c/1704794142350"]}
