[{"decision":{"name":"ShelfSpaceOptimization","description":"","spaceId":"0049c29a-9b28-4140-8607-19c313698768","creator":"IBMid-550003P291","createdAt":1633024062000,"usage":{"lastModificationTime":1633024062000,"lastModifier":"IBMid-550003P291"},"_id":"7aefd4d5-e26f-42a0-8a12-ad9572ac610e"},"scenarios":[{"qualifiers":[{"name":"modelType","value":"opl"},{"name":"modelMetadata","value":"{\"creationTime\":1566495940185,\"lastEditTime\":1626869898700,\"lastUploadTime\":1566495941253}"}],"name":"Scenario rectangle and square","description":"","category":"scenario","readOnly":false,"creator":"IBMid-550003P291","createdAt":1633022450000,"usage":{"lastModificationTime":1633022450000,"lastModifier":"iam-ServiceId-c2eabb5c-a2d7-4580-a867-9bb90f33e208"},"dataUsagePerCategory":{"output":{"lastModificationTime":1633022450647,"lastModifier":"IBMid-550003P291"},"input":{"lastModificationTime":1633022450647,"lastModifier":"IBMid-550003P291"},"model":{"lastModificationTime":1633022450647,"lastModifier":"IBMid-550003P291"}},"tables":[{"name":"SKUOnShelfPlacement","category":"output","creator":"IBMid-550003P291","createdAt":1633022450647,"lastUpdater":"IBMid-550003P291","updatedAt":1633022450647,"attachmentKey":"dcc25ef2-e91c-4ea7-abef-b6348629a9cf","tableType":{"columns":[{"key":"sku","dataType":"String"},{"key":"shelf","dataType":"String"},{"key":"numFacings","dataType":"Number"},{"key":"offset","dataType":"Number"},{"key":"skuWidth","dataType":"Number"},{"key":"offset2","dataType":"Number"},{"key":"parentGrp","dataType":"String"}]},"numberOfRows":28},{"name":"Parameters","category":"input","creator":"IBMid-550003P291","createdAt":1633022450647,"lastUpdater":"IBMid-550003P291","updatedAt":1633022450647,"attachmentKey":"fe4ae60f-f7b4-4c2b-a438-abf680062cd7/43b7c7fa-aae3-4eee-94e6-953d870507b5","tableType":{"columns":[{"key":"MinTargetAvgDisplayPrice","dataType":"Number"},{"key":"MaxTargetAvgDisplayPrice","dataType":"Number"}]},"numberOfRows":1},{"name":"GroupFacings","category":"output","creator":"IBMid-550003P291","createdAt":1633022450647,"lastUpdater":"IBMid-550003P291","updatedAt":1633022450647,"attachmentKey":"a2eb7da9-7818-4952-b08a-b0ea21cdbff6","tableType":{"columns":[{"key":"grp","dataType":"String"},{"key":"alpha","dataType":"Number"},{"key":"beta","dataType":"Number"},{"key":"numFacings","dataType":"Number"}]},"numberOfRows":36},{"name":"AdjTypes","category":"input","creator":"IBMid-550003P291","createdAt":1633022450647,"lastUpdater":"IBMid-550003P291","updatedAt":1633022450647,"attachmentKey":"fe4ae60f-f7b4-4c2b-a438-abf680062cd7/5a674434-6573-4f02-aa13-0c60148eeeac","tableType":{"columns":[{"key":"value","dataType":"String"}]},"numberOfRows":2},{"name":"emptySpaceOnShelf","category":"output","creator":"IBMid-550003P291","createdAt":1633022450647,"lastUpdater":"IBMid-550003P291","updatedAt":1633022450647,"attachmentKey":"b3186c48-c548-4d1a-960e-fb9943b561ee","tableType":{"columns":[{"key":"shelf","dataType":"String"},{"key":"value","dataType":"Number"}]},"numberOfRows":6},{"name":"unitsShortage","category":"output","creator":"IBMid-550003P291","createdAt":1633022450647,"lastUpdater":"IBMid-550003P291","updatedAt":1633022450647,"attachmentKey":"1a0a5f56-356d-44e5-9b5e-49c038a7e991","tableType":{"columns":[{"key":"sku","dataType":"String"},{"key":"value","dataType":"Number"}]},"numberOfRows":236},{"name":"GroupAdjacencies","category":"input","creator":"IBMid-550003P291","createdAt":1633022450647,"lastUpdater":"IBMid-550003P291","updatedAt":1633022450647,"tableType":{"columns":[{"key":"grp1Id","dataType":"String"},{"key":"grp2Id","dataType":"String"},{"key":"adjType","dataType":"String"}]},"numberOfRows":0},{"name":"SKUs","category":"input","creator":"IBMid-550003P291","createdAt":1633022450647,"lastUpdater":"IBMid-550003P291","updatedAt":1633022450647,"attachmentKey":"fe4ae60f-f7b4-4c2b-a438-abf680062cd7/b51e940c-2db0-44bf-9d91-f3b7835bfe51","tableType":{"columns":[{"key":"id","dataType":"String"},{"key":"minFacings","dataType":"Number"},{"key":"maxFacings","dataType":"Number"},{"key":"demand","dataType":"Number"},{"key":"replenishRate","dataType":"Number"},{"key":"parentGroup","dataType":"String"},{"key":"width","dataType":"Number"},{"key":"price","dataType":"Number"}]},"numberOfRows":236},{"name":"Weights","category":"input","creator":"IBMid-550003P291","createdAt":1633022450647,"lastUpdater":"IBMid-550003P291","updatedAt":1633022450647,"attachmentKey":"fe4ae60f-f7b4-4c2b-a438-abf680062cd7/999ceac2-a113-4cc2-a464-b3680fd6ce2c","tableType":{"columns":[{"key":"expectedSales","dataType":"Number"},{"key":"emptySpacePenalty","dataType":"Number"},{"key":"shortagePenalty","dataType":"Number"},{"key":"rectangularityPenalty","dataType":"Number"},{"key":"squarenessPenalty","dataType":"Number"},{"key":"avgDisplayPricePenalty","dataType":"Number"}]},"numberOfRows":1},{"name":"GroupFacingLimits","category":"input","creator":"IBMid-550003P291","createdAt":1633022450647,"lastUpdater":"IBMid-550003P291","updatedAt":1633022450647,"tableType":{"columns":[{"key":"grp","dataType":"String"},{"key":"minFacings","dataType":"String"},{"key":"maxFacings","dataType":"String"}]},"numberOfRows":0},{"name":"SKUShelves","category":"input","creator":"IBMid-550003P291","createdAt":1633022450647,"lastUpdater":"IBMid-550003P291","updatedAt":1633022450647,"attachmentKey":"fe4ae60f-f7b4-4c2b-a438-abf680062cd7/f7a97fd9-d289-402d-b91c-ade7cfc5f437","tableType":{"columns":[{"key":"sku","dataType":"String"},{"key":"shelf","dataType":"String"},{"key":"unitsPerFacing","dataType":"Number"}]},"numberOfRows":1416},{"name":"stats","category":"output","creator":"IBMid-550003P291","createdAt":1633022450647,"lastUpdater":"IBMid-550003P291","updatedAt":1633022450647,"attachmentKey":"dc2c199c-ace6-4c79-acb5-25bb6dce6380","tableType":{"columns":[{"key":"Name","dataType":"String"},{"key":"Value","dataType":"String"}]},"numberOfRows":12},{"name":"Groups","category":"input","creator":"IBMid-550003P291","createdAt":1633022450647,"lastUpdater":"IBMid-550003P291","updatedAt":1633022450647,"attachmentKey":"fe4ae60f-f7b4-4c2b-a438-abf680062cd7/e258fbfe-2997-4cad-a4da-0334037fba46","tableType":{"columns":[{"key":"id","dataType":"String"},{"key":"level","dataType":"Number"},{"key":"parentGroup","dataType":"String"},{"key":"alpha","dataType":"Number"},{"key":"beta","dataType":"Number"},{"key":"needRectangularity","dataType":"Number"},{"key":"needSquareness","dataType":"Number"}]},"numberOfRows":36},{"name":"GroupsReqdOnShelves","category":"input","creator":"IBMid-550003P291","createdAt":1633022450647,"lastUpdater":"IBMid-550003P291","updatedAt":1633022450647,"tableType":{"columns":[{"key":"grp","dataType":"String"},{"key":"shelf","dataType":"String"}]},"numberOfRows":0},{"name":"GroupOnShelfPlacement","category":"output","creator":"IBMid-550003P291","createdAt":1633022450647,"lastUpdater":"IBMid-550003P291","updatedAt":1633022450647,"attachmentKey":"eb99050f-6c3f-41f9-83d7-5f9726f648ea","tableType":{"columns":[{"key":"grp","dataType":"String"},{"key":"shelf","dataType":"String"},{"key":"numFacings","dataType":"Number"},{"key":"offset","dataType":"Number"},{"key":"widthOnShelf","dataType":"Number"}]},"numberOfRows":46},{"name":"Shelves","category":"input","creator":"IBMid-550003P291","createdAt":1633022450647,"lastUpdater":"IBMid-550003P291","updatedAt":1633022450647,"attachmentKey":"fe4ae60f-f7b4-4c2b-a438-abf680062cd7/dab3cc13-0100-4b89-b1fa-78ce625476a0","tableType":{"columns":[{"key":"id","dataType":"String"},{"key":"width","dataType":"Number"},{"key":"level","dataType":"Number"},{"key":"offSet","dataType":"Number"}]},"numberOfRows":6},{"name":"kpis","category":"output","creator":"IBMid-550003P291","createdAt":1633022450647,"lastUpdater":"IBMid-550003P291","updatedAt":1633022450647,"attachmentKey":"9b79e1f6-ab76-492f-9747-4c47c00dd13d","tableType":{"columns":[{"key":"Name","dataType":"String"},{"key":"Value","dataType":"Number"}]},"numberOfRows":6}],"assets":[{"name":"log.txt","category":"output","creator":"IBMid-550003P291","createdAt":1633022450647,"lastUpdater":"IBMid-550003P291","updatedAt":1633022450647,"attachmentKey":"789f60c8-3e85-4518-900c-9b47d4bd8bb2"},{"qualifiers":[{"name":"source","value":"{\"creationTime\":1566495940185,\"lastEditTime\":1566495941253,\"lastUploadTime\":1566495941253}"}],"name":"model.mod","category":"model","creator":"IBMid-550003P291","createdAt":1633022450647,"lastUpdater":"IBMid-550003P291","updatedAt":1633022450647,"attachmentKey":"88a4cba6-89f3-46eb-bfe9-2d400d5c6a1c","contentType":"application/json"}],"solveStatus":{"creationTime":1633022450647,"lastModificationTime":1633022450647,"state":"TERMINATED","solveConfig":{"containerId":"Scenario rectangle and square","solveParameters":{}},"jobDetails":{"id":"7ad5791a-cdb8-4beb-adf5-d5ff7f96bb01","createdAt":1626869904814,"startedAt":1626870030488,"endedAt":1626870213532,"submittedAt":1626869904814,"details":{"KPI.avgDisplayPricePenaltyKPI":"25","KPI.emptySpacePenaltyKPI":"111.5","KPI.expectedSalesKPI":"2.130E+4","KPI.rectangularityPenaltyKPI":"0","KPI.shortagePenaltyKPI":"1663","KPI.squarenessPenaltyKPI":"14","MODEL_DETAIL_BOOLEAN_VARS":"1812","MODEL_DETAIL_CONSTRAINTS":"11154","MODEL_DETAIL_CONTINUOUS_VARS":"2036","MODEL_DETAIL_INTEGER_VARS":"1904","MODEL_DETAIL_LINEAR_CONSTRAINTS":"11154","MODEL_DETAIL_NON_ZEROS":"49954","MODEL_DETAIL_OBJECTIVE_SENSE":"maximize","MODEL_DETAIL_QUADRATIC_CONSTRAINTS":"0","MODEL_DETAIL_TYPE":"MIP","PROGRESS_BEST_OBJECTIVE":"1.203E+4","PROGRESS_BEST_OBJECTIVE.history":"[[1.626870032774E9,1.451E+4],[1.626870037572E9,1.445E+4],[1.626870044636E9,1.445E+4],[1.626870057004E9,1.445E+4],[1.626870079682E9,1.365E+4],[1.626870091256E9,1.362E+4],[1.626870095525E9,1.316E+4],[1.626870101168E9,1.316E+4],[1.626870105053E9,1.316E+4],[1.626870106933E9,1.316E+4],[1.626870110691E9,1.281E+4],[1.626870118573E9,1.254E+4],[1.626870124466E9,1.242E+4],[1.626870134564E9,1.242E+4],[1.626870144958E9,1.227E+4],[1.626870157448E9,1.227E+4],[1.62687016409E9,1.221E+4],[1.626870170495E9,1.215E+4],[1.626870176425E9,1.213E+4],[1.626870195014E9,1.213E+4],[1.626870199365E9,1.213E+4],[1.62687020305E9,1.208E+4],[1.626870208427E9,1.208E+4],[1.626870211682E9,1.203E+4]]","PROGRESS_CURRENT_OBJECTIVE":"-1.044E+4","PROGRESS_CURRENT_OBJECTIVE.history":"[[1.626870032774E9,-3.145E+4],[1.626870037572E9,-2.157E+4],[1.626870044636E9,-2.149E+4],[1.626870057004E9,-2.146E+4],[1.626870079682E9,-2.070E+4],[1.626870091256E9,-1.454E+4],[1.626870095525E9,-1.454E+4],[1.626870101168E9,-1.350E+4],[1.626870105053E9,-1.048E+4],[1.626870106933E9,-1.044E+4],[1.626870110691E9,-1.044E+4],[1.626870118573E9,-1.044E+4],[1.626870124466E9,-1.044E+4],[1.626870134564E9,-1.044E+4],[1.626870144958E9,-1.044E+4],[1.626870157448E9,-1.044E+4],[1.62687016409E9,-1.044E+4],[1.626870170495E9,-1.044E+4],[1.626870176425E9,-1.044E+4],[1.626870195014E9,-1.044E+4],[1.626870199365E9,-1.044E+4],[1.62687020305E9,-1.044E+4],[1.626870208427E9,-1.044E+4],[1.626870211682E9,-1.044E+4]]","PROGRESS_GAP":"2.153","PROGRESS_GAP.history":"[[1.626870032774E9,1.461],[1.626870037572E9,1.670],[1.626870044636E9,1.672],[1.626870057004E9,1.673],[1.626870079682E9,1.660],[1.626870091256E9,1.937],[1.626870095525E9,1.905],[1.626870101168E9,1.975],[1.626870105053E9,2.256],[1.626870106933E9,2.261],[1.626870110691E9,2.227],[1.626870118573E9,2.201],[1.626870124466E9,2.190],[1.626870134564E9,2.189],[1.626870144958E9,2.176],[1.626870157448E9,2.175],[1.62687016409E9,2.169],[1.626870170495E9,2.164],[1.626870176425E9,2.162],[1.626870195014E9,2.162],[1.626870199365E9,2.162],[1.62687020305E9,2.157],[1.626870208427E9,2.157],[1.626870211682E9,2.153]]","STAT.cplex.modelType":"MIP","STAT.cplex.size.booleanVariables":"1812","STAT.cplex.size.constraints":"11154","STAT.cplex.size.continousVariables":"2036","STAT.cplex.size.integerVariables":"1904","STAT.cplex.size.linearConstraints":"11154","STAT.cplex.size.quadraticConstraints":"0","STAT.cplex.size.variables":"5752","STAT.cplex.solve.elapsedTime":"1.627E+9","STAT.cplex.solve.explored":"130113","STAT.cplex.solve.iterationCount":"579291","STAT.cplex.solve.opened":"100310","STAT.job.coresCount":"1","STAT.job.inputsReadMs":"533","STAT.job.memoryPeakKB":"207836","STAT.job.modelProcessingMs":"180686","STAT.job.outputsWriteMs":"1780"},"executionStatus":"PROCESSED","solveStatus":"FEASIBLE_SOLUTION","logTail":["[2021-07-21T12:23:31Z, INFO] ------kpi- KPI.expectedSalesKPI 2.130E+4","[2021-07-21T12:23:31Z, INFO] Initialization of emptySpacePenaltyKPI.","[2021-07-21T12:23:31Z, INFO] ------kpi- KPI.emptySpacePenaltyKPI 111.5","[2021-07-21T12:23:31Z, INFO] Initialization of shortagePenaltyKPI.","[2021-07-21T12:23:31Z, INFO] ------kpi- KPI.shortagePenaltyKPI 1663","[2021-07-21T12:23:31Z, INFO] Initialization of rectangularityPenaltyKPI.","[2021-07-21T12:23:31Z, INFO] ------kpi- KPI.rectangularityPenaltyKPI 0","[2021-07-21T12:23:31Z, INFO] Initialization of squarenessPenaltyKPI.","[2021-07-21T12:23:31Z, INFO] ------kpi- KPI.squarenessPenaltyKPI 14","[2021-07-21T12:23:31Z, INFO] Initialization of avgDisplayPricePenaltyKPI.","[2021-07-21T12:23:31Z, INFO] ------kpi- KPI.avgDisplayPricePenaltyKPI 25","[2021-07-21T12:23:31Z, INFO] Initialization of TEmptySpaceOnShelf.","[2021-07-21T12:23:31Z, INFO] Initialization of emptySpaceOnShelf.","[2021-07-21T12:23:31Z, INFO] Initialization of TGroupFacings.","[2021-07-21T12:23:31Z, INFO] Initialization of GroupFacings.","[2021-07-21T12:23:31Z, INFO] Initialization of TGroupOnShelfPlacement.","[2021-07-21T12:23:31Z, INFO] Initialization of GroupOnShelfPlacement.","[2021-07-21T12:23:31Z, INFO] Initialization of TSKUOnShelfPlacement.","[2021-07-21T12:23:31Z, INFO] Initialization of SKUOnShelfPlacement.","[2021-07-21T12:23:31Z, INFO] Initialization of TUnitsShortage.","[2021-07-21T12:23:31Z, INFO] Initialization of unitsShortage.","[2021-07-21T12:23:31Z, INFO] attachment : kpis.csv","[2021-07-21T12:23:31Z, INFO] Initialization of squarenessPenaltyKPI.","[2021-07-21T12:23:31Z, INFO] Initialization of shortagePenaltyKPI.","[2021-07-21T12:23:31Z, INFO] Initialization of emptySpacePenaltyKPI.","[2021-07-21T12:23:31Z, INFO] Initialization of expectedSalesKPI.","[2021-07-21T12:23:31Z, INFO] Initialization of rectangularityPenaltyKPI.","[2021-07-21T12:23:31Z, INFO] Initialization of avgDisplayPricePenaltyKPI.","[2021-07-21T12:23:31Z, INFO] Initialization of SKUOnShelfPlacement.","[2021-07-21T12:23:31Z, INFO] Initialization of TSKUOnShelfPlacement.","[2021-07-21T12:23:31Z, INFO] Initialization of GroupOnShelfPlacement.","[2021-07-21T12:23:31Z, INFO] Initialization of TGroupOnShelfPlacement.","[2021-07-21T12:23:31Z, INFO] Initialization of emptySpaceOnShelf.","[2021-07-21T12:23:31Z, INFO] Initialization of TEmptySpaceOnShelf.","[2021-07-21T12:23:31Z, INFO] Initialization of unitsShortage.","[2021-07-21T12:23:31Z, INFO] Initialization of TUnitsShortage.","[2021-07-21T12:23:31Z, INFO] Initialization of GroupFacings.","[2021-07-21T12:23:31Z, INFO] Initialization of TGroupFacings.","[2021-07-21T12:23:31Z, INFO] attachment : unitsShortage.csv","[2021-07-21T12:23:31Z, INFO] attachment : GroupOnShelfPlacement.csv","[2021-07-21T12:23:31Z, INFO] attachment : GroupFacings.csv","[2021-07-21T12:23:31Z, INFO] attachment : SKUOnShelfPlacement.csv","[2021-07-21T12:23:31Z, INFO] attachment : emptySpaceOnShelf.csv","[2021-07-21T12:23:31Z, INFO] Total time spent in post processing: 245 msecs.","[2021-07-21T12:23:31Z, INFO] Solve finished with status: FEASIBLE_SOLUTION."]},"runtimeDetails":{"state":"STARTED"},"taskSetupMillis":4960,"taskSolveMillis":309693,"taskTearDownMillis":1381,"jobSpaceId":"aee5e271-49db-4f0d-a695-996395a78a82","jobId":"7ad5791a-cdb8-4beb-adf5-d5ff7f96bb01","ping":1626870200126},"_id":"45ffdd96-9412-4c24-90aa-aff4a1e8a851"},{"qualifiers":[{"name":"modelType","value":"opl"},{"name":"modelMetadata","value":"{\"creationTime\":1566496043650,\"lastEditTime\":1626869653189,\"lastUploadTime\":1626869627317}"}],"name":"Baseline","description":"","category":"scenario","readOnly":false,"creator":"IBMid-550003P291","createdAt":1633022449000,"usage":{"lastModificationTime":1633024288000,"lastModifier":"IBMid-550003P291"},"dataUsagePerCategory":{"output":{"lastModificationTime":1633024283867,"lastModifier":"IBMid-550003P291"},"input":{"lastModificationTime":1633022449006,"lastModifier":"IBMid-550003P291"},"model":{"lastModificationTime":1633022449006,"lastModifier":"IBMid-550003P291"}},"tables":[{"name":"Parameters","category":"input","creator":"IBMid-550003P291","createdAt":1633022449006,"lastUpdater":"IBMid-550003P291","updatedAt":1633022449006,"attachmentKey":"1c6b5407-0724-4783-9516-009299c23d0a","tableType":{"columns":[{"key":"MinTargetAvgDisplayPrice","dataType":"Number"},{"key":"MaxTargetAvgDisplayPrice","dataType":"Number"}]},"numberOfRows":1},{"name":"AdjTypes","category":"input","creator":"IBMid-550003P291","createdAt":1633022449006,"lastUpdater":"IBMid-550003P291","updatedAt":1633022449006,"attachmentKey":"3d0641f7-e310-45ab-9319-8620d8ed91fd","tableType":{"columns":[{"key":"value","dataType":"String"}]},"numberOfRows":2},{"name":"GroupAdjacencies","category":"input","creator":"IBMid-550003P291","createdAt":1633022449006,"lastUpdater":"IBMid-550003P291","updatedAt":1633022449006,"tableType":{"columns":[{"key":"grp1Id","dataType":"String"},{"key":"grp2Id","dataType":"String"},{"key":"adjType","dataType":"String"}]},"numberOfRows":0},{"name":"SKUs","category":"input","creator":"IBMid-550003P291","createdAt":1633022449006,"lastUpdater":"IBMid-550003P291","updatedAt":1633022449006,"attachmentKey":"fd980095-e249-4c4b-a296-deeaae937b1f","tableType":{"columns":[{"key":"id","dataType":"String"},{"key":"minFacings","dataType":"Number"},{"key":"maxFacings","dataType":"Number"},{"key":"demand","dataType":"Number"},{"key":"replenishRate","dataType":"Number"},{"key":"parentGroup","dataType":"String"},{"key":"width","dataType":"Number"},{"key":"price","dataType":"Number"}]},"numberOfRows":236},{"name":"Weights","category":"input","creator":"IBMid-550003P291","createdAt":1633022449006,"lastUpdater":"IBMid-550003P291","updatedAt":1633022449006,"attachmentKey":"940de72a-ae1b-4336-82f4-8356fbde776a","tableType":{"columns":[{"key":"expectedSales","dataType":"Number"},{"key":"emptySpacePenalty","dataType":"Number"},{"key":"shortagePenalty","dataType":"Number"},{"key":"rectangularityPenalty","dataType":"Number"},{"key":"squarenessPenalty","dataType":"Number"},{"key":"avgDisplayPricePenalty","dataType":"Number"}]},"numberOfRows":1},{"name":"GroupFacingLimits","category":"input","creator":"IBMid-550003P291","createdAt":1633022449006,"lastUpdater":"IBMid-550003P291","updatedAt":1633022449006,"tableType":{"columns":[{"key":"grp","dataType":"String"},{"key":"minFacings","dataType":"String"},{"key":"maxFacings","dataType":"String"}]},"numberOfRows":0},{"name":"SKUShelves","category":"input","creator":"IBMid-550003P291","createdAt":1633022449006,"lastUpdater":"IBMid-550003P291","updatedAt":1633022449006,"attachmentKey":"0db1371c-31bd-44f9-9223-86a8b556e5e7","tableType":{"columns":[{"key":"sku","dataType":"String"},{"key":"shelf","dataType":"String"},{"key":"unitsPerFacing","dataType":"Number"}]},"numberOfRows":1416},{"name":"Groups","category":"input","creator":"IBMid-550003P291","createdAt":1633022449006,"lastUpdater":"IBMid-550003P291","updatedAt":1633022449006,"attachmentKey":"926d86c1-d733-4b94-b9d5-c859d4032d7d","tableType":{"columns":[{"key":"id","dataType":"String"},{"key":"level","dataType":"Number"},{"key":"parentGroup","dataType":"String"},{"key":"alpha","dataType":"Number"},{"key":"beta","dataType":"Number"},{"key":"needRectangularity","dataType":"Number"},{"key":"needSquareness","dataType":"Number"}]},"numberOfRows":36},{"name":"GroupsReqdOnShelves","category":"input","creator":"IBMid-550003P291","createdAt":1633022449006,"lastUpdater":"IBMid-550003P291","updatedAt":1633022449006,"tableType":{"columns":[{"key":"grp","dataType":"String"},{"key":"shelf","dataType":"String"}]},"numberOfRows":0},{"name":"Shelves","category":"input","creator":"IBMid-550003P291","createdAt":1633022449006,"lastUpdater":"IBMid-550003P291","updatedAt":1633022449006,"attachmentKey":"dfc24ee6-32f1-4ec0-b78b-437dc374da95","tableType":{"columns":[{"key":"id","dataType":"String"},{"key":"width","dataType":"Number"},{"key":"level","dataType":"Number"},{"key":"offSet","dataType":"Number"}]},"numberOfRows":6},{"name":"GroupOnShelfPlacement","category":"output","creator":"IBMid-550003P291","createdAt":1633024283867,"lastUpdater":"IBMid-550003P291","updatedAt":1633024283867,"size":1459,"attachmentKey":"f400907b-b393-4c8d-b7df-abaf3b66865c","tableType":{"columns":[{"key":"grp","dataType":"String"},{"key":"shelf","dataType":"String"},{"key":"numFacings","dataType":"Number"},{"key":"offset","dataType":"Number"},{"key":"widthOnShelf","dataType":"Number"}]},"numberOfRows":65},{"name":"stats","category":"output","creator":"IBMid-550003P291","createdAt":1633024283867,"lastUpdater":"IBMid-550003P291","updatedAt":1633024283867,"size":477,"attachmentKey":"6a2e2ff6-f276-4d08-8313-74db945ffcb2","tableType":{"columns":[{"key":"Name","dataType":"String"},{"key":"Value","dataType":"String"}]},"numberOfRows":16},{"name":"emptySpaceOnShelf","category":"output","creator":"IBMid-550003P291","createdAt":1633024283867,"lastUpdater":"IBMid-550003P291","updatedAt":1633024283867,"size":57,"attachmentKey":"1153f529-5e0d-4279-a0b7-9e377edbfbd5","tableType":{"columns":[{"key":"shelf","dataType":"String"},{"key":"value","dataType":"Number"}]},"numberOfRows":6},{"name":"GroupFacings","category":"output","creator":"IBMid-550003P291","createdAt":1633024283867,"lastUpdater":"IBMid-550003P291","updatedAt":1633024283867,"size":701,"attachmentKey":"b9116d93-a511-4f60-bf28-c95c848aa81a","tableType":{"columns":[{"key":"grp","dataType":"String"},{"key":"alpha","dataType":"Number"},{"key":"beta","dataType":"Number"},{"key":"numFacings","dataType":"Number"}]},"numberOfRows":36},{"name":"kpis","category":"output","creator":"IBMid-550003P291","createdAt":1633024283867,"lastUpdater":"IBMid-550003P291","updatedAt":1633024283867,"size":166,"attachmentKey":"33cae365-f92d-44d0-bb25-22b57a73cecb","tableType":{"columns":[{"key":"Name","dataType":"String"},{"key":"Value","dataType":"Number"}]},"numberOfRows":6},{"name":"unitsShortage","category":"output","creator":"IBMid-550003P291","createdAt":1633024283867,"lastUpdater":"IBMid-550003P291","updatedAt":1633024283867,"size":2491,"attachmentKey":"916873d4-4a8e-40ba-9081-2be045212e76","tableType":{"columns":[{"key":"sku","dataType":"String"},{"key":"value","dataType":"Number"}]},"numberOfRows":236},{"name":"SKUOnShelfPlacement","category":"output","creator":"IBMid-550003P291","createdAt":1633024283867,"lastUpdater":"IBMid-550003P291","updatedAt":1633024283867,"size":1515,"attachmentKey":"511ea66b-95e6-43c7-837b-bfd4862889af","tableType":{"columns":[{"key":"sku","dataType":"String"},{"key":"shelf","dataType":"String"},{"key":"numFacings","dataType":"Number"},{"key":"offset","dataType":"Number"},{"key":"skuWidth","dataType":"Number"},{"key":"offset2","dataType":"Number"},{"key":"parentGrp","dataType":"String"}]},"numberOfRows":46}],"assets":[{"qualifiers":[{"name":"source","value":"{\"creationTime\":1566496043650,\"lastEditTime\":1626869627317,\"lastUploadTime\":1626869627317}"}],"name":"model.mod","category":"model","creator":"IBMid-550003P291","createdAt":1633022449006,"lastUpdater":"IBMid-550003P291","updatedAt":1633022449006,"attachmentKey":"04e44835-7349-4397-97b3-06af86576283","contentType":"application/json"},{"name":"log.txt","category":"output","creator":"IBMid-550003P291","createdAt":1633024283867,"lastUpdater":"IBMid-550003P291","updatedAt":1633024283867,"size":285134,"attachmentKey":"d975d682-347c-44ae-8b56-dba9d4296edf","contentType":"text/plain"}],"solveStatus":{"creationTime":1633024072561,"lastModificationTime":1633024287984,"state":"TERMINATED","solveConfig":{"containerId":"Baseline","solveParameters":{}},"jobDetails":{"id":"d86ab2af-3ae5-407f-8d9d-12532d358baf","createdAt":1633024081564,"startedAt":1633024101570,"endedAt":1633024285542,"submittedAt":1633024081564,"details":{"KPI.avgDisplayPricePenaltyKPI":"0","KPI.emptySpacePenaltyKPI":"4.000","KPI.expectedSalesKPI":"2.918E+4","KPI.rectangularityPenaltyKPI":"56.50","KPI.shortagePenaltyKPI":"1495","KPI.squarenessPenaltyKPI":"50","MODEL_DETAIL_BOOLEAN_VARS":"1812","MODEL_DETAIL_CONSTRAINTS":"11154","MODEL_DETAIL_CONTINUOUS_VARS":"2036","MODEL_DETAIL_INTEGER_VARS":"1904","MODEL_DETAIL_LINEAR_CONSTRAINTS":"11154","MODEL_DETAIL_NON_ZEROS":"49954","MODEL_DETAIL_OBJECTIVE_SENSE":"maximize","MODEL_DETAIL_QUADRATIC_CONSTRAINTS":"0","MODEL_DETAIL_TYPE":"MIP","PROGRESS_BEST_OBJECTIVE":"2.779E+4","PROGRESS_BEST_OBJECTIVE.history":"[[1.633024104143E9,2.780E+4],[1.633024106944E9,2.780E+4],[1.633024109511E9,2.780E+4],[1.633024110828E9,2.780E+4],[1.633024120581E9,2.780E+4],[1.633024121689E9,2.779E+4],[1.63302412999E9,2.779E+4],[1.633024132451E9,2.779E+4],[1.633024138823E9,2.779E+4],[1.63302413987E9,2.779E+4],[1.633024143679E9,2.779E+4],[1.633024148212E9,2.779E+4],[1.633024152382E9,2.779E+4],[1.633024156896E9,2.779E+4],[1.6330241593E9,2.779E+4],[1.633024167341E9,2.779E+4],[1.633024172766E9,2.779E+4],[1.633024176827E9,2.779E+4],[1.633024178789E9,2.779E+4],[1.633024180133E9,2.779E+4],[1.633024181916E9,2.779E+4],[1.633024183262E9,2.779E+4],[1.633024186362E9,2.779E+4],[1.633024188529E9,2.779E+4],[1.633024192779E9,2.779E+4],[1.633024195284E9,2.779E+4],[1.633024196958E9,2.779E+4],[1.633024198361E9,2.779E+4],[1.633024202833E9,2.779E+4],[1.633024207241E9,2.779E+4],[1.633024210035E9,2.779E+4],[1.633024214694E9,2.779E+4],[1.633024217831E9,2.779E+4],[1.633024219271E9,2.779E+4],[1.633024221878E9,2.779E+4],[1.633024222885E9,2.779E+4],[1.633024227033E9,2.779E+4],[1.633024232757E9,2.779E+4],[1.633024236601E9,2.779E+4],[1.633024239949E9,2.779E+4],[1.633024242563E9,2.779E+4],[1.633024243774E9,2.779E+4],[1.633024244822E9,2.779E+4],[1.633024247436E9,2.779E+4],[1.633024248499E9,2.779E+4],[1.633024252185E9,2.779E+4],[1.633024253869E9,2.779E+4],[1.633024258615E9,2.779E+4],[1.633024268785E9,2.779E+4],[1.633024271082E9,2.779E+4],[1.63302427276E9,2.779E+4],[1.633024275236E9,2.779E+4],[1.633024276802E9,2.779E+4],[1.633024278792E9,2.779E+4],[1.633024280181E9,2.779E+4],[1.633024281214E9,2.779E+4],[1.633024282363E9,2.779E+4],[1.633024283583E9,2.779E+4]]","PROGRESS_CURRENT_OBJECTIVE":"2.757E+4","PROGRESS_CURRENT_OBJECTIVE.history":"[[1.633024104143E9,-3145],[1.633024106944E9,2.687E+4],[1.633024109511E9,2.692E+4],[1.633024110828E9,2.742E+4],[1.633024120581E9,2.742E+4],[1.633024121689E9,2.742E+4],[1.63302412999E9,2.742E+4],[1.633024132451E9,2.742E+4],[1.633024138823E9,2.742E+4],[1.63302413987E9,2.742E+4],[1.633024143679E9,2.742E+4],[1.633024148212E9,2.742E+4],[1.633024152382E9,2.742E+4],[1.633024156896E9,2.742E+4],[1.6330241593E9,2.742E+4],[1.633024167341E9,2.742E+4],[1.633024172766E9,2.742E+4],[1.633024176827E9,2.742E+4],[1.633024178789E9,2.742E+4],[1.633024180133E9,2.742E+4],[1.633024181916E9,2.742E+4],[1.633024183262E9,2.742E+4],[1.633024186362E9,2.742E+4],[1.633024188529E9,2.742E+4],[1.633024192779E9,2.742E+4],[1.633024195284E9,2.742E+4],[1.633024196958E9,2.742E+4],[1.633024198361E9,2.742E+4],[1.633024202833E9,2.742E+4],[1.633024207241E9,2.742E+4],[1.633024210035E9,2.742E+4],[1.633024214694E9,2.742E+4],[1.633024217831E9,2.742E+4],[1.633024219271E9,2.742E+4],[1.633024221878E9,2.742E+4],[1.633024222885E9,2.746E+4],[1.633024227033E9,2.746E+4],[1.633024232757E9,2.746E+4],[1.633024236601E9,2.746E+4],[1.633024239949E9,2.746E+4],[1.633024242563E9,2.746E+4],[1.633024243774E9,2.746E+4],[1.633024244822E9,2.746E+4],[1.633024247436E9,2.746E+4],[1.633024248499E9,2.746E+4],[1.633024252185E9,2.746E+4],[1.633024253869E9,2.746E+4],[1.633024258615E9,2.746E+4],[1.633024268785E9,2.746E+4],[1.633024271082E9,2.746E+4],[1.63302427276E9,2.746E+4],[1.633024275236E9,2.747E+4],[1.633024276802E9,2.747E+4],[1.633024278792E9,2.754E+4],[1.633024280181E9,2.756E+4],[1.633024281214E9,2.757E+4],[1.633024282363E9,2.757E+4],[1.633024283583E9,2.757E+4]]","PROGRESS_GAP":"0.008005","PROGRESS_GAP.history":"[[1.633024104143E9,9.841],[1.633024106944E9,0.03483],[1.633024109511E9,0.03280],[1.633024110828E9,0.01392],[1.633024120581E9,0.01361],[1.633024121689E9,0.01353],[1.63302412999E9,0.01351],[1.633024132451E9,0.01348],[1.633024138823E9,0.01347],[1.63302413987E9,0.01347],[1.633024143679E9,0.01347],[1.633024148212E9,0.01346],[1.633024152382E9,0.01346],[1.633024156896E9,0.01346],[1.6330241593E9,0.01346],[1.633024167341E9,0.01345],[1.633024172766E9,0.01345],[1.633024176827E9,0.01345],[1.633024178789E9,0.01345],[1.633024180133E9,0.01345],[1.633024181916E9,0.01345],[1.633024183262E9,0.01345],[1.633024186362E9,0.01345],[1.633024188529E9,0.01345],[1.633024192779E9,0.01345],[1.633024195284E9,0.01344],[1.633024196958E9,0.01344],[1.633024198361E9,0.01344],[1.633024202833E9,0.01344],[1.633024207241E9,0.01344],[1.633024210035E9,0.01344],[1.633024214694E9,0.01344],[1.633024217831E9,0.01344],[1.633024219271E9,0.01344],[1.633024221878E9,0.01344],[1.633024222885E9,0.01221],[1.633024227033E9,0.01218],[1.633024232757E9,0.01218],[1.633024236601E9,0.01217],[1.633024239949E9,0.01217],[1.633024242563E9,0.01217],[1.633024243774E9,0.01217],[1.633024244822E9,0.01217],[1.633024247436E9,0.01217],[1.633024248499E9,0.01217],[1.633024252185E9,0.01217],[1.633024253869E9,0.01217],[1.633024258615E9,0.01217],[1.633024268785E9,0.01216],[1.633024271082E9,0.01216],[1.63302427276E9,0.01216],[1.633024275236E9,0.01156],[1.633024276802E9,0.01156],[1.633024278792E9,0.009128],[1.633024280181E9,0.008226],[1.633024281214E9,0.008006],[1.633024282363E9,0.008005],[1.633024283583E9,0.008005]]","STAT.cplex.modelType":"MIP","STAT.cplex.size.booleanVariables":"1812","STAT.cplex.size.constraints":"11154","STAT.cplex.size.continousVariables":"2036","STAT.cplex.size.integerVariables":"1904","STAT.cplex.size.linearConstraints":"11154","STAT.cplex.size.quadraticConstraints":"0","STAT.cplex.size.variables":"5752","STAT.cplex.solve.elapsedTime":"1.633E+9","STAT.cplex.solve.explored":"1320223","STAT.cplex.solve.iterationCount":"1102407","STAT.cplex.solve.opened":"1010011","STAT.job.coresCount":"1","STAT.job.inputsReadMs":"1278","STAT.job.memoryPeakKB":"232428","STAT.job.modelProcessingMs":"180698","STAT.job.outputsWriteMs":"1900"},"executionStatus":"PROCESSED","solveStatus":"FEASIBLE_SOLUTION","logTail":["[2021-09-30T17:51:23Z, INFO] ------kpi- KPI.expectedSalesKPI 2.918E+4","[2021-09-30T17:51:23Z, INFO] Initialization of emptySpacePenaltyKPI.","[2021-09-30T17:51:23Z, INFO] ------kpi- KPI.emptySpacePenaltyKPI 4.000","[2021-09-30T17:51:23Z, INFO] Initialization of shortagePenaltyKPI.","[2021-09-30T17:51:23Z, INFO] ------kpi- KPI.shortagePenaltyKPI 1495","[2021-09-30T17:51:23Z, INFO] Initialization of rectangularityPenaltyKPI.","[2021-09-30T17:51:23Z, INFO] ------kpi- KPI.rectangularityPenaltyKPI 56.50","[2021-09-30T17:51:23Z, INFO] Initialization of squarenessPenaltyKPI.","[2021-09-30T17:51:23Z, INFO] ------kpi- KPI.squarenessPenaltyKPI 50","[2021-09-30T17:51:23Z, INFO] Initialization of avgDisplayPricePenaltyKPI.","[2021-09-30T17:51:23Z, INFO] ------kpi- KPI.avgDisplayPricePenaltyKPI 0","[2021-09-30T17:51:23Z, INFO] Initialization of TEmptySpaceOnShelf.","[2021-09-30T17:51:23Z, INFO] Initialization of emptySpaceOnShelf.","[2021-09-30T17:51:23Z, INFO] Initialization of TGroupFacings.","[2021-09-30T17:51:23Z, INFO] Initialization of GroupFacings.","[2021-09-30T17:51:23Z, INFO] Initialization of TGroupOnShelfPlacement.","[2021-09-30T17:51:23Z, INFO] Initialization of GroupOnShelfPlacement.","[2021-09-30T17:51:23Z, INFO] Initialization of TSKUOnShelfPlacement.","[2021-09-30T17:51:23Z, INFO] Initialization of SKUOnShelfPlacement.","[2021-09-30T17:51:23Z, INFO] Initialization of TUnitsShortage.","[2021-09-30T17:51:23Z, INFO] Initialization of unitsShortage.","[2021-09-30T17:51:23Z, INFO] attachment : kpis.csv","[2021-09-30T17:51:23Z, INFO] Initialization of squarenessPenaltyKPI.","[2021-09-30T17:51:23Z, INFO] Initialization of shortagePenaltyKPI.","[2021-09-30T17:51:23Z, INFO] Initialization of emptySpacePenaltyKPI.","[2021-09-30T17:51:23Z, INFO] Initialization of expectedSalesKPI.","[2021-09-30T17:51:23Z, INFO] Initialization of rectangularityPenaltyKPI.","[2021-09-30T17:51:23Z, INFO] Initialization of avgDisplayPricePenaltyKPI.","[2021-09-30T17:51:23Z, INFO] Initialization of SKUOnShelfPlacement.","[2021-09-30T17:51:23Z, INFO] Initialization of TSKUOnShelfPlacement.","[2021-09-30T17:51:23Z, INFO] Initialization of GroupOnShelfPlacement.","[2021-09-30T17:51:23Z, INFO] Initialization of TGroupOnShelfPlacement.","[2021-09-30T17:51:23Z, INFO] Initialization of emptySpaceOnShelf.","[2021-09-30T17:51:23Z, INFO] Initialization of TEmptySpaceOnShelf.","[2021-09-30T17:51:23Z, INFO] Initialization of unitsShortage.","[2021-09-30T17:51:23Z, INFO] Initialization of TUnitsShortage.","[2021-09-30T17:51:23Z, INFO] Initialization of GroupFacings.","[2021-09-30T17:51:23Z, INFO] Initialization of TGroupFacings.","[2021-09-30T17:51:23Z, INFO] attachment : unitsShortage.csv","[2021-09-30T17:51:23Z, INFO] attachment : GroupOnShelfPlacement.csv","[2021-09-30T17:51:23Z, INFO] attachment : GroupFacings.csv","[2021-09-30T17:51:23Z, INFO] attachment : SKUOnShelfPlacement.csv","[2021-09-30T17:51:23Z, INFO] attachment : emptySpaceOnShelf.csv","[2021-09-30T17:51:23Z, INFO] Total time spent in post processing: 354 msecs.","[2021-09-30T17:51:23Z, INFO] Solve finished with status: FEASIBLE_SOLUTION."]},"runtimeDetails":{"state":"STARTED"},"taskSetupMillis":8420,"taskSolveMillis":204716,"taskTearDownMillis":1,"jobSpaceId":"0049c29a-9b28-4140-8607-19c313698768","jobId":"d86ab2af-3ae5-407f-8d9d-12532d358baf","ping":1633024283218},"_id":"bfdf438d-8eb8-43a2-87cd-cb55bd293fbb"},{"qualifiers":[{"name":"modelType","value":"opl"},{"name":"modelMetadata","value":"{\"creationTime\":1566496043650,\"lastEditTime\":1626870100645,\"lastUploadTime\":1626869717233}"}],"name":"Scenario Lexicographic","description":"","category":"scenario","readOnly":false,"creator":"IBMid-550003P291","createdAt":1633022453000,"usage":{"lastModificationTime":1633022453000,"lastModifier":"iam-ServiceId-c2eabb5c-a2d7-4580-a867-9bb90f33e208"},"dataUsagePerCategory":{"output":{"lastModificationTime":1633022453700,"lastModifier":"IBMid-550003P291"},"input":{"lastModificationTime":1633022453700,"lastModifier":"IBMid-550003P291"},"model":{"lastModificationTime":1633022453700,"lastModifier":"IBMid-550003P291"}},"tables":[{"name":"SKUOnShelfPlacement","category":"output","creator":"IBMid-550003P291","createdAt":1633022453700,"lastUpdater":"IBMid-550003P291","updatedAt":1633022453700,"attachmentKey":"5c2e716f-4318-4cb2-9b2c-74ce48868982","tableType":{"columns":[{"key":"sku","dataType":"String"},{"key":"shelf","dataType":"String"},{"key":"numFacings","dataType":"Number"},{"key":"offset","dataType":"Number"},{"key":"skuWidth","dataType":"Number"},{"key":"offset2","dataType":"Number"},{"key":"parentGrp","dataType":"String"}]},"numberOfRows":33},{"name":"Parameters","category":"input","creator":"IBMid-550003P291","createdAt":1633022453700,"lastUpdater":"IBMid-550003P291","updatedAt":1633022453700,"attachmentKey":"bafd4a58-fc37-4691-97f0-80cf2e0cec69/7aa6f11d-cd71-4735-88f0-b96f7880f242","tableType":{"columns":[{"key":"MinTargetAvgDisplayPrice","dataType":"Number"},{"key":"MaxTargetAvgDisplayPrice","dataType":"Number"}]},"numberOfRows":1},{"name":"GroupFacings","category":"output","creator":"IBMid-550003P291","createdAt":1633022453700,"lastUpdater":"IBMid-550003P291","updatedAt":1633022453700,"attachmentKey":"bc49c812-0398-49ec-9418-d676ab0303ab","tableType":{"columns":[{"key":"grp","dataType":"String"},{"key":"alpha","dataType":"Number"},{"key":"beta","dataType":"Number"},{"key":"numFacings","dataType":"Number"}]},"numberOfRows":36},{"name":"AdjTypes","category":"input","creator":"IBMid-550003P291","createdAt":1633022453700,"lastUpdater":"IBMid-550003P291","updatedAt":1633022453700,"attachmentKey":"bafd4a58-fc37-4691-97f0-80cf2e0cec69/e9c11812-6b6a-47e7-a3c0-e56523bd60c0","tableType":{"columns":[{"key":"value","dataType":"String"}]},"numberOfRows":2},{"name":"emptySpaceOnShelf","category":"output","creator":"IBMid-550003P291","createdAt":1633022453700,"lastUpdater":"IBMid-550003P291","updatedAt":1633022453700,"attachmentKey":"9f121614-709e-430f-a382-a18c435524c6","tableType":{"columns":[{"key":"shelf","dataType":"String"},{"key":"value","dataType":"Number"}]},"numberOfRows":6},{"name":"unitsShortage","category":"output","creator":"IBMid-550003P291","createdAt":1633022453700,"lastUpdater":"IBMid-550003P291","updatedAt":1633022453700,"attachmentKey":"dbe5d664-5e8a-4f65-8ad5-9846a553685c","tableType":{"columns":[{"key":"sku","dataType":"String"},{"key":"value","dataType":"Number"}]},"numberOfRows":236},{"name":"GroupAdjacencies","category":"input","creator":"IBMid-550003P291","createdAt":1633022453700,"lastUpdater":"IBMid-550003P291","updatedAt":1633022453700,"tableType":{"columns":[{"key":"grp1Id","dataType":"String"},{"key":"grp2Id","dataType":"String"},{"key":"adjType","dataType":"String"}]},"numberOfRows":0},{"name":"SKUs","category":"input","creator":"IBMid-550003P291","createdAt":1633022453700,"lastUpdater":"IBMid-550003P291","updatedAt":1633022453700,"attachmentKey":"bafd4a58-fc37-4691-97f0-80cf2e0cec69/975505b7-214c-44e1-b89f-f2db3710e027","tableType":{"columns":[{"key":"id","dataType":"String"},{"key":"minFacings","dataType":"Number"},{"key":"maxFacings","dataType":"Number"},{"key":"demand","dataType":"Number"},{"key":"replenishRate","dataType":"Number"},{"key":"parentGroup","dataType":"String"},{"key":"width","dataType":"Number"},{"key":"price","dataType":"Number"}]},"numberOfRows":236},{"name":"Weights","category":"input","creator":"IBMid-550003P291","createdAt":1633022453700,"lastUpdater":"IBMid-550003P291","updatedAt":1633022453700,"attachmentKey":"bafd4a58-fc37-4691-97f0-80cf2e0cec69/1d0ca4c6-1fb4-40f5-873a-eecd2e86a78c","tableType":{"columns":[{"key":"expectedSales","dataType":"Number"},{"key":"emptySpacePenalty","dataType":"Number"},{"key":"shortagePenalty","dataType":"Number"},{"key":"rectangularityPenalty","dataType":"Number"},{"key":"squarenessPenalty","dataType":"Number"},{"key":"avgDisplayPricePenalty","dataType":"Number"}]},"numberOfRows":1},{"name":"GroupFacingLimits","category":"input","creator":"IBMid-550003P291","createdAt":1633022453700,"lastUpdater":"IBMid-550003P291","updatedAt":1633022453700,"tableType":{"columns":[{"key":"grp","dataType":"String"},{"key":"minFacings","dataType":"String"},{"key":"maxFacings","dataType":"String"}]},"numberOfRows":0},{"name":"SKUShelves","category":"input","creator":"IBMid-550003P291","createdAt":1633022453700,"lastUpdater":"IBMid-550003P291","updatedAt":1633022453700,"attachmentKey":"bafd4a58-fc37-4691-97f0-80cf2e0cec69/e77618ba-a0de-437e-bd97-96e9ef29544e","tableType":{"columns":[{"key":"sku","dataType":"String"},{"key":"shelf","dataType":"String"},{"key":"unitsPerFacing","dataType":"Number"}]},"numberOfRows":1416},{"name":"stats","category":"output","creator":"IBMid-550003P291","createdAt":1633022453700,"lastUpdater":"IBMid-550003P291","updatedAt":1633022453700,"attachmentKey":"f77249db-7d49-4ef7-988b-0344d9191100","tableType":{"columns":[{"key":"Name","dataType":"String"},{"key":"Value","dataType":"String"}]},"numberOfRows":12},{"name":"Groups","category":"input","creator":"IBMid-550003P291","createdAt":1633022453700,"lastUpdater":"IBMid-550003P291","updatedAt":1633022453700,"attachmentKey":"bafd4a58-fc37-4691-97f0-80cf2e0cec69/4e45211a-5e20-4ea0-bac3-41bbd8d9cffc","tableType":{"columns":[{"key":"id","dataType":"String"},{"key":"level","dataType":"Number"},{"key":"parentGroup","dataType":"String"},{"key":"alpha","dataType":"Number"},{"key":"beta","dataType":"Number"},{"key":"needRectangularity","dataType":"Number"},{"key":"needSquareness","dataType":"Number"}]},"numberOfRows":36},{"name":"GroupsReqdOnShelves","category":"input","creator":"IBMid-550003P291","createdAt":1633022453700,"lastUpdater":"IBMid-550003P291","updatedAt":1633022453700,"tableType":{"columns":[{"key":"grp","dataType":"String"},{"key":"shelf","dataType":"String"}]},"numberOfRows":0},{"name":"GroupOnShelfPlacement","category":"output","creator":"IBMid-550003P291","createdAt":1633022453700,"lastUpdater":"IBMid-550003P291","updatedAt":1633022453700,"attachmentKey":"b7256acf-c75a-4468-8bb4-82bd58540dc4","tableType":{"columns":[{"key":"grp","dataType":"String"},{"key":"shelf","dataType":"String"},{"key":"numFacings","dataType":"Number"},{"key":"offset","dataType":"Number"},{"key":"widthOnShelf","dataType":"Number"}]},"numberOfRows":56},{"name":"Shelves","category":"input","creator":"IBMid-550003P291","createdAt":1633022453700,"lastUpdater":"IBMid-550003P291","updatedAt":1633022453700,"attachmentKey":"bafd4a58-fc37-4691-97f0-80cf2e0cec69/b9b18ddc-055a-475f-b795-537cfe3695a2","tableType":{"columns":[{"key":"id","dataType":"String"},{"key":"width","dataType":"Number"},{"key":"level","dataType":"Number"},{"key":"offSet","dataType":"Number"}]},"numberOfRows":6},{"name":"kpis","category":"output","creator":"IBMid-550003P291","createdAt":1633022453700,"lastUpdater":"IBMid-550003P291","updatedAt":1633022453700,"attachmentKey":"a9f4c341-02b3-4cc7-82ce-7d3f445b4f98","tableType":{"columns":[{"key":"Name","dataType":"String"},{"key":"Value","dataType":"Number"}]},"numberOfRows":6}],"assets":[{"name":"log.txt","category":"output","creator":"IBMid-550003P291","createdAt":1633022453700,"lastUpdater":"IBMid-550003P291","updatedAt":1633022453700,"attachmentKey":"3166b0ff-b794-4ec1-af17-ffe18ddd51fd"},{"qualifiers":[{"name":"source","value":"{\"creationTime\":1566496043650,\"lastEditTime\":1626869717233,\"lastUploadTime\":1626869717233}"}],"name":"model.mod","category":"model","creator":"IBMid-550003P291","createdAt":1633022453700,"lastUpdater":"IBMid-550003P291","updatedAt":1633022453700,"attachmentKey":"e0664280-6b05-4717-be70-5358feb02bf0","contentType":"application/json"}],"solveStatus":{"creationTime":1633022453700,"lastModificationTime":1633022453700,"state":"TERMINATED","solveConfig":{"containerId":"Scenario Lexicographic","solveParameters":{}},"jobDetails":{"id":"bad60a94-2071-4f39-a880-90053bb61d30","createdAt":1626870107168,"startedAt":1626870214361,"endedAt":1626870399395,"submittedAt":1626870107168,"details":{"KPI.avgDisplayPricePenaltyKPI":"0","KPI.emptySpacePenaltyKPI":"0","KPI.expectedSalesKPI":"2.929E+4","KPI.rectangularityPenaltyKPI":"1.884E+4","KPI.shortagePenaltyKPI":"1489","KPI.squarenessPenaltyKPI":"69","MODEL_DETAIL_BOOLEAN_VARS":"1812","MODEL_DETAIL_CONSTRAINTS":"11154","MODEL_DETAIL_CONTINUOUS_VARS":"2036","MODEL_DETAIL_INTEGER_VARS":"1904","MODEL_DETAIL_LINEAR_CONSTRAINTS":"11154","MODEL_DETAIL_NON_ZEROS":"49954","MODEL_DETAIL_OBJECTIVE_SENSE":"maximize","MODEL_DETAIL_QUADRATIC_CONSTRAINTS":"0","MODEL_DETAIL_TYPE":"MIP","PROGRESS_BEST_OBJECTIVE":"1.000E+75","PROGRESS_BEST_OBJECTIVE.history":"[[1.626870218126E9,2.929E+4],[1.626870219276E9,2.929E+4],[1.626870220742E9,2.929E+4],[1.626870222066E9,2.929E+4],[1.626870223991E9,2.929E+4],[1.626870228764E9,2.929E+4],[1.626870230329E9,2.929E+4],[1.6268702316E9,2.929E+4],[1.626870232717E9,2.929E+4],[1.626870233878E9,2.929E+4],[1.626870234882E9,2.929E+4],[1.626870236162E9,2.929E+4],[1.626870237227E9,2.929E+4],[1.626870238399E9,2.929E+4],[1.626870239465E9,2.929E+4],[1.626870240494E9,2.929E+4],[1.626870241585E9,2.929E+4],[1.626870243075E9,2.929E+4],[1.626870244215E9,2.929E+4],[1.626870245479E9,2.929E+4],[1.626870246544E9,2.929E+4],[1.626870247629E9,2.929E+4],[1.626870248878E9,2.929E+4],[1.626870249941E9,2.929E+4],[1.626870250957E9,2.929E+4],[1.626870252015E9,2.929E+4],[1.626870253178E9,2.929E+4],[1.626870254195E9,2.929E+4],[1.626870255252E9,2.929E+4],[1.626870256391E9,2.929E+4],[1.626870257483E9,2.929E+4],[1.626870258943E9,2.929E+4],[1.626870260105E9,2.929E+4],[1.626870261123E9,2.929E+4],[1.626870262435E9,2.929E+4],[1.626870263484E9,2.929E+4],[1.626870264583E9,2.929E+4],[1.62687026567E9,2.929E+4],[1.626870266844E9,2.929E+4],[1.626870268124E9,2.929E+4],[1.626870269317E9,2.929E+4],[1.626870270498E9,2.929E+4],[1.626870271669E9,2.929E+4],[1.626870272964E9,2.929E+4],[1.626870274069E9,2.929E+4],[1.626870275077E9,2.929E+4],[1.62687027615E9,2.929E+4],[1.626870277152E9,2.929E+4],[1.626870278273E9,2.929E+4],[1.626870279349E9,2.929E+4],[1.626870280514E9,2.929E+4],[1.626870281736E9,2.929E+4],[1.626870283185E9,2.929E+4],[1.626870284324E9,2.929E+4],[1.626870292974E9,2.929E+4],[1.626870305282E9,2.929E+4],[1.626870313705E9,-1483],[1.626870317372E9,-1483],[1.626870319165E9,-1483],[1.626870320589E9,-1483],[1.626870322163E9,-1483],[1.626870323994E9,-1483],[1.626870397643E9,1.000E+75]]","PROGRESS_CURRENT_OBJECTIVE":"2.929E+4","PROGRESS_CURRENT_OBJECTIVE.history":"[[1.626870218126E9,0],[1.626870219276E9,2.915E+4],[1.626870220742E9,2.920E+4],[1.626870222066E9,2.921E+4],[1.626870223991E9,2.921E+4],[1.626870228764E9,2.921E+4],[1.626870230329E9,2.921E+4],[1.6268702316E9,2.922E+4],[1.626870232717E9,2.924E+4],[1.626870233878E9,2.924E+4],[1.626870234882E9,2.926E+4],[1.626870236162E9,2.926E+4],[1.626870237227E9,2.927E+4],[1.626870238399E9,2.927E+4],[1.626870239465E9,2.927E+4],[1.626870240494E9,2.927E+4],[1.626870241585E9,2.927E+4],[1.626870243075E9,2.927E+4],[1.626870244215E9,2.927E+4],[1.626870245479E9,2.927E+4],[1.626870246544E9,2.927E+4],[1.626870247629E9,2.927E+4],[1.626870248878E9,2.927E+4],[1.626870249941E9,2.927E+4],[1.626870250957E9,2.927E+4],[1.626870252015E9,2.927E+4],[1.626870253178E9,2.927E+4],[1.626870254195E9,2.927E+4],[1.626870255252E9,2.927E+4],[1.626870256391E9,2.927E+4],[1.626870257483E9,2.927E+4],[1.626870258943E9,2.927E+4],[1.626870260105E9,2.927E+4],[1.626870261123E9,2.927E+4],[1.626870262435E9,2.927E+4],[1.626870263484E9,2.927E+4],[1.626870264583E9,2.927E+4],[1.62687026567E9,2.927E+4],[1.626870266844E9,2.927E+4],[1.626870268124E9,2.927E+4],[1.626870269317E9,2.927E+4],[1.626870270498E9,2.927E+4],[1.626870271669E9,2.927E+4],[1.626870272964E9,2.927E+4],[1.626870274069E9,2.927E+4],[1.626870275077E9,2.927E+4],[1.62687027615E9,2.927E+4],[1.626870277152E9,2.927E+4],[1.626870278273E9,2.927E+4],[1.626870279349E9,2.927E+4],[1.626870280514E9,2.927E+4],[1.626870281736E9,2.927E+4],[1.626870283185E9,2.927E+4],[1.626870284324E9,2.927E+4],[1.626870292974E9,2.928E+4],[1.626870305282E9,2.929E+4],[1.626870313705E9,-1489],[1.626870317372E9,-1489],[1.626870319165E9,-1489],[1.626870320589E9,-1489],[1.626870322163E9,-1489],[1.626870323994E9,-1489],[1.626870397643E9,2.929E+4]]","PROGRESS_GAP":"3.415E+70","PROGRESS_GAP.history":"[[1.626870218126E9,2.929E+14],[1.626870219276E9,0.004621],[1.626870220742E9,0.003125],[1.626870222066E9,0.002810],[1.626870223991E9,0.002681],[1.626870228764E9,0.002680],[1.626870230329E9,0.002676],[1.6268702316E9,0.002464],[1.626870232717E9,0.001497],[1.626870233878E9,0.001497],[1.626870234882E9,0.0007898],[1.626870236162E9,0.0007880],[1.626870237227E9,0.0006640],[1.626870238399E9,0.0006628],[1.626870239465E9,0.0005630],[1.626870240494E9,0.0005593],[1.626870241585E9,0.0005526],[1.626870243075E9,0.0005520],[1.626870244215E9,0.0005501],[1.626870245479E9,0.0004991],[1.626870246544E9,0.0004794],[1.626870247629E9,0.0004773],[1.626870248878E9,0.0004756],[1.626870249941E9,0.0004752],[1.626870250957E9,0.0004735],[1.626870252015E9,0.0004723],[1.626870253178E9,0.0004700],[1.626870254195E9,0.0004689],[1.626870255252E9,0.0004683],[1.626870256391E9,0.0004670],[1.626870257483E9,0.0004656],[1.626870258943E9,0.0004647],[1.626870260105E9,0.0004636],[1.626870261123E9,0.0004624],[1.626870262435E9,0.0004619],[1.626870263484E9,0.0004603],[1.626870264583E9,0.0004589],[1.62687026567E9,0.0004583],[1.626870266844E9,0.0004578],[1.626870268124E9,0.0004576],[1.626870269317E9,0.0004569],[1.626870270498E9,0.0004559],[1.626870271669E9,0.0004553],[1.626870272964E9,0.0004546],[1.626870274069E9,0.0004538],[1.626870275077E9,0.0004530],[1.62687027615E9,0.0004522],[1.626870277152E9,0.0004516],[1.626870278273E9,0.0004513],[1.626870279349E9,0.0004506],[1.626870280514E9,0.0004499],[1.626870281736E9,0.0004495],[1.626870283185E9,0.0004490],[1.626870284324E9,0.0004484],[1.626870292974E9,0.0002272],[1.626870305282E9,0.00004377],[1.626870313705E9,0.003872],[1.626870317372E9,0.003846],[1.626870319165E9,0.003807],[1.626870320589E9,0.003713],[1.626870322163E9,0.003708],[1.626870323994E9,0.003699],[1.626870397643E9,3.415E+70]]","STAT.cplex.modelType":"MIP","STAT.cplex.size.booleanVariables":"1812","STAT.cplex.size.constraints":"11154","STAT.cplex.size.continousVariables":"2036","STAT.cplex.size.integerVariables":"1904","STAT.cplex.size.linearConstraints":"11154","STAT.cplex.size.quadraticConstraints":"0","STAT.cplex.size.variables":"5752","STAT.cplex.solve.elapsedTime":"1.627E+9","STAT.cplex.solve.explored":"103111","STAT.cplex.solve.iterationCount":"32729","STAT.cplex.solve.opened":"20232","STAT.job.coresCount":"1","STAT.job.inputsReadMs":"2554","STAT.job.memoryPeakKB":"230100","STAT.job.modelProcessingMs":"180744","STAT.job.outputsWriteMs":"1689"},"executionStatus":"PROCESSED","solveStatus":"UNKNOWN","logTail":["[2021-07-21T12:25:24Z, INFO] Initialization of avgDisplayPricePenaltyKPI.","[2021-07-21T12:25:24Z, INFO] ------kpi- KPI.avgDisplayPricePenaltyKPI 0","[2021-07-21T12:25:24Z, INFO] Initialization of TEmptySpaceOnShelf.","[2021-07-21T12:25:24Z, INFO] Initialization of emptySpaceOnShelf.","[2021-07-21T12:25:24Z, INFO] Initialization of TGroupFacings.","[2021-07-21T12:25:24Z, INFO] Initialization of GroupFacings.","[2021-07-21T12:25:24Z, INFO] Initialization of TGroupOnShelfPlacement.","[2021-07-21T12:25:24Z, INFO] Initialization of GroupOnShelfPlacement.","[2021-07-21T12:25:24Z, INFO] Initialization of TSKUOnShelfPlacement.","[2021-07-21T12:25:24Z, INFO] Initialization of SKUOnShelfPlacement.","[2021-07-21T12:25:24Z, INFO] Initialization of TUnitsShortage.","[2021-07-21T12:25:24Z, INFO] Initialization of unitsShortage.","[2021-07-21T12:25:24Z, INFO] ------kpi- KPI.expectedSalesKPI 2.929E+4","[2021-07-21T12:25:24Z, INFO] ------kpi- KPI.emptySpacePenaltyKPI 0","[2021-07-21T12:25:24Z, INFO] ------kpi- KPI.shortagePenaltyKPI 1489","[2021-07-21T12:25:24Z, INFO] ------kpi- KPI.rectangularityPenaltyKPI 1.884E+4","[2021-07-21T12:25:24Z, INFO] ------kpi- KPI.squarenessPenaltyKPI 69","[2021-07-21T12:25:24Z, INFO] ------kpi- KPI.avgDisplayPricePenaltyKPI 0","[2021-07-21T12:25:24Z, INFO] attachment : kpis.csv","[2021-07-21T12:25:24Z, INFO] Initialization of squarenessPenaltyKPI.","[2021-07-21T12:25:24Z, INFO] Initialization of shortagePenaltyKPI.","[2021-07-21T12:25:24Z, INFO] Initialization of emptySpacePenaltyKPI.","[2021-07-21T12:25:24Z, INFO] Initialization of TGroupFacings.","[2021-07-21T12:25:24Z, INFO] Initialization of expectedSalesKPI.","[2021-07-21T12:25:24Z, INFO] Initialization of rectangularityPenaltyKPI.","[2021-07-21T12:25:24Z, INFO] Initialization of avgDisplayPricePenaltyKPI.","[2021-07-21T12:25:24Z, INFO] Initialization of SKUOnShelfPlacement.","[2021-07-21T12:25:24Z, INFO] Initialization of TSKUOnShelfPlacement.","[2021-07-21T12:25:24Z, INFO] Initialization of GroupOnShelfPlacement.","[2021-07-21T12:25:24Z, INFO] Initialization of TGroupOnShelfPlacement.","[2021-07-21T12:25:24Z, INFO] Initialization of emptySpaceOnShelf.","[2021-07-21T12:25:24Z, INFO] Initialization of TEmptySpaceOnShelf.","[2021-07-21T12:25:24Z, INFO] Initialization of unitsShortage.","[2021-07-21T12:25:24Z, INFO] Initialization of TUnitsShortage.","[2021-07-21T12:25:24Z, INFO] Initialization of GroupFacings.","[2021-07-21T12:25:24Z, INFO] attachment : unitsShortage.csv","[2021-07-21T12:25:24Z, INFO] attachment : GroupOnShelfPlacement.csv","[2021-07-21T12:25:24Z, INFO] attachment : GroupFacings.csv","[2021-07-21T12:25:24Z, INFO] attachment : SKUOnShelfPlacement.csv","[2021-07-21T12:25:24Z, INFO] attachment : emptySpaceOnShelf.csv","[2021-07-21T12:26:37Z, INFO]     3         3      1  -1.4890000000e+03      14881        91.97         72153.21","[2021-07-21T12:26:37Z, INFO] Terminated with: Non-optimal status: time lim exc, feas","[2021-07-21T12:26:37Z, INFO] attachment : stats.csv","[2021-07-21T12:26:37Z, INFO] Total time spent in post processing: 1884 msecs.","[2021-07-21T12:26:37Z, INFO] Solve finished with status: UNKNOWN."]},"runtimeDetails":{"state":"STARTED"},"taskSetupMillis":5440,"taskSolveMillis":293501,"taskTearDownMillis":0,"jobSpaceId":"aee5e271-49db-4f0d-a695-996395a78a82","jobId":"bad60a94-2071-4f39-a880-90053bb61d30","ping":1626870402748},"_id":"25bb6d56-b52f-4ea8-b9a1-08f27a9b7b0f"},{"qualifiers":[{"name":"modelType","value":"opl"},{"name":"modelMetadata","value":"{\"creationTime\":1566495748773,\"lastEditTime\":1626869677301,\"lastUploadTime\":1566495751193}"}],"name":"Scenario Expected Sales","description":"","category":"scenario","readOnly":false,"creator":"IBMid-550003P291","createdAt":1633022455000,"usage":{"lastModificationTime":1633022455000,"lastModifier":"iam-ServiceId-c2eabb5c-a2d7-4580-a867-9bb90f33e208"},"dataUsagePerCategory":{"output":{"lastModificationTime":1633022455230,"lastModifier":"IBMid-550003P291"},"input":{"lastModificationTime":1633022455230,"lastModifier":"IBMid-550003P291"},"model":{"lastModificationTime":1633022455230,"lastModifier":"IBMid-550003P291"}},"tables":[{"name":"SKUOnShelfPlacement","category":"output","creator":"IBMid-550003P291","createdAt":1633022455230,"lastUpdater":"IBMid-550003P291","updatedAt":1633022455230,"attachmentKey":"c12abfcd-f4a4-4681-af7d-1fb3252041a2","tableType":{"columns":[{"key":"sku","dataType":"String"},{"key":"shelf","dataType":"String"},{"key":"numFacings","dataType":"Number"},{"key":"offset","dataType":"Number"},{"key":"skuWidth","dataType":"Number"},{"key":"offset2","dataType":"Number"},{"key":"parentGrp","dataType":"String"}]},"numberOfRows":43},{"name":"Parameters","category":"input","creator":"IBMid-550003P291","createdAt":1633022455230,"lastUpdater":"IBMid-550003P291","updatedAt":1633022455230,"attachmentKey":"45bd1332-ac8f-4da1-84a0-b98929f5df9a","tableType":{"columns":[{"key":"MinTargetAvgDisplayPrice","dataType":"Number"},{"key":"MaxTargetAvgDisplayPrice","dataType":"Number"}]},"numberOfRows":1},{"name":"GroupFacings","category":"output","creator":"IBMid-550003P291","createdAt":1633022455230,"lastUpdater":"IBMid-550003P291","updatedAt":1633022455230,"attachmentKey":"f579feba-55cb-4600-96c5-db72cb12b114","tableType":{"columns":[{"key":"grp","dataType":"String"},{"key":"alpha","dataType":"Number"},{"key":"beta","dataType":"Number"},{"key":"numFacings","dataType":"Number"}]},"numberOfRows":36},{"name":"AdjTypes","category":"input","creator":"IBMid-550003P291","createdAt":1633022455230,"lastUpdater":"IBMid-550003P291","updatedAt":1633022455230,"attachmentKey":"cf789bcd-4e54-48f8-bc96-cb060a08f026","tableType":{"columns":[{"key":"value","dataType":"String"}]},"numberOfRows":2},{"name":"emptySpaceOnShelf","category":"output","creator":"IBMid-550003P291","createdAt":1633022455230,"lastUpdater":"IBMid-550003P291","updatedAt":1633022455230,"attachmentKey":"be0e6770-b5e9-474e-8f7d-15eb95e3b7ca","tableType":{"columns":[{"key":"shelf","dataType":"String"},{"key":"value","dataType":"Number"}]},"numberOfRows":6},{"name":"unitsShortage","category":"output","creator":"IBMid-550003P291","createdAt":1633022455230,"lastUpdater":"IBMid-550003P291","updatedAt":1633022455230,"attachmentKey":"21c62803-b013-4f78-be47-160ba406dfc3","tableType":{"columns":[{"key":"sku","dataType":"String"},{"key":"value","dataType":"Number"}]},"numberOfRows":236},{"name":"GroupAdjacencies","category":"input","creator":"IBMid-550003P291","createdAt":1633022455230,"lastUpdater":"IBMid-550003P291","updatedAt":1633022455230,"tableType":{"columns":[{"key":"grp1Id","dataType":"String"},{"key":"grp2Id","dataType":"String"},{"key":"adjType","dataType":"String"}]},"numberOfRows":0},{"name":"SKUs","category":"input","creator":"IBMid-550003P291","createdAt":1633022455230,"lastUpdater":"IBMid-550003P291","updatedAt":1633022455230,"attachmentKey":"b164a9b8-fbe6-45cf-826d-089a7a29b8dc","tableType":{"columns":[{"key":"id","dataType":"String"},{"key":"minFacings","dataType":"Number"},{"key":"maxFacings","dataType":"Number"},{"key":"demand","dataType":"Number"},{"key":"replenishRate","dataType":"Number"},{"key":"parentGroup","dataType":"String"},{"key":"width","dataType":"Number"},{"key":"price","dataType":"Number"}]},"numberOfRows":236},{"name":"Weights","category":"input","creator":"IBMid-550003P291","createdAt":1633022455230,"lastUpdater":"IBMid-550003P291","updatedAt":1633022455230,"attachmentKey":"6d2ccb69-6955-4cfd-8b34-fd51558e1bdb","tableType":{"columns":[{"key":"expectedSales","dataType":"Number"},{"key":"emptySpacePenalty","dataType":"Number"},{"key":"shortagePenalty","dataType":"Number"},{"key":"rectangularityPenalty","dataType":"Number"},{"key":"squarenessPenalty","dataType":"Number"},{"key":"avgDisplayPricePenalty","dataType":"Number"}]},"numberOfRows":1},{"name":"GroupFacingLimits","category":"input","creator":"IBMid-550003P291","createdAt":1633022455230,"lastUpdater":"IBMid-550003P291","updatedAt":1633022455230,"tableType":{"columns":[{"key":"grp","dataType":"String"},{"key":"minFacings","dataType":"String"},{"key":"maxFacings","dataType":"String"}]},"numberOfRows":0},{"name":"SKUShelves","category":"input","creator":"IBMid-550003P291","createdAt":1633022455230,"lastUpdater":"IBMid-550003P291","updatedAt":1633022455230,"attachmentKey":"d28f4299-360f-4708-a0f2-16b122c944c4","tableType":{"columns":[{"key":"sku","dataType":"String"},{"key":"shelf","dataType":"String"},{"key":"unitsPerFacing","dataType":"Number"}]},"numberOfRows":1416},{"name":"stats","category":"output","creator":"IBMid-550003P291","createdAt":1633022455230,"lastUpdater":"IBMid-550003P291","updatedAt":1633022455230,"attachmentKey":"fa27724e-4b0c-4090-99eb-fd695d9dd338","tableType":{"columns":[{"key":"Name","dataType":"String"},{"key":"Value","dataType":"String"}]},"numberOfRows":12},{"name":"Groups","category":"input","creator":"IBMid-550003P291","createdAt":1633022455230,"lastUpdater":"IBMid-550003P291","updatedAt":1633022455230,"attachmentKey":"941dac94-fbe7-4b07-afb6-9b3c701ff585","tableType":{"columns":[{"key":"id","dataType":"String"},{"key":"level","dataType":"Number"},{"key":"parentGroup","dataType":"String"},{"key":"alpha","dataType":"Number"},{"key":"beta","dataType":"Number"},{"key":"needRectangularity","dataType":"Number"},{"key":"needSquareness","dataType":"Number"}]},"numberOfRows":36},{"name":"GroupsReqdOnShelves","category":"input","creator":"IBMid-550003P291","createdAt":1633022455230,"lastUpdater":"IBMid-550003P291","updatedAt":1633022455230,"tableType":{"columns":[{"key":"grp","dataType":"String"},{"key":"shelf","dataType":"String"}]},"numberOfRows":0},{"name":"GroupOnShelfPlacement","category":"output","creator":"IBMid-550003P291","createdAt":1633022455230,"lastUpdater":"IBMid-550003P291","updatedAt":1633022455230,"attachmentKey":"77ca8dcb-ae04-40ec-b344-e2842eaa1d71","tableType":{"columns":[{"key":"grp","dataType":"String"},{"key":"shelf","dataType":"String"},{"key":"numFacings","dataType":"Number"},{"key":"offset","dataType":"Number"},{"key":"widthOnShelf","dataType":"Number"}]},"numberOfRows":59},{"name":"Shelves","category":"input","creator":"IBMid-550003P291","createdAt":1633022455230,"lastUpdater":"IBMid-550003P291","updatedAt":1633022455230,"attachmentKey":"2f4455bf-8654-499f-8897-edf905369a28","tableType":{"columns":[{"key":"id","dataType":"String"},{"key":"width","dataType":"Number"},{"key":"level","dataType":"Number"},{"key":"offSet","dataType":"Number"}]},"numberOfRows":6},{"name":"kpis","category":"output","creator":"IBMid-550003P291","createdAt":1633022455230,"lastUpdater":"IBMid-550003P291","updatedAt":1633022455230,"attachmentKey":"0debc6b0-a8ad-4603-8bf4-07715a4aaaa4","tableType":{"columns":[{"key":"Name","dataType":"String"},{"key":"Value","dataType":"Number"}]},"numberOfRows":6}],"assets":[{"name":"log.txt","category":"output","creator":"IBMid-550003P291","createdAt":1633022455230,"lastUpdater":"IBMid-550003P291","updatedAt":1633022455230,"attachmentKey":"f7ec2fb1-6470-41fa-9cb3-e7fb3ca26d17"},{"qualifiers":[{"name":"source","value":"{\"creationTime\":1566495748773,\"lastEditTime\":1566495751193,\"lastUploadTime\":1566495751193}"}],"name":"model.mod","category":"model","creator":"IBMid-550003P291","createdAt":1633022455230,"lastUpdater":"IBMid-550003P291","updatedAt":1633022455230,"attachmentKey":"6cea0fcd-8c54-490b-a22e-473ab3877220","contentType":"application/json"}],"solveStatus":{"creationTime":1633022455230,"lastModificationTime":1633022455230,"state":"TERMINATED","solveConfig":{"containerId":"Scenario Expected Sales","solveParameters":{}},"jobDetails":{"id":"93a4dc16-756a-4f12-80d3-7268a9c98eac","createdAt":1626869682684,"startedAt":1626870401188,"endedAt":1626870584263,"submittedAt":1626869682684,"details":{"KPI.avgDisplayPricePenaltyKPI":"0","KPI.emptySpacePenaltyKPI":"2.5","KPI.expectedSalesKPI":"2.924E+4","KPI.rectangularityPenaltyKPI":"255.5","KPI.shortagePenaltyKPI":"1489","KPI.squarenessPenaltyKPI":"77","MODEL_DETAIL_BOOLEAN_VARS":"1812","MODEL_DETAIL_CONSTRAINTS":"11154","MODEL_DETAIL_CONTINUOUS_VARS":"2036","MODEL_DETAIL_INTEGER_VARS":"1904","MODEL_DETAIL_LINEAR_CONSTRAINTS":"11154","MODEL_DETAIL_NON_ZEROS":"49954","MODEL_DETAIL_OBJECTIVE_SENSE":"maximize","MODEL_DETAIL_QUADRATIC_CONSTRAINTS":"0","MODEL_DETAIL_TYPE":"MIP","PROGRESS_BEST_OBJECTIVE":"2.927E+6","PROGRESS_BEST_OBJECTIVE.history":"[[1.626870403333E9,2.927E+6],[1.626870405325E9,2.927E+6],[1.626870408699E9,2.927E+6],[1.626870409713E9,2.927E+6],[1.626870414502E9,2.927E+6],[1.626870415504E9,2.927E+6],[1.626870431928E9,2.927E+6],[1.626870443582E9,2.927E+6],[1.626870450961E9,2.927E+6],[1.626870452868E9,2.927E+6],[1.626870455336E9,2.927E+6],[1.626870462495E9,2.927E+6],[1.626870463686E9,2.927E+6],[1.626870466955E9,2.927E+6],[1.626870469516E9,2.927E+6],[1.626870473915E9,2.927E+6],[1.62687047579E9,2.927E+6],[1.626870478793E9,2.927E+6],[1.626870482147E9,2.927E+6],[1.626870485434E9,2.927E+6],[1.626870488196E9,2.927E+6],[1.626870490411E9,2.927E+6],[1.626870494046E9,2.927E+6],[1.626870495107E9,2.927E+6],[1.626870498931E9,2.927E+6],[1.626870501185E9,2.927E+6],[1.626870502277E9,2.927E+6],[1.626870503704E9,2.927E+6],[1.626870508024E9,2.927E+6],[1.626870511213E9,2.927E+6],[1.626870515719E9,2.927E+6],[1.62687051673E9,2.927E+6],[1.62687052014E9,2.927E+6],[1.626870521352E9,2.927E+6],[1.626870522367E9,2.927E+6],[1.626870523411E9,2.927E+6],[1.626870527276E9,2.927E+6],[1.626870529374E9,2.927E+6],[1.626870533121E9,2.927E+6],[1.626870536474E9,2.927E+6],[1.626870538214E9,2.927E+6],[1.626870539984E9,2.927E+6],[1.626870541238E9,2.927E+6],[1.626870542574E9,2.927E+6],[1.626870546238E9,2.927E+6],[1.626870550426E9,2.927E+6],[1.626870552601E9,2.927E+6],[1.626870555852E9,2.927E+6],[1.626870558703E9,2.927E+6],[1.626870563635E9,2.927E+6],[1.626870565697E9,2.927E+6],[1.626870567136E9,2.927E+6],[1.626870569303E9,2.927E+6],[1.626870573222E9,2.927E+6],[1.626870576942E9,2.927E+6],[1.626870579966E9,2.927E+6],[1.626870582299E9,2.927E+6]]","PROGRESS_CURRENT_OBJECTIVE":"2.922E+6","PROGRESS_CURRENT_OBJECTIVE.history":"[[1.626870403333E9,-3145],[1.626870405325E9,8.310E+5],[1.626870408699E9,1.824E+6],[1.626870409713E9,1.824E+6],[1.626870414502E9,1.824E+6],[1.626870415504E9,1.827E+6],[1.626870431928E9,2.578E+6],[1.626870443582E9,2.621E+6],[1.626870450961E9,2.621E+6],[1.626870452868E9,2.621E+6],[1.626870455336E9,2.621E+6],[1.626870462495E9,2.910E+6],[1.626870463686E9,2.910E+6],[1.626870466955E9,2.910E+6],[1.626870469516E9,2.922E+6],[1.626870473915E9,2.922E+6],[1.62687047579E9,2.922E+6],[1.626870478793E9,2.922E+6],[1.626870482147E9,2.922E+6],[1.626870485434E9,2.922E+6],[1.626870488196E9,2.922E+6],[1.626870490411E9,2.922E+6],[1.626870494046E9,2.922E+6],[1.626870495107E9,2.922E+6],[1.626870498931E9,2.922E+6],[1.626870501185E9,2.922E+6],[1.626870502277E9,2.922E+6],[1.626870503704E9,2.922E+6],[1.626870508024E9,2.922E+6],[1.626870511213E9,2.922E+6],[1.626870515719E9,2.922E+6],[1.62687051673E9,2.922E+6],[1.62687052014E9,2.922E+6],[1.626870521352E9,2.922E+6],[1.626870522367E9,2.922E+6],[1.626870523411E9,2.922E+6],[1.626870527276E9,2.922E+6],[1.626870529374E9,2.922E+6],[1.626870533121E9,2.922E+6],[1.626870536474E9,2.922E+6],[1.626870538214E9,2.922E+6],[1.626870539984E9,2.922E+6],[1.626870541238E9,2.922E+6],[1.626870542574E9,2.922E+6],[1.626870546238E9,2.922E+6],[1.626870550426E9,2.922E+6],[1.626870552601E9,2.922E+6],[1.626870555852E9,2.922E+6],[1.626870558703E9,2.922E+6],[1.626870563635E9,2.922E+6],[1.626870565697E9,2.922E+6],[1.626870567136E9,2.922E+6],[1.626870569303E9,2.922E+6],[1.626870573222E9,2.922E+6],[1.626870576942E9,2.922E+6],[1.626870579966E9,2.922E+6],[1.626870582299E9,2.922E+6]]","PROGRESS_GAP":"0.001743","PROGRESS_GAP.history":"[[1.626870403333E9,931.8],[1.626870405325E9,2.523],[1.626870408699E9,0.6052],[1.626870409713E9,0.6051],[1.626870414502E9,0.6051],[1.626870415504E9,0.6020],[1.626870431928E9,0.1357],[1.626870443582E9,0.1169],[1.626870450961E9,0.1169],[1.626870452868E9,0.1169],[1.626870455336E9,0.1169],[1.626870462495E9,0.005973],[1.626870463686E9,0.005973],[1.626870466955E9,0.005973],[1.626870469516E9,0.001779],[1.626870473915E9,0.001779],[1.62687047579E9,0.001779],[1.626870478793E9,0.001779],[1.626870482147E9,0.001779],[1.626870485434E9,0.001779],[1.626870488196E9,0.001778],[1.626870490411E9,0.001778],[1.626870494046E9,0.001778],[1.626870495107E9,0.001778],[1.626870498931E9,0.001777],[1.626870501185E9,0.001777],[1.626870502277E9,0.001777],[1.626870503704E9,0.001777],[1.626870508024E9,0.001777],[1.626870511213E9,0.001777],[1.626870515719E9,0.001777],[1.62687051673E9,0.001777],[1.62687052014E9,0.001777],[1.626870521352E9,0.001777],[1.626870522367E9,0.001777],[1.626870523411E9,0.001777],[1.626870527276E9,0.001777],[1.626870529374E9,0.001777],[1.626870533121E9,0.001777],[1.626870536474E9,0.001777],[1.626870538214E9,0.001777],[1.626870539984E9,0.001777],[1.626870541238E9,0.001777],[1.626870542574E9,0.001777],[1.626870546238E9,0.001777],[1.626870550426E9,0.001777],[1.626870552601E9,0.001777],[1.626870555852E9,0.001777],[1.626870558703E9,0.001777],[1.626870563635E9,0.001777],[1.626870565697E9,0.001777],[1.626870567136E9,0.001777],[1.626870569303E9,0.001748],[1.626870573222E9,0.001748],[1.626870576942E9,0.001748],[1.626870579966E9,0.001748],[1.626870582299E9,0.001743]]","STAT.cplex.modelType":"MIP","STAT.cplex.size.booleanVariables":"1812","STAT.cplex.size.constraints":"11154","STAT.cplex.size.continousVariables":"2036","STAT.cplex.size.integerVariables":"1904","STAT.cplex.size.linearConstraints":"11154","STAT.cplex.size.quadraticConstraints":"0","STAT.cplex.size.variables":"5752","STAT.cplex.solve.elapsedTime":"1.627E+9","STAT.cplex.solve.explored":"1132232","STAT.cplex.solve.iterationCount":"524078","STAT.cplex.solve.opened":"331022","STAT.job.coresCount":"1","STAT.job.inputsReadMs":"602","STAT.job.memoryPeakKB":"342456","STAT.job.modelProcessingMs":"180675","STAT.job.outputsWriteMs":"1749"},"executionStatus":"PROCESSED","solveStatus":"FEASIBLE_SOLUTION","logTail":["[2021-07-21T12:29:42Z, INFO] ------kpi- KPI.expectedSalesKPI 2.924E+4","[2021-07-21T12:29:42Z, INFO] Initialization of emptySpacePenaltyKPI.","[2021-07-21T12:29:42Z, INFO] ------kpi- KPI.emptySpacePenaltyKPI 2.5","[2021-07-21T12:29:42Z, INFO] Initialization of shortagePenaltyKPI.","[2021-07-21T12:29:42Z, INFO] ------kpi- KPI.shortagePenaltyKPI 1489","[2021-07-21T12:29:42Z, INFO] Initialization of rectangularityPenaltyKPI.","[2021-07-21T12:29:42Z, INFO] ------kpi- KPI.rectangularityPenaltyKPI 255.5","[2021-07-21T12:29:42Z, INFO] Initialization of squarenessPenaltyKPI.","[2021-07-21T12:29:42Z, INFO] ------kpi- KPI.squarenessPenaltyKPI 77","[2021-07-21T12:29:42Z, INFO] Initialization of avgDisplayPricePenaltyKPI.","[2021-07-21T12:29:42Z, INFO] ------kpi- KPI.avgDisplayPricePenaltyKPI 0","[2021-07-21T12:29:42Z, INFO] Initialization of TEmptySpaceOnShelf.","[2021-07-21T12:29:42Z, INFO] Initialization of emptySpaceOnShelf.","[2021-07-21T12:29:42Z, INFO] Initialization of TGroupFacings.","[2021-07-21T12:29:42Z, INFO] Initialization of GroupFacings.","[2021-07-21T12:29:42Z, INFO] Initialization of TGroupOnShelfPlacement.","[2021-07-21T12:29:42Z, INFO] Initialization of GroupOnShelfPlacement.","[2021-07-21T12:29:42Z, INFO] Initialization of TSKUOnShelfPlacement.","[2021-07-21T12:29:42Z, INFO] Initialization of SKUOnShelfPlacement.","[2021-07-21T12:29:42Z, INFO] Initialization of TUnitsShortage.","[2021-07-21T12:29:42Z, INFO] Initialization of unitsShortage.","[2021-07-21T12:29:42Z, INFO] attachment : kpis.csv","[2021-07-21T12:29:42Z, INFO] Initialization of squarenessPenaltyKPI.","[2021-07-21T12:29:42Z, INFO] Initialization of shortagePenaltyKPI.","[2021-07-21T12:29:42Z, INFO] Initialization of emptySpacePenaltyKPI.","[2021-07-21T12:29:42Z, INFO] Initialization of expectedSalesKPI.","[2021-07-21T12:29:42Z, INFO] Initialization of rectangularityPenaltyKPI.","[2021-07-21T12:29:42Z, INFO] Initialization of avgDisplayPricePenaltyKPI.","[2021-07-21T12:29:42Z, INFO] Initialization of SKUOnShelfPlacement.","[2021-07-21T12:29:42Z, INFO] Initialization of TSKUOnShelfPlacement.","[2021-07-21T12:29:42Z, INFO] Initialization of GroupOnShelfPlacement.","[2021-07-21T12:29:42Z, INFO] Initialization of TGroupOnShelfPlacement.","[2021-07-21T12:29:42Z, INFO] Initialization of emptySpaceOnShelf.","[2021-07-21T12:29:42Z, INFO] Initialization of TEmptySpaceOnShelf.","[2021-07-21T12:29:42Z, INFO] Initialization of unitsShortage.","[2021-07-21T12:29:42Z, INFO] Initialization of TUnitsShortage.","[2021-07-21T12:29:42Z, INFO] Initialization of GroupFacings.","[2021-07-21T12:29:42Z, INFO] Initialization of TGroupFacings.","[2021-07-21T12:29:42Z, INFO] attachment : unitsShortage.csv","[2021-07-21T12:29:42Z, INFO] attachment : GroupOnShelfPlacement.csv","[2021-07-21T12:29:42Z, INFO] attachment : GroupFacings.csv","[2021-07-21T12:29:42Z, INFO] attachment : SKUOnShelfPlacement.csv","[2021-07-21T12:29:42Z, INFO] attachment : emptySpaceOnShelf.csv","[2021-07-21T12:29:42Z, INFO] Total time spent in post processing: 411 msecs.","[2021-07-21T12:29:42Z, INFO] Solve finished with status: FEASIBLE_SOLUTION."]},"runtimeDetails":{"state":"STARTED"},"taskSetupMillis":3715,"taskSolveMillis":902650,"taskTearDownMillis":0,"jobSpaceId":"aee5e271-49db-4f0d-a695-996395a78a82","jobId":"93a4dc16-756a-4f12-80d3-7268a9c98eac","ping":1626870579045},"_id":"a8bae987-d86f-45d8-9b8a-2ca340810c79"},{"name":"dashboard","description":"","category":"dashboard","readOnly":false,"creator":"IBMid-550003P291","createdAt":1633022452000,"usage":{"lastModificationTime":1633022452000,"lastModifier":"iam-ServiceId-c2eabb5c-a2d7-4580-a867-9bb90f33e208"},"dataUsagePerCategory":{},"tables":[],"assets":[{"name":"dashboard.json","creator":"IBMid-550003P291","createdAt":1633022452123,"lastUpdater":"IBMid-550003P291","updatedAt":1633022452123,"attachmentKey":"2f482c05-959c-4f13-8af4-60353570ba3e","contentType":"application/json"}],"_id":"603996da-0ae5-48b8-9edf-fb6ae48919d2"}]}]
