{"metadata":[{"decision":{"name":"ShelfSpaceOptimization","description":"","spaceId":"aa2cb918-3f8e-41c7-b145-be65aa53d18f","environments":[],"extensions":[]},"scenarios":[{"dataUsagePerCategory":{"output":{"lastModificationTime":1746632595671,"lastModifier":"IBMid-270006YQEG"},"input":{"lastModificationTime":1746437738767,"lastModifier":"IBMid-270006YQEG"},"model":{"lastModificationTime":1746437738767,"lastModifier":"IBMid-270006YQEG"}},"id":"165fce48-d31f-42ec-ac88-907c7629cb5d","qualifiers":[{"name":"modelType","value":"opl"},{"name":"modelMetadata","value":"{\"creationTime\":1566495940185,\"lastEditTime\":1626869898700,\"lastUploadTime\":1566495941253}"}],"name":"Scenario rectangle and square","description":"","category":"scenario","readOnly":false,"creator":"IBMid-270006YQEG","createdAt":1746437738000,"usage":{"lastModificationTime":1746632597000,"lastModifier":"IBMid-270006YQEG"},"tables":[{"category":"output","creator":"IBMid-270006YQEG","createdAt":1746437738767,"lastUpdater":"IBMid-270006YQEG","updatedAt":1746632595671,"crc":1811389953,"size":1238,"attachmentKey":"74da3115-329c-4d50-85fd-c175ef04940e/1746632595671","name":"SKUOnShelfPlacement","tableType":{"columns":[{"key":"sku","dataType":"String"},{"key":"shelf","dataType":"String"},{"key":"numFacings","dataType":"Number"},{"key":"offset","dataType":"Number"},{"key":"skuWidth","dataType":"Number"},{"key":"offset2","dataType":"Number"},{"key":"parentGrp","dataType":"String"}]},"numberOfRows":36},{"category":"input","creator":"IBMid-270006YQEG","createdAt":1746437738767,"lastUpdater":"IBMid-270006YQEG","updatedAt":1746437738767,"attachmentKey":"fe4ae60f-f7b4-4c2b-a438-abf680062cd7/43b7c7fa-aae3-4eee-94e6-953d870507b5","name":"Parameters","tableType":{"columns":[{"key":"MinTargetAvgDisplayPrice","dataType":"Number"},{"key":"MaxTargetAvgDisplayPrice","dataType":"Number"}]},"numberOfRows":1},{"category":"output","creator":"IBMid-270006YQEG","createdAt":1746437738767,"lastUpdater":"IBMid-270006YQEG","updatedAt":1746632595671,"crc":3503308595,"size":699,"attachmentKey":"4e3949ce-b094-41b5-a2ce-10705bcfb168/1746632595671","name":"GroupFacings","tableType":{"columns":[{"key":"grp","dataType":"String"},{"key":"alpha","dataType":"Number"},{"key":"beta","dataType":"Number"},{"key":"numFacings","dataType":"Number"}]},"numberOfRows":36},{"category":"input","creator":"IBMid-270006YQEG","createdAt":1746437738767,"lastUpdater":"IBMid-270006YQEG","updatedAt":1746437738767,"attachmentKey":"fe4ae60f-f7b4-4c2b-a438-abf680062cd7/5a674434-6573-4f02-aa13-0c60148eeeac","name":"AdjTypes","tableType":{"columns":[{"key":"value","dataType":"String"}]},"numberOfRows":2},{"category":"output","creator":"IBMid-270006YQEG","createdAt":1746437738767,"lastUpdater":"IBMid-270006YQEG","updatedAt":1746632595671,"crc":1532010393,"size":72,"attachmentKey":"c2d80732-06fa-409a-be9a-5dc06b245fa9/1746632595671","name":"emptySpaceOnShelf","tableType":{"columns":[{"key":"shelf","dataType":"String"},{"key":"value","dataType":"Number"}]},"numberOfRows":6},{"category":"output","creator":"IBMid-270006YQEG","createdAt":1746437738767,"lastUpdater":"IBMid-270006YQEG","updatedAt":1746632595671,"crc":4082955341,"size":2509,"attachmentKey":"09643d5c-2a3c-4be8-88d1-b32b86e96d08/1746632595671","name":"unitsShortage","tableType":{"columns":[{"key":"sku","dataType":"String"},{"key":"value","dataType":"Number"}]},"numberOfRows":236},{"category":"input","creator":"IBMid-270006YQEG","createdAt":1746437738767,"lastUpdater":"IBMid-270006YQEG","updatedAt":1746437738767,"name":"GroupAdjacencies","tableType":{"columns":[{"key":"grp1Id","dataType":"String"},{"key":"grp2Id","dataType":"String"},{"key":"adjType","dataType":"String"}]},"numberOfRows":0},{"category":"input","creator":"IBMid-270006YQEG","createdAt":1746437738767,"lastUpdater":"IBMid-270006YQEG","updatedAt":1746437738767,"attachmentKey":"fe4ae60f-f7b4-4c2b-a438-abf680062cd7/b51e940c-2db0-44bf-9d91-f3b7835bfe51","name":"SKUs","tableType":{"columns":[{"key":"id","dataType":"String"},{"key":"minFacings","dataType":"Number"},{"key":"maxFacings","dataType":"Number"},{"key":"demand","dataType":"Number"},{"key":"replenishRate","dataType":"Number"},{"key":"parentGroup","dataType":"String"},{"key":"width","dataType":"Number"},{"key":"price","dataType":"Number"}]},"numberOfRows":236},{"category":"input","creator":"IBMid-270006YQEG","createdAt":1746437738767,"lastUpdater":"IBMid-270006YQEG","updatedAt":1746437738767,"attachmentKey":"fe4ae60f-f7b4-4c2b-a438-abf680062cd7/999ceac2-a113-4cc2-a464-b3680fd6ce2c","name":"Weights","tableType":{"columns":[{"key":"expectedSales","dataType":"Number"},{"key":"emptySpacePenalty","dataType":"Number"},{"key":"shortagePenalty","dataType":"Number"},{"key":"rectangularityPenalty","dataType":"Number"},{"key":"squarenessPenalty","dataType":"Number"},{"key":"avgDisplayPricePenalty","dataType":"Number"}]},"numberOfRows":1},{"category":"input","creator":"IBMid-270006YQEG","createdAt":1746437738767,"lastUpdater":"IBMid-270006YQEG","updatedAt":1746437738767,"name":"GroupFacingLimits","tableType":{"columns":[{"key":"grp","dataType":"String"},{"key":"minFacings","dataType":"String"},{"key":"maxFacings","dataType":"String"}]},"numberOfRows":0},{"category":"input","creator":"IBMid-270006YQEG","createdAt":1746437738767,"lastUpdater":"IBMid-270006YQEG","updatedAt":1746437738767,"attachmentKey":"fe4ae60f-f7b4-4c2b-a438-abf680062cd7/f7a97fd9-d289-402d-b91c-ade7cfc5f437","name":"SKUShelves","tableType":{"columns":[{"key":"sku","dataType":"String"},{"key":"shelf","dataType":"String"},{"key":"unitsPerFacing","dataType":"Number"}]},"numberOfRows":1416},{"category":"output","creator":"IBMid-270006YQEG","createdAt":1746437738767,"lastUpdater":"IBMid-270006YQEG","updatedAt":1746632595671,"crc":518906926,"size":475,"attachmentKey":"d2cd6864-5aca-4671-816d-b39e1a2ca40e/1746632595671","name":"stats","tableType":{"columns":[{"key":"Name","dataType":"String"},{"key":"Value","dataType":"String"}]},"numberOfRows":16},{"category":"input","creator":"IBMid-270006YQEG","createdAt":1746437738767,"lastUpdater":"IBMid-270006YQEG","updatedAt":1746437738767,"attachmentKey":"fe4ae60f-f7b4-4c2b-a438-abf680062cd7/e258fbfe-2997-4cad-a4da-0334037fba46","name":"Groups","tableType":{"columns":[{"key":"id","dataType":"String"},{"key":"level","dataType":"Number"},{"key":"parentGroup","dataType":"String"},{"key":"alpha","dataType":"Number"},{"key":"beta","dataType":"Number"},{"key":"needRectangularity","dataType":"Number"},{"key":"needSquareness","dataType":"Number"}]},"numberOfRows":36},{"category":"input","creator":"IBMid-270006YQEG","createdAt":1746437738767,"lastUpdater":"IBMid-270006YQEG","updatedAt":1746437738767,"name":"GroupsReqdOnShelves","tableType":{"columns":[{"key":"grp","dataType":"String"},{"key":"shelf","dataType":"String"}]},"numberOfRows":0},{"category":"output","creator":"IBMid-270006YQEG","createdAt":1746437738767,"lastUpdater":"IBMid-270006YQEG","updatedAt":1746632595671,"crc":629091114,"size":1537,"attachmentKey":"84832da9-92a9-42a7-bcd2-f89f2a798c1b/1746632595671","name":"GroupOnShelfPlacement","tableType":{"columns":[{"key":"grp","dataType":"String"},{"key":"shelf","dataType":"String"},{"key":"numFacings","dataType":"Number"},{"key":"offset","dataType":"Number"},{"key":"widthOnShelf","dataType":"Number"}]},"numberOfRows":65},{"category":"input","creator":"IBMid-270006YQEG","createdAt":1746437738767,"lastUpdater":"IBMid-270006YQEG","updatedAt":1746437738767,"attachmentKey":"fe4ae60f-f7b4-4c2b-a438-abf680062cd7/dab3cc13-0100-4b89-b1fa-78ce625476a0","name":"Shelves","tableType":{"columns":[{"key":"id","dataType":"String"},{"key":"width","dataType":"Number"},{"key":"level","dataType":"Number"},{"key":"offSet","dataType":"Number"}]},"numberOfRows":6},{"category":"output","creator":"IBMid-270006YQEG","createdAt":1746437738767,"lastUpdater":"IBMid-270006YQEG","updatedAt":1746632595671,"crc":802886329,"size":201,"attachmentKey":"281798b9-9229-4082-b09c-3b49ad97fe51/1746632595671","name":"kpis","tableType":{"columns":[{"key":"Name","dataType":"String"},{"key":"Value","dataType":"Number"}]},"numberOfRows":7}],"assets":[{"qualifiers":[{"name":"source","value":"{\"creationTime\":1566495940185,\"lastEditTime\":1566495941253,\"lastUploadTime\":1566495941253}"}],"category":"model","creator":"IBMid-270006YQEG","createdAt":1746437738767,"lastUpdater":"IBMid-270006YQEG","updatedAt":1746437738767,"crc":749050825,"size":18340,"attachmentKey":"ef2b8cb1-e71b-46d8-9081-454ce854fba9/1699455331564","name":"model.mod","contentType":"application/json"},{"category":"output","creator":"IBMid-270006YQEG","createdAt":1746632595671,"lastUpdater":"IBMid-270006YQEG","updatedAt":1746632595671,"crc":4289655156,"size":170498,"attachmentKey":"c46e0de5-8b71-4c06-a11f-5323e87df1d2/1746632595671","name":"log.txt","contentType":"text/plain"}],"solveStatus":{"creationTime":1746632327308,"lastModificationTime":1746632597798,"state":"TERMINATED","solveConfig":{"containerId":"165fce48-d31f-42ec-ac88-907c7629cb5d","solveParameters":{}},"jobDetails":{"id":"4b9b84f5-1057-42ae-8fe7-47d20ed12da1","createdAt":1746632329273,"startedAt":1746632396272,"endedAt":1746632596760,"submittedAt":1746632329273,"details":{"KPI.PROGRESS_CURRENT_OBJECTIVE":"-4715.5433","KPI.avgDisplayPricePenaltyKPI":"0","KPI.emptySpacePenaltyKPI":"79.00","KPI.expectedSalesKPI":"2.244E+4","KPI.rectangularityPenaltyKPI":"0","KPI.shortagePenaltyKPI":"1537","KPI.squarenessPenaltyKPI":"11","MODEL_DETAIL_BOOLEAN_VARS":"1812","MODEL_DETAIL_CONSTRAINTS":"11154","MODEL_DETAIL_CONTINUOUS_VARS":"2036","MODEL_DETAIL_INTEGER_VARS":"1904","MODEL_DETAIL_LINEAR_CONSTRAINTS":"11154","MODEL_DETAIL_NON_ZEROS":"49954","MODEL_DETAIL_OBJECTIVE_SENSE":"maximize","MODEL_DETAIL_QUADRATIC_CONSTRAINTS":"0","MODEL_DETAIL_TYPE":"MIP","PROGRESS_BEST_OBJECTIVE":"11641.7824","PROGRESS_BEST_OBJECTIVE.history":"[[1.746632421316E9,14507.4077],[1.746632422659E9,14455.4778],[1.746632437034E9,14450.0844],[1.746632464503E9,14450.0844],[1.746632468027E9,14450.0844],[1.746632470434E9,14450.0844],[1.746632486051E9,13454.034],[1.746632495447E9,13179.1787],[1.746632499329E9,12672.8418],[1.746632501935E9,12667.4512],[1.746632505625E9,12597.7746],[1.746632509055E9,12577.7169],[1.746632512213E9,12538.2625],[1.746632515508E9,12424.6534],[1.746632517841E9,12412.7297],[1.746632520703E9,12323.5563],[1.746632524522E9,12293.6808],[1.746632528563E9,12262.3991],[1.746632530539E9,12179.3788],[1.746632532608E9,12170.039],[1.746632537224E9,12153.6587],[1.746632541596E9,12143.8157],[1.746632546839E9,12143.8157],[1.746632549428E9,12133.1299],[1.746632553814E9,12097.4475],[1.746632555781E9,12097.4475],[1.746632559566E9,12023.41],[1.746632562491E9,11969.9502],[1.746632565796E9,11964.8828],[1.746632568536E9,11958.8052],[1.746632570017E9,11958.1025],[1.746632572503E9,11938.3934],[1.746632576452E9,11897.8662],[1.746632584145E9,11746.4695],[1.746632586454E9,11746.4695],[1.74663259122E9,11642.0655],[1.746632594691E9,11641.7824],[1.746632595374E9,11641.7824]]","PROGRESS_CURRENT_OBJECTIVE":"-4715.5433","PROGRESS_CURRENT_OBJECTIVE.history":"[[1.746632421316E9,-31450],[1.746632422659E9,-31450],[1.746632437034E9,-29026.6312],[1.746632464503E9,-28589.2531],[1.746632468027E9,-13536.358],[1.746632470434E9,-13132.7658],[1.746632486051E9,-10253.8018],[1.746632495447E9,-10253.8018],[1.746632499329E9,-10253.8018],[1.746632501935E9,-10253.8018],[1.746632505625E9,-10253.8018],[1.746632509055E9,-10253.8018],[1.746632512213E9,-10253.8018],[1.746632515508E9,-10253.8018],[1.746632517841E9,-10253.8018],[1.746632520703E9,-10253.8018],[1.746632524522E9,-10253.8018],[1.746632528563E9,-10253.8018],[1.746632530539E9,-10253.8018],[1.746632532608E9,-10253.8018],[1.746632537224E9,-10253.8018],[1.746632541596E9,-10253.8018],[1.746632546839E9,-5578.4139],[1.746632549428E9,-5578.4139],[1.746632553814E9,-5578.4139],[1.746632555781E9,-4740.5433],[1.746632559566E9,-4740.5433],[1.746632562491E9,-4740.5433],[1.746632565796E9,-4740.5433],[1.746632568536E9,-4740.5433],[1.746632570017E9,-4740.5433],[1.746632572503E9,-4740.5433],[1.746632576452E9,-4740.5433],[1.746632584145E9,-4740.5433],[1.746632586454E9,-4715.5433],[1.74663259122E9,-4715.5433],[1.746632594691E9,-4715.5433],[1.746632595374E9,-4715.5433]]","PROGRESS_GAP":"3.469","PROGRESS_GAP.history":"[[1.746632421316E9,1.461],[1.746632422659E9,1.460],[1.746632437034E9,1.498],[1.746632464503E9,1.505],[1.746632468027E9,2.068],[1.746632470434E9,2.100],[1.746632486051E9,2.312],[1.746632495447E9,2.285],[1.746632499329E9,2.236],[1.746632501935E9,2.235],[1.746632505625E9,2.229],[1.746632509055E9,2.227],[1.746632512213E9,2.223],[1.746632515508E9,2.212],[1.746632517841E9,2.211],[1.746632520703E9,2.202],[1.746632524522E9,2.199],[1.746632528563E9,2.196],[1.746632530539E9,2.188],[1.746632532608E9,2.187],[1.746632537224E9,2.185],[1.746632541596E9,2.184],[1.746632546839E9,3.177],[1.746632549428E9,3.175],[1.746632553814E9,3.169],[1.746632555781E9,3.552],[1.746632559566E9,3.536],[1.746632562491E9,3.525],[1.746632565796E9,3.524],[1.746632568536E9,3.523],[1.746632570017E9,3.523],[1.746632572503E9,3.518],[1.746632576452E9,3.510],[1.746632584145E9,3.478],[1.746632586454E9,3.491],[1.74663259122E9,3.469],[1.746632594691E9,3.469],[1.746632595374E9,3.469]]","STAT.cplex.modelType":"MIP","STAT.cplex.size.booleanVariables":"1812","STAT.cplex.size.constraints":"11154","STAT.cplex.size.continousVariables":"2036","STAT.cplex.size.integerVariables":"1904","STAT.cplex.size.linearConstraints":"11154","STAT.cplex.size.quadraticConstraints":"0","STAT.cplex.size.variables":"5752","STAT.cplex.solve.elapsedTime":"1.747E+9","STAT.cplex.solve.explored":"233320","STAT.cplex.solve.iterationCount":"733844","STAT.cplex.solve.opened":"111202","STAT.job.coresCount":"1","STAT.job.inputsReadMs":"10838","STAT.job.memoryPeakKB":"348472","STAT.job.modelProcessingMs":"186619","STAT.job.outputsWriteMs":"1186","latestOutputUpload":"2025-05-07T15:43:16.746Z"},"executionStatus":"PROCESSED","solveStatus":"FEASIBLE_SOLUTION","logTail":["[2025-05-07T15:43:15.373Z, INFO] Sequential b&c:","[2025-05-07T15:43:15.373Z, INFO]   Real time             =  158.34 sec. (144954.68 ticks)","[2025-05-07T15:43:15.373Z, INFO]                           ------------","[2025-05-07T15:43:15.373Z, INFO] Total (root+branch&cut) =  180.00 sec. (148137.41 ticks)","[2025-05-07T15:43:15.384Z, INFO] Initialization of expectedSalesKPI.","[2025-05-07T15:43:15.385Z, INFO] ------kpi- KPI.expectedSalesKPI 2.244E+4","[2025-05-07T15:43:15.385Z, INFO] Initialization of emptySpacePenaltyKPI.","[2025-05-07T15:43:15.386Z, INFO] ------kpi- KPI.emptySpacePenaltyKPI 79.00","[2025-05-07T15:43:15.386Z, INFO] Initialization of shortagePenaltyKPI.","[2025-05-07T15:43:15.387Z, INFO] ------kpi- KPI.shortagePenaltyKPI 1537","[2025-05-07T15:43:15.387Z, INFO] Initialization of rectangularityPenaltyKPI.","[2025-05-07T15:43:15.387Z, INFO] ------kpi- KPI.rectangularityPenaltyKPI 0","[2025-05-07T15:43:15.387Z, INFO] Initialization of squarenessPenaltyKPI.","[2025-05-07T15:43:15.387Z, INFO] ------kpi- KPI.squarenessPenaltyKPI 11","[2025-05-07T15:43:15.388Z, INFO] Initialization of avgDisplayPricePenaltyKPI.","[2025-05-07T15:43:15.388Z, INFO] ------kpi- KPI.avgDisplayPricePenaltyKPI 0","[2025-05-07T15:43:15.388Z, INFO] Initialization of TEmptySpaceOnShelf.","[2025-05-07T15:43:15.388Z, INFO] Initialization of emptySpaceOnShelf.","[2025-05-07T15:43:15.388Z, INFO] Initialization of TGroupFacings.","[2025-05-07T15:43:15.389Z, INFO] Initialization of GroupFacings.","[2025-05-07T15:43:15.389Z, INFO] Initialization of TGroupOnShelfPlacement.","[2025-05-07T15:43:15.389Z, INFO] Initialization of GroupOnShelfPlacement.","[2025-05-07T15:43:15.390Z, INFO] Initialization of TSKUOnShelfPlacement.","[2025-05-07T15:43:15.390Z, INFO] Initialization of SKUOnShelfPlacement.","[2025-05-07T15:43:15.392Z, INFO] Initialization of TUnitsShortage.","[2025-05-07T15:43:15.392Z, INFO] Initialization of unitsShortage.","[2025-05-07T15:43:15.393Z, INFO] Initialization of squarenessPenaltyKPI.","[2025-05-07T15:43:15.393Z, INFO] Initialization of shortagePenaltyKPI.","[2025-05-07T15:43:15.394Z, INFO] Initialization of emptySpacePenaltyKPI.","[2025-05-07T15:43:15.394Z, INFO] Initialization of expectedSalesKPI.","[2025-05-07T15:43:15.394Z, INFO] Initialization of rectangularityPenaltyKPI.","[2025-05-07T15:43:15.394Z, INFO] Initialization of avgDisplayPricePenaltyKPI.","[2025-05-07T15:43:15.395Z, INFO] Initialization of SKUOnShelfPlacement.","[2025-05-07T15:43:15.395Z, INFO] Initialization of TSKUOnShelfPlacement.","[2025-05-07T15:43:15.396Z, INFO] Initialization of GroupOnShelfPlacement.","[2025-05-07T15:43:15.397Z, INFO] Initialization of TGroupOnShelfPlacement.","[2025-05-07T15:43:15.397Z, INFO] Initialization of emptySpaceOnShelf.","[2025-05-07T15:43:15.397Z, INFO] Initialization of TEmptySpaceOnShelf.","[2025-05-07T15:43:15.398Z, INFO] Initialization of unitsShortage.","[2025-05-07T15:43:15.398Z, INFO] Initialization of TUnitsShortage.","[2025-05-07T15:43:15.398Z, INFO] Initialization of GroupFacings.","[2025-05-07T15:43:15.399Z, INFO] Initialization of TGroupFacings.","[2025-05-07T15:43:15.403Z, INFO] attachments : [unitsShortage.csv,GroupOnShelfPlacement.csv,GroupFacings.csv,SKUOnShelfPlacement.csv,emptySpaceOnShelf.csv]","[2025-05-07T15:43:15.434Z, INFO] Total time spent in post processing: 642 msecs.","[2025-05-07T15:43:15.434Z, INFO] Solve finished with status: FEASIBLE_SOLUTION."]},"taskSetupTime":1746632329318,"taskSolveTime":1746632597681,"taskTearDownTime":1746632597682,"jobSpaceId":"aa2cb918-3f8e-41c7-b145-be65aa53d18f","jobDeploymentId":"d43eccca-c9b8-41a8-b78a-ac42b4e5176a","jobId":"4b9b84f5-1057-42ae-8fe7-47d20ed12da1","ping":1746632597589}},{"dataUsagePerCategory":{"output":{"lastModificationTime":1746635359073,"lastModifier":"IBMid-270006YQEG"},"input":{"lastModificationTime":1746437740781,"lastModifier":"IBMid-270006YQEG"},"model":{"lastModificationTime":1746437740781,"lastModifier":"IBMid-270006YQEG"}},"id":"59184337-d501-4cf6-bda9-2ddc339ff5e1","qualifiers":[{"name":"modelType","value":"opl"},{"name":"modelMetadata","value":"{\"creationTime\":1566495748773,\"lastEditTime\":1626869677301,\"lastUploadTime\":1566495751193}"}],"name":"Scenario Expected Sales","description":"","category":"scenario","readOnly":false,"creator":"IBMid-270006YQEG","createdAt":1746437740000,"usage":{"lastModificationTime":1746635361000,"lastModifier":"IBMid-270006YQEG"},"tables":[{"category":"output","creator":"IBMid-270006YQEG","createdAt":1746437740781,"lastUpdater":"IBMid-270006YQEG","updatedAt":1746635359073,"crc":3342073047,"size":1404,"attachmentKey":"4f7ad232-5435-4ba8-aba9-40f2ee977e37/1746635359073","name":"SKUOnShelfPlacement","tableType":{"columns":[{"key":"sku","dataType":"String"},{"key":"shelf","dataType":"String"},{"key":"numFacings","dataType":"Number"},{"key":"offset","dataType":"Number"},{"key":"skuWidth","dataType":"Number"},{"key":"offset2","dataType":"Number"},{"key":"parentGrp","dataType":"String"}]},"numberOfRows":43},{"category":"input","creator":"IBMid-270006YQEG","createdAt":1746437740781,"lastUpdater":"IBMid-270006YQEG","updatedAt":1746437740781,"attachmentKey":"45bd1332-ac8f-4da1-84a0-b98929f5df9a","name":"Parameters","tableType":{"columns":[{"key":"MinTargetAvgDisplayPrice","dataType":"Number"},{"key":"MaxTargetAvgDisplayPrice","dataType":"Number"}]},"numberOfRows":1},{"category":"output","creator":"IBMid-270006YQEG","createdAt":1746437740781,"lastUpdater":"IBMid-270006YQEG","updatedAt":1746635359073,"crc":48818834,"size":701,"attachmentKey":"1d3b61b3-d315-4966-88a4-2901a28ba68c/1746635359073","name":"GroupFacings","tableType":{"columns":[{"key":"grp","dataType":"String"},{"key":"alpha","dataType":"Number"},{"key":"beta","dataType":"Number"},{"key":"numFacings","dataType":"Number"}]},"numberOfRows":36},{"category":"input","creator":"IBMid-270006YQEG","createdAt":1746437740781,"lastUpdater":"IBMid-270006YQEG","updatedAt":1746437740781,"attachmentKey":"cf789bcd-4e54-48f8-bc96-cb060a08f026","name":"AdjTypes","tableType":{"columns":[{"key":"value","dataType":"String"}]},"numberOfRows":2},{"category":"output","creator":"IBMid-270006YQEG","createdAt":1746437740781,"lastUpdater":"IBMid-270006YQEG","updatedAt":1746635359073,"crc":2583737398,"size":48,"attachmentKey":"d5c62fdc-a19c-43d4-b621-6944918f3072/1746635359073","name":"emptySpaceOnShelf","tableType":{"columns":[{"key":"shelf","dataType":"String"},{"key":"value","dataType":"Number"}]},"numberOfRows":6},{"category":"output","creator":"IBMid-270006YQEG","createdAt":1746437740781,"lastUpdater":"IBMid-270006YQEG","updatedAt":1746635359073,"crc":2871643533,"size":2495,"attachmentKey":"2596991d-6f84-4bcd-837d-952f322bef59/1746635359073","name":"unitsShortage","tableType":{"columns":[{"key":"sku","dataType":"String"},{"key":"value","dataType":"Number"}]},"numberOfRows":236},{"category":"input","creator":"IBMid-270006YQEG","createdAt":1746437740781,"lastUpdater":"IBMid-270006YQEG","updatedAt":1746437740781,"name":"GroupAdjacencies","tableType":{"columns":[{"key":"grp1Id","dataType":"String"},{"key":"grp2Id","dataType":"String"},{"key":"adjType","dataType":"String"}]},"numberOfRows":0},{"category":"input","creator":"IBMid-270006YQEG","createdAt":1746437740781,"lastUpdater":"IBMid-270006YQEG","updatedAt":1746437740781,"attachmentKey":"b164a9b8-fbe6-45cf-826d-089a7a29b8dc","name":"SKUs","tableType":{"columns":[{"key":"id","dataType":"String"},{"key":"minFacings","dataType":"Number"},{"key":"maxFacings","dataType":"Number"},{"key":"demand","dataType":"Number"},{"key":"replenishRate","dataType":"Number"},{"key":"parentGroup","dataType":"String"},{"key":"width","dataType":"Number"},{"key":"price","dataType":"Number"}]},"numberOfRows":236},{"category":"input","creator":"IBMid-270006YQEG","createdAt":1746437740781,"lastUpdater":"IBMid-270006YQEG","updatedAt":1746437740781,"attachmentKey":"6d2ccb69-6955-4cfd-8b34-fd51558e1bdb","name":"Weights","tableType":{"columns":[{"key":"expectedSales","dataType":"Number"},{"key":"emptySpacePenalty","dataType":"Number"},{"key":"shortagePenalty","dataType":"Number"},{"key":"rectangularityPenalty","dataType":"Number"},{"key":"squarenessPenalty","dataType":"Number"},{"key":"avgDisplayPricePenalty","dataType":"Number"}]},"numberOfRows":1},{"category":"input","creator":"IBMid-270006YQEG","createdAt":1746437740781,"lastUpdater":"IBMid-270006YQEG","updatedAt":1746437740781,"name":"GroupFacingLimits","tableType":{"columns":[{"key":"grp","dataType":"String"},{"key":"minFacings","dataType":"String"},{"key":"maxFacings","dataType":"String"}]},"numberOfRows":0},{"category":"input","creator":"IBMid-270006YQEG","createdAt":1746437740781,"lastUpdater":"IBMid-270006YQEG","updatedAt":1746437740781,"attachmentKey":"d28f4299-360f-4708-a0f2-16b122c944c4","name":"SKUShelves","tableType":{"columns":[{"key":"sku","dataType":"String"},{"key":"shelf","dataType":"String"},{"key":"unitsPerFacing","dataType":"Number"}]},"numberOfRows":1416},{"category":"output","creator":"IBMid-270006YQEG","createdAt":1746437740781,"lastUpdater":"IBMid-270006YQEG","updatedAt":1746635359073,"crc":2081477115,"size":476,"attachmentKey":"7ce71399-2c9d-45f9-ad2c-177d66098133/1746635359073","name":"stats","tableType":{"columns":[{"key":"Name","dataType":"String"},{"key":"Value","dataType":"String"}]},"numberOfRows":16},{"category":"input","creator":"IBMid-270006YQEG","createdAt":1746437740781,"lastUpdater":"IBMid-270006YQEG","updatedAt":1746437740781,"attachmentKey":"941dac94-fbe7-4b07-afb6-9b3c701ff585","name":"Groups","tableType":{"columns":[{"key":"id","dataType":"String"},{"key":"level","dataType":"Number"},{"key":"parentGroup","dataType":"String"},{"key":"alpha","dataType":"Number"},{"key":"beta","dataType":"Number"},{"key":"needRectangularity","dataType":"Number"},{"key":"needSquareness","dataType":"Number"}]},"numberOfRows":36},{"category":"input","creator":"IBMid-270006YQEG","createdAt":1746437740781,"lastUpdater":"IBMid-270006YQEG","updatedAt":1746437740781,"name":"GroupsReqdOnShelves","tableType":{"columns":[{"key":"grp","dataType":"String"},{"key":"shelf","dataType":"String"}]},"numberOfRows":0},{"category":"output","creator":"IBMid-270006YQEG","createdAt":1746437740781,"lastUpdater":"IBMid-270006YQEG","updatedAt":1746635359073,"crc":2290294545,"size":1450,"attachmentKey":"b4e380c9-ca83-4c9a-a4a1-c73e08f2bb1b/1746635359073","name":"GroupOnShelfPlacement","tableType":{"columns":[{"key":"grp","dataType":"String"},{"key":"shelf","dataType":"String"},{"key":"numFacings","dataType":"Number"},{"key":"offset","dataType":"Number"},{"key":"widthOnShelf","dataType":"Number"}]},"numberOfRows":66},{"category":"input","creator":"IBMid-270006YQEG","createdAt":1746437740781,"lastUpdater":"IBMid-270006YQEG","updatedAt":1746437740781,"attachmentKey":"2f4455bf-8654-499f-8897-edf905369a28","name":"Shelves","tableType":{"columns":[{"key":"id","dataType":"String"},{"key":"width","dataType":"Number"},{"key":"level","dataType":"Number"},{"key":"offSet","dataType":"Number"}]},"numberOfRows":6},{"category":"output","creator":"IBMid-270006YQEG","createdAt":1746437740781,"lastUpdater":"IBMid-270006YQEG","updatedAt":1746635359073,"crc":803874665,"size":203,"attachmentKey":"79639cba-cfcb-49c8-bcc5-32952783e8f8/1746635359073","name":"kpis","tableType":{"columns":[{"key":"Name","dataType":"String"},{"key":"Value","dataType":"Number"}]},"numberOfRows":7}],"assets":[{"qualifiers":[{"name":"source","value":"{\"creationTime\":1566495748773,\"lastEditTime\":1566495751193,\"lastUploadTime\":1566495751193}"}],"category":"model","creator":"IBMid-270006YQEG","createdAt":1746437740781,"lastUpdater":"IBMid-270006YQEG","updatedAt":1746437740781,"crc":749050825,"size":18340,"attachmentKey":"d357bcca-abd6-4b4c-9b58-2cfe1d25dab3/1699455307176","name":"model.mod","contentType":"application/json"},{"category":"output","creator":"IBMid-270006YQEG","createdAt":1746635359073,"lastUpdater":"IBMid-270006YQEG","updatedAt":1746635359073,"crc":1342924506,"size":821167,"attachmentKey":"7eab8f45-6cff-497f-ad9c-0486f1cd3179/1746635359073","name":"log.txt","contentType":"text/plain"}],"solveStatus":{"creationTime":1746635100221,"lastModificationTime":1746635361294,"state":"TERMINATED","solveConfig":{"containerId":"59184337-d501-4cf6-bda9-2ddc339ff5e1","solveParameters":{}},"jobDetails":{"id":"6073a400-ca8b-44d2-9b2d-63a49399fa41","createdAt":1746635102650,"startedAt":1746635169247,"endedAt":1746635360561,"submittedAt":1746635102650,"details":{"KPI.PROGRESS_CURRENT_OBJECTIVE":"2926445.8034","KPI.avgDisplayPricePenaltyKPI":"0","KPI.emptySpacePenaltyKPI":"0","KPI.expectedSalesKPI":"2.928E+4","KPI.rectangularityPenaltyKPI":"368.0","KPI.shortagePenaltyKPI":"1489","KPI.squarenessPenaltyKPI":"50","MODEL_DETAIL_BOOLEAN_VARS":"1812","MODEL_DETAIL_CONSTRAINTS":"11154","MODEL_DETAIL_CONTINUOUS_VARS":"2036","MODEL_DETAIL_INTEGER_VARS":"1904","MODEL_DETAIL_LINEAR_CONSTRAINTS":"11154","MODEL_DETAIL_NON_ZEROS":"49954","MODEL_DETAIL_OBJECTIVE_SENSE":"maximize","MODEL_DETAIL_QUADRATIC_CONSTRAINTS":"0","MODEL_DETAIL_TYPE":"MIP","PROGRESS_BEST_OBJECTIVE":"2927299.8537","PROGRESS_BEST_OBJECTIVE.history":"[[1.746635183179E9,2927386.0359],[1.746635184907E9,2927385.3327],[1.746635187688E9,2927385.3327],[1.746635190538E9,2927385.3327],[1.746635191754E9,2927385.2001],[1.746635193992E9,2927385.2001],[1.74663519518E9,2927385.2001],[1.746635205706E9,2927382.1364],[1.746635206881E9,2927380.1802],[1.746635213821E9,2927366.6047],[1.746635217233E9,2927364.6409],[1.746635220205E9,2927361.0042],[1.746635221368E9,2927358.6528],[1.746635223995E9,2927343.6868],[1.746635225259E9,2927342.9916],[1.74663522681E9,2927340.2514],[1.746635227983E9,2927338.475],[1.746635232616E9,2927338.4699],[1.746635234475E9,2927338.1793],[1.746635235663E9,2927338.1556],[1.746635237012E9,2927337.9393],[1.746635238322E9,2927337.9041],[1.746635239391E9,2927337.7205],[1.746635240902E9,2927337.6714],[1.746635242091E9,2927337.3753],[1.746635245367E9,2927337.2518],[1.746635247822E9,2927337.1363],[1.746635249649E9,2927337.1336],[1.746635250818E9,2927337.0526],[1.746635253023E9,2927337.0315],[1.746635254709E9,2927337.0315],[1.746635256022E9,2927336.968],[1.746635257425E9,2927336.9165],[1.746635258842E9,2927336.7939],[1.746635260941E9,2927336.7576],[1.746635262289E9,2927336.751],[1.746635263313E9,2927336.6622],[1.746635265431E9,2927336.524],[1.746635269437E9,2927336.5092],[1.746635270707E9,2927336.2988],[1.746635272168E9,2927336.2221],[1.74663527343E9,2927336.1336],[1.746635275286E9,2927336.0236],[1.746635278553E9,2927335.8992],[1.746635279634E9,2927335.7638],[1.746635281042E9,2927335.5686],[1.746635282341E9,2927335.0874],[1.746635283603E9,2927335.0874],[1.74663528605E9,2927334.9911],[1.746635287179E9,2927334.7487],[1.746635288275E9,2927334.6286],[1.746635290607E9,2927334.6186],[1.7466352923E9,2927334.6084],[1.746635293572E9,2927334.4838],[1.746635294896E9,2927334.1268],[1.746635296328E9,2927333.4374],[1.746635297511E9,2927333.3574],[1.746635299013E9,2927332.0641],[1.746635300405E9,2927331.6342],[1.74663530182E9,2927331.446],[1.746635304815E9,2927330.609],[1.746635306022E9,2927330.0234],[1.746635307284E9,2927329.659],[1.746635308575E9,2927329.2812],[1.746635309783E9,2927329.1039],[1.746635311335E9,2927329.0669],[1.746635313653E9,2927329.0311],[1.746635315067E9,2927328.9168],[1.746635316342E9,2927326.7139],[1.74663531791E9,2927325.577],[1.746635318957E9,2927324.1207],[1.746635320491E9,2927323.5394],[1.746635322247E9,2927323.4709],[1.746635323509E9,2927320.7629],[1.746635325134E9,2927319.5829],[1.746635326472E9,2927318.896],[1.746635327772E9,2927317.947],[1.746635329364E9,2927317.5318],[1.746635330856E9,2927316.8244],[1.746635332068E9,2927315.3495],[1.746635334188E9,2927314.9495],[1.746635336851E9,2927314.9013],[1.746635338336E9,2927314.4425],[1.746635339529E9,2927313.8994],[1.746635340783E9,2927311.6886],[1.746635342129E9,2927309.8542],[1.746635343247E9,2927306.6561],[1.746635344354E9,2927304.7752],[1.746635345407E9,2927304.6762],[1.746635346475E9,2927304.3526],[1.746635347558E9,2927304.1064],[1.746635349459E9,2927303.6042],[1.746635350488E9,2927302.8743],[1.746635352206E9,2927302.7488],[1.746635353377E9,2927302.6687],[1.746635354747E9,2927301.8283],[1.746635355843E9,2927300.8376],[1.746635357389E9,2927300.2951],[1.746635358771E9,2927299.8537]]","PROGRESS_CURRENT_OBJECTIVE":"2926445.8034","PROGRESS_CURRENT_OBJECTIVE.history":"[[1.746635183179E9,-3145],[1.746635184907E9,-3145],[1.746635187688E9,831013.8964],[1.746635190538E9,1820478.1036],[1.746635191754E9,1820478.1036],[1.746635193992E9,1820478.1038],[1.74663519518E9,1828022.8295],[1.746635205706E9,2593457.3551],[1.746635206881E9,2593457.3551],[1.746635213821E9,2593457.3551],[1.746635217233E9,2593457.3551],[1.746635220205E9,2593457.3551],[1.746635221368E9,2593457.3551],[1.746635223995E9,2593457.3551],[1.746635225259E9,2593457.3551],[1.74663522681E9,2593457.3551],[1.746635227983E9,2593457.3551],[1.746635232616E9,2593457.3551],[1.746635234475E9,2593457.3551],[1.746635235663E9,2593457.3551],[1.746635237012E9,2593457.3551],[1.746635238322E9,2593457.3551],[1.746635239391E9,2593457.3551],[1.746635240902E9,2593457.3551],[1.746635242091E9,2593457.3551],[1.746635245367E9,2593457.3551],[1.746635247822E9,2899754.0762],[1.746635249649E9,2919039.8229],[1.746635250818E9,2919039.8229],[1.746635253023E9,2919039.8229],[1.746635254709E9,2920325.7948],[1.746635256022E9,2920325.7948],[1.746635257425E9,2920325.7948],[1.746635258842E9,2920325.7948],[1.746635260941E9,2920325.7948],[1.746635262289E9,2920325.7948],[1.746635263313E9,2920325.7948],[1.746635265431E9,2920325.7948],[1.746635269437E9,2920325.7948],[1.746635270707E9,2920325.7948],[1.746635272168E9,2920325.7948],[1.74663527343E9,2920325.7948],[1.746635275286E9,2920325.7948],[1.746635278553E9,2920325.7948],[1.746635279634E9,2920325.7948],[1.746635281042E9,2920325.7948],[1.746635282341E9,2920325.7948],[1.746635283603E9,2920888.1914],[1.74663528605E9,2924896.4558],[1.746635287179E9,2924896.4558],[1.746635288275E9,2924896.4558],[1.746635290607E9,2924896.4558],[1.7466352923E9,2924896.4558],[1.746635293572E9,2924896.4558],[1.746635294896E9,2924896.4558],[1.746635296328E9,2924896.4558],[1.746635297511E9,2924896.4558],[1.746635299013E9,2924896.4558],[1.746635300405E9,2924896.4558],[1.74663530182E9,2924896.4558],[1.746635304815E9,2924896.4558],[1.746635306022E9,2924896.4558],[1.746635307284E9,2924896.4558],[1.746635308575E9,2924896.4558],[1.746635309783E9,2924918.4559],[1.746635311335E9,2924918.4559],[1.746635313653E9,2925852.3341],[1.746635315067E9,2925852.3341],[1.746635316342E9,2925852.3341],[1.74663531791E9,2925852.3341],[1.746635318957E9,2925852.3341],[1.746635320491E9,2925852.3341],[1.746635322247E9,2925852.3341],[1.746635323509E9,2925852.3341],[1.746635325134E9,2925852.3341],[1.746635326472E9,2925852.3341],[1.746635327772E9,2925852.3341],[1.746635329364E9,2925852.3341],[1.746635330856E9,2925852.3341],[1.746635332068E9,2925852.3341],[1.746635334188E9,2925852.3341],[1.746635336851E9,2925852.3341],[1.746635338336E9,2925852.3341],[1.746635339529E9,2925852.3341],[1.746635340783E9,2925852.3341],[1.746635342129E9,2925852.3341],[1.746635343247E9,2925852.3341],[1.746635344354E9,2925852.3341],[1.746635345407E9,2925855.8341],[1.746635346475E9,2925855.8341],[1.746635347558E9,2926445.8034],[1.746635349459E9,2926445.8034],[1.746635350488E9,2926445.8034],[1.746635352206E9,2926445.8034],[1.746635353377E9,2926445.8034],[1.746635354747E9,2926445.8034],[1.746635355843E9,2926445.8034],[1.746635357389E9,2926445.8034],[1.746635358771E9,2926445.8034]]","PROGRESS_GAP":"0.0002918","PROGRESS_GAP.history":"[[1.746635183179E9,931.8],[1.746635184907E9,931.8],[1.746635187688E9,2.523],[1.746635190538E9,0.6080],[1.746635191754E9,0.6080],[1.746635193992E9,0.6080],[1.74663519518E9,0.6014],[1.746635205706E9,0.1288],[1.746635206881E9,0.1288],[1.746635213821E9,0.1288],[1.746635217233E9,0.1287],[1.746635220205E9,0.1287],[1.746635221368E9,0.1287],[1.746635223995E9,0.1287],[1.746635225259E9,0.1287],[1.74663522681E9,0.1287],[1.746635227983E9,0.1287],[1.746635232616E9,0.1287],[1.746635234475E9,0.1287],[1.746635235663E9,0.1287],[1.746635237012E9,0.1287],[1.746635238322E9,0.1287],[1.746635239391E9,0.1287],[1.746635240902E9,0.1287],[1.746635242091E9,0.1287],[1.746635245367E9,0.1287],[1.746635247822E9,0.009512],[1.746635249649E9,0.002842],[1.746635250818E9,0.002842],[1.746635253023E9,0.002842],[1.746635254709E9,0.002401],[1.746635256022E9,0.002401],[1.746635257425E9,0.002401],[1.746635258842E9,0.002401],[1.746635260941E9,0.002401],[1.746635262289E9,0.002401],[1.746635263313E9,0.002401],[1.746635265431E9,0.002401],[1.746635269437E9,0.002401],[1.746635270707E9,0.002401],[1.746635272168E9,0.002401],[1.74663527343E9,0.002401],[1.746635275286E9,0.002400],[1.746635278553E9,0.002400],[1.746635279634E9,0.002400],[1.746635281042E9,0.002400],[1.746635282341E9,0.002400],[1.746635283603E9,0.002207],[1.74663528605E9,0.0008337],[1.746635287179E9,0.0008336],[1.746635288275E9,0.0008336],[1.746635290607E9,0.0008336],[1.7466352923E9,0.0008336],[1.746635293572E9,0.0008335],[1.746635294896E9,0.0008334],[1.746635296328E9,0.0008332],[1.746635297511E9,0.0008332],[1.746635299013E9,0.0008327],[1.746635300405E9,0.0008326],[1.74663530182E9,0.0008325],[1.746635304815E9,0.0008322],[1.746635306022E9,0.0008320],[1.746635307284E9,0.0008319],[1.746635308575E9,0.0008318],[1.746635309783E9,0.0008242],[1.746635311335E9,0.0008242],[1.746635313653E9,0.0005047],[1.746635315067E9,0.0005047],[1.746635316342E9,0.0005039],[1.74663531791E9,0.0005035],[1.746635318957E9,0.0005030],[1.746635320491E9,0.0005028],[1.746635322247E9,0.0005028],[1.746635323509E9,0.0005019],[1.746635325134E9,0.0005015],[1.746635326472E9,0.0005012],[1.746635327772E9,0.0005009],[1.746635329364E9,0.0005008],[1.746635330856E9,0.0005005],[1.746635332068E9,0.0005000],[1.746635334188E9,0.0004999],[1.746635336851E9,0.0004999],[1.746635338336E9,0.0004997],[1.746635339529E9,0.0004995],[1.746635340783E9,0.0004988],[1.746635342129E9,0.0004982],[1.746635343247E9,0.0004971],[1.746635344354E9,0.0004964],[1.746635345407E9,0.0004952],[1.746635346475E9,0.0004951],[1.746635347558E9,0.0002933],[1.746635349459E9,0.0002931],[1.746635350488E9,0.0002929],[1.746635352206E9,0.0002928],[1.746635353377E9,0.0002928],[1.746635354747E9,0.0002925],[1.746635355843E9,0.0002922],[1.746635357389E9,0.0002920],[1.746635358771E9,0.0002918]]","STAT.cplex.modelType":"MIP","STAT.cplex.size.booleanVariables":"1812","STAT.cplex.size.constraints":"11154","STAT.cplex.size.continousVariables":"2036","STAT.cplex.size.integerVariables":"1904","STAT.cplex.size.linearConstraints":"11154","STAT.cplex.size.quadraticConstraints":"0","STAT.cplex.size.variables":"5752","STAT.cplex.solve.elapsedTime":"1.747E+9","STAT.cplex.solve.explored":"2133101","STAT.cplex.solve.iterationCount":"531894","STAT.cplex.solve.opened":"1021221","STAT.job.coresCount":"1","STAT.job.inputsReadMs":"3923","STAT.job.memoryPeakKB":"421936","STAT.job.modelProcessingMs":"184531","STAT.job.outputsWriteMs":"1597","latestOutputUpload":"2025-05-07T16:29:20.550Z"},"executionStatus":"PROCESSED","solveStatus":"FEASIBLE_SOLUTION","logTail":["[2025-05-07T16:29:18.771Z, INFO] Sequential b&c:","[2025-05-07T16:29:18.771Z, INFO]   Real time             =  171.08 sec. (172492.84 ticks)","[2025-05-07T16:29:18.771Z, INFO]                           ------------","[2025-05-07T16:29:18.771Z, INFO] Total (root+branch&cut) =  180.01 sec. (174272.35 ticks)","[2025-05-07T16:29:18.797Z, INFO] Initialization of expectedSalesKPI.","[2025-05-07T16:29:18.797Z, INFO] ------kpi- KPI.expectedSalesKPI 2.928E+4","[2025-05-07T16:29:18.797Z, INFO] Initialization of emptySpacePenaltyKPI.","[2025-05-07T16:29:18.798Z, INFO] ------kpi- KPI.emptySpacePenaltyKPI 0","[2025-05-07T16:29:18.798Z, INFO] Initialization of shortagePenaltyKPI.","[2025-05-07T16:29:18.798Z, INFO] ------kpi- KPI.shortagePenaltyKPI 1489","[2025-05-07T16:29:18.798Z, INFO] Initialization of rectangularityPenaltyKPI.","[2025-05-07T16:29:18.798Z, INFO] ------kpi- KPI.rectangularityPenaltyKPI 368.0","[2025-05-07T16:29:18.799Z, INFO] Initialization of squarenessPenaltyKPI.","[2025-05-07T16:29:18.799Z, INFO] ------kpi- KPI.squarenessPenaltyKPI 50","[2025-05-07T16:29:18.799Z, INFO] Initialization of avgDisplayPricePenaltyKPI.","[2025-05-07T16:29:18.799Z, INFO] ------kpi- KPI.avgDisplayPricePenaltyKPI 0","[2025-05-07T16:29:18.799Z, INFO] Initialization of TEmptySpaceOnShelf.","[2025-05-07T16:29:18.800Z, INFO] Initialization of emptySpaceOnShelf.","[2025-05-07T16:29:18.800Z, INFO] Initialization of TGroupFacings.","[2025-05-07T16:29:18.800Z, INFO] Initialization of GroupFacings.","[2025-05-07T16:29:18.800Z, INFO] Initialization of TGroupOnShelfPlacement.","[2025-05-07T16:29:18.800Z, INFO] Initialization of GroupOnShelfPlacement.","[2025-05-07T16:29:18.801Z, INFO] Initialization of TSKUOnShelfPlacement.","[2025-05-07T16:29:18.801Z, INFO] Initialization of SKUOnShelfPlacement.","[2025-05-07T16:29:18.805Z, INFO] Initialization of TUnitsShortage.","[2025-05-07T16:29:18.805Z, INFO] Initialization of unitsShortage.","[2025-05-07T16:29:18.805Z, INFO] Initialization of squarenessPenaltyKPI.","[2025-05-07T16:29:18.805Z, INFO] Initialization of shortagePenaltyKPI.","[2025-05-07T16:29:18.805Z, INFO] Initialization of emptySpacePenaltyKPI.","[2025-05-07T16:29:18.806Z, INFO] Initialization of expectedSalesKPI.","[2025-05-07T16:29:18.806Z, INFO] Initialization of rectangularityPenaltyKPI.","[2025-05-07T16:29:18.806Z, INFO] Initialization of avgDisplayPricePenaltyKPI.","[2025-05-07T16:29:18.806Z, INFO] Initialization of SKUOnShelfPlacement.","[2025-05-07T16:29:18.806Z, INFO] Initialization of TSKUOnShelfPlacement.","[2025-05-07T16:29:18.807Z, INFO] Initialization of GroupOnShelfPlacement.","[2025-05-07T16:29:18.808Z, INFO] Initialization of TGroupOnShelfPlacement.","[2025-05-07T16:29:18.810Z, INFO] Initialization of emptySpaceOnShelf.","[2025-05-07T16:29:18.810Z, INFO] Initialization of TEmptySpaceOnShelf.","[2025-05-07T16:29:18.811Z, INFO] Initialization of unitsShortage.","[2025-05-07T16:29:18.811Z, INFO] Initialization of TUnitsShortage.","[2025-05-07T16:29:18.811Z, INFO] Initialization of GroupFacings.","[2025-05-07T16:29:18.811Z, INFO] Initialization of TGroupFacings.","[2025-05-07T16:29:18.812Z, INFO] attachments : [unitsShortage.csv,GroupOnShelfPlacement.csv,GroupFacings.csv,SKUOnShelfPlacement.csv,emptySpaceOnShelf.csv]","[2025-05-07T16:29:18.841Z, INFO] Total time spent in post processing: 1272 msecs.","[2025-05-07T16:29:18.841Z, INFO] Solve finished with status: FEASIBLE_SOLUTION."]},"taskSetupTime":1746635102700,"taskSolveTime":1746635361294,"taskTearDownTime":1746635361294,"jobSpaceId":"aa2cb918-3f8e-41c7-b145-be65aa53d18f","jobDeploymentId":"d43eccca-c9b8-41a8-b78a-ac42b4e5176a","jobId":"6073a400-ca8b-44d2-9b2d-63a49399fa41","ping":1746635340756}},{"dataUsagePerCategory":{"output":{"lastModificationTime":1746634817754,"lastModifier":"IBMid-270006YQEG"},"input":{"lastModificationTime":1746437736818,"lastModifier":"IBMid-270006YQEG"},"model":{"lastModificationTime":1746437736818,"lastModifier":"IBMid-270006YQEG"}},"id":"59cae376-647b-413d-98af-408099578233","qualifiers":[{"name":"modelType","value":"opl"},{"name":"modelMetadata","value":"{\"creationTime\":1566496043650,\"lastEditTime\":1626870100645,\"lastUploadTime\":1626869717233}"}],"name":"Scenario Lexicographic","description":"","category":"scenario","readOnly":false,"creator":"IBMid-270006YQEG","createdAt":1746437736000,"usage":{"lastModificationTime":1746634821000,"lastModifier":"IBMid-270006YQEG"},"tables":[{"category":"output","creator":"IBMid-270006YQEG","createdAt":1746437736818,"lastUpdater":"IBMid-270006YQEG","updatedAt":1746634817754,"crc":1800708715,"size":1103,"attachmentKey":"c315dadc-6af9-41e0-b9c8-a2e9b6d46784/1746634817754","name":"SKUOnShelfPlacement","tableType":{"columns":[{"key":"sku","dataType":"String"},{"key":"shelf","dataType":"String"},{"key":"numFacings","dataType":"Number"},{"key":"offset","dataType":"Number"},{"key":"skuWidth","dataType":"Number"},{"key":"offset2","dataType":"Number"},{"key":"parentGrp","dataType":"String"}]},"numberOfRows":34},{"category":"input","creator":"IBMid-270006YQEG","createdAt":1746437736818,"lastUpdater":"IBMid-270006YQEG","updatedAt":1746437736818,"attachmentKey":"bafd4a58-fc37-4691-97f0-80cf2e0cec69/7aa6f11d-cd71-4735-88f0-b96f7880f242","name":"Parameters","tableType":{"columns":[{"key":"MinTargetAvgDisplayPrice","dataType":"Number"},{"key":"MaxTargetAvgDisplayPrice","dataType":"Number"}]},"numberOfRows":1},{"category":"output","creator":"IBMid-270006YQEG","createdAt":1746437736818,"lastUpdater":"IBMid-270006YQEG","updatedAt":1746634817754,"crc":3286566589,"size":701,"attachmentKey":"28c8a5dc-4832-421d-9af0-994f32286019/1746634817754","name":"GroupFacings","tableType":{"columns":[{"key":"grp","dataType":"String"},{"key":"alpha","dataType":"Number"},{"key":"beta","dataType":"Number"},{"key":"numFacings","dataType":"Number"}]},"numberOfRows":36},{"category":"input","creator":"IBMid-270006YQEG","createdAt":1746437736818,"lastUpdater":"IBMid-270006YQEG","updatedAt":1746437736818,"attachmentKey":"bafd4a58-fc37-4691-97f0-80cf2e0cec69/e9c11812-6b6a-47e7-a3c0-e56523bd60c0","name":"AdjTypes","tableType":{"columns":[{"key":"value","dataType":"String"}]},"numberOfRows":2},{"category":"output","creator":"IBMid-270006YQEG","createdAt":1746437736818,"lastUpdater":"IBMid-270006YQEG","updatedAt":1746634817754,"crc":2583737398,"size":48,"attachmentKey":"7f5b7907-7ae0-41f2-b7b7-0ff4b5950edf/1746634817754","name":"emptySpaceOnShelf","tableType":{"columns":[{"key":"shelf","dataType":"String"},{"key":"value","dataType":"Number"}]},"numberOfRows":6},{"category":"output","creator":"IBMid-270006YQEG","createdAt":1746437736818,"lastUpdater":"IBMid-270006YQEG","updatedAt":1746634817754,"crc":1489251741,"size":2493,"attachmentKey":"8bd8445f-766a-4c02-a5f1-d6a86a203b58/1746634817754","name":"unitsShortage","tableType":{"columns":[{"key":"sku","dataType":"String"},{"key":"value","dataType":"Number"}]},"numberOfRows":236},{"category":"input","creator":"IBMid-270006YQEG","createdAt":1746437736818,"lastUpdater":"IBMid-270006YQEG","updatedAt":1746437736818,"name":"GroupAdjacencies","tableType":{"columns":[{"key":"grp1Id","dataType":"String"},{"key":"grp2Id","dataType":"String"},{"key":"adjType","dataType":"String"}]},"numberOfRows":0},{"category":"input","creator":"IBMid-270006YQEG","createdAt":1746437736818,"lastUpdater":"IBMid-270006YQEG","updatedAt":1746437736818,"attachmentKey":"bafd4a58-fc37-4691-97f0-80cf2e0cec69/975505b7-214c-44e1-b89f-f2db3710e027","name":"SKUs","tableType":{"columns":[{"key":"id","dataType":"String"},{"key":"minFacings","dataType":"Number"},{"key":"maxFacings","dataType":"Number"},{"key":"demand","dataType":"Number"},{"key":"replenishRate","dataType":"Number"},{"key":"parentGroup","dataType":"String"},{"key":"width","dataType":"Number"},{"key":"price","dataType":"Number"}]},"numberOfRows":236},{"category":"input","creator":"IBMid-270006YQEG","createdAt":1746437736818,"lastUpdater":"IBMid-270006YQEG","updatedAt":1746437736818,"attachmentKey":"bafd4a58-fc37-4691-97f0-80cf2e0cec69/1d0ca4c6-1fb4-40f5-873a-eecd2e86a78c","name":"Weights","tableType":{"columns":[{"key":"expectedSales","dataType":"Number"},{"key":"emptySpacePenalty","dataType":"Number"},{"key":"shortagePenalty","dataType":"Number"},{"key":"rectangularityPenalty","dataType":"Number"},{"key":"squarenessPenalty","dataType":"Number"},{"key":"avgDisplayPricePenalty","dataType":"Number"}]},"numberOfRows":1},{"category":"input","creator":"IBMid-270006YQEG","createdAt":1746437736818,"lastUpdater":"IBMid-270006YQEG","updatedAt":1746437736818,"name":"GroupFacingLimits","tableType":{"columns":[{"key":"grp","dataType":"String"},{"key":"minFacings","dataType":"String"},{"key":"maxFacings","dataType":"String"}]},"numberOfRows":0},{"category":"input","creator":"IBMid-270006YQEG","createdAt":1746437736818,"lastUpdater":"IBMid-270006YQEG","updatedAt":1746437736818,"attachmentKey":"bafd4a58-fc37-4691-97f0-80cf2e0cec69/e77618ba-a0de-437e-bd97-96e9ef29544e","name":"SKUShelves","tableType":{"columns":[{"key":"sku","dataType":"String"},{"key":"shelf","dataType":"String"},{"key":"unitsPerFacing","dataType":"Number"}]},"numberOfRows":1416},{"category":"output","creator":"IBMid-270006YQEG","createdAt":1746437736818,"lastUpdater":"IBMid-270006YQEG","updatedAt":1746634817754,"crc":3320545502,"size":471,"attachmentKey":"e5fd757d-9dfa-4672-9599-4ec35088a994/1746634817754","name":"stats","tableType":{"columns":[{"key":"Name","dataType":"String"},{"key":"Value","dataType":"String"}]},"numberOfRows":16},{"category":"input","creator":"IBMid-270006YQEG","createdAt":1746437736818,"lastUpdater":"IBMid-270006YQEG","updatedAt":1746437736818,"attachmentKey":"bafd4a58-fc37-4691-97f0-80cf2e0cec69/4e45211a-5e20-4ea0-bac3-41bbd8d9cffc","name":"Groups","tableType":{"columns":[{"key":"id","dataType":"String"},{"key":"level","dataType":"Number"},{"key":"parentGroup","dataType":"String"},{"key":"alpha","dataType":"Number"},{"key":"beta","dataType":"Number"},{"key":"needRectangularity","dataType":"Number"},{"key":"needSquareness","dataType":"Number"}]},"numberOfRows":36},{"category":"input","creator":"IBMid-270006YQEG","createdAt":1746437736818,"lastUpdater":"IBMid-270006YQEG","updatedAt":1746437736818,"name":"GroupsReqdOnShelves","tableType":{"columns":[{"key":"grp","dataType":"String"},{"key":"shelf","dataType":"String"}]},"numberOfRows":0},{"category":"output","creator":"IBMid-270006YQEG","createdAt":1746437736818,"lastUpdater":"IBMid-270006YQEG","updatedAt":1746634817754,"crc":3661019509,"size":1252,"attachmentKey":"812c9b7f-ae76-4f71-b687-2a85f04f2f86/1746634817754","name":"GroupOnShelfPlacement","tableType":{"columns":[{"key":"grp","dataType":"String"},{"key":"shelf","dataType":"String"},{"key":"numFacings","dataType":"Number"},{"key":"offset","dataType":"Number"},{"key":"widthOnShelf","dataType":"Number"}]},"numberOfRows":57},{"category":"input","creator":"IBMid-270006YQEG","createdAt":1746437736818,"lastUpdater":"IBMid-270006YQEG","updatedAt":1746437736818,"attachmentKey":"bafd4a58-fc37-4691-97f0-80cf2e0cec69/b9b18ddc-055a-475f-b795-537cfe3695a2","name":"Shelves","tableType":{"columns":[{"key":"id","dataType":"String"},{"key":"width","dataType":"Number"},{"key":"level","dataType":"Number"},{"key":"offSet","dataType":"Number"}]},"numberOfRows":6},{"category":"output","creator":"IBMid-270006YQEG","createdAt":1746437736818,"lastUpdater":"IBMid-270006YQEG","updatedAt":1746634817754,"crc":3580829910,"size":199,"attachmentKey":"dd2630ba-4d3d-40f5-b7dc-140a9841b94a/1746634817754","name":"kpis","tableType":{"columns":[{"key":"Name","dataType":"String"},{"key":"Value","dataType":"Number"}]},"numberOfRows":7}],"assets":[{"qualifiers":[{"name":"source","value":"{\"creationTime\":1566496043650,\"lastEditTime\":1626869717233,\"lastUploadTime\":1626869717233}"}],"category":"model","creator":"IBMid-270006YQEG","createdAt":1746437736818,"lastUpdater":"IBMid-270006YQEG","updatedAt":1746437736818,"crc":219641856,"size":18168,"attachmentKey":"940d3b2e-6cd1-41d6-b33c-ceff9861de42/1699455317392","name":"model.mod","contentType":"application/json"},{"category":"output","creator":"IBMid-270006YQEG","createdAt":1746634817754,"lastUpdater":"IBMid-270006YQEG","updatedAt":1746634817754,"crc":1629963287,"size":1293533,"attachmentKey":"2479ee7e-5d55-443b-b201-173196586281/1746634817754","name":"log.txt","contentType":"text/plain"}],"solveStatus":{"creationTime":1746634563475,"lastModificationTime":1746634820998,"state":"TERMINATED","solveConfig":{"containerId":"59cae376-647b-413d-98af-408099578233","solveParameters":{}},"jobDetails":{"id":"8c57906f-af92-464b-b103-87dea7db6842","createdAt":1746634568510,"startedAt":1746634627272,"endedAt":1746634819574,"submittedAt":1746634568510,"details":{"KPI.PROGRESS_CURRENT_OBJECTIVE":"29284.875","KPI.avgDisplayPricePenaltyKPI":"0","KPI.emptySpacePenaltyKPI":"0","KPI.expectedSalesKPI":"2.928E+4","KPI.rectangularityPenaltyKPI":"5554","KPI.shortagePenaltyKPI":"1489","KPI.squarenessPenaltyKPI":"90","MODEL_DETAIL_BOOLEAN_VARS":"1812","MODEL_DETAIL_CONSTRAINTS":"11154","MODEL_DETAIL_CONTINUOUS_VARS":"2036","MODEL_DETAIL_INTEGER_VARS":"1904","MODEL_DETAIL_LINEAR_CONSTRAINTS":"11154","MODEL_DETAIL_NON_ZEROS":"49954","MODEL_DETAIL_OBJECTIVE_SENSE":"maximize","MODEL_DETAIL_QUADRATIC_CONSTRAINTS":"0","MODEL_DETAIL_TYPE":"MIP","PROGRESS_BEST_OBJECTIVE":"1000000000000000000000000000000000000000000000000000000000000000000000000000","PROGRESS_BEST_OBJECTIVE.history":"[[1.746634639077E9,29288.7285],[1.746634644709E9,29288.7285],[1.746634646993E9,29288.7285],[1.74663465253E9,29288.7285],[1.746634655892E9,29288.7285],[1.746634657452E9,29288.7285],[1.74663465934E9,29288.7285],[1.746634661008E9,29288.7285],[1.746634664176E9,29288.7285],[1.74663466813E9,29288.6878],[1.746634669543E9,29288.5829],[1.746634670758E9,29288.5741],[1.746634671782E9,29288.5498],[1.746634673363E9,29288.345],[1.746634674724E9,29288.305],[1.746634676474E9,29288.1274],[1.746634677546E9,29288.051],[1.74663467864E9,29287.9198],[1.746634679668E9,29287.7349],[1.746634680763E9,29287.6655],[1.746634681835E9,29287.5956],[1.746634683347E9,29287.5417],[1.746634684486E9,29287.4392],[1.746634685609E9,29287.3533],[1.746634686719E9,29287.3033],[1.746634687829E9,29287.2714],[1.746634688897E9,29287.2562],[1.746634689933E9,29287.2012],[1.746634690945E9,29287.1372],[1.746634691976E9,29287.0828],[1.746634693016E9,29287.035],[1.746634694061E9,29287.0198],[1.746634695096E9,29286.997],[1.746634696142E9,29286.9839],[1.746634697197E9,29286.9409],[1.746634698254E9,29286.9108],[1.746634699264E9,29286.9064],[1.74663470027E9,29286.8728],[1.746634701298E9,29286.8461],[1.746634702318E9,29286.8096],[1.74663470379E9,29286.8057],[1.746634704832E9,29286.7879],[1.746634705845E9,29286.7576],[1.746634706892E9,29286.7549],[1.746634707956E9,29286.7118],[1.746634709101E9,29286.6759],[1.746634710129E9,29286.6401],[1.746634711151E9,29286.6274],[1.746634712217E9,29286.6048],[1.746634713261E9,29286.5865],[1.746634714535E9,29286.5674],[1.746634715623E9,29286.5521],[1.746634716683E9,29286.5305],[1.746634717745E9,29286.517],[1.74663471905E9,29286.5151],[1.746634720491E9,29286.4917],[1.746634721609E9,29286.4814],[1.74663472267E9,29286.4686],[1.746634727574E9,29286.4682],[1.746634730612E9,29286.465],[1.746634758191E9,29286.4564],[1.746634765501E9,-1483.1431],[1.746634768312E9,-1483.2477],[1.746634769728E9,-1483.4832],[1.746634817419E9,1000000000000000000000000000000000000000000000000000000000000000000000000000]]","PROGRESS_CURRENT_OBJECTIVE":"29284.875","PROGRESS_CURRENT_OBJECTIVE.history":"[[1.746634639077E9,0],[1.746634644709E9,29110.3717],[1.746634646993E9,29162.5116],[1.74663465253E9,29191.3573],[1.746634655892E9,29202.7818],[1.746634657452E9,29253.0755],[1.74663465934E9,29260.3139],[1.746634661008E9,29262.6133],[1.746634664176E9,29265.5371],[1.74663466813E9,29265.5371],[1.746634669543E9,29265.5371],[1.746634670758E9,29265.5371],[1.746634671782E9,29265.5371],[1.746634673363E9,29265.5371],[1.746634674724E9,29265.5371],[1.746634676474E9,29265.5371],[1.746634677546E9,29265.5371],[1.74663467864E9,29265.5371],[1.746634679668E9,29265.5371],[1.746634680763E9,29265.5371],[1.746634681835E9,29265.5371],[1.746634683347E9,29265.5371],[1.746634684486E9,29265.5371],[1.746634685609E9,29265.5371],[1.746634686719E9,29265.5371],[1.746634687829E9,29265.5371],[1.746634688897E9,29265.5371],[1.746634689933E9,29265.5371],[1.746634690945E9,29265.5371],[1.746634691976E9,29265.5371],[1.746634693016E9,29265.5371],[1.746634694061E9,29265.5371],[1.746634695096E9,29265.5371],[1.746634696142E9,29265.5371],[1.746634697197E9,29265.5371],[1.746634698254E9,29265.5371],[1.746634699264E9,29265.5371],[1.74663470027E9,29265.5371],[1.746634701298E9,29265.5371],[1.746634702318E9,29265.5371],[1.74663470379E9,29265.5371],[1.746634704832E9,29265.5371],[1.746634705845E9,29265.5371],[1.746634706892E9,29265.5371],[1.746634707956E9,29265.5371],[1.746634709101E9,29265.5371],[1.746634710129E9,29265.5371],[1.746634711151E9,29265.5371],[1.746634712217E9,29265.5371],[1.746634713261E9,29265.5371],[1.746634714535E9,29265.5371],[1.746634715623E9,29265.5371],[1.746634716683E9,29265.5371],[1.746634717745E9,29265.5371],[1.74663471905E9,29265.5371],[1.746634720491E9,29265.5371],[1.746634721609E9,29265.5371],[1.74663472267E9,29265.5371],[1.746634727574E9,29280.689],[1.746634730612E9,29280.689],[1.746634758191E9,29284.875],[1.746634765501E9,-1489],[1.746634768312E9,-1489],[1.746634769728E9,-1489],[1.746634817419E9,29284.875]]","PROGRESS_GAP":"3.415E+70","PROGRESS_GAP.history":"[[1.746634639077E9,2.929E+14],[1.746634644709E9,0.006127],[1.746634646993E9,0.004328],[1.74663465253E9,0.003336],[1.746634655892E9,0.002943],[1.746634657452E9,0.001219],[1.74663465934E9,0.0009711],[1.746634661008E9,0.0008924],[1.746634664176E9,0.0007924],[1.74663466813E9,0.0007911],[1.746634669543E9,0.0007875],[1.746634670758E9,0.0007872],[1.746634671782E9,0.0007863],[1.746634673363E9,0.0007793],[1.746634674724E9,0.0007780],[1.746634676474E9,0.0007719],[1.746634677546E9,0.0007693],[1.74663467864E9,0.0007648],[1.746634679668E9,0.0007585],[1.746634680763E9,0.0007561],[1.746634681835E9,0.0007537],[1.746634683347E9,0.0007519],[1.746634684486E9,0.0007484],[1.746634685609E9,0.0007455],[1.746634686719E9,0.0007437],[1.746634687829E9,0.0007427],[1.746634688897E9,0.0007421],[1.746634689933E9,0.0007403],[1.746634690945E9,0.0007381],[1.746634691976E9,0.0007362],[1.746634693016E9,0.0007346],[1.746634694061E9,0.0007341],[1.746634695096E9,0.0007333],[1.746634696142E9,0.0007328],[1.746634697197E9,0.0007314],[1.746634698254E9,0.0007303],[1.746634699264E9,0.0007302],[1.74663470027E9,0.0007290],[1.746634701298E9,0.0007281],[1.746634702318E9,0.0007269],[1.74663470379E9,0.0007267],[1.746634704832E9,0.0007261],[1.746634705845E9,0.0007251],[1.746634706892E9,0.0007250],[1.746634707956E9,0.0007235],[1.746634709101E9,0.0007223],[1.746634710129E9,0.0007211],[1.746634711151E9,0.0007207],[1.746634712217E9,0.0007199],[1.746634713261E9,0.0007193],[1.746634714535E9,0.0007186],[1.746634715623E9,0.0007181],[1.746634716683E9,0.0007173],[1.746634717745E9,0.0007169],[1.74663471905E9,0.0007168],[1.746634720491E9,0.0007160],[1.746634721609E9,0.0007157],[1.74663472267E9,0.0007152],[1.746634727574E9,0.0001974],[1.746634730612E9,0.0001973],[1.746634758191E9,0.00005400],[1.746634765501E9,0.003933],[1.746634768312E9,0.003863],[1.746634769728E9,0.003705],[1.746634817419E9,3.415E+70]]","STAT.cplex.modelType":"MIP","STAT.cplex.size.booleanVariables":"1812","STAT.cplex.size.constraints":"11154","STAT.cplex.size.continousVariables":"2036","STAT.cplex.size.integerVariables":"1904","STAT.cplex.size.linearConstraints":"11154","STAT.cplex.size.quadraticConstraints":"0","STAT.cplex.size.variables":"5752","STAT.cplex.solve.elapsedTime":"1.747E+9","STAT.cplex.solve.explored":"32023","STAT.cplex.solve.iterationCount":"28356","STAT.cplex.solve.opened":"10132","STAT.job.coresCount":"1","STAT.job.inputsReadMs":"4084","STAT.job.memoryPeakKB":"265596","STAT.job.modelProcessingMs":"184783","STAT.job.outputsWriteMs":"1894","latestOutputUpload":"2025-05-07T16:20:19.562Z"},"executionStatus":"PROCESSED","solveStatus":"UNKNOWN","logTail":["[2025-05-07T16:19:30.594Z, INFO] ------kpi- KPI.shortagePenaltyKPI 1489","[2025-05-07T16:19:30.594Z, INFO] Initialization of rectangularityPenaltyKPI.","[2025-05-07T16:19:30.594Z, INFO] ------kpi- KPI.rectangularityPenaltyKPI 5554","[2025-05-07T16:19:30.594Z, INFO] Initialization of squarenessPenaltyKPI.","[2025-05-07T16:19:30.594Z, INFO] ------kpi- KPI.squarenessPenaltyKPI 90","[2025-05-07T16:19:30.595Z, INFO] Initialization of avgDisplayPricePenaltyKPI.","[2025-05-07T16:19:30.595Z, INFO] ------kpi- KPI.avgDisplayPricePenaltyKPI 0","[2025-05-07T16:19:30.595Z, INFO] Initialization of TEmptySpaceOnShelf.","[2025-05-07T16:19:30.595Z, INFO] Initialization of emptySpaceOnShelf.","[2025-05-07T16:19:30.595Z, INFO] Initialization of TGroupFacings.","[2025-05-07T16:19:30.595Z, INFO] Initialization of GroupFacings.","[2025-05-07T16:19:30.595Z, INFO] Initialization of TGroupOnShelfPlacement.","[2025-05-07T16:19:30.595Z, INFO] Initialization of GroupOnShelfPlacement.","[2025-05-07T16:19:30.596Z, INFO] Initialization of TSKUOnShelfPlacement.","[2025-05-07T16:19:30.596Z, INFO] Initialization of SKUOnShelfPlacement.","[2025-05-07T16:19:30.607Z, INFO] Initialization of TUnitsShortage.","[2025-05-07T16:19:30.608Z, INFO] Initialization of unitsShortage.","[2025-05-07T16:19:30.608Z, INFO] ------kpi- KPI.expectedSalesKPI 2.928E+4","[2025-05-07T16:19:30.608Z, INFO] ------kpi- KPI.emptySpacePenaltyKPI 0","[2025-05-07T16:19:30.608Z, INFO] ------kpi- KPI.shortagePenaltyKPI 1489","[2025-05-07T16:19:30.608Z, INFO] ------kpi- KPI.rectangularityPenaltyKPI 5554","[2025-05-07T16:19:30.608Z, INFO] ------kpi- KPI.squarenessPenaltyKPI 90","[2025-05-07T16:19:30.608Z, INFO] ------kpi- KPI.avgDisplayPricePenaltyKPI 0","[2025-05-07T16:19:30.608Z, INFO] Initialization of squarenessPenaltyKPI.","[2025-05-07T16:19:30.608Z, INFO] Initialization of shortagePenaltyKPI.","[2025-05-07T16:19:30.608Z, INFO] Initialization of emptySpacePenaltyKPI.","[2025-05-07T16:19:30.608Z, INFO] Initialization of TGroupFacings.","[2025-05-07T16:19:30.609Z, INFO] Initialization of expectedSalesKPI.","[2025-05-07T16:19:30.609Z, INFO] Initialization of rectangularityPenaltyKPI.","[2025-05-07T16:19:30.609Z, INFO] Initialization of avgDisplayPricePenaltyKPI.","[2025-05-07T16:19:30.609Z, INFO] Initialization of SKUOnShelfPlacement.","[2025-05-07T16:19:30.609Z, INFO] Initialization of TSKUOnShelfPlacement.","[2025-05-07T16:19:30.609Z, INFO] Initialization of GroupOnShelfPlacement.","[2025-05-07T16:19:30.609Z, INFO] Initialization of TGroupOnShelfPlacement.","[2025-05-07T16:19:30.609Z, INFO] Initialization of emptySpaceOnShelf.","[2025-05-07T16:19:30.609Z, INFO] Initialization of TEmptySpaceOnShelf.","[2025-05-07T16:19:30.610Z, INFO] Initialization of unitsShortage.","[2025-05-07T16:19:30.610Z, INFO] Initialization of TUnitsShortage.","[2025-05-07T16:19:30.610Z, INFO] Initialization of GroupFacings.","[2025-05-07T16:19:30.615Z, INFO] attachments : [unitsShortage.csv,GroupOnShelfPlacement.csv,GroupFacings.csv,SKUOnShelfPlacement.csv,emptySpaceOnShelf.csv]","[2025-05-07T16:20:17.416Z, INFO] Advanced basis not built.","[2025-05-07T16:20:17.434Z, INFO]     3         3      1  -1.4890000000e+03      11349        58.88         58082.14","[2025-05-07T16:20:17.434Z, INFO] Terminated with: Non-optimal status: time lim exc, feas","[2025-05-07T16:20:17.460Z, INFO] Total time spent in post processing: 2429 msecs.","[2025-05-07T16:20:17.460Z, INFO] Solve finished with status: UNKNOWN."]},"taskSetupTime":1746634568559,"taskSolveTime":1746634820998,"taskTearDownTime":1746634820998,"jobSpaceId":"aa2cb918-3f8e-41c7-b145-be65aa53d18f","jobDeploymentId":"d43eccca-c9b8-41a8-b78a-ac42b4e5176a","jobId":"8c57906f-af92-464b-b103-87dea7db6842","ping":1746634804876}},{"dataUsagePerCategory":{},"id":"5a238a62-e03a-40e1-bca8-a112ecc78995","name":"dashboard","description":"","category":"dashboard","readOnly":false,"creator":"IBMid-270006YQEG","createdAt":1746437730000,"usage":{"lastModificationTime":1746637727000,"lastModifier":"IBMid-270006YQEG"},"tables":[],"assets":[{"creator":"IBMid-270006YQEG","createdAt":1746437730245,"lastUpdater":"IBMid-270006YQEG","updatedAt":1746637727382,"crc":2391947934,"size":11633,"attachmentKey":"213e64bf-dcf8-4a89-bb84-d954904da340/1746637727382","name":"dashboard.json","contentType":"application/octet-stream"}]},{"dataUsagePerCategory":{"output":{"lastModificationTime":1746637673275,"lastModifier":"IBMid-270006YQEG"},"input":{"lastModificationTime":1746437733538,"lastModifier":"IBMid-270006YQEG"},"model":{"lastModificationTime":1746437733538,"lastModifier":"IBMid-270006YQEG"}},"id":"51422f6c-ee3a-4c10-baa4-01eec7db397d","qualifiers":[{"name":"modelType","value":"opl"},{"name":"modelMetadata","value":"{\"creationTime\":1566496043650,\"lastEditTime\":1626869653189,\"lastUploadTime\":1626869627317}"}],"name":"Baseline","description":"","category":"scenario","readOnly":false,"creator":"IBMid-270006YQEG","createdAt":1746437733000,"usage":{"lastModificationTime":1746637676000,"lastModifier":"IBMid-270006YQEG"},"tables":[{"category":"input","creator":"IBMid-270006YQEG","createdAt":1746437733538,"lastUpdater":"IBMid-270006YQEG","updatedAt":1746437733538,"attachmentKey":"1c6b5407-0724-4783-9516-009299c23d0a","name":"Parameters","tableType":{"columns":[{"key":"MinTargetAvgDisplayPrice","dataType":"Number"},{"key":"MaxTargetAvgDisplayPrice","dataType":"Number"}]},"numberOfRows":1},{"category":"output","creator":"IBMid-270006YQEG","createdAt":1746437733538,"lastUpdater":"IBMid-270006YQEG","updatedAt":1746637673275,"crc":441354271,"size":1204,"attachmentKey":"6ff6cb3f-e627-47d6-851a-e8d0f5612221/1746637673275","name":"SKUOnShelfPlacement","tableType":{"columns":[{"key":"sku","dataType":"String"},{"key":"shelf","dataType":"String"},{"key":"numFacings","dataType":"Number"},{"key":"offset","dataType":"Number"},{"key":"skuWidth","dataType":"Number"},{"key":"offset2","dataType":"Number"},{"key":"parentGrp","dataType":"String"}]},"numberOfRows":35},{"category":"input","creator":"IBMid-270006YQEG","createdAt":1746437733538,"lastUpdater":"IBMid-270006YQEG","updatedAt":1746437733538,"attachmentKey":"3d0641f7-e310-45ab-9319-8620d8ed91fd","name":"AdjTypes","tableType":{"columns":[{"key":"value","dataType":"String"}]},"numberOfRows":2},{"category":"output","creator":"IBMid-270006YQEG","createdAt":1746437733538,"lastUpdater":"IBMid-270006YQEG","updatedAt":1746637673275,"crc":4284728310,"size":700,"attachmentKey":"de09ec46-fc6f-4909-a0de-13380a99d4da/1746637673275","name":"GroupFacings","tableType":{"columns":[{"key":"grp","dataType":"String"},{"key":"alpha","dataType":"Number"},{"key":"beta","dataType":"Number"},{"key":"numFacings","dataType":"Number"}]},"numberOfRows":36},{"category":"output","creator":"IBMid-270006YQEG","createdAt":1746437733538,"lastUpdater":"IBMid-270006YQEG","updatedAt":1746637673275,"crc":2840131471,"size":56,"attachmentKey":"a6c503db-426e-4256-8e57-e564bc9e2057/1746637673275","name":"emptySpaceOnShelf","tableType":{"columns":[{"key":"shelf","dataType":"String"},{"key":"value","dataType":"Number"}]},"numberOfRows":6},{"category":"output","creator":"IBMid-270006YQEG","createdAt":1746437733538,"lastUpdater":"IBMid-270006YQEG","updatedAt":1746637673275,"crc":175872338,"size":2504,"attachmentKey":"531ccc8f-ad94-475f-bb7b-cd7bd38e9a80/1746637673275","name":"unitsShortage","tableType":{"columns":[{"key":"sku","dataType":"String"},{"key":"value","dataType":"Number"}]},"numberOfRows":236},{"category":"input","creator":"IBMid-270006YQEG","createdAt":1746437733538,"lastUpdater":"IBMid-270006YQEG","updatedAt":1746437733538,"name":"GroupAdjacencies","tableType":{"columns":[{"key":"grp1Id","dataType":"String"},{"key":"grp2Id","dataType":"String"},{"key":"adjType","dataType":"String"}]},"numberOfRows":0},{"category":"input","creator":"IBMid-270006YQEG","createdAt":1746437733538,"lastUpdater":"IBMid-270006YQEG","updatedAt":1746437733538,"attachmentKey":"fd980095-e249-4c4b-a296-deeaae937b1f","name":"SKUs","tableType":{"columns":[{"key":"id","dataType":"String"},{"key":"minFacings","dataType":"Number"},{"key":"maxFacings","dataType":"Number"},{"key":"demand","dataType":"Number"},{"key":"replenishRate","dataType":"Number"},{"key":"parentGroup","dataType":"String"},{"key":"width","dataType":"Number"},{"key":"price","dataType":"Number"}]},"numberOfRows":236},{"category":"input","creator":"IBMid-270006YQEG","createdAt":1746437733538,"lastUpdater":"IBMid-270006YQEG","updatedAt":1746437733538,"attachmentKey":"940de72a-ae1b-4336-82f4-8356fbde776a","name":"Weights","tableType":{"columns":[{"key":"expectedSales","dataType":"Number"},{"key":"emptySpacePenalty","dataType":"Number"},{"key":"shortagePenalty","dataType":"Number"},{"key":"rectangularityPenalty","dataType":"Number"},{"key":"squarenessPenalty","dataType":"Number"},{"key":"avgDisplayPricePenalty","dataType":"Number"}]},"numberOfRows":1},{"category":"input","creator":"IBMid-270006YQEG","createdAt":1746437733538,"lastUpdater":"IBMid-270006YQEG","updatedAt":1746437733538,"name":"GroupFacingLimits","tableType":{"columns":[{"key":"grp","dataType":"String"},{"key":"minFacings","dataType":"String"},{"key":"maxFacings","dataType":"String"}]},"numberOfRows":0},{"category":"input","creator":"IBMid-270006YQEG","createdAt":1746437733538,"lastUpdater":"IBMid-270006YQEG","updatedAt":1746437733538,"attachmentKey":"0db1371c-31bd-44f9-9223-86a8b556e5e7","name":"SKUShelves","tableType":{"columns":[{"key":"sku","dataType":"String"},{"key":"shelf","dataType":"String"},{"key":"unitsPerFacing","dataType":"Number"}]},"numberOfRows":1416},{"category":"output","creator":"IBMid-270006YQEG","createdAt":1746437733538,"lastUpdater":"IBMid-270006YQEG","updatedAt":1746637673275,"crc":1488832979,"size":476,"attachmentKey":"ef0c8297-bb09-4257-8a3e-5bc5b7480a1a/1746637673275","name":"stats","tableType":{"columns":[{"key":"Name","dataType":"String"},{"key":"Value","dataType":"String"}]},"numberOfRows":16},{"category":"input","creator":"IBMid-270006YQEG","createdAt":1746437733538,"lastUpdater":"IBMid-270006YQEG","updatedAt":1746437733538,"attachmentKey":"926d86c1-d733-4b94-b9d5-c859d4032d7d","name":"Groups","tableType":{"columns":[{"key":"id","dataType":"String"},{"key":"level","dataType":"Number"},{"key":"parentGroup","dataType":"String"},{"key":"alpha","dataType":"Number"},{"key":"beta","dataType":"Number"},{"key":"needRectangularity","dataType":"Number"},{"key":"needSquareness","dataType":"Number"}]},"numberOfRows":36},{"category":"input","creator":"IBMid-270006YQEG","createdAt":1746437733538,"lastUpdater":"IBMid-270006YQEG","updatedAt":1746437733538,"name":"GroupsReqdOnShelves","tableType":{"columns":[{"key":"grp","dataType":"String"},{"key":"shelf","dataType":"String"}]},"numberOfRows":0},{"category":"input","creator":"IBMid-270006YQEG","createdAt":1746437733538,"lastUpdater":"IBMid-270006YQEG","updatedAt":1746437733538,"attachmentKey":"dfc24ee6-32f1-4ec0-b78b-437dc374da95","name":"Shelves","tableType":{"columns":[{"key":"id","dataType":"String"},{"key":"width","dataType":"Number"},{"key":"level","dataType":"Number"},{"key":"offSet","dataType":"Number"}]},"numberOfRows":6},{"category":"output","creator":"IBMid-270006YQEG","createdAt":1746437733538,"lastUpdater":"IBMid-270006YQEG","updatedAt":1746637673275,"crc":203195205,"size":1384,"attachmentKey":"7d5ece96-db10-4f61-82f0-089a419bcc57/1746637673275","name":"GroupOnShelfPlacement","tableType":{"columns":[{"key":"grp","dataType":"String"},{"key":"shelf","dataType":"String"},{"key":"numFacings","dataType":"Number"},{"key":"offset","dataType":"Number"},{"key":"widthOnShelf","dataType":"Number"}]},"numberOfRows":58},{"category":"output","creator":"IBMid-270006YQEG","createdAt":1746437733538,"lastUpdater":"IBMid-270006YQEG","updatedAt":1746637673275,"crc":529043119,"size":208,"attachmentKey":"0cd97564-4178-403a-b640-e49c7cbec49c/1746637673275","name":"kpis","tableType":{"columns":[{"key":"Name","dataType":"String"},{"key":"Value","dataType":"Number"}]},"numberOfRows":7}],"assets":[{"qualifiers":[{"name":"source","value":"{\"creationTime\":1566496043650,\"lastEditTime\":1626869627317,\"lastUploadTime\":1626869627317}"}],"category":"model","creator":"IBMid-270006YQEG","createdAt":1746437733538,"lastUpdater":"IBMid-270006YQEG","updatedAt":1746437733538,"crc":749050825,"size":18340,"attachmentKey":"b68443dd-0169-41fd-893c-cf29f77c1fc3/1699455338384","name":"model.mod","contentType":"application/json"},{"category":"output","creator":"IBMid-270006YQEG","createdAt":1746637673275,"lastUpdater":"IBMid-270006YQEG","updatedAt":1746637673275,"crc":1981628239,"size":254894,"attachmentKey":"657877ea-4f22-4d08-8fba-e7717acf1d26/1746637673275","name":"log.txt","contentType":"text/plain"}],"solveStatus":{"creationTime":1746637416525,"lastModificationTime":1746637676137,"state":"TERMINATED","solveConfig":{"containerId":"51422f6c-ee3a-4c10-baa4-01eec7db397d","solveParameters":{}},"jobDetails":{"id":"a7bfae2f-f78b-4d5e-8078-919b9a23e716","createdAt":1746637420518,"startedAt":1746637487144,"endedAt":1746637674643,"submittedAt":1746637420518,"details":{"KPI.PROGRESS_CURRENT_OBJECTIVE":"27475.3233","KPI.avgDisplayPricePenaltyKPI":"0","KPI.emptySpacePenaltyKPI":"6.000","KPI.expectedSalesKPI":"2.908E+4","KPI.rectangularityPenaltyKPI":"42.00","KPI.shortagePenaltyKPI":"1495","KPI.squarenessPenaltyKPI":"57.00","MODEL_DETAIL_BOOLEAN_VARS":"1812","MODEL_DETAIL_CONSTRAINTS":"11154","MODEL_DETAIL_CONTINUOUS_VARS":"2036","MODEL_DETAIL_INTEGER_VARS":"1904","MODEL_DETAIL_LINEAR_CONSTRAINTS":"11154","MODEL_DETAIL_NON_ZEROS":"49954","MODEL_DETAIL_OBJECTIVE_SENSE":"maximize","MODEL_DETAIL_QUADRATIC_CONSTRAINTS":"0","MODEL_DETAIL_TYPE":"MIP","PROGRESS_BEST_OBJECTIVE":"27792.0408","PROGRESS_BEST_OBJECTIVE.history":"[[1.74663749472E9,27803.6879],[1.746637496453E9,27802.9812],[1.746637497453E9,27802.98],[1.7466375007E9,27802.98],[1.746637504164E9,27802.98],[1.746637506512E9,27802.9084],[1.746637518423E9,27797.0627],[1.746637523971E9,27793.9099],[1.746637526858E9,27793.6859],[1.74663752859E9,27793.4802],[1.746637529723E9,27793.1879],[1.746637532169E9,27793.0007],[1.746637533523E9,27792.8466],[1.746637535042E9,27792.6973],[1.746637536335E9,27792.6787],[1.746637537549E9,27792.5527],[1.746637541595E9,27792.5459],[1.746637543438E9,27792.5108],[1.746637545052E9,27792.4681],[1.746637558819E9,27792.4618],[1.746637560384E9,27792.4124],[1.746637565802E9,27792.363],[1.746637576385E9,27792.3137],[1.746637584274E9,27792.3004],[1.746637588973E9,27792.2933],[1.746637596542E9,27792.2642],[1.746637603856E9,27792.2327],[1.74663760607E9,27792.2306],[1.746637609253E9,27792.2247],[1.74663761107E9,27792.2172],[1.746637614008E9,27792.2075],[1.746637615343E9,27792.2075],[1.746637633691E9,27792.198],[1.74663763789E9,27792.1409],[1.746637641855E9,27792.139],[1.746637643602E9,27792.139],[1.746637645103E9,27792.1263],[1.746637647257E9,27792.1148],[1.746637649185E9,27792.1148],[1.746637659513E9,27792.1148],[1.746637661244E9,27792.1002],[1.746637663151E9,27792.0923],[1.746637665039E9,27792.0841],[1.746637666669E9,27792.0771],[1.746637667732E9,27792.0633],[1.746637668865E9,27792.0633],[1.746637673076E9,27792.0408]]","PROGRESS_CURRENT_OBJECTIVE":"27475.3233","PROGRESS_CURRENT_OBJECTIVE.history":"[[1.74663749472E9,-3145],[1.746637496453E9,-3145],[1.746637497453E9,-3145],[1.7466375007E9,26867.1941],[1.746637504164E9,26919.9337],[1.746637506512E9,27421.3216],[1.746637518423E9,27423.3216],[1.746637523971E9,27423.3216],[1.746637526858E9,27423.3216],[1.74663752859E9,27423.3216],[1.746637529723E9,27423.3216],[1.746637532169E9,27423.3216],[1.746637533523E9,27423.3216],[1.746637535042E9,27423.3216],[1.746637536335E9,27423.3216],[1.746637537549E9,27423.3216],[1.746637541595E9,27423.3216],[1.746637543438E9,27423.3216],[1.746637545052E9,27423.3216],[1.746637558819E9,27423.3216],[1.746637560384E9,27423.3216],[1.746637565802E9,27423.3216],[1.746637576385E9,27423.3216],[1.746637584274E9,27423.3216],[1.746637588973E9,27423.3216],[1.746637596542E9,27423.3216],[1.746637603856E9,27423.3216],[1.74663760607E9,27423.3216],[1.746637609253E9,27423.3216],[1.74663761107E9,27423.3216],[1.746637614008E9,27423.3216],[1.746637615343E9,27424.6161],[1.746637633691E9,27424.6161],[1.74663763789E9,27424.6161],[1.746637641855E9,27424.6161],[1.746637643602E9,27458.1456],[1.746637645103E9,27458.1456],[1.746637647257E9,27458.1456],[1.746637649185E9,27474.3233],[1.746637659513E9,27474.8233],[1.746637661244E9,27474.8233],[1.746637663151E9,27474.8233],[1.746637665039E9,27474.8233],[1.746637666669E9,27474.8233],[1.746637667732E9,27474.8233],[1.746637668865E9,27475.3233],[1.746637673076E9,27475.3233]]","PROGRESS_GAP":"0.01153","PROGRESS_GAP.history":"[[1.74663749472E9,9.841],[1.746637496453E9,9.840],[1.746637497453E9,9.840],[1.7466375007E9,0.03483],[1.746637504164E9,0.03280],[1.746637506512E9,0.01392],[1.746637518423E9,0.01363],[1.746637523971E9,0.01351],[1.746637526858E9,0.01351],[1.74663752859E9,0.01350],[1.746637529723E9,0.01349],[1.746637532169E9,0.01348],[1.746637533523E9,0.01347],[1.746637535042E9,0.01347],[1.746637536335E9,0.01347],[1.746637537549E9,0.01346],[1.746637541595E9,0.01346],[1.746637543438E9,0.01346],[1.746637545052E9,0.01346],[1.746637558819E9,0.01346],[1.746637560384E9,0.01346],[1.746637565802E9,0.01346],[1.746637576385E9,0.01346],[1.746637584274E9,0.01345],[1.746637588973E9,0.01345],[1.746637596542E9,0.01345],[1.746637603856E9,0.01345],[1.74663760607E9,0.01345],[1.746637609253E9,0.01345],[1.74663761107E9,0.01345],[1.746637614008E9,0.01345],[1.746637615343E9,0.01340],[1.746637633691E9,0.01340],[1.74663763789E9,0.01340],[1.746637641855E9,0.01340],[1.746637643602E9,0.01216],[1.746637645103E9,0.01216],[1.746637647257E9,0.01216],[1.746637649185E9,0.01157],[1.746637659513E9,0.01155],[1.746637661244E9,0.01155],[1.746637663151E9,0.01155],[1.746637665039E9,0.01155],[1.746637666669E9,0.01155],[1.746637667732E9,0.01155],[1.746637668865E9,0.01153],[1.746637673076E9,0.01153]]","STAT.cplex.modelType":"MIP","STAT.cplex.size.booleanVariables":"1812","STAT.cplex.size.constraints":"11154","STAT.cplex.size.continousVariables":"2036","STAT.cplex.size.integerVariables":"1904","STAT.cplex.size.linearConstraints":"11154","STAT.cplex.size.quadraticConstraints":"0","STAT.cplex.size.variables":"5752","STAT.cplex.solve.elapsedTime":"1.747E+9","STAT.cplex.solve.explored":"1220120","STAT.cplex.solve.iterationCount":"771231","STAT.cplex.solve.opened":"1010130","STAT.job.coresCount":"1","STAT.job.inputsReadMs":"2306","STAT.job.memoryPeakKB":"241708","STAT.job.modelProcessingMs":"182880","STAT.job.outputsWriteMs":"1397","latestOutputUpload":"2025-05-07T17:07:54.627Z"},"executionStatus":"PROCESSED","solveStatus":"FEASIBLE_SOLUTION","logTail":["[2025-05-07T17:07:53.077Z, INFO] Sequential b&c:","[2025-05-07T17:07:53.078Z, INFO]   Real time             =  172.38 sec. (170933.51 ticks)","[2025-05-07T17:07:53.078Z, INFO]                           ------------","[2025-05-07T17:07:53.078Z, INFO] Total (root+branch&cut) =  180.01 sec. (174464.39 ticks)","[2025-05-07T17:07:53.093Z, INFO] Initialization of expectedSalesKPI.","[2025-05-07T17:07:53.094Z, INFO] ------kpi- KPI.expectedSalesKPI 2.908E+4","[2025-05-07T17:07:53.094Z, INFO] Initialization of emptySpacePenaltyKPI.","[2025-05-07T17:07:53.094Z, INFO] ------kpi- KPI.emptySpacePenaltyKPI 6.000","[2025-05-07T17:07:53.094Z, INFO] Initialization of shortagePenaltyKPI.","[2025-05-07T17:07:53.094Z, INFO] ------kpi- KPI.shortagePenaltyKPI 1495","[2025-05-07T17:07:53.094Z, INFO] Initialization of rectangularityPenaltyKPI.","[2025-05-07T17:07:53.094Z, INFO] ------kpi- KPI.rectangularityPenaltyKPI 42.00","[2025-05-07T17:07:53.094Z, INFO] Initialization of squarenessPenaltyKPI.","[2025-05-07T17:07:53.094Z, INFO] ------kpi- KPI.squarenessPenaltyKPI 57.00","[2025-05-07T17:07:53.095Z, INFO] Initialization of avgDisplayPricePenaltyKPI.","[2025-05-07T17:07:53.095Z, INFO] ------kpi- KPI.avgDisplayPricePenaltyKPI 0","[2025-05-07T17:07:53.095Z, INFO] Initialization of TEmptySpaceOnShelf.","[2025-05-07T17:07:53.095Z, INFO] Initialization of emptySpaceOnShelf.","[2025-05-07T17:07:53.095Z, INFO] Initialization of TGroupFacings.","[2025-05-07T17:07:53.095Z, INFO] Initialization of GroupFacings.","[2025-05-07T17:07:53.095Z, INFO] Initialization of TGroupOnShelfPlacement.","[2025-05-07T17:07:53.095Z, INFO] Initialization of GroupOnShelfPlacement.","[2025-05-07T17:07:53.095Z, INFO] Initialization of TSKUOnShelfPlacement.","[2025-05-07T17:07:53.095Z, INFO] Initialization of SKUOnShelfPlacement.","[2025-05-07T17:07:53.098Z, INFO] Initialization of TUnitsShortage.","[2025-05-07T17:07:53.098Z, INFO] Initialization of unitsShortage.","[2025-05-07T17:07:53.098Z, INFO] Initialization of squarenessPenaltyKPI.","[2025-05-07T17:07:53.098Z, INFO] Initialization of shortagePenaltyKPI.","[2025-05-07T17:07:53.098Z, INFO] Initialization of emptySpacePenaltyKPI.","[2025-05-07T17:07:53.099Z, INFO] Initialization of expectedSalesKPI.","[2025-05-07T17:07:53.099Z, INFO] Initialization of rectangularityPenaltyKPI.","[2025-05-07T17:07:53.099Z, INFO] Initialization of avgDisplayPricePenaltyKPI.","[2025-05-07T17:07:53.099Z, INFO] Initialization of SKUOnShelfPlacement.","[2025-05-07T17:07:53.100Z, INFO] Initialization of TSKUOnShelfPlacement.","[2025-05-07T17:07:53.100Z, INFO] Initialization of GroupOnShelfPlacement.","[2025-05-07T17:07:53.100Z, INFO] Initialization of TGroupOnShelfPlacement.","[2025-05-07T17:07:53.100Z, INFO] Initialization of emptySpaceOnShelf.","[2025-05-07T17:07:53.100Z, INFO] Initialization of TEmptySpaceOnShelf.","[2025-05-07T17:07:53.100Z, INFO] Initialization of unitsShortage.","[2025-05-07T17:07:53.100Z, INFO] Initialization of TUnitsShortage.","[2025-05-07T17:07:53.100Z, INFO] Initialization of GroupFacings.","[2025-05-07T17:07:53.100Z, INFO] Initialization of TGroupFacings.","[2025-05-07T17:07:53.103Z, INFO] attachments : [unitsShortage.csv,GroupOnShelfPlacement.csv,GroupFacings.csv,SKUOnShelfPlacement.csv,emptySpaceOnShelf.csv]","[2025-05-07T17:07:53.126Z, INFO] Total time spent in post processing: 443 msecs.","[2025-05-07T17:07:53.126Z, INFO] Solve finished with status: FEASIBLE_SOLUTION."]},"taskSetupTime":1746637420570,"taskSolveTime":1746637676135,"taskTearDownTime":1746637676137,"jobSpaceId":"aa2cb918-3f8e-41c7-b145-be65aa53d18f","jobDeploymentId":"d43eccca-c9b8-41a8-b78a-ac42b4e5176a","jobId":"a7bfae2f-f78b-4d5e-8078-919b9a23e716","ping":1746637657121}}]}],"attachments":["do_scenario_asset/ef2b8cb1-e71b-46d8-9081-454ce854fba9/1699455331564","do_scenario_asset/c46e0de5-8b71-4c06-a11f-5323e87df1d2/1746632595671","do_scenario_asset/74da3115-329c-4d50-85fd-c175ef04940e/1746632595671","do_scenario_asset/fe4ae60f-f7b4-4c2b-a438-abf680062cd7/43b7c7fa-aae3-4eee-94e6-953d870507b5","do_scenario_asset/4e3949ce-b094-41b5-a2ce-10705bcfb168/1746632595671","do_scenario_asset/fe4ae60f-f7b4-4c2b-a438-abf680062cd7/5a674434-6573-4f02-aa13-0c60148eeeac","do_scenario_asset/c2d80732-06fa-409a-be9a-5dc06b245fa9/1746632595671","do_scenario_asset/09643d5c-2a3c-4be8-88d1-b32b86e96d08/1746632595671","do_scenario_asset/fe4ae60f-f7b4-4c2b-a438-abf680062cd7/b51e940c-2db0-44bf-9d91-f3b7835bfe51","do_scenario_asset/fe4ae60f-f7b4-4c2b-a438-abf680062cd7/999ceac2-a113-4cc2-a464-b3680fd6ce2c","do_scenario_asset/fe4ae60f-f7b4-4c2b-a438-abf680062cd7/f7a97fd9-d289-402d-b91c-ade7cfc5f437","do_scenario_asset/d2cd6864-5aca-4671-816d-b39e1a2ca40e/1746632595671","do_scenario_asset/fe4ae60f-f7b4-4c2b-a438-abf680062cd7/e258fbfe-2997-4cad-a4da-0334037fba46","do_scenario_asset/84832da9-92a9-42a7-bcd2-f89f2a798c1b/1746632595671","do_scenario_asset/fe4ae60f-f7b4-4c2b-a438-abf680062cd7/dab3cc13-0100-4b89-b1fa-78ce625476a0","do_scenario_asset/281798b9-9229-4082-b09c-3b49ad97fe51/1746632595671","do_scenario_asset/d357bcca-abd6-4b4c-9b58-2cfe1d25dab3/1699455307176","do_scenario_asset/7eab8f45-6cff-497f-ad9c-0486f1cd3179/1746635359073","do_scenario_asset/4f7ad232-5435-4ba8-aba9-40f2ee977e37/1746635359073","do_scenario_asset/45bd1332-ac8f-4da1-84a0-b98929f5df9a","do_scenario_asset/1d3b61b3-d315-4966-88a4-2901a28ba68c/1746635359073","do_scenario_asset/cf789bcd-4e54-48f8-bc96-cb060a08f026","do_scenario_asset/d5c62fdc-a19c-43d4-b621-6944918f3072/1746635359073","do_scenario_asset/2596991d-6f84-4bcd-837d-952f322bef59/1746635359073","do_scenario_asset/b164a9b8-fbe6-45cf-826d-089a7a29b8dc","do_scenario_asset/6d2ccb69-6955-4cfd-8b34-fd51558e1bdb","do_scenario_asset/d28f4299-360f-4708-a0f2-16b122c944c4","do_scenario_asset/7ce71399-2c9d-45f9-ad2c-177d66098133/1746635359073","do_scenario_asset/941dac94-fbe7-4b07-afb6-9b3c701ff585","do_scenario_asset/b4e380c9-ca83-4c9a-a4a1-c73e08f2bb1b/1746635359073","do_scenario_asset/2f4455bf-8654-499f-8897-edf905369a28","do_scenario_asset/79639cba-cfcb-49c8-bcc5-32952783e8f8/1746635359073","do_scenario_asset/940d3b2e-6cd1-41d6-b33c-ceff9861de42/1699455317392","do_scenario_asset/2479ee7e-5d55-443b-b201-173196586281/1746634817754","do_scenario_asset/c315dadc-6af9-41e0-b9c8-a2e9b6d46784/1746634817754","do_scenario_asset/bafd4a58-fc37-4691-97f0-80cf2e0cec69/7aa6f11d-cd71-4735-88f0-b96f7880f242","do_scenario_asset/28c8a5dc-4832-421d-9af0-994f32286019/1746634817754","do_scenario_asset/bafd4a58-fc37-4691-97f0-80cf2e0cec69/e9c11812-6b6a-47e7-a3c0-e56523bd60c0","do_scenario_asset/7f5b7907-7ae0-41f2-b7b7-0ff4b5950edf/1746634817754","do_scenario_asset/8bd8445f-766a-4c02-a5f1-d6a86a203b58/1746634817754","do_scenario_asset/bafd4a58-fc37-4691-97f0-80cf2e0cec69/975505b7-214c-44e1-b89f-f2db3710e027","do_scenario_asset/bafd4a58-fc37-4691-97f0-80cf2e0cec69/1d0ca4c6-1fb4-40f5-873a-eecd2e86a78c","do_scenario_asset/bafd4a58-fc37-4691-97f0-80cf2e0cec69/e77618ba-a0de-437e-bd97-96e9ef29544e","do_scenario_asset/e5fd757d-9dfa-4672-9599-4ec35088a994/1746634817754","do_scenario_asset/bafd4a58-fc37-4691-97f0-80cf2e0cec69/4e45211a-5e20-4ea0-bac3-41bbd8d9cffc","do_scenario_asset/812c9b7f-ae76-4f71-b687-2a85f04f2f86/1746634817754","do_scenario_asset/bafd4a58-fc37-4691-97f0-80cf2e0cec69/b9b18ddc-055a-475f-b795-537cfe3695a2","do_scenario_asset/dd2630ba-4d3d-40f5-b7dc-140a9841b94a/1746634817754","do_scenario_asset/213e64bf-dcf8-4a89-bb84-d954904da340/1746637727382","do_scenario_asset/b68443dd-0169-41fd-893c-cf29f77c1fc3/1699455338384","do_scenario_asset/657877ea-4f22-4d08-8fba-e7717acf1d26/1746637673275","do_scenario_asset/1c6b5407-0724-4783-9516-009299c23d0a","do_scenario_asset/6ff6cb3f-e627-47d6-851a-e8d0f5612221/1746637673275","do_scenario_asset/3d0641f7-e310-45ab-9319-8620d8ed91fd","do_scenario_asset/de09ec46-fc6f-4909-a0de-13380a99d4da/1746637673275","do_scenario_asset/a6c503db-426e-4256-8e57-e564bc9e2057/1746637673275","do_scenario_asset/531ccc8f-ad94-475f-bb7b-cd7bd38e9a80/1746637673275","do_scenario_asset/fd980095-e249-4c4b-a296-deeaae937b1f","do_scenario_asset/940de72a-ae1b-4336-82f4-8356fbde776a","do_scenario_asset/0db1371c-31bd-44f9-9223-86a8b556e5e7","do_scenario_asset/ef0c8297-bb09-4257-8a3e-5bc5b7480a1a/1746637673275","do_scenario_asset/926d86c1-d733-4b94-b9d5-c859d4032d7d","do_scenario_asset/dfc24ee6-32f1-4ec0-b78b-437dc374da95","do_scenario_asset/7d5ece96-db10-4f61-82f0-089a419bcc57/1746637673275","do_scenario_asset/0cd97564-4178-403a-b640-e49c7cbec49c/1746637673275"]}
