{"description":"An asset type that you can use to assign terms from a business glossary to any asset.  Attach items of this type as attributes to other assets.","fields":[{"key":"asset_term_display_name","type":"string","facet":true,"is_array":false,"search_path":"list[].term_display_name","is_searchable_across_types":true},{"key":"asset_term_id","type":"string","facet":true,"is_array":false,"search_path":"list[].term_id","is_searchable_across_types":false}],"relationships":[],"localized_metadata_attributes":{"name":{"default":"Semantic assignment of business terms","en":"Semantic assignment of business terms","de":"Semantische Zuordnung von Geschäftsbegriffen","es":"Asignación semántica de términos empresariales","fr":"Affectation sémantique des termes métier","it":"Assegnazione semantica dei termini di business","ja":"ビジネス用語のセマンティック割り当て","ko":"비즈니스 용어의 시맨틱 지정","pt":"Cessão semântica de termos de negócios","ru":"Семантическое назначение бизнес-терминов","sv":"Semantisk tilldelning av affärsvillkor","zh":"业务术语的语义分配","zh_TW":"商業術語的語意指派"}},"global_search_searchable":[],"attribute_only":true,"version":1,"name":"asset_terms","scope":"GLOBAL","is_column_custom_attribute":false,"allow_decorators":false}