{"description":"Business intelligence report query item","fields":[],"relationships":[],"properties":{"bi_server":{"type":"string","description":"Name of the business intelligence tool server information","readonly":true,"label":{"default":"Server information","en":"Server information"}},"lineage_link":{"type":"string","description":"Visually explore lineage information","hidden":true,"readonly":true,"label":{"default":"Lineage link","en":"Lineage link"}}},"localized_metadata_attributes":{"name":{"default":"Report query item","en":"Report query item","de":"Berichtsabfrageelement","es":"Elemento de consulta de informe","fr":"Elément de requête de rapport","it":"Elemento query del report","ja":"レポート・クエリー・アイテム","ko":"보고서 쿼리 항목","pt":"Item de consulta de relatório","ru":"Элемент запроса отчета","sv":"Rapportfrågeobjekt","zh":"报告查询项","zh_TW":"報告查詢項目"}},"global_search_searchable":[],"attribute_only":false,"version":1,"name":"ibm_bi_report_query_item","scope":"GLOBAL","is_column_custom_attribute":false,"allow_decorators":true}