{"description":"Model asset type","fields":[{"key":"model_definition.id","type":"string","facet":false,"is_array":false,"search_path":"model_definition.id","is_searchable_across_types":false},{"key":"pipeline.id","type":"string","facet":false,"is_array":false,"search_path":"pipeline.id","is_searchable_across_types":false},{"key":"software_spec.id","type":"string","facet":false,"is_array":false,"search_path":"software_spec.id","is_searchable_across_types":false},{"key":"software_spec.base_id","type":"string","facet":false,"is_array":false,"search_path":"software_spec.base_id","is_searchable_across_types":false},{"key":"software_spec.name","type":"string","facet":false,"is_array":false,"search_path":"software_spec.name","is_searchable_across_types":false},{"key":"type","type":"string","facet":false,"is_array":false,"search_path":"type","is_searchable_across_types":false},{"key":"data_asset_dependencies","type":"string","facet":false,"is_array":true,"search_path":"data_asset_dependencies","is_searchable_across_types":false},{"key":"hybrid_pipeline_software_specs.base_id","type":"string","facet":false,"is_array":true,"search_path":"hybrid_pipeline_software_specs[].base_id","is_searchable_across_types":false},{"key":"hybrid_pipeline_software_specs.name","type":"string","facet":false,"is_array":true,"search_path":"hybrid_pipeline_software_specs[].name","is_searchable_across_types":false},{"key":"hybrid_pipeline_software_specs.id","type":"string","facet":false,"is_array":true,"search_path":"hybrid_pipeline_software_specs[].id","is_searchable_across_types":false}],"relationships":[{"key":"model_definition.id","target_asset_type":"wml_model_definition","on_delete_target":"IGNORE","on_delete":"IGNORE","on_clone_target":"IGNORE","on_clone":"IGNORE","on_promote":"IGNORE","on_publish":"IGNORE"},{"key":"pipeline.id","target_asset_type":"wml_pipeline","on_delete_target":"IGNORE","on_delete":"IGNORE","on_clone_target":"IGNORE","on_clone":"IGNORE","on_promote":"IGNORE","on_publish":"IGNORE"},{"key":"software_spec.id","target_asset_type":"software_specification","on_delete_target":"IGNORE","on_delete":"IGNORE","on_clone_target":"IGNORE","on_clone":"IGNORE","on_promote":"IGNORE","on_publish":"IGNORE"}],"properties":{"custom":{"type":"object","description":"caller defined properties","placeholder":"Put a value here","is_array":false,"required":false,"hidden":false,"readonly":false,"properties":{"{user-defined-property}":{"description":"custom property","placeholder":"Put a value here","required":false,"hidden":false,"readonly":false}}},"data_asset_dependencies":{"type":"string","description":"list of dependent data_asset ids for the model","placeholder":"Put a value here","is_array":true,"required":false,"hidden":true,"readonly":false},"domain":{"type":"string","description":"domain of the model","placeholder":"Put a value here","is_array":false,"required":false,"hidden":false,"readonly":false,"default_value":"None","min_length":0,"max_length":100},"hyper_parameters":{"type":"object","description":"Hyper parameters","placeholder":"Put a value here","is_array":false,"required":false,"hidden":false,"readonly":false,"properties":{"{user-defined-properties}":{"description":"hyper parameter property","placeholder":"Put a value here","required":false,"hidden":false,"readonly":false}}},"label_column":{"type":"string","description":"label column of the model","placeholder":"Put a value here","is_array":false,"required":false,"hidden":false,"readonly":false},"metrics":{"type":"object","description":"metrics of the model","placeholder":"Put a value here","is_array":true,"required":false,"hidden":false,"readonly":false,"properties":{"context":{"type":"object","description":"context details","placeholder":"Put a value here","is_array":false,"required":false,"hidden":false,"readonly":false,"properties":{"binary_classification":{"type":"object","description":"binary_classification","placeholder":"Put a value here","is_array":false,"required":false,"hidden":false,"readonly":false,"properties":{"confusion_matrix":{"type":"object","description":"confusion_matrix","placeholder":"Put a value here","is_array":true,"required":false,"hidden":false,"readonly":false,"properties":{"fn":{"type":"number","description":"fn","placeholder":"Put a value here","is_array":false,"required":true,"hidden":false,"readonly":false},"fp":{"type":"number","description":"fp","placeholder":"Put a value here","is_array":false,"required":true,"hidden":false,"readonly":false},"tn":{"type":"number","description":"tn","placeholder":"Put a value here","is_array":false,"required":true,"hidden":false,"readonly":false},"tp":{"type":"number","description":"tp","placeholder":"Put a value here","is_array":false,"required":true,"hidden":false,"readonly":false},"true_class":{"type":"string","description":"true_class","placeholder":"Put a value here","is_array":false,"required":true,"hidden":false,"readonly":false}}},"confusion_matrix_location":{"type":"string","description":"Confusion matrix file location","placeholder":"Put a value here","is_array":false,"required":false,"hidden":false,"readonly":false},"roc_curve":{"type":"object","description":"roc_curve","placeholder":"Put a value here","is_array":true,"required":false,"hidden":false,"readonly":false,"properties":{"fpr":{"type":"number","description":"fpr","placeholder":"Put a value here","is_array":true,"required":true,"hidden":false,"readonly":false},"thresholds":{"type":"number","description":"thresholds","placeholder":"Put a value here","is_array":true,"required":false,"hidden":false,"readonly":false},"tpr":{"type":"number","description":"tpr","placeholder":"Put a value here","is_array":true,"required":true,"hidden":false,"readonly":false},"true_class":{"type":"string","description":"true_class","placeholder":"Put a value here","is_array":false,"required":true,"hidden":false,"readonly":false}}},"roc_curve_location":{"type":"string","description":"ROC matrix file location","placeholder":"Put a value here","is_array":false,"required":false,"hidden":false,"readonly":false}}},"classes":{"type":"string","description":"classes","placeholder":"Put a value here","is_array":true,"required":false,"hidden":false,"readonly":false},"deployment_id":{"type":"string","description":"deployment id","placeholder":"Put a value here","is_array":false,"required":false,"hidden":false,"readonly":false},"estimators":{"type":"string","description":"estimators details","placeholder":"Put a value here","is_array":true,"required":false,"hidden":false,"readonly":false},"features_importance":{"type":"object","description":"features_importance","placeholder":"Put a value here","is_array":true,"required":false,"hidden":false,"readonly":false,"properties":{"computation_type":{"type":"string","description":"computation_type details","placeholder":"Put a value here","is_array":false,"required":true,"hidden":false,"readonly":false},"features":{"type":"object","description":"features details","placeholder":"Put a value here","is_array":false,"required":true,"hidden":false,"readonly":false,"properties":{"{features_properties}":{"description":"Contains a set of fields specific to features","placeholder":"Put a value here","required":false,"hidden":false,"readonly":false}}},"stage":{"type":"string","description":"stage details","placeholder":"Put a value here","is_array":false,"required":true,"hidden":false,"readonly":false}}},"intermediate_model":{"type":"object","description":"intermediate_model","placeholder":"Put a value here","is_array":false,"required":false,"hidden":false,"readonly":false,"properties":{"composition_steps":{"type":"string","description":"composition_steps","placeholder":"Put a value here","is_array":true,"required":false,"hidden":false,"readonly":false},"daub_status_location":{"type":"string","description":"daub_status_location","placeholder":"Put a value here","is_array":false,"required":false,"hidden":false,"readonly":false},"duration":{"type":"number","description":"duration","placeholder":"Put a value here","is_array":false,"required":false,"hidden":false,"readonly":false},"location":{"type":"object","description":"location","placeholder":"Put a value here","is_array":false,"required":false,"hidden":false,"readonly":false,"properties":{"model":{"type":"string","description":"model","placeholder":"Put a value here","is_array":false,"required":false,"hidden":false,"readonly":false},"pipeline":{"type":"string","description":"pipeline","placeholder":"Put a value here","is_array":false,"required":false,"hidden":false,"readonly":false},"pipeline_model":{"type":"string","description":"pipeline_model","placeholder":"Put a value here","is_array":false,"required":false,"hidden":false,"readonly":false}}},"model_asset":{"type":"string","description":"model_asset","placeholder":"Put a value here","is_array":false,"required":false,"hidden":false,"readonly":false},"name":{"type":"string","description":"name","placeholder":"Put a value here","is_array":false,"required":true,"hidden":false,"readonly":false},"notebook_location":{"type":"string","description":"notebook_location","placeholder":"Put a value here","is_array":false,"required":false,"hidden":false,"readonly":false},"pipeline_nodes":{"type":"string","description":"pipeline_nodes","placeholder":"Put a value here","is_array":true,"required":false,"hidden":false,"readonly":false},"process":{"type":"string","description":"process","placeholder":"Put a value here","is_array":false,"required":true,"hidden":false,"readonly":false},"schema_location":{"type":"string","description":"schema_location","placeholder":"Put a value here","is_array":false,"required":false,"hidden":false,"readonly":false},"sdk_notebook_location":{"type":"string","description":"sdk_notebook_location","placeholder":"Put a value here","is_array":false,"required":false,"hidden":false,"readonly":false}}},"multi_class_classification":{"type":"object","description":"multi_class_classification","placeholder":"Put a value here","is_array":false,"required":false,"hidden":false,"readonly":false,"properties":{"one_vs_all":{"type":"object","description":"one_vs_all","placeholder":"Put a value here","is_array":true,"required":false,"hidden":false,"readonly":false,"properties":{"class":{"type":"string","description":"class","placeholder":"Put a value here","is_array":false,"required":true,"hidden":false,"readonly":false},"confusion_matrix":{"type":"object","description":"confusion_matrix","placeholder":"Put a value here","is_array":false,"required":false,"hidden":false,"readonly":false,"properties":{"fn":{"type":"number","description":"fn","placeholder":"Put a value here","is_array":false,"required":false,"hidden":false,"readonly":false},"fp":{"type":"number","description":"fp","placeholder":"Put a value here","is_array":false,"required":true,"hidden":false,"readonly":false},"tn":{"type":"number","description":"tn","placeholder":"Put a value here","is_array":false,"required":true,"hidden":false,"readonly":false},"tp":{"type":"number","description":"tp","placeholder":"Put a value here","is_array":false,"required":true,"hidden":false,"readonly":false},"true_class":{"type":"string","description":"true_class","placeholder":"Put a value here","is_array":false,"required":true,"hidden":false,"readonly":false}}},"confusion_matrix_location":{"type":"string","description":"Confusion matrix file location","placeholder":"Put a value here","is_array":false,"required":false,"hidden":false,"readonly":false},"roc_curve":{"type":"object","description":"roc_curve","placeholder":"Put a value here","is_array":false,"required":false,"hidden":false,"readonly":false,"properties":{"fpr":{"type":"number","description":"fpr","placeholder":"Put a value here","is_array":true,"required":true,"hidden":false,"readonly":false},"thresholds":{"type":"number","description":"thresholds","placeholder":"Put a value here","is_array":true,"required":false,"hidden":false,"readonly":false},"tpr":{"type":"number","description":"tpr","placeholder":"Put a value here","is_array":true,"required":true,"hidden":false,"readonly":false},"true_class":{"type":"string","description":"true_class","placeholder":"Put a value here","is_array":false,"required":true,"hidden":false,"readonly":false}}},"roc_curve_location":{"type":"string","description":"ROC matrix file location","placeholder":"Put a value here","is_array":false,"required":false,"hidden":false,"readonly":false}}},"one_vs_all_location":{"type":"string","description":"One versus all matrices location","placeholder":"Put a value here","is_array":false,"required":false,"hidden":false,"readonly":false}}},"phase":{"type":"string","description":"phase","placeholder":"Put a value here","is_array":false,"required":false,"hidden":false,"readonly":false},"schema":{"type":"string","description":"schema details","placeholder":"Put a value here","is_array":false,"required":false,"hidden":false,"readonly":false},"step":{"type":"object","description":"step","placeholder":"Put a value here","is_array":false,"required":false,"hidden":false,"readonly":false,"properties":{"completed_at":{"type":"string","description":"completed_at","placeholder":"Put a value here","is_array":false,"required":false,"hidden":false,"readonly":false},"data_allocation":{"type":"number","description":"data_allocation","placeholder":"Put a value here","is_array":false,"required":false,"hidden":false,"readonly":false},"estimator":{"type":"string","description":"estimator","placeholder":"Put a value here","is_array":false,"required":false,"hidden":false,"readonly":false},"hyper_parameters":{"type":"object","description":"hyper_parameters","placeholder":"Put a value here","is_array":false,"required":false,"hidden":false,"readonly":false,"properties":{"{user-defined-properties}":{"description":"hyper parameter property","placeholder":"Put a value here","required":false,"hidden":false,"readonly":false}}},"id":{"type":"string","description":"id","placeholder":"Put a value here","is_array":false,"required":false,"hidden":false,"readonly":false},"name":{"type":"string","description":"name","placeholder":"Put a value here","is_array":false,"required":true,"hidden":false,"readonly":false},"score":{"type":"number","description":"score","placeholder":"Put a value here","is_array":false,"required":false,"hidden":false,"readonly":false},"started_at":{"type":"string","description":"started_at","placeholder":"Put a value here","is_array":false,"required":false,"hidden":false,"readonly":false},"transformer":{"type":"string","description":"transformer","placeholder":"Put a value here","is_array":false,"required":false,"hidden":false,"readonly":false}}},"timeseries":{"type":"object","description":"timeseries","placeholder":"Put a value here","is_array":false,"required":false,"hidden":false,"readonly":false}}},"iteration":{"type":"number","description":"iteration","placeholder":"Put a value here","is_array":false,"required":false,"hidden":false,"readonly":false},"ml_federated_metrics":{"type":"object","description":"ml_federated_metrics details","placeholder":"Put a value here","is_array":false,"required":false,"hidden":false,"readonly":false,"properties":{"{ml_federated_metrics_properties}":{"type":"object","description":"ml_federated_metrics_properties","placeholder":"Put a value here","is_array":false,"required":false,"hidden":false,"readonly":false,"properties":{"global":{"type":"number","description":"global","placeholder":"Put a value here","is_array":false,"required":false,"hidden":false,"readonly":false},"remote_training_systems":{"type":"object","description":"remote_training_systems","placeholder":"Put a value here","is_array":true,"required":false,"hidden":false,"readonly":false,"properties":{"fused":{"type":"number","description":"global value","placeholder":"Put a value here","is_array":false,"required":false,"hidden":false,"readonly":false},"id":{"type":"string","description":"id of the remote training system metric","placeholder":"Put a value here","is_array":false,"required":true,"hidden":false,"readonly":false},"local":{"type":"number","description":"local value","placeholder":"Put a value here","is_array":false,"required":false,"hidden":false,"readonly":false}}}}}}},"ml_metrics":{"type":"object","description":"ml_metrics details","placeholder":"Put a value here","is_array":false,"required":false,"hidden":false,"readonly":false,"properties":{"{ml_metrics_properties}":{"type":"number","description":"ml_metrics details","placeholder":"Put a value here","required":false,"hidden":false,"readonly":false}}},"timestamp":{"type":"string","description":"timestamp","placeholder":"Put a value here","is_array":false,"required":true,"hidden":false,"readonly":false},"ts_metrics":{"type":"object","description":"ts_metrics details","placeholder":"Put a value here","is_array":false,"required":false,"hidden":false,"readonly":false}}},"ml_version":{"type":"string","description":"Internal version of the ml asset type","placeholder":"Put a value here","is_array":false,"required":true,"hidden":true,"readonly":true,"default_value":"4.0.15"},"model_definition":{"type":"object","description":"model_definition of the model","placeholder":"Put a value here","is_array":false,"required":false,"hidden":false,"readonly":false,"properties":{"id":{"type":"string","description":"model_definition id","placeholder":"Put a value here","is_array":false,"required":true,"hidden":false,"readonly":false},"rev":{"type":"string","description":"model_definition rev","placeholder":"Put a value here","is_array":false,"required":false,"hidden":false,"readonly":false}}},"model_version":{"type":"object","description":"model_version to be supplied by the user of the API","placeholder":"Put a value here","is_array":false,"required":false,"hidden":false,"readonly":false,"properties":{"number":{"type":"string","description":"model_version number","placeholder":"Put a value here","is_array":false,"required":false,"hidden":false,"readonly":false},"tag":{"type":"string","description":"model_version tag","placeholder":"Put a value here","is_array":false,"required":false,"hidden":false,"readonly":false}}},"pipeline":{"type":"object","description":"pipeline of the model","placeholder":"Put a value here","is_array":false,"required":false,"hidden":false,"readonly":false,"properties":{"id":{"type":"string","description":"pipeline id","placeholder":"Put a value here","is_array":false,"required":true,"hidden":false,"readonly":false},"rev":{"type":"string","description":"pipeline rev","placeholder":"Put a value here","is_array":false,"required":false,"hidden":false,"readonly":false}}},"schemas":{"type":"object","description":"schema","placeholder":"Put a value here","is_array":false,"required":true,"hidden":false,"readonly":false,"properties":{"input":{"type":"object","description":"input data schema","placeholder":"Put a value here","is_array":true,"required":true,"hidden":false,"readonly":false,"properties":{"fields":{"type":"object","description":"fields of the schema","placeholder":"Put a value here","is_array":true,"required":false,"hidden":false,"readonly":false,"properties":{"metadata":{"type":"object","description":"metadata of the schema field","placeholder":"Put a value here","is_array":false,"required":false,"hidden":false,"readonly":false,"properties":{"decimal_precision":{"type":"number","description":"decimal precision","placeholder":"Put a value here","is_array":false,"required":false,"hidden":false,"readonly":false},"decimal_scale":{"type":"number","description":"decimal scale","placeholder":"Put a value here","is_array":false,"required":false,"hidden":false,"readonly":false},"description":{"type":"string","description":"description of the schema metadata","placeholder":"Put a value here","is_array":false,"required":false,"hidden":false,"readonly":false},"max_length":{"type":"number","description":"max length","placeholder":"Put a value here","is_array":false,"required":false,"hidden":false,"readonly":false},"measure":{"type":"string","description":"measure of the schema metadata","placeholder":"Put a value here","is_array":false,"required":true,"hidden":false,"readonly":false,"values":["range","discrete","flag","set","ordered-set","typeless","collection","geospatial","default"]},"modeling_role":{"type":"string","description":"modeling role","placeholder":"Put a value here","is_array":false,"required":true,"hidden":false,"readonly":false,"values":["input","target","both","none","partition","split","frequency","record-id"]},"range":{"type":"object","description":"range","placeholder":"Put a value here","is_array":false,"required":false,"hidden":false,"readonly":false,"properties":{"max":{"type":"number","description":"max","placeholder":"Put a value here","is_array":false,"required":true,"hidden":false,"readonly":false},"min":{"type":"number","description":"min","placeholder":"Put a value here","is_array":false,"required":true,"hidden":false,"readonly":false}}},"runtime_type":{"type":"string","description":"runtime type","placeholder":"Put a value here","is_array":false,"required":false,"hidden":false,"readonly":false},"values":{"type":"string","description":"values","placeholder":"Put a value here","is_array":true,"required":false,"hidden":false,"readonly":false}}},"name":{"type":"string","description":"name of the schema field","placeholder":"Put a value here","is_array":false,"required":true,"hidden":false,"readonly":false},"nullable":{"type":"bool","description":"nullable of the schema field","placeholder":"Put a value here","is_array":false,"required":false,"hidden":false,"readonly":false},"type":{"type":"string","description":"type of the schema field","placeholder":"Put a value here","is_array":false,"required":true,"hidden":false,"readonly":false}}},"id":{"type":"string","description":"id of the schema","placeholder":"Put a value here","is_array":false,"required":true,"hidden":false,"readonly":false},"name":{"type":"string","description":"name of the schema","placeholder":"Put a value here","is_array":false,"required":false,"hidden":false,"readonly":false},"struct_types":{"type":"object","description":"struct types","placeholder":"Put a value here","is_array":false,"required":false,"hidden":false,"readonly":false,"properties":{"{user-defined-property}":{"type":"object","description":"struct type","placeholder":"Put a value here","is_array":false,"required":false,"hidden":false,"readonly":false,"properties":{"fields":{"type":"object","description":"fields of the schema","placeholder":"Put a value here","is_array":true,"required":true,"hidden":false,"readonly":false,"properties":{"metadata":{"type":"object","description":"metadata of the schema field","placeholder":"Put a value here","is_array":false,"required":false,"hidden":false,"readonly":false,"properties":{"decimal_precision":{"type":"number","description":"decimal precision","placeholder":"Put a value here","is_array":false,"required":false,"hidden":false,"readonly":false},"decimal_scale":{"type":"number","description":"decimal scale","placeholder":"Put a value here","is_array":false,"required":false,"hidden":false,"readonly":false},"description":{"type":"string","description":"description of the schema metadata","placeholder":"Put a value here","is_array":false,"required":false,"hidden":false,"readonly":false},"max_length":{"type":"number","description":"max length","placeholder":"Put a value here","is_array":false,"required":false,"hidden":false,"readonly":false},"measure":{"type":"string","description":"measure of the schema metadata","placeholder":"Put a value here","is_array":false,"required":true,"hidden":false,"readonly":false,"values":["range","discrete","flag","set","ordered-set","typeless","collection","geospatial","default"]},"modeling_role":{"type":"string","description":"modeling role","placeholder":"Put a value here","is_array":false,"required":true,"hidden":false,"readonly":false,"values":["input","target","both","none","partition","split","frequency","record-id"]},"range":{"type":"object","description":"range","placeholder":"Put a value here","is_array":false,"required":false,"hidden":false,"readonly":false,"properties":{"max":{"type":"number","description":"max","placeholder":"Put a value here","is_array":false,"required":true,"hidden":false,"readonly":false},"min":{"type":"number","description":"min","placeholder":"Put a value here","is_array":false,"required":true,"hidden":false,"readonly":false}}},"runtime_type":{"type":"string","description":"runtime type","placeholder":"Put a value here","is_array":false,"required":false,"hidden":false,"readonly":false},"values":{"type":"string","description":"values","placeholder":"Put a value here","is_array":true,"required":false,"hidden":false,"readonly":false}}},"name":{"type":"string","description":"name of the schema field","placeholder":"Put a value here","is_array":false,"required":true,"hidden":false,"readonly":false},"nullable":{"type":"bool","description":"type of the schema field","placeholder":"Put a value here","is_array":false,"required":false,"hidden":false,"readonly":false},"type":{"type":"string","description":"type of the schema field","placeholder":"Put a value here","is_array":false,"required":true,"hidden":false,"readonly":false}}}}}}},"type":{"type":"string","description":"type of the schema","placeholder":"Put a value here","is_array":false,"required":false,"hidden":false,"readonly":false}}},"output":{"type":"object","description":"output data schema","placeholder":"Put a value here","is_array":true,"required":true,"hidden":false,"readonly":false,"properties":{"fields":{"type":"object","description":"fields of the schema","placeholder":"Put a value here","is_array":true,"required":false,"hidden":false,"readonly":false,"properties":{"metadata":{"type":"object","description":"metadata of the schema field","placeholder":"Put a value here","is_array":false,"required":false,"hidden":false,"readonly":false,"properties":{"decimal_precision":{"type":"number","description":"decimal precision","placeholder":"Put a value here","is_array":false,"required":false,"hidden":false,"readonly":false},"decimal_scale":{"type":"number","description":"decimal scale","placeholder":"Put a value here","is_array":false,"required":false,"hidden":false,"readonly":false},"description":{"type":"string","description":"description of the schema metadata","placeholder":"Put a value here","is_array":false,"required":false,"hidden":false,"readonly":false},"max_length":{"type":"number","description":"max length","placeholder":"Put a value here","is_array":false,"required":false,"hidden":false,"readonly":false},"measure":{"type":"string","description":"measure of the schema metadata","placeholder":"Put a value here","is_array":false,"required":true,"hidden":false,"readonly":false,"values":["range","discrete","flag","set","ordered-set","typeless","collection","geospatial","default"]},"modeling_role":{"type":"string","description":"modeling role","placeholder":"Put a value here","is_array":false,"required":true,"hidden":false,"readonly":false,"values":["input","target","both","none","partition","split","frequency","record-id"]},"range":{"type":"object","description":"range","placeholder":"Put a value here","is_array":false,"required":false,"hidden":false,"readonly":false,"properties":{"max":{"type":"number","description":"max","placeholder":"Put a value here","is_array":false,"required":true,"hidden":false,"readonly":false},"min":{"type":"number","description":"min","placeholder":"Put a value here","is_array":false,"required":true,"hidden":false,"readonly":false}}},"runtime_type":{"type":"string","description":"runtime type","placeholder":"Put a value here","is_array":false,"required":false,"hidden":false,"readonly":false},"values":{"type":"string","description":"values","placeholder":"Put a value here","is_array":true,"required":false,"hidden":false,"readonly":false}}},"name":{"type":"string","description":"name of the schema field","placeholder":"Put a value here","is_array":false,"required":true,"hidden":false,"readonly":false},"nullable":{"type":"bool","description":"type of the schema field","placeholder":"Put a value here","is_array":false,"required":false,"hidden":false,"readonly":false},"type":{"type":"string","description":"type of the schema field","placeholder":"Put a value here","is_array":false,"required":true,"hidden":false,"readonly":false}}},"id":{"type":"string","description":"id of the schema","placeholder":"Put a value here","is_array":false,"required":true,"hidden":false,"readonly":false},"name":{"type":"string","description":"name of the schema","placeholder":"Put a value here","is_array":false,"required":false,"hidden":false,"readonly":false},"struct_types":{"type":"object","description":"struct types","placeholder":"Put a value here","is_array":false,"required":false,"hidden":false,"readonly":false,"properties":{"{user-defined-property}":{"type":"object","description":"struct type","placeholder":"Put a value here","is_array":false,"required":false,"hidden":false,"readonly":false,"properties":{"fields":{"type":"object","description":"fields of the schema","placeholder":"Put a value here","is_array":true,"required":true,"hidden":false,"readonly":false,"properties":{"metadata":{"type":"object","description":"metadata of the schema field","placeholder":"Put a value here","is_array":false,"required":false,"hidden":false,"readonly":false,"properties":{"decimal_precision":{"type":"number","description":"decimal precision","placeholder":"Put a value here","is_array":false,"required":false,"hidden":false,"readonly":false},"decimal_scale":{"type":"number","description":"decimal scale","placeholder":"Put a value here","is_array":false,"required":false,"hidden":false,"readonly":false},"description":{"type":"string","description":"description of the schema metadata","placeholder":"Put a value here","is_array":false,"required":false,"hidden":false,"readonly":false},"max_length":{"type":"number","description":"max length","placeholder":"Put a value here","is_array":false,"required":false,"hidden":false,"readonly":false},"measure":{"type":"string","description":"measure of the schema metadata","placeholder":"Put a value here","is_array":false,"required":true,"hidden":false,"readonly":false,"values":["range","discrete","flag","set","ordered-set","typeless","collection","geospatial","default"]},"modeling_role":{"type":"string","description":"modeling role","placeholder":"Put a value here","is_array":false,"required":true,"hidden":false,"readonly":false,"values":["input","target","both","none","partition","split","frequency","record-id"]},"range":{"type":"object","description":"range","placeholder":"Put a value here","is_array":false,"required":false,"hidden":false,"readonly":false,"properties":{"max":{"type":"number","description":"max","placeholder":"Put a value here","is_array":false,"required":true,"hidden":false,"readonly":false},"min":{"type":"number","description":"min","placeholder":"Put a value here","is_array":false,"required":true,"hidden":false,"readonly":false}}},"runtime_type":{"type":"string","description":"runtime type","placeholder":"Put a value here","is_array":false,"required":false,"hidden":false,"readonly":false},"values":{"type":"string","description":"values","placeholder":"Put a value here","is_array":true,"required":false,"hidden":false,"readonly":false}}},"name":{"type":"string","description":"name of the schema field","placeholder":"Put a value here","is_array":false,"required":true,"hidden":false,"readonly":false},"nullable":{"type":"bool","description":"type of the schema field","placeholder":"Put a value here","is_array":false,"required":false,"hidden":false,"readonly":false},"type":{"type":"string","description":"type of the schema field","placeholder":"Put a value here","is_array":false,"required":true,"hidden":false,"readonly":false}}}}}}},"type":{"type":"string","description":"type of the schema","placeholder":"Put a value here","is_array":false,"required":false,"hidden":false,"readonly":false}}}}},"size":{"type":"object","description":"Size of the model","placeholder":"Put a value here","is_array":false,"required":false,"hidden":false,"readonly":false,"properties":{"content":{"type":"number","description":"Content size of the model","placeholder":"Put a value here","is_array":false,"required":false,"hidden":false,"readonly":false},"in_memory":{"type":"number","description":"In memory size of the model","placeholder":"Put a value here","is_array":false,"required":false,"hidden":false,"readonly":false}}},"software_spec":{"type":"object","description":"software_spec of the model","placeholder":"Put a value here","is_array":false,"required":true,"hidden":false,"readonly":false,"properties":{"base_id":{"type":"string","description":"base software_spec id","placeholder":"Put a value here","is_array":false,"required":false,"hidden":true,"readonly":false},"id":{"type":"string","description":"runtime id","placeholder":"Put a value here","is_array":false,"required":false,"hidden":false,"readonly":false},"name":{"type":"string","description":"software_spec name","placeholder":"Put a value here","is_array":false,"required":false,"hidden":false,"readonly":false},"rev":{"type":"string","description":"software_spec rev","placeholder":"Put a value here","is_array":false,"required":false,"hidden":false,"readonly":false}}},"test_data_references":{"type":"object","description":"test data references used to evaluate the model","placeholder":"Put a value here","is_array":true,"required":false,"hidden":false,"readonly":false,"properties":{"connection":{"type":"object","description":"connection details","placeholder":"Put a value here","is_array":false,"required":true,"hidden":false,"readonly":false,"properties":{"{connection_properties}":{"description":"Contains a set of fields specific to each connection","placeholder":"Put a value here","required":false,"hidden":false,"readonly":false}}},"location":{"type":"object","description":"file or folder details","placeholder":"Put a value here","is_array":false,"required":true,"hidden":false,"readonly":false,"properties":{"{location_properties}":{"description":"Contains a set of fields specific with information about where to find the file or folder. For connections, this path is relative to the root folder of the assetfiles","placeholder":"Put a value here","required":false,"hidden":false,"readonly":false}}},"schema":{"type":"object","description":"The schema of the expected data","placeholder":"Put a value here","is_array":false,"required":false,"hidden":false,"readonly":false,"properties":{"fields":{"type":"object","description":"fields of the schema","placeholder":"Put a value here","is_array":true,"required":false,"hidden":false,"readonly":false,"properties":{"metadata":{"type":"object","description":"metadata of the schema field","placeholder":"Put a value here","is_array":false,"required":false,"hidden":false,"readonly":false,"properties":{"decimal_precision":{"type":"number","description":"decimal precision","placeholder":"Put a value here","is_array":false,"required":false,"hidden":false,"readonly":false},"decimal_scale":{"type":"number","description":"decimal scale","placeholder":"Put a value here","is_array":false,"required":false,"hidden":false,"readonly":false},"description":{"type":"string","description":"description of the schema metadata","placeholder":"Put a value here","is_array":false,"required":false,"hidden":false,"readonly":false},"max_length":{"type":"number","description":"max length","placeholder":"Put a value here","is_array":false,"required":false,"hidden":false,"readonly":false},"measure":{"type":"string","description":"measure of the schema metadata","placeholder":"Put a value here","is_array":false,"required":true,"hidden":false,"readonly":false,"values":["range","discrete","flag","set","ordered-set","typeless","collection","geospatial","default"]},"modeling_role":{"type":"string","description":"modeling role","placeholder":"Put a value here","is_array":false,"required":true,"hidden":false,"readonly":false,"values":["input","target","both","none","partition","split","frequency","record-id"]},"range":{"type":"object","description":"range","placeholder":"Put a value here","is_array":false,"required":false,"hidden":false,"readonly":false,"properties":{"max":{"type":"number","description":"max","placeholder":"Put a value here","is_array":false,"required":true,"hidden":false,"readonly":false},"min":{"type":"number","description":"min","placeholder":"Put a value here","is_array":false,"required":true,"hidden":false,"readonly":false}}},"runtime_type":{"type":"string","description":"runtime type","placeholder":"Put a value here","is_array":false,"required":false,"hidden":false,"readonly":false},"values":{"type":"string","description":"values","placeholder":"Put a value here","is_array":true,"required":false,"hidden":false,"readonly":false}}},"name":{"type":"string","description":"name of the schema field","placeholder":"Put a value here","is_array":false,"required":true,"hidden":false,"readonly":false},"nullable":{"type":"bool","description":"nullable of the schema field","placeholder":"Put a value here","is_array":false,"required":false,"hidden":false,"readonly":false},"type":{"type":"string","description":"type of the schema field","placeholder":"Put a value here","is_array":false,"required":true,"hidden":false,"readonly":false}}},"id":{"type":"string","description":"id of the schema","placeholder":"Put a value here","is_array":false,"required":true,"hidden":false,"readonly":false},"name":{"type":"string","description":"name of the schema","placeholder":"Put a value here","is_array":false,"required":false,"hidden":false,"readonly":false},"struct_types":{"type":"object","description":"struct types","placeholder":"Put a value here","is_array":false,"required":false,"hidden":false,"readonly":false,"properties":{"{user-defined-property}":{"type":"object","description":"struct type","placeholder":"Put a value here","is_array":false,"required":false,"hidden":false,"readonly":false,"properties":{"fields":{"type":"object","description":"fields of the schema","placeholder":"Put a value here","is_array":true,"required":true,"hidden":false,"readonly":false,"properties":{"metadata":{"type":"object","description":"metadata of the schema field","placeholder":"Put a value here","is_array":false,"required":false,"hidden":false,"readonly":false,"properties":{"decimal_precision":{"type":"number","description":"decimal precision","placeholder":"Put a value here","is_array":false,"required":false,"hidden":false,"readonly":false},"decimal_scale":{"type":"number","description":"decimal scale","placeholder":"Put a value here","is_array":false,"required":false,"hidden":false,"readonly":false},"description":{"type":"string","description":"description of the schema metadata","placeholder":"Put a value here","is_array":false,"required":false,"hidden":false,"readonly":false},"max_length":{"type":"number","description":"max length","placeholder":"Put a value here","is_array":false,"required":false,"hidden":false,"readonly":false},"measure":{"type":"string","description":"measure of the schema metadata","placeholder":"Put a value here","is_array":false,"required":true,"hidden":false,"readonly":false,"values":["range","discrete","flag","set","ordered-set","typeless","collection","geospatial","default"]},"modeling_role":{"type":"string","description":"modeling role","placeholder":"Put a value here","is_array":false,"required":true,"hidden":false,"readonly":false,"values":["input","target","both","none","partition","split","frequency","record-id"]},"range":{"type":"object","description":"range","placeholder":"Put a value here","is_array":false,"required":false,"hidden":false,"readonly":false,"properties":{"max":{"type":"number","description":"max","placeholder":"Put a value here","is_array":false,"required":true,"hidden":false,"readonly":false},"min":{"type":"number","description":"min","placeholder":"Put a value here","is_array":false,"required":true,"hidden":false,"readonly":false}}},"runtime_type":{"type":"string","description":"runtime type","placeholder":"Put a value here","is_array":false,"required":false,"hidden":false,"readonly":false},"values":{"type":"string","description":"values","placeholder":"Put a value here","is_array":true,"required":false,"hidden":false,"readonly":false}}},"name":{"type":"string","description":"name of the schema field","placeholder":"Put a value here","is_array":false,"required":true,"hidden":false,"readonly":false},"nullable":{"type":"bool","description":"type of the schema field","placeholder":"Put a value here","is_array":false,"required":false,"hidden":false,"readonly":false},"type":{"type":"string","description":"type of the schema field","placeholder":"Put a value here","is_array":false,"required":true,"hidden":false,"readonly":false}}}}}}},"type":{"type":"string","description":"type of the schema","placeholder":"Put a value here","is_array":false,"required":false,"hidden":false,"readonly":false}}},"type":{"type":"string","description":"type of the data source","placeholder":"Put a value here","is_array":false,"required":true,"hidden":false,"readonly":false,"values":["fs","data_asset","s3"]}}},"training_data_references":{"type":"object","description":"training data references for the model","placeholder":"Put a value here","is_array":true,"required":false,"hidden":false,"readonly":false,"properties":{"connection":{"type":"object","description":"connection details","placeholder":"Put a value here","is_array":false,"required":true,"hidden":false,"readonly":false,"properties":{"{connection_properties}":{"description":"Contains a set of fields specific to each connection","placeholder":"Put a value here","required":false,"hidden":false,"readonly":false}}},"location":{"type":"object","description":"file or folder details","placeholder":"Put a value here","is_array":false,"required":true,"hidden":false,"readonly":false,"properties":{"{location_properties}":{"description":"Contains a set of fields specific with information about where to find the file or folder. For connections, this path is relative to the root folder of the assetfiles","placeholder":"Put a value here","required":false,"hidden":false,"readonly":false}}},"schema":{"type":"object","description":"The schema of the expected data","placeholder":"Put a value here","is_array":false,"required":false,"hidden":false,"readonly":false,"properties":{"fields":{"type":"object","description":"fields of the schema","placeholder":"Put a value here","is_array":true,"required":false,"hidden":false,"readonly":false,"properties":{"metadata":{"type":"object","description":"metadata of the schema field","placeholder":"Put a value here","is_array":false,"required":false,"hidden":false,"readonly":false,"properties":{"decimal_precision":{"type":"number","description":"decimal precision","placeholder":"Put a value here","is_array":false,"required":false,"hidden":false,"readonly":false},"decimal_scale":{"type":"number","description":"decimal scale","placeholder":"Put a value here","is_array":false,"required":false,"hidden":false,"readonly":false},"description":{"type":"string","description":"description of the schema metadata","placeholder":"Put a value here","is_array":false,"required":false,"hidden":false,"readonly":false},"max_length":{"type":"number","description":"max length","placeholder":"Put a value here","is_array":false,"required":false,"hidden":false,"readonly":false},"measure":{"type":"string","description":"measure of the schema metadata","placeholder":"Put a value here","is_array":false,"required":true,"hidden":false,"readonly":false,"values":["range","discrete","flag","set","ordered-set","typeless","collection","geospatial","default"]},"modeling_role":{"type":"string","description":"modeling role","placeholder":"Put a value here","is_array":false,"required":true,"hidden":false,"readonly":false,"values":["input","target","both","none","partition","split","frequency","record-id"]},"range":{"type":"object","description":"range","placeholder":"Put a value here","is_array":false,"required":false,"hidden":false,"readonly":false,"properties":{"max":{"type":"number","description":"max","placeholder":"Put a value here","is_array":false,"required":true,"hidden":false,"readonly":false},"min":{"type":"number","description":"min","placeholder":"Put a value here","is_array":false,"required":true,"hidden":false,"readonly":false}}},"runtime_type":{"type":"string","description":"runtime type","placeholder":"Put a value here","is_array":false,"required":false,"hidden":false,"readonly":false},"values":{"type":"string","description":"values","placeholder":"Put a value here","is_array":true,"required":false,"hidden":false,"readonly":false}}},"name":{"type":"string","description":"name of the schema field","placeholder":"Put a value here","is_array":false,"required":true,"hidden":false,"readonly":false},"nullable":{"type":"bool","description":"nullable of the schema field","placeholder":"Put a value here","is_array":false,"required":false,"hidden":false,"readonly":false},"type":{"type":"string","description":"type of the schema field","placeholder":"Put a value here","is_array":false,"required":true,"hidden":false,"readonly":false}}},"id":{"type":"string","description":"id of the schema","placeholder":"Put a value here","is_array":false,"required":true,"hidden":false,"readonly":false},"name":{"type":"string","description":"name of the schema","placeholder":"Put a value here","is_array":false,"required":false,"hidden":false,"readonly":false},"struct_types":{"type":"object","description":"struct types","placeholder":"Put a value here","is_array":false,"required":false,"hidden":false,"readonly":false,"properties":{"{user-defined-property}":{"type":"object","description":"struct type","placeholder":"Put a value here","is_array":false,"required":false,"hidden":false,"readonly":false,"properties":{"fields":{"type":"object","description":"fields of the schema","placeholder":"Put a value here","is_array":true,"required":true,"hidden":false,"readonly":false,"properties":{"metadata":{"type":"object","description":"metadata of the schema field","placeholder":"Put a value here","is_array":false,"required":false,"hidden":false,"readonly":false,"properties":{"decimal_precision":{"type":"number","description":"decimal precision","placeholder":"Put a value here","is_array":false,"required":false,"hidden":false,"readonly":false},"decimal_scale":{"type":"number","description":"decimal scale","placeholder":"Put a value here","is_array":false,"required":false,"hidden":false,"readonly":false},"description":{"type":"string","description":"description of the schema metadata","placeholder":"Put a value here","is_array":false,"required":false,"hidden":false,"readonly":false},"max_length":{"type":"number","description":"max length","placeholder":"Put a value here","is_array":false,"required":false,"hidden":false,"readonly":false},"measure":{"type":"string","description":"measure of the schema metadata","placeholder":"Put a value here","is_array":false,"required":true,"hidden":false,"readonly":false,"values":["range","discrete","flag","set","ordered-set","typeless","collection","geospatial","default"]},"modeling_role":{"type":"string","description":"modeling role","placeholder":"Put a value here","is_array":false,"required":true,"hidden":false,"readonly":false,"values":["input","target","both","none","partition","split","frequency","record-id"]},"range":{"type":"object","description":"range","placeholder":"Put a value here","is_array":false,"required":false,"hidden":false,"readonly":false,"properties":{"max":{"type":"number","description":"max","placeholder":"Put a value here","is_array":false,"required":true,"hidden":false,"readonly":false},"min":{"type":"number","description":"min","placeholder":"Put a value here","is_array":false,"required":true,"hidden":false,"readonly":false}}},"runtime_type":{"type":"string","description":"runtime type","placeholder":"Put a value here","is_array":false,"required":false,"hidden":false,"readonly":false},"values":{"type":"string","description":"values","placeholder":"Put a value here","is_array":true,"required":false,"hidden":false,"readonly":false}}},"name":{"type":"string","description":"name of the schema field","placeholder":"Put a value here","is_array":false,"required":true,"hidden":false,"readonly":false},"nullable":{"type":"bool","description":"type of the schema field","placeholder":"Put a value here","is_array":false,"required":false,"hidden":false,"readonly":false},"type":{"type":"string","description":"type of the schema field","placeholder":"Put a value here","is_array":false,"required":true,"hidden":false,"readonly":false}}}}}}},"type":{"type":"string","description":"type of the schema","placeholder":"Put a value here","is_array":false,"required":false,"hidden":false,"readonly":false}}},"type":{"type":"string","description":"type of the data source","placeholder":"Put a value here","is_array":false,"required":true,"hidden":false,"readonly":false,"values":["fs","data_asset","s3"]}}},"transformed_label_column":{"type":"string","description":"transformed label column of the model","placeholder":"Put a value here","is_array":false,"required":false,"hidden":false,"readonly":false},"type":{"type":"string","description":"type of the model","placeholder":"Put a value here","is_array":false,"required":true,"hidden":false,"readonly":false,"min_length":0,"max_length":100},"user_defined_objects":{"type":"object","description":"Custom layer support for TensorFlow models","placeholder":"Put a value here","is_array":false,"required":false,"hidden":false,"readonly":false,"properties":{"{user-defined-layers}":{"description":"Custom layer","placeholder":"Put a value here","required":false,"hidden":false,"readonly":false}}}},"identity":{"strategy":"DUPLICATE_DETECTION_BY_RESOURCE_KEY"},"global_search_searchable":[],"attribute_only":false,"version":1,"name":"wml_model","scope":"GLOBAL","is_column_custom_attribute":false,"allow_decorators":false}