{"description":"Remote Training System asset type","fields":[],"relationships":[],"properties":{"allowed_identities":{"type":"object","description":"Allowed identities that might join federated learning aggregation process","placeholder":"Put a value here","is_array":true,"required":true,"hidden":false,"readonly":false,"properties":{"allowed_ips":{"type":"string","description":"IP addresses or ranges from which this id may connect to the aggregator","placeholder":"Put a value here","is_array":true,"required":false,"hidden":false,"readonly":false},"id":{"type":"string","description":"user or service instance id","placeholder":"user1","is_array":false,"required":true,"hidden":false,"readonly":false},"type":{"type":"string","description":"type of user.","placeholder":"user","is_array":false,"required":true,"hidden":false,"readonly":false,"values":["user","service","group"]}}},"custom":{"type":"object","description":"caller defined properties","placeholder":"Put a value here","is_array":false,"required":false,"hidden":false,"readonly":false,"properties":{"{user-defined-property}":{"description":"custom property","placeholder":"Put a value here","required":false,"hidden":false,"readonly":false}}},"ml_version":{"type":"string","description":"Internal version of the ml asset type","placeholder":"Put a value here","is_array":false,"required":true,"hidden":true,"readonly":true,"default_value":"4.0.3"},"organization":{"type":"object","description":"Organization structure","placeholder":"Put a value here","is_array":false,"required":false,"hidden":false,"readonly":false,"properties":{"name":{"type":"string","description":"Organization name","placeholder":"Put a value here","is_array":false,"required":true,"hidden":false,"readonly":false,"default_value":"","min_length":0,"max_length":100},"region":{"type":"string","description":"Organization region","placeholder":"Put a value here","is_array":false,"required":false,"hidden":false,"readonly":false,"default_value":"","min_length":0,"max_length":100}}},"remote_admin":{"type":"object","description":" Administrator of this remote training system","placeholder":"Put a value here","is_array":false,"required":false,"hidden":false,"readonly":false,"properties":{"allowed_ips":{"type":"string","description":"IP addresses or ranges from which this id may connect to the aggregator","placeholder":"Put a value here","is_array":true,"required":false,"hidden":false,"readonly":false},"id":{"type":"string","description":"user or service instance id","placeholder":"user1","is_array":false,"required":true,"hidden":false,"readonly":false},"type":{"type":"string","description":"type of user.","placeholder":"user","is_array":false,"required":true,"hidden":false,"readonly":false,"values":["user","service","group"]}}}},"global_search_searchable":[],"attribute_only":false,"version":1,"name":"wml_remote_training_system","scope":"GLOBAL","is_column_custom_attribute":false,"allow_decorators":false}