{"metadata":{"asset_id":"afa4cdd6-425f-4499-8b17-28fa640152cf","asset_attributes":["data_asset"],"name":"german_credit_data_biased_training.csv","asset_type":"data_asset","created_at":"2021-09-08T10:15:37Z","description":"","origin_country":"us","owner_id":"IBMid-66400272K0","project_id":"72f91af1-b814-488b-915f-1ad0557a3adb","size":689622,"tags":[],"usage":{"last_update_time":1631096138157,"last_updated_at":"2021-09-08T10:15:38Z"}},"entity":{"data_asset":{"mime_type":"text/csv","dataset":true}},"attachments":[{"id":"67030dd0-6ccb-43d0-b2c8-59661212eb52","version":2,"asset_type":"data_asset","name":"german_credit_data_biased_training.csv","mime":"text/csv","datasource_type":"193a97c1-4475-4a19-b90c-295c4fdc6517","object_key":"bd6c230b-4bd3-474e-af9f-a4a03bca6b5b/d7fc0a69-4326-4f37-aef2-03b4c1be2c0c/7e8daf5a-428c-4056-ae96-2cdbcbd4ff75","creator_id":"iam-ServiceId-947d5b81-8bd3-42a6-844e-9dc008847612","create_time":1631096137991,"size":689622,"is_remote":false,"is_managed":false,"is_referenced":true,"is_object_key_read_only":false,"is_user_provided_path_key":true,"transfer_complete":true,"is_partitioned":false,"complete_time_ticks":1631096137991,"user_data":{},"test_doc":0,"handle":{"bucket":"watsonstudiopipelinessampleprojec-donotdelete-pr-box5ryj8rtd13m","location":"us-geo","key":"bd6c230b-4bd3-474e-af9f-a4a03bca6b5b/d7fc0a69-4326-4f37-aef2-03b4c1be2c0c/7e8daf5a-428c-4056-ae96-2cdbcbd4ff75","upload_id":"done","max_part_num":1},"usage":{"access_count":0,"last_accessor_id":"iam-ServiceId-947d5b81-8bd3-42a6-844e-9dc008847612","last_access_time":1631096137991}}]}
