{"metadata":{"asset_id":"5dc74f46-690a-40d3-87ea-cbbf335b3190","asset_attributes":["data_asset"],"name":"german_credit_test_data.csv","asset_type":"data_asset","created_at":"2021-09-08T10:15:37Z","description":"","origin_country":"us","owner_id":"IBMid-66400272K0","project_id":"72f91af1-b814-488b-915f-1ad0557a3adb","size":7171,"tags":[],"usage":{"last_update_time":1631096138160,"last_updated_at":"2021-09-08T10:15:38Z"}},"entity":{"data_asset":{"mime_type":"text/csv","dataset":true}},"attachments":[{"id":"c56ab642-31a4-4ea4-aba2-9a7327602181","version":2,"asset_type":"data_asset","name":"german_credit_test_data.csv","mime":"text/csv","datasource_type":"193a97c1-4475-4a19-b90c-295c4fdc6517","object_key":"bd6c230b-4bd3-474e-af9f-a4a03bca6b5b/0ed7b174-0d24-4ad5-89f3-2a086ceeca2e/53b51fde-3b4b-45e0-ac86-ae5ebc274602","creator_id":"iam-ServiceId-947d5b81-8bd3-42a6-844e-9dc008847612","create_time":1631096138043,"size":7171,"is_remote":false,"is_managed":false,"is_referenced":true,"is_object_key_read_only":false,"is_user_provided_path_key":true,"transfer_complete":true,"is_partitioned":false,"complete_time_ticks":1631096138043,"user_data":{},"test_doc":0,"handle":{"bucket":"watsonstudiopipelinessampleprojec-donotdelete-pr-box5ryj8rtd13m","location":"us-geo","key":"bd6c230b-4bd3-474e-af9f-a4a03bca6b5b/0ed7b174-0d24-4ad5-89f3-2a086ceeca2e/53b51fde-3b4b-45e0-ac86-ae5ebc274602","upload_id":"done","max_part_num":1},"usage":{"access_count":0,"last_accessor_id":"iam-ServiceId-947d5b81-8bd3-42a6-844e-9dc008847612","last_access_time":1631096138043}}]}
