{"metadata":{"asset_id":"cbca094b-df7b-4721-a1ef-a5fbd00f885c","asset_attributes":["notebook"],"name":"reference-model-training-notebook","asset_type":"notebook","created_at":"2021-09-08T10:15:38Z","description":"","origin_country":"us","owner_id":"iam-ServiceId-b434f47c-f693-43b4-8790-3574dd0e82f9","project_id":"72f91af1-b814-488b-915f-1ad0557a3adb","size":56511,"tags":["notebook"],"usage":{"last_update_time":1631098603088,"last_updated_at":"2021-09-08T10:56:43Z"}},"entity":{"notebook":{"kernel":{"name":"python3","display_name":"Python 3.7","language":"python"},"originates_from":{"type":"file"},"runtime":{"environment":"conda1py37oce-72f91af1-b814-488b-915f-1ad0557a3adb"}}},"attachments":[{"id":"3591da9a-4045-43d2-bfaa-3b85894bbb86","version":2,"asset_type":"notebook","name":"attachment for notebook cbca094b-df7b-4721-a1ef-a5fbd00f885c","description":"attachment for notebook cbca094b-df7b-4721-a1ef-a5fbd00f885c","mime":"application/json","datasource_type":"193a97c1-4475-4a19-b90c-295c4fdc6517","object_key":"notebook/train-model_nmS6RtKlv.ipynb","creator_id":"IBMid-66400272K0","create_time":1631096139099,"size":56511,"is_remote":false,"is_managed":false,"is_referenced":true,"is_object_key_read_only":false,"is_user_provided_path_key":true,"transfer_complete":true,"is_partitioned":false,"complete_time_ticks":1631096139099,"user_data":{},"test_doc":0,"handle":{"bucket":"watsonstudiopipelinessampleprojec-donotdelete-pr-box5ryj8rtd13m","location":"us-geo","key":"notebook/train-model_nmS6RtKlv.ipynb","upload_id":"done","max_part_num":1},"usage":{"access_count":2,"last_accessor_id":"IBMid-66400272K0","last_access_time":1631098600179,"last_updater_id":"IBMid-66400272K0","last_update_time":1631098600179}}]}
