[{"metadata":{"asset_id":"ae69e29c-816e-4b6d-a472-cf754b6ab492","name":"On-boarding - Train AutoAI and reference model and select the best","description":"","tags":[],"asset_type":"orchestration_flow","origin_country":"us","rov":{"mode":0},"owner_id":"IBMid-66400272K0","created_at":"2021-09-08T10:15:40Z"},"entity":{"orchestration_flow":{"created_at":1631096140,"default_version":{"id":"ae69e29c-816e-4b6d-a472-cf754b6ab492-1","version_code_source_url":"","version_created_at":1631096140,"version_name":"On-boarding - Train AutoAI and reference model and select the best","version_parameters":"[{\"name\":\"deployment_space\",\"value\":\"\"}]","version_status":"VOLATILE"},"default_version_id":"ae69e29c-816e-4b6d-a472-cf754b6ab492-1","deleted_versions":[],"status":"VOLATILE","version_code_source_url":"","version_created_at":1631096140,"version_name":"On-boarding - Train AutoAI and reference model and select the best","version_parameters":"[{\"name\":\"deployment_space\",\"value\":\"\"}]","version_status":"VOLATILE"}},"attachments":null}]
