{"metadata":{"asset_id":"7daaae35-6dc2-4f45-9c47-e5530905e727","asset_attributes":["wml_pipeline"],"name":"on-boarding-german-credit-risk-prediction","asset_type":"wml_pipeline","created_at":"2021-09-08T10:15:38Z","description":"","origin_country":"us","owner_id":"IBMid-66400272K0","project_id":"72f91af1-b814-488b-915f-1ad0557a3adb","sandbox_id":"72f91af1-b814-488b-915f-1ad0557a3adb","size":0,"tags":[],"usage":{"last_update_time":1631096138484,"last_updated_at":"2021-09-08T10:15:38Z"}},"entity":{"wml_pipeline":{"document":{"doc_type":"pipeline","pipelines":[{"id":"autoai","nodes":[{"id":"automl","op":"kube","parameters":{"output_logs":true,"input_file_separator":",","stage_flag":true,"optimization":{"compute_pipeline_notebooks_flag":true,"daub_adaptive_subsampling_max_mem_usage":15000000000,"daub_include_only_estimators":["DecisionTreeClassifierEstimator","ExtraTreesClassifierEstimator"],"holdout_param":0.1,"label":"Risk","learning_type":"classification","max_num_daub_ensembles":1,"positive_label":"No Risk","run_cognito_flag":true,"scorer_for_ranking":"roc_auc"},"one_vs_all_file":true},"runtime_ref":"autoai","type":"execution_node"}],"runtime_ref":"hybrid"}],"primary_pipeline":"autoai","runtimes":[{"app_data":{"wml_data":{"hardware_spec":{"base_id":"a6c4923b-b8e4-444c-9f43-8a7ec3020110","name":"L"}}},"id":"autoai","name":"auto_ai.kb"}],"version":"2.0"},"ml_version":"4.0.0"}}}
