{"metadata":{"asset_id":"12396322-4acb-41cf-9bd6-30da6fcbd95d","asset_attributes":["data_asset","data_profile_nlu"],"name":"gmb_subset_full.txt","asset_type":"data_asset","created_at":"2020-12-09T16:16:15Z","description":"","origin_country":"us","owner_id":"IBMid-550003P291","project_id":"89b158ec-d241-4506-9ad5-5a16326f9c30","size":14847893,"tags":[],"usage":{"last_update_time":1607530601987,"last_updated_at":"2020-12-09T16:16:41Z"}},"entity":{"data_asset":{"mime_type":"text/plain","dataset":false},"data_profile_nlu":{"status":"completed","profiling_summary":[{"result":{"categories":[{"score":0.957444,"label":"/society/unrest and war"},{"score":0.935849,"label":"/law, govt and politics"},{"score":0.871898,"label":"/law, govt and politics/armed forces"}],"concepts":[{"score":0.948524,"label":"Trigraph"},{"score":0.890531,"label":"Gh"}],"sentiment":{"score":-0.378382,"label":"negative"},"emotion":{"sadness":0.481109,"joy":0.002048,"fear":0.415403,"disgust":0.041453,"anger":0.104526}}}]}},"attachments":[{"id":"b220e460-0fd5-4cd2-84e8-253eb532d4e5","version":2,"asset_type":"data_asset","name":"gmb_subset_full.txt","mime":"text/plain","datasource_type":"193a97c1-4475-4a19-b90c-295c4fdc6517","object_key":"gmb_subset_full.txt","creator_id":"iam-ServiceId-f49c5558-c247-4983-a04f-7d3c7a3d55da","create_time":1607530576451,"size":14799990,"is_remote":false,"is_managed":false,"is_referenced":true,"is_object_key_read_only":false,"is_user_provided_path_key":true,"transfer_complete":true,"is_partitioned":false,"complete_time_ticks":1607530576451,"user_data":{},"test_doc":0,"handle":{"bucket":"gmbproject-donotdelete-pr-zoerpnajfb6pgt","location":"us-geo","key":"gmb_subset_full.txt","upload_id":"done","max_part_num":1},"usage":{"access_count":0,"last_accessor_id":"iam-ServiceId-f49c5558-c247-4983-a04f-7d3c7a3d55da","last_access_time":1607530576451}},{"id":"a29de2af-bbcf-4e32-ab0f-6204e7854e03","version":2,"asset_type":"data_profile_nlu","name":"nlu_12396322-4acb-41cf-9bd6-30da6fcbd95d.json","mime":"application/json","datasource_type":"193a97c1-4475-4a19-b90c-295c4fdc6517","object_key":"data_profile_nlu/2020-12-09-16_16_39-nlu_12396322-4acb-41cf-9bd6-30da6fcbd95d.json","creator_id":"iam-ServiceId-5d9bb1d6-b10e-410d-a535-ad6b78e9773b","create_time":1607530601987,"size":47903,"is_remote":false,"is_managed":false,"is_referenced":true,"is_object_key_read_only":false,"is_user_provided_path_key":true,"transfer_complete":true,"is_partitioned":false,"complete_time_ticks":1607530601987,"user_data":{},"test_doc":0,"handle":{"bucket":"gmbproject-donotdelete-pr-zoerpnajfb6pgt","location":"us-geo","key":"data_profile_nlu/2020-12-09-16_16_39-nlu_12396322-4acb-41cf-9bd6-30da6fcbd95d.json","upload_id":"done","max_part_num":1},"usage":{"access_count":0,"last_accessor_id":"iam-ServiceId-5d9bb1d6-b10e-410d-a535-ad6b78e9773b","last_access_time":1607530601987}}]}
