{"metadata":{"asset_id":"8ff4232a-b3ae-49a7-aab1-9a750de02f1d","asset_attributes":["notebook"],"name":"Part 1 - Data Exploration","asset_type":"notebook","created_at":"2020-12-09T16:16:17Z","description":"Explore, visualize and clean the dataset. Start with the`gmb_subset_full.txt` file and save the modified data to `gmb_subset_full_cleaned.csv`.","origin_country":"us","owner_id":"iam-ServiceId-9e68bc5f-c5f6-4f6f-8bcf-e57f47b9d1b1","project_id":"89b158ec-d241-4506-9ad5-5a16326f9c30","size":23456,"tags":["notebook"],"usage":{"last_update_time":1607532445142,"last_updated_at":"2020-12-09T16:47:25Z"}},"entity":{"notebook":{"kernel":{"name":"python3","display_name":"Python 3.7","language":"python"},"originates_from":{"type":"file"},"runtime":{"environment":"conda4py37-89b158ec-d241-4506-9ad5-5a16326f9c30"}}},"attachments":[{"id":"c2609c99-db8d-46ca-80cb-b310ddaf1793","version":2,"asset_type":"notebook","name":"attachment for notebook 8ff4232a-b3ae-49a7-aab1-9a750de02f1d","description":"attachment for notebook 8ff4232a-b3ae-49a7-aab1-9a750de02f1d","mime":"application/json","datasource_type":"193a97c1-4475-4a19-b90c-295c4fdc6517","object_key":"notebook/Part_1_-_Data_Exploration_6UjtJGKJT.ipynb","creator_id":"IBMid-550003P291","create_time":1607530577410,"size":23456,"is_remote":false,"is_managed":false,"is_referenced":true,"is_object_key_read_only":false,"is_user_provided_path_key":true,"transfer_complete":true,"is_partitioned":false,"complete_time_ticks":1607530577410,"user_data":{},"test_doc":0,"handle":{"bucket":"gmbproject-donotdelete-pr-zoerpnajfb6pgt","location":"us-geo","key":"notebook/Part_1_-_Data_Exploration_6UjtJGKJT.ipynb","upload_id":"done","max_part_num":1},"usage":{"access_count":0,"last_accessor_id":"IBMid-550003P291","last_access_time":1607530577410}}]}
