{"metadata":{"asset_id":"53771abf-0ea7-44a7-aaf2-27bfc666cf73","asset_attributes":["notebook"],"name":"Part 2 - Named Entity Recognition","asset_type":"notebook","created_at":"2020-12-09T16:16:16Z","description":"Create a named entity recognition model using the cleaned data produced in Part 1.","origin_country":"us","owner_id":"iam-ServiceId-9e68bc5f-c5f6-4f6f-8bcf-e57f47b9d1b1","project_id":"89b158ec-d241-4506-9ad5-5a16326f9c30","size":21049,"tags":["notebook"],"usage":{"last_update_time":1607532447110,"last_updated_at":"2020-12-09T16:47:27Z"}},"entity":{"notebook":{"kernel":{"name":"python3","display_name":"Python 3.7","language":"python"},"originates_from":{"type":"file"},"runtime":{"environment":"conda4py37-89b158ec-d241-4506-9ad5-5a16326f9c30"}}},"attachments":[{"id":"ac92c3b2-3d30-4058-90b4-e34afb67b4e3","version":2,"asset_type":"notebook","name":"attachment for notebook 53771abf-0ea7-44a7-aaf2-27bfc666cf73","description":"attachment for notebook 53771abf-0ea7-44a7-aaf2-27bfc666cf73","mime":"application/json","datasource_type":"193a97c1-4475-4a19-b90c-295c4fdc6517","object_key":"notebook/Part_2_-_Named_Entity_Recognition_xjM566SJf.ipynb","creator_id":"IBMid-550003P291","create_time":1607530577490,"size":21049,"is_remote":false,"is_managed":false,"is_referenced":true,"is_object_key_read_only":false,"is_user_provided_path_key":true,"transfer_complete":true,"is_partitioned":false,"complete_time_ticks":1607530577490,"user_data":{},"test_doc":0,"handle":{"bucket":"gmbproject-donotdelete-pr-zoerpnajfb6pgt","location":"us-geo","key":"notebook/Part_2_-_Named_Entity_Recognition_xjM566SJf.ipynb","upload_id":"done","max_part_num":1},"usage":{"access_count":0,"last_accessor_id":"IBMid-550003P291","last_access_time":1607530577490}}]}
