{"operation":"remove_lock","lockedBy":{"user_email":"florence.varignier@fr.ibm.com","user":"florence.varignier@fr.ibm.com","iam_id":"IBMid-270006YQEG","user_role":"admin"},"markdown":"# Predict customer interest to optimize a campaign with Machine Learning + Decision Optimization\nThis project has a Jupyter notebook written in Python named `Promote financial products to bank customers` that first analyzes data from the `known\\_behaviors.csv` and `unknown\\_behaviors.csv` data sets to understand and visualize past customer behavior.\n\nNext, the notebook trains a machine learning model to predict which customers would be likely to buy which product in the new year, and visualizes these predictions. Then the notebook defines a Decision Optimization model and solves it for the input data, which includes the predictions from the ML model. The Decision Optimization model determines the optimal marketing campaign actions of which customers to offer which products to achieve the optimal results, given the constraints.\n\n## To run the notebook:\n\n1. Go to the **Assets** page.\n2. In the Notebooks section, click the pencil icon in the same row as the notebook name to open the notebook in `edit and run` mode.\n3. Run all the cells in the notebook, from beginning to end."}