{"metadata":{"asset_id":"aa12cb60-07f3-410e-acad-cd5ce01b14c4","asset_attributes":["data_asset"],"name":"tf_mnist_model.zip","asset_type":"data_asset","created_at":"2021-01-09T21:26:40Z","description":"","origin_country":"us","owner_id":"1000330999","project_id":"0f13e454-91f0-41ad-b9ac-4b9a68d2b1df","size":10161039,"tags":[],"usage":{"last_update_time":1610227601221,"last_updated_at":"2021-01-09T21:26:41Z"}},"entity":{"data_asset":{"mime_type":"application/zip","dataset":false}},"attachments":[{"id":"bde67ecb-068b-455d-8e2c-efbf39782d86","version":2,"asset_type":"data_asset","name":"tf_mnist_model.zip","mime":"application/zip","datasource_type":"81bafdbd-b7c6-45c5-a4fd-6ec135f66f4e","object_key":"data_asset/tf_mnist_model.zip","creator_id":"icp4d-dev","create_time":1610227601053,"size":10161039,"is_remote":false,"is_managed":false,"is_referenced":true,"is_object_key_read_only":false,"is_user_provided_path_key":true,"transfer_complete":true,"is_partitioned":false,"complete_time_ticks":1610227601053,"user_data":{},"test_doc":0,"handle":{"key":"data_asset/tf_mnist_model.zip","upload_id":"done","max_part_num":1},"usage":{"access_count":0,"last_accessor_id":"icp4d-dev","last_access_time":1610227601053}}]}