{"metadata":{"asset_id":"758662be-72f6-4ee1-996c-8232255f221d","asset_attributes":["data_asset"],"name":"mnist-keras-train.pkl","asset_type":"data_asset","created_at":"2020-11-17T02:48:41Z","description":"","origin_country":"us","owner_id":"1000330999","project_id":"aa9d16a0-91c4-4992-93e0-cd0f96e077ca","size":39281608,"tags":[],"usage":{"last_update_time":1605581322986,"last_updated_at":"2020-11-17T02:48:42Z"}},"entity":{"data_asset":{"mime_type":"application/octet-stream","dataset":false}},"attachments":[{"id":"02950020-a9c1-4724-8164-1ed8a31a2a8a","version":2,"asset_type":"data_asset","name":"mnist-keras-train.pkl","mime":"application/octet-stream","datasource_type":"81bafdbd-b7c6-45c5-a4fd-6ec135f66f4e","object_key":"data_asset/mnist-keras-train.pkl","creator_id":"1000330999","create_time":1605581322984,"size":39281608,"is_remote":false,"is_managed":false,"is_referenced":true,"is_object_key_read_only":true,"is_user_provided_path_key":true,"transfer_complete":true,"is_partitioned":false,"complete_time_ticks":1605581322984,"user_data":{},"test_doc":0,"handle":{"key":"data_asset/mnist-keras-train.pkl","upload_id":"done","max_part_num":1},"usage":{"access_count":0,"last_accessor_id":"1000330999","last_access_time":1605581322984}}]}