{"metadata":{"asset_id":"3b48706e-4c34-4d59-a0aa-437c219c8b05","asset_attributes":["data_asset"],"name":"mnist-keras-train.pkl","asset_type":"data_asset","created_at":"2021-01-09T21:26:40Z","description":"","origin_country":"us","owner_id":"1000330999","project_id":"0f13e454-91f0-41ad-b9ac-4b9a68d2b1df","size":39281608,"tags":[],"usage":{"last_update_time":1610227600920,"last_updated_at":"2021-01-09T21:26:40Z"}},"entity":{"data_asset":{"mime_type":"application/octet-stream","dataset":false}},"attachments":[{"id":"ec59e0ee-2250-4175-813e-e3fb33cd4e78","version":2,"asset_type":"data_asset","name":"mnist-keras-train.pkl","mime":"application/octet-stream","datasource_type":"81bafdbd-b7c6-45c5-a4fd-6ec135f66f4e","object_key":"data_asset/mnist-keras-train.pkl","creator_id":"icp4d-dev","create_time":1610227600712,"size":39281608,"is_remote":false,"is_managed":false,"is_referenced":true,"is_object_key_read_only":false,"is_user_provided_path_key":true,"transfer_complete":true,"is_partitioned":false,"complete_time_ticks":1610227600712,"user_data":{},"test_doc":0,"handle":{"key":"data_asset/mnist-keras-train.pkl","upload_id":"done","max_part_num":1},"usage":{"access_count":0,"last_accessor_id":"icp4d-dev","last_access_time":1610227600712}}]}