{"metadata":{"asset_id":"31797451-b700-4768-a7e0-079d6edf8344","asset_attributes":["data_asset"],"name":"mnist-keras-test.pkl","asset_type":"data_asset","created_at":"2021-01-09T21:26:40Z","description":"","origin_country":"us","owner_id":"1000330999","project_id":"0f13e454-91f0-41ad-b9ac-4b9a68d2b1df","size":7850208,"tags":[],"usage":{"last_update_time":1610227601422,"last_updated_at":"2021-01-09T21:26:41Z"}},"entity":{"data_asset":{"mime_type":"application/octet-stream","dataset":false}},"attachments":[{"id":"54274281-9b99-4dfd-bd21-f6e1923c28c7","version":2,"asset_type":"data_asset","name":"mnist-keras-test.pkl","mime":"application/octet-stream","datasource_type":"81bafdbd-b7c6-45c5-a4fd-6ec135f66f4e","object_key":"data_asset/mnist-keras-test.pkl","creator_id":"icp4d-dev","create_time":1610227601263,"size":7850208,"is_remote":false,"is_managed":false,"is_referenced":true,"is_object_key_read_only":false,"is_user_provided_path_key":true,"transfer_complete":true,"is_partitioned":false,"complete_time_ticks":1610227601263,"user_data":{},"test_doc":0,"handle":{"key":"data_asset/mnist-keras-test.pkl","upload_id":"done","max_part_num":1},"usage":{"access_count":0,"last_accessor_id":"icp4d-dev","last_access_time":1610227601263}}]}