{"metadata":{"asset_id":"5fcfdb2e-96c1-497c-b695-705de566b2d6","asset_attributes":["data_asset"],"name":"mnist-keras-test.pkl","asset_type":"data_asset","created_at":"2020-11-17T02:48:13Z","description":"","origin_country":"us","owner_id":"1000330999","project_id":"aa9d16a0-91c4-4992-93e0-cd0f96e077ca","size":7850208,"tags":[],"usage":{"last_update_time":1605581294348,"last_updated_at":"2020-11-17T02:48:14Z"}},"entity":{"data_asset":{"mime_type":"application/octet-stream","dataset":false}},"attachments":[{"id":"54524591-b633-479a-8d5e-78c00c176422","version":2,"asset_type":"data_asset","name":"mnist-keras-test.pkl","mime":"application/octet-stream","datasource_type":"81bafdbd-b7c6-45c5-a4fd-6ec135f66f4e","object_key":"data_asset/mnist-keras-test.pkl","creator_id":"1000330999","create_time":1605581294347,"size":7850208,"is_remote":false,"is_managed":false,"is_referenced":true,"is_object_key_read_only":true,"is_user_provided_path_key":true,"transfer_complete":true,"is_partitioned":false,"complete_time_ticks":1605581294347,"user_data":{},"test_doc":0,"handle":{"key":"data_asset/mnist-keras-test.pkl","upload_id":"done","max_part_num":1},"usage":{"access_count":0,"last_accessor_id":"1000330999","last_access_time":1605581294347}}]}