{"metadata":{"asset_id":"7ce9a21b-8939-4582-9aa0-916256ca60a8","asset_attributes":["notebook"],"name":"MNIST-Party-CP4D","asset_type":"notebook","created_at":"2020-11-16T23:59:27Z","description":"","origin_country":"us","owner_id":"1000330999","project_id":"aa9d16a0-91c4-4992-93e0-cd0f96e077ca","size":11490,"tags":["notebook"],"usage":{"last_update_time":1607462326813,"last_updated_at":"2020-12-08T21:18:46Z"}},"entity":{"notebook":{"kernel":{"name":"python3","display_name":"Python 3.7","language":"python"},"originates_from":{"type":"file"},"runtime":{"environment":"jupconda37-aa9d16a0-91c4-4992-93e0-cd0f96e077ca"}}},"attachments":[{"id":"3745c0b2-b876-49fd-8e3d-4d3811227fd0","version":2,"asset_type":"notebook","name":"attachment for notebook 7ce9a21b-8939-4582-9aa0-916256ca60a8","description":"attachment for notebook 7ce9a21b-8939-4582-9aa0-916256ca60a8","mime":"application/json","datasource_type":"81bafdbd-b7c6-45c5-a4fd-6ec135f66f4e","object_key":"notebook/Keras-Party_rOXGt3jYr.ipynb","creator_id":"1000330999","create_time":1605571167500,"size":11490,"is_remote":false,"is_managed":false,"is_referenced":true,"is_object_key_read_only":false,"is_user_provided_path_key":true,"transfer_complete":true,"is_partitioned":false,"complete_time_ticks":1605571167500,"user_data":{},"test_doc":0,"handle":{"key":"notebook/Keras-Party_rOXGt3jYr.ipynb","upload_id":"done","max_part_num":1},"usage":{"access_count":0,"last_accessor_id":"1000330999","last_access_time":1605571167500}}]}