{"metadata":{"asset_id":"11cf6275-a8b3-4104-9717-ec241ffeccae","asset_attributes":["notebook"],"name":"MNIST-Aggregator-CP4D","asset_type":"notebook","created_at":"2020-11-17T00:11:18Z","description":"","origin_country":"us","owner_id":"1000330999","project_id":"aa9d16a0-91c4-4992-93e0-cd0f96e077ca","size":207,"tags":["notebook"],"usage":{"last_update_time":1607461473682,"last_updated_at":"2020-12-08T21:04:33Z"}},"entity":{"notebook":{"kernel":{"name":"python3","display_name":"Python 3.7","language":"python"},"originates_from":{"type":"blank"},"runtime":{"environment":"jupconda37-aa9d16a0-91c4-4992-93e0-cd0f96e077ca"}}},"attachments":[{"id":"88b46ec7-673c-4392-86cf-f5565c83ab92","version":2,"asset_type":"notebook","name":"attachment for notebook 11cf6275-a8b3-4104-9717-ec241ffeccae","description":"attachment for notebook 11cf6275-a8b3-4104-9717-ec241ffeccae","mime":"application/json","datasource_type":"81bafdbd-b7c6-45c5-a4fd-6ec135f66f4e","object_key":"notebook/MNIST_Aggregator_CwCCY4hm1.ipynb","creator_id":"1000330999","create_time":1605571879557,"size":207,"is_remote":false,"is_managed":false,"is_referenced":true,"is_object_key_read_only":false,"is_user_provided_path_key":true,"transfer_complete":true,"is_partitioned":false,"complete_time_ticks":1605571879557,"user_data":{},"test_doc":0,"handle":{"key":"notebook/MNIST_Aggregator_CwCCY4hm1.ipynb","upload_id":"done","max_part_num":1},"usage":{"access_count":0,"last_accessor_id":"1000330999","last_access_time":1605571879557}}]}