{"metadata":{"asset_id":"3f00a787-0bfe-444d-8d3c-ba82ee11e34e","asset_attributes":["wml_model"],"name":"MNIST Model","asset_type":"wml_model","created_at":"2020-11-17T00:07:52Z","description":"","origin_country":"us","owner_id":"1000330999","project_id":"aa9d16a0-91c4-4992-93e0-cd0f96e077ca","sandbox_id":"aa9d16a0-91c4-4992-93e0-cd0f96e077ca","size":10161039,"tags":[],"usage":{"last_update_time":1605806684663,"last_updated_at":"2020-11-19T17:24:44Z"}},"entity":{"wml_model":{"ml_version":"4.0.2","software_spec":{"base_id":"e4429883-c883-42b6-87a8-f419d64088cd"},"type":"tensorflow_2.1","custom":{"untrained":true}}},"attachments":[{"id":"295861ac-a2ee-423f-b303-716f12f57f3a","version":2,"asset_type":"wml_model","name":"native","datasource_type":"81bafdbd-b7c6-45c5-a4fd-6ec135f66f4e","object_key":"wml_model/3f00a787-0bfe-444d-8d3c-ba82ee11e34e/90ef3a0a-2739-48f5-abe0-ef8656439cdb","creator_id":"icp4d-dev","create_time":1605806684437,"size":10161039,"is_remote":false,"is_managed":false,"is_referenced":true,"is_object_key_read_only":false,"is_user_provided_path_key":true,"transfer_complete":true,"is_partitioned":false,"complete_time_ticks":1605806684437,"user_data":{"content_format":"native"},"test_doc":0,"handle":{"key":"wml_model/3f00a787-0bfe-444d-8d3c-ba82ee11e34e/90ef3a0a-2739-48f5-abe0-ef8656439cdb","upload_id":"done","max_part_num":1},"usage":{"access_count":0,"last_accessor_id":"icp4d-dev","last_access_time":1605806684437}}]}