{"metadata":{"asset_id":"7ff4b20e-7b78-4616-9388-b8b2bee54aca","asset_attributes":["dashboard"],"name":"E-Commerce Dashboard","asset_type":"dashboard","created_at":"2021-10-05T01:37:20Z","description":"","origin_country":"us","owner_id":"IBMid-550003P291","project_id":"ac74ed7f-2982-4f10-90e1-9a9593e1cdc0","size":67080,"tags":[],"usage":{"last_update_time":1633397842428,"last_updated_at":"2021-10-05T01:37:22Z"}},"entity":{"dashboard":{"share":{"shared":false,"token":"6002fc7b1bb310e053b5d4e407c87f017962715ae4bb810a88877b4959617197a8694690c8261a53df180636f2bf460ac9"},"associated_service":{"name":"IBM Cognos Dashboard Embedded-36","guid":"092c8916-af59-4ad6-8ab5-ca89313bd938","type":"dde","credentials":{"api_endpoint_url":"https://us-south.dynamic-dashboard-embedded.cloud.ibm.com/daas/","client_id":"2dbc31ea-1434-4b77-9351-1e99bbada14f","client_secret":"205170d3efc8b3f4ed3328c49155c06d8776915c","api_file_endpoint_url":"https://us-south.dynamic-dashboard-embedded.cloud.ibm.com/daas/"}}}},"attachments":[{"id":"1884d014-53e6-4507-a02f-0e1b0fb98ac4","version":2,"asset_type":"dashboard","name":"referenced","description":"referenced","datasource_type":"193a97c1-4475-4a19-b90c-295c4fdc6517","object_key":"dashboard/referenced_7ff4b20e-7b78-4616-9388-b8b2bee54aca","creator_id":"iam-ServiceId-f49c5558-c247-4983-a04f-7d3c7a3d55da","create_time":1633397842207,"size":67080,"is_remote":false,"is_managed":false,"is_referenced":true,"is_object_key_read_only":true,"is_user_provided_path_key":true,"transfer_complete":true,"is_partitioned":false,"complete_time_ticks":1633397842207,"user_data":{},"test_doc":0,"handle":{"bucket":"distributionmarketingproject-donotdelete-pr-5hbrzaetszrzdc","location":"us-geo","key":"dashboard/referenced_7ff4b20e-7b78-4616-9388-b8b2bee54aca","upload_id":"done","max_part_num":1},"usage":{"access_count":0,"last_accessor_id":"iam-ServiceId-f49c5558-c247-4983-a04f-7d3c7a3d55da","last_access_time":1633397842207}}]}
