{"metadata":{"asset_id":"94fdf4cb-54c2-4654-a870-77664c33d272","asset_attributes":["dashboard"],"name":"E-Commerce Dashboard","asset_type":"dashboard","created_at":"2021-07-21T19:44:04Z","description":"","origin_country":"us","owner_id":"IBMid-550003P291","project_id":"558c3b49-4bc1-4ffd-909b-69b764ebe642","size":67080,"tags":[],"usage":{"last_update_time":1626896651905,"last_updated_at":"2021-07-21T19:44:11Z"}},"entity":{"dashboard":{"share":{"shared":false,"token":"7734bc2e39b1239e5fe0cce4079c290e2e347759bbbb8751d3847b4959362597a8691ac3c8294208dd170136a1b9145dcb"},"associated_service":{"name":"IBM Cognos Dashboard Embedded-36","guid":"092c8916-af59-4ad6-8ab5-ca89313bd938","type":"dde","credentials":{"api_endpoint_url":"https://us-south.dynamic-dashboard-embedded.cloud.ibm.com/daas/","client_id":"2dbc31ea-1434-4b77-9351-1e99bbada14f","client_secret":"205170d3efc8b3f4ed3328c49155c06d8776915c","api_file_endpoint_url":"https://us-south.dynamic-dashboard-embedded.cloud.ibm.com/daas/"}}}},"attachments":[{"id":"5e1e7c0a-105b-4718-acb1-3bcf175a7aa2","version":2,"asset_type":"dashboard","name":"referenced","description":"referenced","datasource_type":"193a97c1-4475-4a19-b90c-295c4fdc6517","object_key":"dashboard/referenced_94fdf4cb-54c2-4654-a870-77664c33d272","creator_id":"iam-ServiceId-f49c5558-c247-4983-a04f-7d3c7a3d55da","create_time":1626896648758,"size":67080,"is_remote":false,"is_managed":false,"is_referenced":true,"is_object_key_read_only":true,"is_user_provided_path_key":true,"transfer_complete":true,"is_partitioned":false,"complete_time_ticks":1626896648758,"user_data":{},"test_doc":0,"handle":{"bucket":"distributionmarketingproject-donotdelete-pr-jihmmwx4u1pmpo","location":"us-geo","key":"dashboard/referenced_94fdf4cb-54c2-4654-a870-77664c33d272","upload_id":"done","max_part_num":1},"usage":{"access_count":0,"last_accessor_id":"iam-ServiceId-f49c5558-c247-4983-a04f-7d3c7a3d55da","last_access_time":1626896648758}}]}
