{"metadata":{"asset_id":"65a373e2-53ab-47d4-a5a0-388d91f57b16","asset_attributes":["data_flow"],"name":"Merge Returns with Original Orders","asset_type":"data_flow","created_at":"2021-10-05T01:37:20Z","description":"","origin_country":"us","owner_id":"IBMid-550003P291","project_id":"ac74ed7f-2982-4f10-90e1-9a9593e1cdc0","size":3508,"tags":[],"usage":{"last_update_time":1633397840900,"last_updated_at":"2021-10-05T01:37:20Z"}},"entity":{"data_flow":{"_entity_only":false}},"attachments":[{"id":"f08afe71-dbb0-4a3b-bb45-97ae61c7611f","version":2,"asset_type":"data_flow","name":"data_flow","description":"","mime":"application/json","datasource_type":"193a97c1-4475-4a19-b90c-295c4fdc6517","object_key":"data_flow/Merge Returns with Original Orders","creator_id":"iam-ServiceId-f49c5558-c247-4983-a04f-7d3c7a3d55da","create_time":1633397840712,"size":3508,"is_remote":false,"is_managed":false,"is_referenced":true,"is_object_key_read_only":false,"is_user_provided_path_key":true,"transfer_complete":true,"is_partitioned":false,"complete_time_ticks":1633397840712,"user_data":{},"test_doc":0,"handle":{"bucket":"distributionmarketingproject-donotdelete-pr-5hbrzaetszrzdc","location":"us-geo","key":"data_flow/Merge Returns with Original Orders","upload_id":"done","max_part_num":1},"usage":{"access_count":0,"last_accessor_id":"iam-ServiceId-f49c5558-c247-4983-a04f-7d3c7a3d55da","last_access_time":1633397840712}}]}
