{"metadata":{"asset_id":"b39583aa-a69a-4db3-b2cd-ccad1b6c1e49","asset_attributes":["data_asset"],"name":"Returns","asset_type":"data_asset","created_at":"2021-07-21T19:43:54Z","description":"","origin_country":"us","owner_id":"IBMid-550003P291","project_id":"558c3b49-4bc1-4ffd-909b-69b764ebe642","size":19890,"tags":[],"usage":{"last_update_time":1626896637950,"last_updated_at":"2021-07-21T19:43:57Z"}},"entity":{"data_asset":{"mime_type":"text/csv","dataset":true,"columns":[{"name":"Order ID","type":{"length":1024,"nullable":true,"type":"varchar","scale":0,"signed":false}},{"name":"Return ID","type":{"length":1024,"nullable":true,"type":"varchar","scale":0,"signed":false}},{"name":"Return Date","type":{"length":1024,"nullable":true,"type":"varchar","scale":0,"signed":false}},{"name":"Return Reason","type":{"length":1024,"nullable":true,"type":"varchar","scale":0,"signed":false}}]}},"attachments":[{"id":"a06c5f29-ddb7-49b6-9c8f-0a9a5209d310","version":2,"asset_type":"data_asset","name":"returns.csv","mime":"text/csv","datasource_type":"193a97c1-4475-4a19-b90c-295c4fdc6517","object_key":"returns.csv","creator_id":"iam-ServiceId-f49c5558-c247-4983-a04f-7d3c7a3d55da","create_time":1626896635864,"size":19890,"is_remote":false,"is_managed":false,"is_referenced":true,"is_object_key_read_only":false,"is_user_provided_path_key":true,"transfer_complete":true,"is_partitioned":false,"complete_time_ticks":1626896635864,"user_data":{},"test_doc":0,"handle":{"bucket":"distributionmarketingproject-donotdelete-pr-jihmmwx4u1pmpo","location":"us-geo","key":"returns.csv","upload_id":"done","max_part_num":1},"usage":{"access_count":0,"last_accessor_id":"iam-ServiceId-f49c5558-c247-4983-a04f-7d3c7a3d55da","last_access_time":1626896635864}}]}
