{"metadata":{"asset_id":"af51a1d9-90e7-492d-bad4-cdaa8fbc065b","asset_attributes":["data_asset"],"name":"Returns_with_original_orders","asset_type":"data_asset","created_at":"2021-07-21T19:43:54Z","description":"","origin_country":"us","owner_id":"IBMid-550003P291","project_id":"558c3b49-4bc1-4ffd-909b-69b764ebe642","size":169016,"tags":[],"usage":{"last_update_time":1626896636690,"last_updated_at":"2021-07-21T19:43:56Z"}},"entity":{"data_asset":{"mime_type":"text/csv","dataset":true}},"attachments":[{"id":"d72737ad-80c8-4969-85e6-3e4fa92dd129","version":2,"asset_type":"data_asset","name":"Returns_with_original_orders","mime":"text/csv","datasource_type":"193a97c1-4475-4a19-b90c-295c4fdc6517","object_key":"data_asset/Returns_with_original_orders_wyhcqq8tm3xt02hfl0ouhh8z","creator_id":"iam-ServiceId-f49c5558-c247-4983-a04f-7d3c7a3d55da","create_time":1626896636350,"size":169016,"is_remote":false,"is_managed":false,"is_referenced":true,"is_object_key_read_only":false,"is_user_provided_path_key":true,"transfer_complete":true,"is_partitioned":false,"complete_time_ticks":1626896636350,"user_data":{},"test_doc":0,"handle":{"bucket":"distributionmarketingproject-donotdelete-pr-jihmmwx4u1pmpo","location":"us-geo","key":"data_asset/Returns_with_original_orders_wyhcqq8tm3xt02hfl0ouhh8z","upload_id":"done","max_part_num":1},"usage":{"access_count":0,"last_accessor_id":"iam-ServiceId-f49c5558-c247-4983-a04f-7d3c7a3d55da","last_access_time":1626896636350}}]}
