{"metadata":{"asset_id":"22a521a3-6aa4-41b1-8a49-93a52d22000a","asset_attributes":["data_asset"],"name":"Returns_with_original_orders","asset_type":"data_asset","created_at":"2021-10-05T01:37:17Z","description":"","origin_country":"us","owner_id":"IBMid-550003P291","project_id":"ac74ed7f-2982-4f10-90e1-9a9593e1cdc0","size":169016,"tags":[],"usage":{"last_update_time":1633397838959,"last_updated_at":"2021-10-05T01:37:18Z"}},"entity":{"data_asset":{"mime_type":"text/csv","dataset":true}},"attachments":[{"id":"a489e753-396c-41a3-b93a-70538558f41e","version":2,"asset_type":"data_asset","name":"Returns_with_original_orders","mime":"text/csv","datasource_type":"193a97c1-4475-4a19-b90c-295c4fdc6517","object_key":"data_asset/Returns_with_original_orders_wyhcqq8tm3xt02hfl0ouhh8z","creator_id":"iam-ServiceId-f49c5558-c247-4983-a04f-7d3c7a3d55da","create_time":1633397838523,"size":169016,"is_remote":false,"is_managed":false,"is_referenced":true,"is_object_key_read_only":false,"is_user_provided_path_key":true,"transfer_complete":true,"is_partitioned":false,"complete_time_ticks":1633397838523,"user_data":{},"test_doc":0,"handle":{"bucket":"distributionmarketingproject-donotdelete-pr-5hbrzaetszrzdc","location":"us-geo","key":"data_asset/Returns_with_original_orders_wyhcqq8tm3xt02hfl0ouhh8z","upload_id":"done","max_part_num":1},"usage":{"access_count":0,"last_accessor_id":"iam-ServiceId-f49c5558-c247-4983-a04f-7d3c7a3d55da","last_access_time":1633397838523}}]}
