{"metadata":{"asset_id":"3875d1cc-41ac-430a-9f9f-502361072acc","asset_attributes":["data_flow"],"name":"Merge Returns with Original Orders","asset_type":"data_flow","created_at":"2021-07-21T19:44:02Z","description":"","origin_country":"us","owner_id":"IBMid-550003P291","project_id":"558c3b49-4bc1-4ffd-909b-69b764ebe642","size":3508,"tags":[],"usage":{"last_update_time":1626896647071,"last_updated_at":"2021-07-21T19:44:07Z"}},"entity":{"data_flow":{"_entity_only":false}},"attachments":[{"id":"5eea1bbb-c807-46b4-bbad-21ac8a5be2ca","version":2,"asset_type":"data_flow","name":"data_flow","description":"","mime":"application/json","datasource_type":"193a97c1-4475-4a19-b90c-295c4fdc6517","object_key":"data_flow/Merge Returns with Original Orders","creator_id":"iam-ServiceId-f49c5558-c247-4983-a04f-7d3c7a3d55da","create_time":1626896644009,"size":3508,"is_remote":false,"is_managed":false,"is_referenced":true,"is_object_key_read_only":false,"is_user_provided_path_key":true,"transfer_complete":true,"is_partitioned":false,"complete_time_ticks":1626896644009,"user_data":{},"test_doc":0,"handle":{"bucket":"distributionmarketingproject-donotdelete-pr-jihmmwx4u1pmpo","location":"us-geo","key":"data_flow/Merge Returns with Original Orders","upload_id":"done","max_part_num":1},"usage":{"access_count":0,"last_accessor_id":"iam-ServiceId-f49c5558-c247-4983-a04f-7d3c7a3d55da","last_access_time":1626896644009}}]}
