{"metadata":{"asset_id":"46106b18-76bb-40e6-87f6-39977bee46b4","asset_attributes":["data_asset"],"name":"Web Orders","asset_type":"data_asset","created_at":"2021-07-21T19:43:57Z","description":"","origin_country":"us","owner_id":"IBMid-550003P291","project_id":"558c3b49-4bc1-4ffd-909b-69b764ebe642","size":521780,"tags":[],"usage":{"last_update_time":1626896641369,"last_updated_at":"2021-07-21T19:44:01Z"}},"entity":{"data_asset":{"mime_type":"text/csv","dataset":true,"columns":[{"name":"Order ID","type":{"length":1024,"nullable":true,"type":"varchar","scale":0,"signed":false}},{"name":"Order Date","type":{"length":1024,"nullable":true,"type":"varchar","scale":0,"signed":false}},{"name":"CUSTOMER_ID","type":{"length":1024,"nullable":true,"type":"varchar","scale":0,"signed":false}},{"name":"First Name","type":{"length":1024,"nullable":true,"type":"varchar","scale":0,"signed":false}},{"name":"Last Name","type":{"length":1024,"nullable":true,"type":"varchar","scale":0,"signed":false}},{"name":"StreetAddress","type":{"length":1024,"nullable":true,"type":"varchar","scale":0,"signed":false}},{"name":"City","type":{"length":1024,"nullable":true,"type":"varchar","scale":0,"signed":false}},{"name":"StateFull","type":{"length":1024,"nullable":true,"type":"varchar","scale":0,"signed":false}},{"name":"State","type":{"length":1024,"nullable":true,"type":"varchar","scale":0,"signed":false}},{"name":"ZipCode","type":{"length":1024,"nullable":true,"type":"varchar","scale":0,"signed":false}},{"name":"COUNTRY","type":{"length":1024,"nullable":true,"type":"varchar","scale":0,"signed":false}},{"name":"EmailAddress","type":{"length":1024,"nullable":true,"type":"varchar","scale":0,"signed":false}},{"name":"TelephoneNumber","type":{"length":1024,"nullable":true,"type":"varchar","scale":0,"signed":false}},{"name":"Time From Order to Release","type":{"length":1024,"nullable":true,"type":"varchar","scale":0,"signed":false}},{"name":"Time From Release to Ship","type":{"length":1024,"nullable":true,"type":"varchar","scale":0,"signed":false}},{"name":"Brands","type":{"length":1024,"nullable":true,"type":"varchar","scale":0,"signed":false}},{"name":"Products","type":{"length":1024,"nullable":true,"type":"varchar","scale":0,"signed":false}},{"name":"Order Quantity","type":{"length":1024,"nullable":true,"type":"varchar","scale":0,"signed":false}},{"name":"CCNumber","type":{"length":1024,"nullable":true,"type":"varchar","scale":0,"signed":false}},{"name":"CCType","type":{"length":1024,"nullable":true,"type":"varchar","scale":0,"signed":false}},{"name":"Expiration","type":{"length":1024,"nullable":true,"type":"varchar","scale":0,"signed":false}},{"name":"CVV","type":{"length":1024,"nullable":true,"type":"varchar","scale":0,"signed":false}},{"name":"On-Time SLA","type":{"length":1024,"nullable":true,"type":"varchar","scale":0,"signed":false}},{"name":"Shipment ID","type":{"length":1024,"nullable":true,"type":"varchar","scale":0,"signed":false}},{"name":"Time from Ship to Deliver","type":{"length":1024,"nullable":true,"type":"varchar","scale":0,"signed":false}},{"name":"# of Days to Door","type":{"length":1024,"nullable":true,"type":"varchar","scale":0,"signed":false}},{"name":"Carrier","type":{"length":1024,"nullable":true,"type":"varchar","scale":0,"signed":false}},{"name":"Shipment Type","type":{"length":1024,"nullable":true,"type":"varchar","scale":0,"signed":false}}]}},"attachments":[{"id":"ff84ac9b-b241-4282-81f7-0ec2e125b2c4","version":2,"asset_type":"data_asset","name":"web_orders.csv","mime":"text/csv","datasource_type":"193a97c1-4475-4a19-b90c-295c4fdc6517","object_key":"web_orders.csv","creator_id":"iam-ServiceId-f49c5558-c247-4983-a04f-7d3c7a3d55da","create_time":1626896638077,"size":521780,"is_remote":false,"is_managed":false,"is_referenced":true,"is_object_key_read_only":false,"is_user_provided_path_key":true,"transfer_complete":true,"is_partitioned":false,"complete_time_ticks":1626896638077,"user_data":{},"test_doc":0,"handle":{"bucket":"distributionmarketingproject-donotdelete-pr-jihmmwx4u1pmpo","location":"us-geo","key":"web_orders.csv","upload_id":"done","max_part_num":1},"usage":{"access_count":0,"last_accessor_id":"iam-ServiceId-f49c5558-c247-4983-a04f-7d3c7a3d55da","last_access_time":1626896638077}}]}
