{"metadata":{"asset_id":"b06657aa-abfd-4ae8-b376-c6a2077246eb","asset_attributes":["data_asset","data_profile_uda"],"name":"README.pdf","asset_type":"data_asset","created_at":"2021-07-21T22:41:02Z","description":"","origin_country":"us","owner_id":"IBMid-550003P291","project_id":"558c3b49-4bc1-4ffd-909b-69b764ebe642","size":276036,"tags":[],"usage":{"last_update_time":1626907296572,"last_updated_at":"2021-07-21T22:41:36Z"}},"entity":{"data_asset":{"mime_type":"application/pdf","dataset":false},"data_profile_uda":{"status":"completed"}},"attachments":[{"id":"fe331be2-0c4f-40cc-8bf9-ed0acb8e6a88","version":2,"asset_type":"data_asset","name":"README.pdf","mime":"application/pdf","datasource_type":"193a97c1-4475-4a19-b90c-295c4fdc6517","object_key":"README.pdf","creator_id":"IBMid-550003P291","create_time":1626907263456,"size":275108,"is_remote":false,"is_managed":false,"is_referenced":true,"is_object_key_read_only":true,"is_user_provided_path_key":true,"transfer_complete":true,"is_partitioned":false,"complete_time_ticks":1626907263456,"user_data":{},"test_doc":0,"handle":{"bucket":"distributionmarketingproject-donotdelete-pr-jihmmwx4u1pmpo","location":"us-geo","key":"README.pdf","upload_id":"done","max_part_num":1},"usage":{"access_count":0,"last_accessor_id":"IBMid-550003P291","last_access_time":1626907263456}},{"id":"d7fa185d-c437-402a-a6cf-91051ae06a62","version":2,"asset_type":"data_profile_uda","name":"uda_b06657aa-abfd-4ae8-b376-c6a2077246eb.json","mime":"application/json","datasource_type":"193a97c1-4475-4a19-b90c-295c4fdc6517","object_key":"data_profile_uda/2021-07-21-22_41_34-uda_b06657aa-abfd-4ae8-b376-c6a2077246eb.json","creator_id":"iam-ServiceId-5d9bb1d6-b10e-410d-a535-ad6b78e9773b","create_time":1626907296337,"size":928,"is_remote":false,"is_managed":false,"is_referenced":true,"is_object_key_read_only":false,"is_user_provided_path_key":true,"transfer_complete":true,"is_partitioned":false,"complete_time_ticks":1626907296337,"user_data":{},"test_doc":0,"handle":{"bucket":"distributionmarketingproject-donotdelete-pr-jihmmwx4u1pmpo","location":"us-geo","key":"data_profile_uda/2021-07-21-22_41_34-uda_b06657aa-abfd-4ae8-b376-c6a2077246eb.json","upload_id":"done","max_part_num":1},"usage":{"access_count":0,"last_accessor_id":"iam-ServiceId-5d9bb1d6-b10e-410d-a535-ad6b78e9773b","last_access_time":1626907296337}}]}
