{"metadata":{"asset_id":"a6ee5fcf-b629-478e-8171-35afab2fa04e","asset_attributes":["data_asset","data_profile_uda"],"name":"README.pdf","asset_type":"data_asset","created_at":"2021-10-05T01:37:17Z","description":"","origin_country":"us","owner_id":"IBMid-550003P291","project_id":"ac74ed7f-2982-4f10-90e1-9a9593e1cdc0","size":57755,"tags":[],"usage":{"last_update_time":1633398530683,"last_updated_at":"2021-10-05T01:48:50Z"}},"entity":{"data_asset":{"mime_type":"application/pdf","dataset":false},"data_profile_uda":{"status":"completed"}},"attachments":[{"id":"8cc79f77-a434-489a-b40a-df03eb1e9de6","version":2,"asset_type":"data_asset","name":"README.pdf","mime":"application/pdf","datasource_type":"193a97c1-4475-4a19-b90c-295c4fdc6517","object_key":"README.pdf","creator_id":"iam-ServiceId-f49c5558-c247-4983-a04f-7d3c7a3d55da","create_time":1633397838557,"size":55839,"is_remote":false,"is_managed":false,"is_referenced":true,"is_object_key_read_only":false,"is_user_provided_path_key":true,"transfer_complete":true,"is_partitioned":false,"complete_time_ticks":1633397838557,"user_data":{},"test_doc":0,"handle":{"bucket":"distributionmarketingproject-donotdelete-pr-5hbrzaetszrzdc","location":"us-geo","key":"README.pdf","upload_id":"done","max_part_num":1},"usage":{"access_count":1,"last_accessor_id":"IBMid-550003P291","last_access_time":1633398530683,"last_updater_id":"IBMid-550003P291","last_update_time":1633398530683}},{"id":"292a1e2c-7d28-4cf2-aa46-edb1db202f31","version":2,"asset_type":"data_profile_uda","name":"uda_a6ee5fcf-b629-478e-8171-35afab2fa04e.json","mime":"application/json","datasource_type":"193a97c1-4475-4a19-b90c-295c4fdc6517","object_key":"data_profile_uda/2021-10-05-01_37_47-uda_a6ee5fcf-b629-478e-8171-35afab2fa04e.json","creator_id":"iam-ServiceId-5d9bb1d6-b10e-410d-a535-ad6b78e9773b","create_time":1633397868592,"size":958,"is_remote":false,"is_managed":false,"is_referenced":true,"is_object_key_read_only":false,"is_user_provided_path_key":true,"transfer_complete":true,"is_partitioned":false,"complete_time_ticks":1633397868592,"user_data":{},"test_doc":0,"handle":{"bucket":"distributionmarketingproject-donotdelete-pr-5hbrzaetszrzdc","location":"us-geo","key":"data_profile_uda/2021-10-05-01_37_47-uda_a6ee5fcf-b629-478e-8171-35afab2fa04e.json","upload_id":"done","max_part_num":1},"usage":{"access_count":0,"last_accessor_id":"iam-ServiceId-5d9bb1d6-b10e-410d-a535-ad6b78e9773b","last_access_time":1633397868592}},{"id":"299b3490-c8aa-422d-bc84-7801dca5bc62","version":2,"asset_type":"data_profile_uda","name":"uda_a6ee5fcf-b629-478e-8171-35afab2fa04e.json","mime":"application/json","datasource_type":"193a97c1-4475-4a19-b90c-295c4fdc6517","object_key":"data_profile_uda/2021-10-05-01_37_49-uda_a6ee5fcf-b629-478e-8171-35afab2fa04e.json","creator_id":"iam-ServiceId-5d9bb1d6-b10e-410d-a535-ad6b78e9773b","create_time":1633397870635,"size":958,"is_remote":false,"is_managed":false,"is_referenced":true,"is_object_key_read_only":false,"is_user_provided_path_key":true,"transfer_complete":true,"is_partitioned":false,"complete_time_ticks":1633397870635,"user_data":{},"test_doc":0,"handle":{"bucket":"distributionmarketingproject-donotdelete-pr-5hbrzaetszrzdc","location":"us-geo","key":"data_profile_uda/2021-10-05-01_37_49-uda_a6ee5fcf-b629-478e-8171-35afab2fa04e.json","upload_id":"done","max_part_num":1},"usage":{"access_count":0,"last_accessor_id":"iam-ServiceId-5d9bb1d6-b10e-410d-a535-ad6b78e9773b","last_access_time":1633397870635}}]}
