{"metadata":{"asset_id":"828d4d60-c350-41fc-8faa-9d400bf2731f","asset_attributes":["job"],"name":"Manual Run of Merge Returns with Original Orders","asset_type":"job","created_at":"2021-07-21T19:44:13Z","description":"","origin_country":"us","owner_id":"IBMid-550003P291","project_id":"558c3b49-4bc1-4ffd-909b-69b764ebe642","size":0,"tags":[],"usage":{"last_update_time":1626896654034,"last_updated_at":"2021-07-21T19:44:14Z"}},"entity":{"job":{"asset_ref_type":"data_flow","configuration":{"env_id":"shaper_rruntime","env_name":"Default Data Refinery XS","env_type":"shaper_rruntime","env_variables":[]},"last_run_initiator":"None","last_run_time":"","last_run_status":"None","last_run_status_timestamp":0,"future_scheduled_runs":[],"enable_notifications":false,"project_name":"Distribution Marketing Project","asset_ref":"3875d1cc-41ac-430a-9f9f-502361072acc","schedule_id":"","schedule_creator_id":""}}}
