{"metadata":{"asset_id":"00209a7f-7cf0-40d3-a08c-1434ff058ade","asset_attributes":["job"],"name":"Manual Run of Merge Returns with Original Orders","asset_type":"job","created_at":"2021-10-05T01:37:24Z","description":"","origin_country":"us","owner_id":"IBMid-550003P291","project_id":"ac74ed7f-2982-4f10-90e1-9a9593e1cdc0","size":0,"tags":[],"usage":{"last_update_time":1633397844577,"last_updated_at":"2021-10-05T01:37:24Z"}},"entity":{"job":{"asset_ref_type":"data_flow","configuration":{"env_id":"shaper_rruntime","env_name":"Default Data Refinery XS","env_type":"shaper_rruntime","env_variables":[]},"last_run_initiator":"None","last_run_time":"","last_run_status":"None","last_run_status_timestamp":0,"future_scheduled_runs":[],"enable_notifications":true,"project_name":"Distribution Marketing Project","asset_ref":"65a373e2-53ab-47d4-a5a0-388d91f57b16","schedule_id":"","schedule_creator_id":""}}}
