{"description":"An asset type you can use to describe the columns of a data asset.  Normally attached as a property to an existing data asset.","fields":[{"key":"column_info_term_display_name","type":"string","facet":true,"is_array":false,"search_path":"*.column_terms[].term_display_name","is_searchable_across_types":true},{"key":"column_info_term_id","type":"string","facet":true,"is_array":false,"search_path":"*.column_terms[].term_id","is_searchable_across_types":false},{"key":"column_info_tag","type":"string","facet":true,"is_array":false,"search_path":"*.column_tags[]","is_searchable_across_types":true},{"key":"column_info_description","type":"string","facet":false,"is_array":false,"search_path":"*.column_description","is_searchable_across_types":true},{"key":"column_info_omrs_guid","type":"string","facet":true,"is_array":false,"search_path":"*.omrs_guid","is_searchable_across_types":true},{"key":"column_info_quality_score","type":"string","facet":false,"is_array":false,"search_path":"*.quality.score","is_searchable_across_types":true}],"relationships":[],"localized_metadata_attributes":{"name":{"default":"Data column","en":"Data column"}},"global_search_searchable":[],"attribute_only":true,"version":2,"name":"column_info","scope":"GLOBAL","allow_decorators":false}