{"description":"A container for a physical data model","fields":[],"relationships":[],"properties":{"author":{"type":"string","description":"The organization or department that created the model."},"version":{"type":"string","description":"The version of the model or the release of the model."},"namespace":{"type":"string","description":"The value that helps to uniquely identify the model. It can include information about the business domain, name of the product or modeling tool"},"copyright":{"type":"string","description":"The model copyright information."},"license":{"type":"string","description":"The model license information."},"database_name":{"type":"string","description":"The name of the target RDBMS for which the model is designed","label":{"default":"Database Name","en":"Database Name"}},"database_version":{"type":"string","description":"The version of the target RDBMS for which the model is designed","label":{"default":"Database Version","en":"Database Version"}},"notes":{"type":"string","description":"Free form textual notes that a user can add"}},"localized_metadata_attributes":{"name":{"default":"Physical model","en":"Physical model"}},"global_search_searchable":[],"attribute_only":false,"version":1,"name":"ibm_physical_model","scope":"GLOBAL","allow_decorators":true}