{"metadata":{"asset_id":"db352367-6b0d-4019-8a72-f0d9bc8da2da","asset_attributes":["data_asset"],"name":"model-output-summary.csv","asset_type":"data_asset","created_at":"2021-11-12T18:03:31Z","description":"","origin_country":"us","owner_id":"35527d6b-2a28-432c-8ed9-03f5796ad438","project_id":"f278060f-f10b-4f96-920b-b46cc73fd067","size":6927594,"tags":[],"usage":{"last_update_time":1636740335004,"last_updated_at":"2021-11-12T18:05:35Z"}},"entity":{"data_asset":{"mime_type":"text/csv","dataset":false}},"attachments":[{"id":"7e23aeb9-8c14-406b-b7cd-9dff98c4986c","version":2,"asset_type":"data_asset","name":"model-output-summary.csv","mime":"text/csv","datasource_type":"193a97c1-4475-4a19-b90c-295c4fdc6517","object_key":"model-output-summary.csv","creator_id":"35527d6b-2a28-432c-8ed9-03f5796ad438","create_time":1636740212054,"size":6927594,"is_remote":false,"is_managed":false,"is_referenced":true,"is_object_key_read_only":true,"is_user_provided_path_key":true,"transfer_complete":true,"is_partitioned":false,"complete_time_ticks":1636740212054,"user_data":{},"test_doc":0,"handle":{"bucket":"hospitalreadmissionprediction-donotdelete-pr-8yeohdc4od4zvk","location":"us-geo","key":"model-output-summary.csv","upload_id":"done","max_part_num":1},"usage":{"access_count":1,"last_accessor_id":"35527d6b-2a28-432c-8ed9-03f5796ad438","last_access_time":1636740335003,"last_updater_id":"35527d6b-2a28-432c-8ed9-03f5796ad438","last_update_time":1636740335003}}]}
