{"metadata":{"asset_id":"314e6c9e-c5e2-4282-98c0-3e8fec99b2a3","asset_attributes":["data_asset"],"name":"hospital-readmission-prediction-map-terms.csv","asset_type":"data_asset","created_at":"2021-11-10T13:43:13Z","description":"","origin_country":"us","owner_id":"IBMid-550003B08R","project_id":"f278060f-f10b-4f96-920b-b46cc73fd067","size":4019,"tags":[],"usage":{"last_update_time":1636551795559,"last_updated_at":"2021-11-10T13:43:15Z"}},"entity":{"data_asset":{"mime_type":"text/csv","dataset":false}},"attachments":[{"id":"a118c7a0-9881-43b4-96e8-e48e018dc4cb","version":2,"asset_type":"data_asset","name":"hospital-readmission-prediction-map-terms.csv","mime":"text/csv","datasource_type":"193a97c1-4475-4a19-b90c-295c4fdc6517","object_key":"hospital-readmission-prediction-map-terms.csv","creator_id":"IBMid-550003B08R","create_time":1636551795558,"size":4019,"is_remote":false,"is_managed":false,"is_referenced":true,"is_object_key_read_only":true,"is_user_provided_path_key":true,"transfer_complete":true,"is_partitioned":false,"complete_time_ticks":1636551795558,"user_data":{},"test_doc":0,"handle":{"bucket":"hospitalreadmissionprediction-donotdelete-pr-8yeohdc4od4zvk","location":"us-geo","key":"hospital-readmission-prediction-map-terms.csv","upload_id":"done","max_part_num":1},"usage":{"access_count":0,"last_accessor_id":"IBMid-550003B08R","last_access_time":1636551795558}}]}
