{"metadata":{"asset_id":"25010e9e-f2da-4fd6-a44a-3666113eae08","asset_attributes":["data_asset","data_profile_uda"],"name":"Readme - Hospital Readmission Prediction.pdf","asset_type":"data_asset","created_at":"2021-11-12T13:07:14Z","description":"","origin_country":"us","owner_id":"IBMid-550003B08R","project_id":"f278060f-f10b-4f96-920b-b46cc73fd067","size":101653,"tags":[],"usage":{"last_update_time":1636722475980,"last_updated_at":"2021-11-12T13:07:55Z"}},"entity":{"data_asset":{"mime_type":"application/pdf","dataset":false},"data_profile_uda":{"status":"completed"}},"attachments":[{"id":"57c20bd1-2749-48d0-8831-09aa993c47f3","version":2,"asset_type":"data_asset","name":"Readme - Hospital Readmission Prediction.pdf","mime":"application/pdf","datasource_type":"193a97c1-4475-4a19-b90c-295c4fdc6517","object_key":"Readme - Hospital Readmission Prediction.pdf","creator_id":"IBMid-550003B08R","create_time":1636722435039,"size":98285,"is_remote":false,"is_managed":false,"is_referenced":true,"is_object_key_read_only":true,"is_user_provided_path_key":true,"transfer_complete":true,"is_partitioned":false,"complete_time_ticks":1636722435039,"user_data":{},"test_doc":0,"handle":{"bucket":"hospitalreadmissionprediction-donotdelete-pr-8yeohdc4od4zvk","location":"us-geo","key":"Readme - Hospital Readmission Prediction.pdf","upload_id":"done","max_part_num":1},"usage":{"access_count":0,"last_accessor_id":"IBMid-550003B08R","last_access_time":1636722435039}},{"id":"5e553181-3ecc-4b9a-b3ca-15fa9a263a54","version":2,"asset_type":"data_profile_uda","name":"uda_25010e9e-f2da-4fd6-a44a-3666113eae08.json","mime":"application/json","datasource_type":"193a97c1-4475-4a19-b90c-295c4fdc6517","object_key":"data_profile_uda/2021-11-12-13_07_45-uda_25010e9e-f2da-4fd6-a44a-3666113eae08.json","creator_id":"iam-ServiceId-5d9bb1d6-b10e-410d-a535-ad6b78e9773b","create_time":1636722466406,"size":1684,"is_remote":false,"is_managed":false,"is_referenced":true,"is_object_key_read_only":false,"is_user_provided_path_key":true,"transfer_complete":true,"is_partitioned":false,"complete_time_ticks":1636722466406,"user_data":{},"test_doc":0,"handle":{"bucket":"hospitalreadmissionprediction-donotdelete-pr-8yeohdc4od4zvk","location":"us-geo","key":"data_profile_uda/2021-11-12-13_07_45-uda_25010e9e-f2da-4fd6-a44a-3666113eae08.json","upload_id":"done","max_part_num":1},"usage":{"access_count":0,"last_accessor_id":"iam-ServiceId-5d9bb1d6-b10e-410d-a535-ad6b78e9773b","last_access_time":1636722466406}},{"id":"39c8431d-aee6-42fe-bb05-3644d4f13455","version":2,"asset_type":"data_profile_uda","name":"uda_25010e9e-f2da-4fd6-a44a-3666113eae08.json","mime":"application/json","datasource_type":"193a97c1-4475-4a19-b90c-295c4fdc6517","object_key":"data_profile_uda/2021-11-12-13_07_54-uda_25010e9e-f2da-4fd6-a44a-3666113eae08.json","creator_id":"iam-ServiceId-5d9bb1d6-b10e-410d-a535-ad6b78e9773b","create_time":1636722475873,"size":1684,"is_remote":false,"is_managed":false,"is_referenced":true,"is_object_key_read_only":false,"is_user_provided_path_key":true,"transfer_complete":true,"is_partitioned":false,"complete_time_ticks":1636722475873,"user_data":{},"test_doc":0,"handle":{"bucket":"hospitalreadmissionprediction-donotdelete-pr-8yeohdc4od4zvk","location":"us-geo","key":"data_profile_uda/2021-11-12-13_07_54-uda_25010e9e-f2da-4fd6-a44a-3666113eae08.json","upload_id":"done","max_part_num":1},"usage":{"access_count":0,"last_accessor_id":"iam-ServiceId-5d9bb1d6-b10e-410d-a535-ad6b78e9773b","last_access_time":1636722475873}}]}
