{"metadata":{"asset_id":"4a473a1b-dd26-4c90-a619-a07650acb547","asset_attributes":["data_asset"],"name":"hospital-readmission-prediction-glossary-categories.csv","asset_type":"data_asset","created_at":"2021-11-10T15:10:52Z","description":"","origin_country":"us","owner_id":"IBMid-550003B08R","project_id":"f278060f-f10b-4f96-920b-b46cc73fd067","size":287,"tags":[],"usage":{"last_update_time":1636557053321,"last_updated_at":"2021-11-10T15:10:53Z"}},"entity":{"data_asset":{"mime_type":"text/csv","dataset":false}},"attachments":[{"id":"514d90ea-36dc-4449-90d9-61fffc59209a","version":2,"asset_type":"data_asset","name":"hospital-readmission-prediction-glossary-categories.csv","mime":"text/csv","datasource_type":"193a97c1-4475-4a19-b90c-295c4fdc6517","object_key":"hospital-readmission-prediction-glossary-categories.csv","creator_id":"IBMid-550003B08R","create_time":1636557053319,"size":287,"is_remote":false,"is_managed":false,"is_referenced":true,"is_object_key_read_only":true,"is_user_provided_path_key":true,"transfer_complete":true,"is_partitioned":false,"complete_time_ticks":1636557053319,"user_data":{},"test_doc":0,"handle":{"bucket":"hospitalreadmissionprediction-donotdelete-pr-8yeohdc4od4zvk","location":"us-geo","key":"hospital-readmission-prediction-glossary-categories.csv","upload_id":"done","max_part_num":1},"usage":{"access_count":0,"last_accessor_id":"IBMid-550003B08R","last_access_time":1636557053319}}]}
