{"metadata":{"asset_id":"50b06b08-9304-4b1c-99d8-f03ebcef755f","asset_attributes":["data_asset"],"name":"hospital-readmission-prediction-glossary-terms.csv","asset_type":"data_asset","created_at":"2021-11-10T15:10:52Z","description":"","origin_country":"us","owner_id":"IBMid-550003B08R","project_id":"f278060f-f10b-4f96-920b-b46cc73fd067","size":34161,"tags":[],"usage":{"last_update_time":1636557053320,"last_updated_at":"2021-11-10T15:10:53Z"}},"entity":{"data_asset":{"mime_type":"text/csv","dataset":false}},"attachments":[{"id":"47a477be-8c34-4766-a162-3cee939cbb5b","version":2,"asset_type":"data_asset","name":"hospital-readmission-prediction-glossary-terms.csv","mime":"text/csv","datasource_type":"193a97c1-4475-4a19-b90c-295c4fdc6517","object_key":"hospital-readmission-prediction-glossary-terms.csv","creator_id":"IBMid-550003B08R","create_time":1636557053319,"size":34161,"is_remote":false,"is_managed":false,"is_referenced":true,"is_object_key_read_only":true,"is_user_provided_path_key":true,"transfer_complete":true,"is_partitioned":false,"complete_time_ticks":1636557053319,"user_data":{},"test_doc":0,"handle":{"bucket":"hospitalreadmissionprediction-donotdelete-pr-8yeohdc4od4zvk","location":"us-geo","key":"hospital-readmission-prediction-glossary-terms.csv","upload_id":"done","max_part_num":1},"usage":{"access_count":0,"last_accessor_id":"IBMid-550003B08R","last_access_time":1636557053319}}]}
