{"metadata":{"asset_id":"14e3ab25-7eca-47dc-946d-a3d2357bc27d","asset_attributes":["data_asset"],"name":"training-data.csv","asset_type":"data_asset","created_at":"2021-11-10T13:46:41Z","description":"","origin_country":"us","owner_id":"35527d6b-2a28-432c-8ed9-03f5796ad438","project_id":"f278060f-f10b-4f96-920b-b46cc73fd067","size":6483703,"tags":[],"usage":{"last_update_time":1636732747086,"last_updated_at":"2021-11-12T15:59:07Z"}},"entity":{"data_asset":{"mime_type":"text/csv","dataset":false}},"attachments":[{"id":"0bbd52a4-b618-41e9-a96b-949a0f39999c","version":2,"asset_type":"data_asset","name":"training-data.csv","mime":"text/csv","datasource_type":"193a97c1-4475-4a19-b90c-295c4fdc6517","object_key":"training-data.csv","creator_id":"35527d6b-2a28-432c-8ed9-03f5796ad438","create_time":1636552001770,"size":6483703,"is_remote":false,"is_managed":false,"is_referenced":true,"is_object_key_read_only":true,"is_user_provided_path_key":true,"transfer_complete":true,"is_partitioned":false,"complete_time_ticks":1636552001770,"user_data":{},"test_doc":0,"handle":{"bucket":"hospitalreadmissionprediction-donotdelete-pr-8yeohdc4od4zvk","location":"us-geo","key":"training-data.csv","upload_id":"done","max_part_num":1},"usage":{"access_count":4,"last_accessor_id":"35527d6b-2a28-432c-8ed9-03f5796ad438","last_access_time":1636732747084,"last_updater_id":"35527d6b-2a28-432c-8ed9-03f5796ad438","last_update_time":1636732747084}}]}
