{"metadata":{"asset_id":"31b0b295-0fa0-4c4f-8bad-3a6951a42a1c","asset_attributes":["data_asset"],"name":"diabetic_data.csv","asset_type":"data_asset","created_at":"2021-11-10T13:43:26Z","description":"","origin_country":"us","owner_id":"IBMid-550003B08R","project_id":"f278060f-f10b-4f96-920b-b46cc73fd067","size":19159383,"tags":[],"usage":{"last_update_time":1636551810529,"last_updated_at":"2021-11-10T13:43:30Z"}},"entity":{"data_asset":{"mime_type":"text/csv","dataset":false}},"attachments":[{"id":"137119ce-b8bc-49eb-847f-652f99655018","version":2,"asset_type":"data_asset","name":"diabetic_data.csv","mime":"text/csv","datasource_type":"193a97c1-4475-4a19-b90c-295c4fdc6517","object_key":"diabetic_data.csv","creator_id":"IBMid-550003B08R","create_time":1636551810528,"size":19159383,"is_remote":false,"is_managed":false,"is_referenced":true,"is_object_key_read_only":true,"is_user_provided_path_key":true,"transfer_complete":true,"is_partitioned":false,"complete_time_ticks":1636551810528,"user_data":{},"test_doc":0,"handle":{"bucket":"hospitalreadmissionprediction-donotdelete-pr-8yeohdc4od4zvk","location":"us-geo","key":"diabetic_data.csv","upload_id":"done","max_part_num":1},"usage":{"access_count":0,"last_accessor_id":"IBMid-550003B08R","last_access_time":1636551810528}}]}
