{"metadata":{"asset_id":"5ef3f389-1935-49a6-9c02-32ac7b7d8346","asset_attributes":["data_asset"],"name":"hospital-readmission-prediction-analytics-dashboard.zip","asset_type":"data_asset","created_at":"2021-11-12T13:03:37Z","description":"","origin_country":"us","owner_id":"IBMid-550003B08R","project_id":"f278060f-f10b-4f96-920b-b46cc73fd067","size":1085824,"tags":[],"usage":{"last_update_time":1636722218112,"last_updated_at":"2021-11-12T13:03:38Z"}},"entity":{"data_asset":{"mime_type":"application/zip","dataset":false}},"attachments":[{"id":"117c08a1-306e-475a-aa31-92187a64b26a","version":2,"asset_type":"data_asset","name":"hospital-readmission-prediction-analytics-dashboard.zip","mime":"application/zip","datasource_type":"193a97c1-4475-4a19-b90c-295c4fdc6517","object_key":"hospital-readmission-prediction-analytics-dashboard.zip","creator_id":"IBMid-550003B08R","create_time":1636722218111,"size":1085824,"is_remote":false,"is_managed":false,"is_referenced":true,"is_object_key_read_only":true,"is_user_provided_path_key":true,"transfer_complete":true,"is_partitioned":false,"complete_time_ticks":1636722218111,"user_data":{},"test_doc":0,"handle":{"bucket":"hospitalreadmissionprediction-donotdelete-pr-8yeohdc4od4zvk","location":"us-geo","key":"hospital-readmission-prediction-analytics-dashboard.zip","upload_id":"done","max_part_num":1},"usage":{"access_count":0,"last_accessor_id":"IBMid-550003B08R","last_access_time":1636722218111}}]}
