{"metadata":{"asset_id":"3073826e-dcfa-486f-a633-50e7dd6e8fa0","asset_attributes":["data_asset"],"name":"patient-data.csv","asset_type":"data_asset","created_at":"2021-11-10T13:43:11Z","description":"","origin_country":"us","owner_id":"IBMid-550003B08R","project_id":"f278060f-f10b-4f96-920b-b46cc73fd067","size":485134,"tags":[],"usage":{"last_update_time":1636551792782,"last_updated_at":"2021-11-10T13:43:12Z"}},"entity":{"data_asset":{"mime_type":"text/csv","dataset":false}},"attachments":[{"id":"b5687463-1fe5-46c2-bb41-ffa39ac9b8fa","version":2,"asset_type":"data_asset","name":"patient-data.csv","mime":"text/csv","datasource_type":"193a97c1-4475-4a19-b90c-295c4fdc6517","object_key":"patient-data.csv","creator_id":"IBMid-550003B08R","create_time":1636551792781,"size":485134,"is_remote":false,"is_managed":false,"is_referenced":true,"is_object_key_read_only":true,"is_user_provided_path_key":true,"transfer_complete":true,"is_partitioned":false,"complete_time_ticks":1636551792781,"user_data":{},"test_doc":0,"handle":{"bucket":"hospitalreadmissionprediction-donotdelete-pr-8yeohdc4od4zvk","location":"us-geo","key":"patient-data.csv","upload_id":"done","max_part_num":1},"usage":{"access_count":0,"last_accessor_id":"IBMid-550003B08R","last_access_time":1636551792781}}]}
