{"metadata":{"asset_id":"af7c8a4f-fff7-4e67-b39f-bfc2b3b2e4c1","asset_attributes":["data_asset"],"name":"explanation-results.csv","asset_type":"data_asset","created_at":"2021-11-12T18:04:06Z","description":"","origin_country":"us","owner_id":"35527d6b-2a28-432c-8ed9-03f5796ad438","project_id":"f278060f-f10b-4f96-920b-b46cc73fd067","size":86855,"tags":[],"usage":{"last_update_time":1636740369652,"last_updated_at":"2021-11-12T18:06:09Z"}},"entity":{"data_asset":{"mime_type":"text/csv","dataset":false}},"attachments":[{"id":"41bf64e7-2e50-465e-a701-83111260d0f6","version":2,"asset_type":"data_asset","name":"explanation-results.csv","mime":"text/csv","datasource_type":"193a97c1-4475-4a19-b90c-295c4fdc6517","object_key":"explanation-results.csv","creator_id":"35527d6b-2a28-432c-8ed9-03f5796ad438","create_time":1636740247471,"size":86855,"is_remote":false,"is_managed":false,"is_referenced":true,"is_object_key_read_only":true,"is_user_provided_path_key":true,"transfer_complete":true,"is_partitioned":false,"complete_time_ticks":1636740247471,"user_data":{},"test_doc":0,"handle":{"bucket":"hospitalreadmissionprediction-donotdelete-pr-8yeohdc4od4zvk","location":"us-geo","key":"explanation-results.csv","upload_id":"done","max_part_num":1},"usage":{"access_count":1,"last_accessor_id":"35527d6b-2a28-432c-8ed9-03f5796ad438","last_access_time":1636740369652,"last_updater_id":"35527d6b-2a28-432c-8ed9-03f5796ad438","last_update_time":1636740369652}}]}
