{"metadata":{"asset_id":"f9ccb0f6-1c24-48bf-a79b-694e48b6a545","asset_attributes":["notebook"],"name":"2-model-training-and-deployment","asset_type":"notebook","created_at":"2021-11-10T13:47:36Z","description":"","origin_country":"us","owner_id":"IBMid-550003B08R","project_id":"f278060f-f10b-4f96-920b-b46cc73fd067","size":2229606,"tags":["notebook"],"usage":{"last_update_time":1636741570248,"last_updated_at":"2021-11-12T18:26:10Z"}},"entity":{"notebook":{"kernel":{"name":"python3","display_name":"Python 3.8","language":"python"},"originates_from":{"type":"blank"},"runtime":{"environment":"conda2py38-f278060f-f10b-4f96-920b-b46cc73fd067"}}},"attachments":[{"id":"d583905c-f7ca-4f03-904b-3e5e65f063ad","version":2,"asset_type":"notebook","name":"attachment for notebook f9ccb0f6-1c24-48bf-a79b-694e48b6a545","description":"attachment for notebook f9ccb0f6-1c24-48bf-a79b-694e48b6a545","mime":"application/json","datasource_type":"193a97c1-4475-4a19-b90c-295c4fdc6517","object_key":"notebook/2-model-training-and-deployment_p7ioirNPl.ipynb","creator_id":"IBMid-550003B08R","create_time":1636552057729,"size":2229606,"is_remote":false,"is_managed":false,"is_referenced":true,"is_object_key_read_only":false,"is_user_provided_path_key":true,"transfer_complete":true,"is_partitioned":false,"complete_time_ticks":1636552057729,"user_data":{},"test_doc":0,"handle":{"bucket":"hospitalreadmissionprediction-donotdelete-pr-8yeohdc4od4zvk","location":"us-geo","key":"notebook/2-model-training-and-deployment_p7ioirNPl.ipynb","upload_id":"done","max_part_num":1},"usage":{"access_count":46,"last_accessor_id":"IBMid-550003P291","last_access_time":1636741570247,"last_updater_id":"IBMid-550003P291","last_update_time":1636741570247}}]}
