{"metadata":{"asset_id":"377d7af2-e7fb-42a9-882f-3ce9c0ae6924","asset_attributes":["notebook"],"name":"import-wkc-glossary","asset_type":"notebook","created_at":"2021-11-15T19:03:02Z","description":"","origin_country":"us","owner_id":"IBMid-550003P291","project_id":"f278060f-f10b-4f96-920b-b46cc73fd067","size":38673,"tags":["notebook"],"usage":{"last_update_time":1637003152301,"last_updated_at":"2021-11-15T19:05:52Z"}},"entity":{"notebook":{"kernel":{"name":"python3","display_name":"Python 3.8","language":"python"},"originates_from":{"type":"blank"},"runtime":{"environment":"conda2py38-f278060f-f10b-4f96-920b-b46cc73fd067"}}},"attachments":[{"id":"55e4a38c-a951-43ae-bdf0-3813c4b023ca","version":2,"asset_type":"notebook","name":"attachment for notebook 377d7af2-e7fb-42a9-882f-3ce9c0ae6924","description":"attachment for notebook 377d7af2-e7fb-42a9-882f-3ce9c0ae6924","mime":"application/json","datasource_type":"193a97c1-4475-4a19-b90c-295c4fdc6517","object_key":"notebook/import-wkc-glossary_qzU753vGr.ipynb","creator_id":"IBMid-550003P291","create_time":1637002983100,"size":38673,"is_remote":false,"is_managed":false,"is_referenced":true,"is_object_key_read_only":false,"is_user_provided_path_key":true,"transfer_complete":true,"is_partitioned":false,"complete_time_ticks":1637002983100,"user_data":{},"test_doc":0,"handle":{"bucket":"hospitalreadmissionprediction-donotdelete-pr-8yeohdc4od4zvk","location":"us-geo","key":"notebook/import-wkc-glossary_qzU753vGr.ipynb","upload_id":"done","max_part_num":1},"usage":{"access_count":2,"last_accessor_id":"IBMid-550003P291","last_access_time":1637003152300,"last_updater_id":"IBMid-550003P291","last_update_time":1637003152300}}]}
