{"metadata":{"asset_id":"0a739545-2d21-40d1-af5d-afb15c77aa49","asset_attributes":["notebook"],"name":"1-data-preprocessing","asset_type":"notebook","created_at":"2021-11-10T13:44:41Z","description":"","origin_country":"us","owner_id":"IBMid-550003B08R","project_id":"f278060f-f10b-4f96-920b-b46cc73fd067","size":50397,"tags":["notebook"],"usage":{"last_update_time":1636732771854,"last_updated_at":"2021-11-12T15:59:31Z"}},"entity":{"notebook":{"kernel":{"name":"python3","display_name":"Python 3.8","language":"python"},"originates_from":{"type":"blank"},"runtime":{"environment":"conda2py38-f278060f-f10b-4f96-920b-b46cc73fd067"}}},"attachments":[{"id":"2de89519-81e5-4c13-ad8a-0556d33b1af4","version":2,"asset_type":"notebook","name":"attachment for notebook 0a739545-2d21-40d1-af5d-afb15c77aa49","description":"attachment for notebook 0a739545-2d21-40d1-af5d-afb15c77aa49","mime":"application/json","datasource_type":"193a97c1-4475-4a19-b90c-295c4fdc6517","object_key":"notebook/1-data-preprocessing_wvLt7QAeJ.ipynb","creator_id":"IBMid-550003B08R","create_time":1636551882486,"size":50397,"is_remote":false,"is_managed":false,"is_referenced":true,"is_object_key_read_only":false,"is_user_provided_path_key":true,"transfer_complete":true,"is_partitioned":false,"complete_time_ticks":1636551882486,"user_data":{},"test_doc":0,"handle":{"bucket":"hospitalreadmissionprediction-donotdelete-pr-8yeohdc4od4zvk","location":"us-geo","key":"notebook/1-data-preprocessing_wvLt7QAeJ.ipynb","upload_id":"done","max_part_num":1},"usage":{"access_count":20,"last_accessor_id":"IBMid-550003P291","last_access_time":1636732771854,"last_updater_id":"IBMid-550003P291","last_update_time":1636732771854}}]}
