{"metadata":{"asset_id":"8ea05e52-276e-41c1-bb5b-12c9208abd20","asset_attributes":["wml_model","modelfacts_system","modelfacts_user"],"name":"Hospital Readmission Prediction Model","asset_type":"wml_model","created_at":"2021-11-12T18:04:12Z","description":"","origin_country":"us","owner_id":"IBMid-550003P291","project_id":"f278060f-f10b-4f96-920b-b46cc73fd067","sandbox_id":"f278060f-f10b-4f96-920b-b46cc73fd067","size":120836,"tags":["hospital_readmission_pipeline_tag"],"usage":{"last_update_time":1636740256564,"last_updated_at":"2021-11-12T18:04:16Z"}},"entity":{"wml_model":{"software_spec":{"base_id":"ab9e1b80-f2ce-592c-a7d2-4f2344f77194","name":"default_py3.8"},"ml_version":"4.0.12","type":"scikit-learn_0.23","schemas":{"input":[{"fields":[{"name":"TIME_IN_HOSPITAL","type":"int64"},{"name":"NUM_LAB_PROCEDURES","type":"int64"},{"name":"NUM_PROCEDURES","type":"int64"},{"name":"NUM_MEDICATIONS","type":"int64"},{"name":"NUMBER_OUTPATIENT","type":"int64"},{"name":"NUMBER_EMERGENCY","type":"int64"},{"name":"NUMBER_DIAGNOSES","type":"int64"},{"name":"RACE","type":"object"},{"name":"GENDER","type":"object"},{"name":"AGE","type":"object"},{"name":"WEIGHT","type":"object"},{"name":"ADMISSION_TYPE_ID","type":"object"},{"name":"DISCHARGE_DISPOSITION_ID","type":"object"},{"name":"ADMISSION_SOURCE_ID","type":"object"},{"name":"PAYER_CODE","type":"object"},{"name":"DIAG_1","type":"object"},{"name":"DIAG_2","type":"object"},{"name":"DIAG_3","type":"object"},{"name":"MAX_GLU_SERUM","type":"object"},{"name":"A1CRESULT","type":"object"},{"name":"METFORMIN","type":"object"},{"name":"REPAGLINIDE","type":"object"},{"name":"NATEGLINIDE","type":"object"},{"name":"CHLORPROPAMIDE","type":"object"},{"name":"GLIMEPIRIDE","type":"object"},{"name":"GLIPIZIDE","type":"object"},{"name":"GLYBURIDE","type":"object"},{"name":"TOLBUTAMIDE","type":"object"},{"name":"PIOGLITAZONE","type":"object"},{"name":"ROSIGLITAZONE","type":"object"},{"name":"ACARBOSE","type":"object"},{"name":"MIGLITOL","type":"object"},{"name":"TOLAZAMIDE","type":"object"},{"name":"INSULIN","type":"object"},{"name":"GLYBURIDE-METFORMIN","type":"object"},{"name":"GLIPIZIDE-METFORMIN","type":"object"},{"name":"CHANGE","type":"object"},{"name":"DIABETESMED","type":"object"}],"id":"1","type":"struct"}],"output":[]}},"modelfacts_system":{"model_information":{"model_type":"scikit-learn_0.23","input_type":"","algorithm":"","prediction_type":"","software_spec":"default_py3.8","software_spec_id":"ab9e1b80-f2ce-592c-a7d2-4f2344f77194"},"training_information":{"project_name":"Hospital-Readmission-Prediction","training_data_references":[],"hyper_parameters":"","hybrid_pipeline":[],"features":38}},"modelfacts_user":{}},"attachments":[{"id":"3abe6a51-7d48-4b8a-8a9c-a1e4e9a683a2","version":2,"asset_type":"wml_model","datasource_type":"193a97c1-4475-4a19-b90c-295c4fdc6517","creator_id":"IBMid-550003P291","create_time":1636740253869,"size":120836,"is_remote":false,"is_managed":true,"is_referenced":false,"is_object_key_read_only":false,"is_user_provided_path_key":false,"transfer_complete":true,"is_partitioned":false,"complete_time_ticks":1636740256439,"user_data":{"content_format":"native"},"test_doc":0,"handle":{"bucket":"hospitalreadmissionprediction-donotdelete-pr-8yeohdc4od4zvk","location":"us-geo","type":"bluemix_cos","key":"34ccddd5-06d2-40e5-aa91-c263dbbf67ba/8ea05e52-276e-41c1-bb5b-12c9208abd20/3abe6a51-7d48-4b8a-8a9c-a1e4e9a683a2","upload_id":"done","max_part_num":1},"usage":{"access_count":0,"last_accessor_id":"IBMid-550003P291","last_access_time":1636740253869}}]}
