{"description":"Model definition asset type","fields":[{"key":"tags","type":"string","facet":false,"is_array":true,"search_path":"asset.tags","is_searchable_across_types":false}],"external_asset_preview":{},"relationships":[],"properties":{"version":{"type":"string","description":"package version","placeholder":"Put a value here","is_array":false,"required":true,"hidden":false,"readonly":false,"default_value":"1.0","min_length":0,"max_length":100},"platform":{"type":"object","description":"platform of the model_definition","placeholder":"Put a value here","is_array":false,"required":true,"hidden":false,"readonly":false,"properties":{"name":{"type":"string","description":"name","placeholder":"Put a value here","is_array":false,"required":true,"hidden":false,"readonly":false},"versions":{"type":"string","description":"versions","placeholder":"Put a value here","is_array":true,"required":true,"hidden":false,"readonly":false}}},"command":{"type":"string","description":"command for the model_definition","placeholder":"Put a value here","is_array":false,"required":false,"hidden":false,"readonly":false,"min_length":0,"max_length":1000},"custom":{"type":"object","description":"caller defined properties","placeholder":"Put a value here","is_array":false,"required":false,"hidden":false,"readonly":false,"properties":{"{user-defined-property}":{"description":"custom property","placeholder":"Put a value here","required":false,"hidden":false,"readonly":false}}}},"global_search_searchable":[],"attribute_only":false,"name":"ml_model_definition","version":1,"scope":"PROJECT"}
