{"description":"Import Asset Type","fields":[{"key":"state","type":"string","facet":true,"is_array":false,"is_searchable_across_types":false},{"key":"job_id","type":"string","facet":false,"is_array":false,"is_searchable_across_types":false},{"key":"imported_asset_id","type":"string","facet":false,"is_array":false,"search_path":"status.imported_asset_id","is_searchable_across_types":false}],"relationships":[],"properties":{"start_time":{"type":"string","validated":false,"displayInChild":false},"end_time":{"type":"string","validated":false,"displayInChild":false},"state":{"type":"string","validated":false,"displayInChild":false},"job_id":{"type":"string","validated":false,"displayInChild":false},"status":{"type":"object","is_array":true,"validated":false,"displayInChild":false,"properties":{"start_time":{"type":"string","validated":false,"displayInChild":false},"last_update_time":{"type":"string","validated":false,"displayInChild":false},"succeded":{"type":"string","is_array":true,"validated":false,"displayInChild":false},"state":{"type":"string","validated":false,"displayInChild":false},"failed":{"type":"object","is_array":true,"validated":false,"displayInChild":false,"properties":{"code":{"type":"string","validated":false,"displayInChild":false},"extra_data":{"type":"string","is_array":true,"validated":false,"displayInChild":false},"record":{"type":"number","validated":false,"displayInChild":false},"type":{"type":"string","validated":false,"displayInChild":false},"message":{"type":"string","validated":false,"displayInChild":false},"value":{"type":"string","validated":false,"displayInChild":false},"target":{"type":"string","validated":false,"displayInChild":false}}},"imported_asset_id":{"type":"string","validated":false,"displayInChild":false},"not_started":{"type":"string","is_array":true,"validated":false,"displayInChild":false}}}},"localized_metadata_attributes":{"name":{"default":"Import","en":"Import","de":"Metadatendateiimport","es":"Importación de archivo de metadatos","fr":"Importation du fichier de métadonnées","it":"Importazione file di metadati","ja":"メタデータ・ファイルのインポート","ko":"메타데이터 파일 가져오기","pt":"Importação do arquivo de metadados","ru":"Импорт файла метаданных","sv":"Importera metadatafil","zh":"元数据文件导入","zh-TW":"Meta 資料檔案匯入"}},"global_search_searchable":[],"attribute_only":false,"data_protection":{"all_attachments":true},"is_column_custom_attribute":false,"can_have_image":false,"version":2,"name":"ibm_import_asset","scope":"GLOBAL","allow_decorators":true}