{"metadata":{"asset_id":"e7ee11a6-cdbe-4e2b-babc-e55d3bc951d7","asset_attributes":["notebook"],"name":"Federated Learning Demo Part 2 - for Party","asset_type":"notebook","created_at":"2021-09-23T15:50:17Z","description":"","origin_country":"us","owner_id":"IBMid-550003P291","project_id":"50828090-0f73-44a7-ae26-2dceb26baad3","size":13339,"tags":["notebook"],"usage":{"last_update_time":1632412218355,"last_updated_at":"2021-09-23T15:50:18Z"}},"entity":{"notebook":{"kernel":"","originates_from":{"type":"blank"},"runtime":{"environment":"conda2py38-50828090-0f73-44a7-ae26-2dceb26baad3"}}},"attachments":[{"id":"9211af3f-c280-4343-8d46-4f4d4748b706","version":2,"asset_type":"notebook","name":"attachment for notebook e7ee11a6-cdbe-4e2b-babc-e55d3bc951d7","description":"attachment for notebook e7ee11a6-cdbe-4e2b-babc-e55d3bc951d7","mime":"application/json","datasource_type":"193a97c1-4475-4a19-b90c-295c4fdc6517","object_key":"notebook/Federated_Learning_Demo_Part_2_-_for_Party_d6BruHUwC.ipynb","creator_id":"IBMid-550003P291","create_time":1632412218355,"size":13339,"is_remote":false,"is_managed":false,"is_referenced":true,"is_object_key_read_only":false,"is_user_provided_path_key":true,"transfer_complete":true,"is_partitioned":false,"complete_time_ticks":1632412218355,"user_data":{},"test_doc":0,"handle":{"bucket":"federatedlearningtutorialproject-donotdelete-pr-0umzcyyn8bnpnz","location":"us-geo","key":"notebook/Federated_Learning_Demo_Part_2_-_for_Party_d6BruHUwC.ipynb","upload_id":"done","max_part_num":1},"usage":{"access_count":0,"last_accessor_id":"IBMid-550003P291","last_access_time":1632412218355}}]}
