{"metadata":{"asset_id":"0d437a50-c5a5-417a-abb7-1ed770a0949b","asset_attributes":["notebook"],"name":"Federated Learning Demo Part 1 - for Admin","asset_type":"notebook","created_at":"2021-09-23T15:53:35Z","description":"","origin_country":"us","owner_id":"IBMid-550003P291","project_id":"50828090-0f73-44a7-ae26-2dceb26baad3","size":17699,"tags":["notebook"],"usage":{"last_update_time":1632412415622,"last_updated_at":"2021-09-23T15:53:35Z"}},"entity":{"notebook":{"kernel":"","originates_from":{"type":"blank"},"runtime":{"environment":"conda2py38-50828090-0f73-44a7-ae26-2dceb26baad3"}}},"attachments":[{"id":"09a54bd8-f50c-43d6-99be-5d03c4886a85","version":2,"asset_type":"notebook","name":"attachment for notebook 0d437a50-c5a5-417a-abb7-1ed770a0949b","description":"attachment for notebook 0d437a50-c5a5-417a-abb7-1ed770a0949b","mime":"application/json","datasource_type":"193a97c1-4475-4a19-b90c-295c4fdc6517","object_key":"notebook/Federated_Learning_Demo_Part_1_-_for_Admin_df44k1vYA.ipynb","creator_id":"IBMid-550003P291","create_time":1632412415622,"size":17699,"is_remote":false,"is_managed":false,"is_referenced":true,"is_object_key_read_only":false,"is_user_provided_path_key":true,"transfer_complete":true,"is_partitioned":false,"complete_time_ticks":1632412415622,"user_data":{},"test_doc":0,"handle":{"bucket":"federatedlearningtutorialproject-donotdelete-pr-0umzcyyn8bnpnz","location":"us-geo","key":"notebook/Federated_Learning_Demo_Part_1_-_for_Admin_df44k1vYA.ipynb","upload_id":"done","max_part_num":1},"usage":{"access_count":0,"last_accessor_id":"IBMid-550003P291","last_access_time":1632412415622}}]}
