{"metadata":{"asset_id":"340f8064-86fa-4b85-b441-7c84e7a32ae3","asset_attributes":["data_asset"],"name":"hotel_reviews.csv","asset_type":"data_asset","created_at":"2022-11-22T16:33:22Z","origin_country":"us","owner_id":"1000330999","project_id":"f31c3771-2273-4a99-9dde-6c6bfe94e892","size":728488,"usage":{"last_update_time":1669134802610,"last_updated_at":"2022-11-22T16:33:22Z"}},"entity":{"data_asset":{"mime_type":"text/csv","dataset":false}},"attachments":[{"id":"d5a3f282-1cf6-4794-8537-8b4c6ce80e3f","version":2,"asset_type":"data_asset","name":"hotel_reviews (1).csv","mime":"text/csv","datasource_type":"81bafdbd-b7c6-45c5-a4fd-6ec135f66f4e","object_key":"data_asset/hotel_reviews (1).csv","creator_id":"icp4d-dev","create_time":1669134802546,"size":728488,"is_remote":false,"is_managed":false,"is_referenced":true,"is_object_key_read_only":true,"is_user_provided_path_key":true,"transfer_complete":true,"is_partitioned":false,"complete_time_ticks":1669134802546,"user_data":{},"test_doc":0,"handle":{"type":"assetfiles","key":"data_asset/hotel_reviews (1).csv","upload_id":"done","max_part_num":1},"usage":{"access_count":0,"last_accessor_id":"icp4d-dev","last_access_time":1669134802546}}]}