{"metadata":{"asset_id":"c5125a78-f297-4e3d-b7c2-e5e742c7da2a","asset_attributes":["hardware_specification"],"name":"NLP Classification Training","asset_type":"hardware_specification","created_at":"2022-11-22T16:33:22Z","description":"","origin_country":"us","owner_id":"1000330999","project_id":"f31c3771-2273-4a99-9dde-6c6bfe94e892","sandbox_id":"f31c3771-2273-4a99-9dde-6c6bfe94e892","size":0,"tags":["dsx"],"usage":{"last_update_time":1669134802505,"last_updated_at":"2022-11-22T16:33:22Z"}},"entity":{"hardware_specification":{"nodes":{"cpu":{"units":"1","model":""},"mem":{"size":"12Gi"}}}}}