{"metadata":{"asset_id":"b27e6a21-405d-4c22-9d4d-69123617ebee","asset_attributes":["notebook"],"name":"Entity extraction on financial complaints","asset_type":"notebook","created_at":"2022-11-22T16:33:24Z","description":"","origin_country":"us","owner_id":"1000330999","project_id":"f31c3771-2273-4a99-9dde-6c6bfe94e892","size":151253,"tags":["notebook"],"usage":{"last_update_time":1669137297793,"last_updated_at":"2022-11-22T17:14:57Z"}},"entity":{"notebook":{"kernel":{"name":"python3","display_name":"Python 3.9","language":"python"},"originates_from":{"type":"file"},"runtime":{"environment":"f28ca0a5-9376-4095-a1a5-e1fa776992b0"}}},"attachments":[{"id":"5eeb3a6c-0cec-4c36-8cdb-0a834a298fd6","version":2,"asset_type":"notebook","name":"attachment for notebook b27e6a21-405d-4c22-9d4d-69123617ebee","description":"attachment for notebook b27e6a21-405d-4c22-9d4d-69123617ebee","mime":"application/json","datasource_type":"81bafdbd-b7c6-45c5-a4fd-6ec135f66f4e","object_key":"notebook/Entity_extraction_on_financial_complaints_yeNjtSv10.ipynb","creator_id":"1000330999","create_time":1669134804114,"size":151253,"is_remote":false,"is_managed":false,"is_referenced":true,"is_object_key_read_only":false,"is_user_provided_path_key":true,"transfer_complete":true,"is_partitioned":false,"complete_time_ticks":1669134804114,"user_data":{},"test_doc":0,"handle":{"type":"assetfiles","key":"notebook/Entity_extraction_on_financial_complaints_yeNjtSv10.ipynb","upload_id":"done","max_part_num":1},"usage":{"access_count":4,"last_accessor_id":"1000330999","last_access_time":1669136947543,"last_updater_id":"1000330999","last_update_time":1669136947543}}]}