{"metadata":{"asset_id":"9bb41bea-d6a2-4aea-aee1-445d2ecaecff","asset_attributes":["notebook"],"name":"Deploy Custom Classification Model","asset_type":"notebook","created_at":"2022-11-22T16:33:24Z","description":"","origin_country":"us","owner_id":"1000330999","project_id":"f31c3771-2273-4a99-9dde-6c6bfe94e892","size":9714,"tags":["notebook"],"usage":{"last_update_time":1669190242291,"last_updated_at":"2022-11-23T07:57:22Z"}},"entity":{"notebook":{"kernel":{"name":"python3","display_name":"Python 3.9","language":"python"},"originates_from":{"type":"file"},"runtime":{"environment":"jupconda221-f31c3771-2273-4a99-9dde-6c6bfe94e892"}}},"attachments":[{"id":"47878202-94ca-4dc1-99d2-9b38454c64e1","version":2,"asset_type":"notebook","name":"attachment for notebook 9bb41bea-d6a2-4aea-aee1-445d2ecaecff","description":"attachment for notebook 9bb41bea-d6a2-4aea-aee1-445d2ecaecff","mime":"application/json","datasource_type":"81bafdbd-b7c6-45c5-a4fd-6ec135f66f4e","object_key":"notebook/Deploy_Pretrained_Sentiment_Model_copy_Kj6bSDUOJ.ipynb","creator_id":"1000330999","create_time":1669134804112,"size":9714,"is_remote":false,"is_managed":false,"is_referenced":true,"is_object_key_read_only":false,"is_user_provided_path_key":true,"transfer_complete":true,"is_partitioned":false,"complete_time_ticks":1669134804112,"user_data":{},"test_doc":0,"handle":{"type":"assetfiles","key":"notebook/Deploy_Pretrained_Sentiment_Model_copy_Kj6bSDUOJ.ipynb","upload_id":"done","max_part_num":1},"usage":{"access_count":3,"last_accessor_id":"1000330999","last_access_time":1669190241673,"last_updater_id":"1000330999","last_update_time":1669190241673}}]}