{"metadata":{"asset_id":"3fbd5b9a-f893-4baa-b63d-7ad3378505f7","asset_attributes":["data_asset","data_profile_nlu"],"name":"gmb_subset_full.txt","asset_type":"data_asset","created_at":"2021-02-15T01:36:38Z","description":"","origin_country":"us","owner_id":"IBMid-550003P291","project_id":"d2cbbcdf-f46b-4efa-8e5b-d1dc4425f1f0","size":14847893,"tags":[],"usage":{"last_update_time":1613353023089,"last_updated_at":"2021-02-15T01:37:03Z"}},"entity":{"data_asset":{"mime_type":"text/plain","dataset":false},"data_profile_nlu":{"status":"completed","profiling_summary":[{"result":{"categories":[{"score":0.957444,"label":"/society/unrest and war"},{"score":0.935849,"label":"/law, govt and politics"},{"score":0.871898,"label":"/law, govt and politics/armed forces"}],"concepts":[{"score":0.948524,"label":"Trigraph"},{"score":0.890531,"label":"Gh"}],"sentiment":{"score":-0.378382,"label":"negative"},"emotion":{"sadness":0.481109,"joy":0.002048,"fear":0.415403,"disgust":0.041453,"anger":0.104526}}}]}},"attachments":[{"id":"b5c198d0-4515-467f-81d3-d536adf2b8cb","version":2,"asset_type":"data_asset","name":"gmb_subset_full.txt","mime":"text/plain","datasource_type":"193a97c1-4475-4a19-b90c-295c4fdc6517","object_key":"gmb_subset_full.txt","creator_id":"iam-ServiceId-f49c5558-c247-4983-a04f-7d3c7a3d55da","create_time":1613352999269,"size":14799990,"is_remote":false,"is_managed":false,"is_referenced":true,"is_object_key_read_only":false,"is_user_provided_path_key":true,"transfer_complete":true,"is_partitioned":false,"complete_time_ticks":1613352999269,"user_data":{},"test_doc":0,"handle":{"bucket":"groningenmeaningbankproject-donotdelete-pr-jljwpohzo9xgyc","location":"us-geo","key":"gmb_subset_full.txt","upload_id":"done","max_part_num":1},"usage":{"access_count":0,"last_accessor_id":"iam-ServiceId-f49c5558-c247-4983-a04f-7d3c7a3d55da","last_access_time":1613352999269}},{"id":"28039094-0424-487f-878e-a7fea19b5173","version":2,"asset_type":"data_profile_nlu","name":"nlu_3fbd5b9a-f893-4baa-b63d-7ad3378505f7.json","mime":"application/json","datasource_type":"193a97c1-4475-4a19-b90c-295c4fdc6517","object_key":"data_profile_nlu/2021-02-15-01_37_01-nlu_3fbd5b9a-f893-4baa-b63d-7ad3378505f7.json","creator_id":"iam-ServiceId-5d9bb1d6-b10e-410d-a535-ad6b78e9773b","create_time":1613353023088,"size":47903,"is_remote":false,"is_managed":false,"is_referenced":true,"is_object_key_read_only":false,"is_user_provided_path_key":true,"transfer_complete":true,"is_partitioned":false,"complete_time_ticks":1613353023088,"user_data":{},"test_doc":0,"handle":{"bucket":"groningenmeaningbankproject-donotdelete-pr-jljwpohzo9xgyc","location":"us-geo","key":"data_profile_nlu/2021-02-15-01_37_01-nlu_3fbd5b9a-f893-4baa-b63d-7ad3378505f7.json","upload_id":"done","max_part_num":1},"usage":{"access_count":0,"last_accessor_id":"iam-ServiceId-5d9bb1d6-b10e-410d-a535-ad6b78e9773b","last_access_time":1613353023088}}]}
