{"metadata":{"asset_id":"11c3d312-740d-4f8d-9518-5724c3ab030a","asset_attributes":["notebook"],"name":"Part 2 - Named Entity Recognition","asset_type":"notebook","created_at":"2021-02-15T01:36:39Z","description":"Create a named entity recognition model using the cleaned data produced in Part 1.","origin_country":"us","owner_id":"iam-ServiceId-aa2183a6-ed8d-4fca-aa0a-b136ed2eef19","project_id":"d2cbbcdf-f46b-4efa-8e5b-d1dc4425f1f0","size":21049,"tags":["notebook"],"usage":{"last_update_time":1613354131018,"last_updated_at":"2021-02-15T01:55:31Z"}},"entity":{"notebook":{"kernel":{"name":"python3","display_name":"Python 3.7","language":"python"},"originates_from":{"type":"file"},"runtime":{"environment":"conda4py37-d2cbbcdf-f46b-4efa-8e5b-d1dc4425f1f0"}}},"attachments":[{"id":"b562eb3e-709b-4795-8768-88a2c141619f","version":2,"asset_type":"notebook","name":"attachment for notebook 11c3d312-740d-4f8d-9518-5724c3ab030a","description":"attachment for notebook 11c3d312-740d-4f8d-9518-5724c3ab030a","mime":"application/json","datasource_type":"193a97c1-4475-4a19-b90c-295c4fdc6517","object_key":"notebook/Part_2_-_Named_Entity_Recognition_xjM566SJf.ipynb","creator_id":"IBMid-550003P291","create_time":1613353000631,"size":21049,"is_remote":false,"is_managed":false,"is_referenced":true,"is_object_key_read_only":false,"is_user_provided_path_key":true,"transfer_complete":true,"is_partitioned":false,"complete_time_ticks":1613353000631,"user_data":{},"test_doc":0,"handle":{"bucket":"groningenmeaningbankproject-donotdelete-pr-jljwpohzo9xgyc","location":"us-geo","key":"notebook/Part_2_-_Named_Entity_Recognition_xjM566SJf.ipynb","upload_id":"done","max_part_num":1},"usage":{"access_count":0,"last_accessor_id":"IBMid-550003P291","last_access_time":1613353000631}}]}
