{"metadata":{"asset_id":"384c50a8-19e4-4302-b6c0-1ac38a9712f8","asset_attributes":["notebook"],"name":"Part 1 - Data Exploration","asset_type":"notebook","created_at":"2021-02-15T01:36:39Z","description":"Explore, visualize and clean the dataset. Start with the`gmb_subset_full.txt` file and save the modified data to `gmb_subset_full_cleaned.csv`.","origin_country":"us","owner_id":"iam-ServiceId-aa2183a6-ed8d-4fca-aa0a-b136ed2eef19","project_id":"d2cbbcdf-f46b-4efa-8e5b-d1dc4425f1f0","size":23456,"tags":["notebook"],"usage":{"last_update_time":1613355049281,"last_updated_at":"2021-02-15T02:10:49Z"}},"entity":{"notebook":{"kernel":{"name":"python3","display_name":"Python 3.7","language":"python"},"originates_from":{"type":"file"},"runtime":{"environment":"conda4py37-d2cbbcdf-f46b-4efa-8e5b-d1dc4425f1f0"}}},"attachments":[{"id":"5f751cee-a080-4797-9469-2dcc85de6d37","version":2,"asset_type":"notebook","name":"attachment for notebook 384c50a8-19e4-4302-b6c0-1ac38a9712f8","description":"attachment for notebook 384c50a8-19e4-4302-b6c0-1ac38a9712f8","mime":"application/json","datasource_type":"193a97c1-4475-4a19-b90c-295c4fdc6517","object_key":"notebook/Part_1_-_Data_Exploration_6UjtJGKJT.ipynb","creator_id":"IBMid-550003P291","create_time":1613353000616,"size":23456,"is_remote":false,"is_managed":false,"is_referenced":true,"is_object_key_read_only":false,"is_user_provided_path_key":true,"transfer_complete":true,"is_partitioned":false,"complete_time_ticks":1613353000616,"user_data":{},"test_doc":0,"handle":{"bucket":"groningenmeaningbankproject-donotdelete-pr-jljwpohzo9xgyc","location":"us-geo","key":"notebook/Part_1_-_Data_Exploration_6UjtJGKJT.ipynb","upload_id":"done","max_part_num":1},"usage":{"access_count":0,"last_accessor_id":"IBMid-550003P291","last_access_time":1613353000616}}]}
