{
  "openapi": "3.0.2",
  "info": {
    "version": "1.0 (2023/12/14)",
    "title": "Watson Machine Learning Prediction API",
    "x-alternate-name": "watson_machine_learning_prediction",
    "description": "IBM Watson Machine Learning (WML) Prediction API\nEndpoint reference can be found [here](https://cloud.ibm.com/apidocs/machine-learning#deployments-compute-predictions).",
    "x-last-updated": "2023-12-18"
  },
  "servers": [
    {
      "description": "WML API Endpoint - Dallas",
      "url": "https://us-south.ml.cloud.ibm.com"
    },
    {
      "description": "WML API Endpoint - London",
      "url": "https://eu-gb.ml.cloud.ibm.com"
    },
    {
      "description": "WML API Endpoint - Frankfurt",
      "url": "https://eu-de.ml.cloud.ibm.com"
    },
    {
      "description": "WML API Endpoint - Tokyo",
      "url": "https://jp-tok.ml.cloud.ibm.com"
    },
    {
      "description": "WML API Endpoint - watsonx.ai Software",
      "url": "https://route.apps.my.server.com"
    }
  ],
  "security": [
    {
      "oAuth2": []
    },
    {
      "basicAuth": []
    },
    {
      "bearerAuth": []
    },
    {
      "apiKeyAuth": []
    }
  ],
  "components": {
    "securitySchemes": {
      "oAuth2": {
        "description": "IAM access (token)",
        "type": "oauth2",
        "flows": {
          "x-apikey": {
            "tokenUrl": "https://iam.cloud.ibm.com/identity/token",
            "grantType": "urn:ibm:params:oauth:grant-type:apikey",
            "secretKeys": [
              "apikey"
            ],
            "paramKeys": [],
            "scopes": {}
          }
        }
      },
      "basicAuth": {
        "description": "User id and password/user api key",
        "type": "http",
        "scheme": "basic"
      },
      "bearerAuth": {
        "description": "Bearer token",
        "type": "http",
        "scheme": "bearer"
      },
      "apiKeyAuth": {
        "description": "ZenApiKey",
        "type": "apiKey",
        "in": "header",
        "name": "Authorization"
      }
    },
    "parameters": {
      "version": {
        "name": "version",
        "description": "The version date for the API of the form `YYYY-MM-DD`.\n",
        "example": "2022-08-01",
        "in": "query",
        "schema": {
          "type": "string",
          "format": "date",
          "default": "2021-05-01"
        },
        "required": true,
        "x-sdk-global-param": true
      }
    },
    "schemas": {
      "sync_scoring_data": {
        "type": "object",
        "description": "Scoring data.\n",
        "required": [
          "input_data"
        ],
        "properties": {
          "input_data": {
            "title": "input_data",
            "type": "array",
            "description": "The input data.\n",
            "items": {
              "title": "input_data_array",
              "type": "object",
              "description": "The input data.\n",
              "properties": {
                "id": {
                  "type": "string",
                  "description": "Discriminates the data for multi input data situation. For example\nin cases where multiple tensors are expected.\n"
                },
                "fields": {
                  "type": "array",
                  "items": {
                    "type": "string"
                  },
                  "description": "The names of the fields. The order of fields values must be consistent with the order of fields names.\n",
                  "example": [
                    "name",
                    "age",
                    "occupation"
                  ]
                },
                "values": {
                  "title": "matrix_or_vector_data",
                  "description": "Input data as a a vector for a single record or a matrix representing a mini batch of records.\n",
                  "type": "array",
                  "items": {
                    "description": "The record or matrix.\n",
                    "type": "array",
                    "items": {
                      "description": "The record.\n"
                    }
                  }
                }
              }
            }
          }
        }
      },
      "sync_scoring_data_results": {
        "type": "object",
        "description": "Scoring results.\n",
        "properties": {
          "predictions": {
            "type": "array",
            "description": "The predictions.\n",
            "items": {
              "$ref": "#/components/schemas/scoring_payload"
            }
          }
        }
      },
      "scoring_payload": {
        "type": "object",
        "description": "The payload for scoring.\n",
        "properties": {
          "id": {
            "type": "string",
            "description": "Discriminates the data for multi input data situation. For example\nin cases where multiple tensors are expected.\n"
          },
          "type": {
            "description": "If specified, the `values` represents the ground truth data (the label information) for the input data provided.\nThis information will be used for computing machine learning metrics.\n",
            "type": "string",
            "enum": [
              "target"
            ]
          },
          "fields": {
            "type": "array",
            "items": {
              "type": "string"
            },
            "description": "The names of the fields. The order of fields values must be consistent with the order of fields names.\n"
          },
          "values": {
            "title": "input_data",
            "description": "Input data as a vector for a single record or a matrix representing a mini batch of records.\n",
            "type": "array",
            "items": {
              "type": "array",
              "description": "The records.\n",
              "items": {
                "description": "The record.\n"
              }
            }
          },
          "targets": {
            "description": "Used when performing evaluation. This contains the groud truths for the input data.\n",
            "type": "array",
            "items": {
              "type": "array",
              "items": {
                "type": "object"
              }
            }
          }
        }
      },
      "error": {
        "title": "error",
        "description": "The data returned when an error is encountered.\n",
        "properties": {
          "trace": {
            "type": "string",
            "example": "w7vrpmm9479z2o0hxhex0ttgat4qv9ev",
            "description": "An identifier that can be used to trace the request.\n"
          },
          "errors": {
            "type": "array",
            "description": "The list of errors.\n",
            "items": {
              "$ref": "#/components/schemas/error_item"
            }
          }
        },
        "required": [
          "trace",
          "errors"
        ]
      },
      "error_item": {
        "type": "object",
        "properties": {
          "code": {
            "type": "string",
            "example": "missing_field",
            "description": "A simple code that should convey the general sense of the error.\n"
          },
          "message": {
            "type": "string",
            "example": "The 'name' field is required.",
            "description": "The message that describes the error.\n"
          },
          "more_info": {
            "type": "string",
            "example": "https://cloud.ibm.com/apidocs/machine-learning#models-get",
            "description": "A reference to a more detailed explanation when available.\n"
          }
        },
        "required": [
          "code",
          "message"
        ]
      }
    },
    "responses": {
      "BadRequest": {
        "description": "Bad request, the response body should contain the reason.\n",
        "content": {
          "application/json": {
            "schema": {
              "$ref": "#/components/schemas/error"
            }
          }
        }
      },
      "Unauthorized": {
        "description": "Unauthorized.\n",
        "content": {
          "application/json": {
            "schema": {
              "$ref": "#/components/schemas/error"
            }
          }
        }
      },
      "Forbidden": {
        "description": "Forbidden, an authentication error including trying to access a forbidden space.\n",
        "content": {
          "application/json": {
            "schema": {
              "$ref": "#/components/schemas/error"
            }
          }
        }
      },
      "NotFound": {
        "description": "The specified resource was not found.\n",
        "content": {
          "application/json": {
            "schema": {
              "$ref": "#/components/schemas/error"
            }
          }
        }
      }
    }
  },
  "paths": {
    "/ml/v4/deployments/{deployment_id}/predictions": {
      "post": {
        "operationId": "deployments_compute_predictions",
        "tags": [
          "Deployments"
        ],
        "summary": "Execute a synchronous deployment prediction",
        "description": "Execute a synchronous prediction for the deployment with the specified identifier.\nIf a `serving_name` is used then it must match the `serving_name` that is returned in the `inference` field.\n",
        "parameters": [
          {
            "$ref": "#/components/parameters/version"
          },
          {
            "name": "deployment_id",
            "in": "path",
            "description": "The `deployment_id` can be either the `deployment_id` that identifies the deployment or a `serving_name` that allows a predefined URL to be used to post a prediction.",
            "required": true,
            "schema": {
              "type": "string"
            }
          }
        ],
        "requestBody": {
          "description": "The scoring data.\n",
          "content": {
            "application/json": {
              "schema": {
                "$ref": "#/components/schemas/sync_scoring_data"
              }
            }
          },
          "required": true
        },
        "responses": {
          "200": {
            "description": "Scoring response.",
            "content": {
              "application/json": {
                "schema": {
                  "$ref": "#/components/schemas/sync_scoring_data_results"
                }
              }
            }
          },
          "400": {
            "$ref": "#/components/responses/BadRequest"
          },
          "401": {
            "$ref": "#/components/responses/Unauthorized"
          },
          "403": {
            "$ref": "#/components/responses/Forbidden"
          },
          "404": {
            "$ref": "#/components/responses/NotFound"
          }
        }
      }
    }
  }
}
