{"description":"Business Intelligence Report Query Item","fields":[],"external_asset_preview":{},"relationships":[],"properties":{"transformation_expression":{"type":"string","description":"Transformation expression of BI Report Query Item","is_array":false,"validated":false,"displayInChild":false,"restricted":false},"transformation_tag":{"type":"string","description":"Transformation tag of BI Report Query Item","is_array":false,"validated":false,"displayInChild":false,"restricted":false},"visualization_hyperlink":{"type":"string","description":"An external link to visually explore lineage information","is_array":false,"validated":false,"displayInChild":false,"restricted":false}},"localized_metadata_attributes":{"name":{"default":"BI Report Query Item","en":"BI Report Query Item"}},"global_search_searchable":[],"attribute_only":false,"is_column_custom_attribute":false,"can_have_image":false,"version":1,"name":"bi_report_query_item","scope":"PROJECT","allow_decorators":true}
