{"description":"Deployment job definition asset type","fields":[{"key":"deployment","type":"string","facet":false,"is_array":true,"search_path":"deployment.id","is_searchable_across_types":false},{"key":"hardware_spec_dependencies","type":"string","facet":false,"is_array":true,"search_path":"hardware_spec_dependencies","is_searchable_across_types":false},{"key":"data_asset_dependencies","type":"string","facet":false,"is_array":true,"search_path":"data_asset_dependencies","is_searchable_across_types":false}],"external_asset_preview":{},"relationships":[{"key":"hardware_spec_dependencies","target_asset_type":"hardware_specification","on_delete_target":"IGNORE","on_delete":"IGNORE","on_clone_target":"IGNORE","on_clone":"IGNORE","on_promote":"IGNORE","on_publish":"IGNORE"},{"key":"data_asset_dependencies","target_asset_type":"data_asset","on_delete_target":"IGNORE","on_delete":"IGNORE","on_clone_target":"IGNORE","on_clone":"IGNORE","on_promote":"IGNORE","on_publish":"IGNORE"}],"properties":{"custom":{"type":"object","description":"caller defined properties","placeholder":"Put a value here","is_array":false,"required":false,"hidden":false,"readonly":false,"properties":{"{user-defined-property}":{"description":"custom property","placeholder":"Put a value here","required":false,"hidden":false,"readonly":false}}},"data_asset_dependencies":{"type":"string","description":"list of dependent data_asset ids for the training definition","placeholder":"Put a value here","is_array":true,"required":false,"hidden":true,"readonly":false},"decision_optimization":{"type":"object","description":"The payload for decision optimization","placeholder":"Put a value here","is_array":false,"required":false,"hidden":false,"readonly":false,"properties":{"input_data":{"type":"object","description":"input data","placeholder":"Put a value here","is_array":true,"required":false,"hidden":false,"readonly":false,"properties":{"content":{"type":"string","description":"content of the input","placeholder":"Put a value here","is_array":false,"required":false,"hidden":false,"readonly":false},"fields":{"type":"string","description":"The names of the fields. The order of fields values must be consistent with the order of fields names","placeholder":"Put a value here","is_array":true,"required":false,"hidden":false,"readonly":false},"id":{"type":"string","description":"Discriminates the data for multi input data situation","placeholder":"Put a value here","is_array":false,"required":true,"hidden":false,"readonly":false},"meta":{"type":"object","description":"values for the content metadata","placeholder":"Put a value here","is_array":false,"required":false,"hidden":false,"readonly":false,"properties":{"encoding":{"type":"string","description":"encoding for the content","placeholder":"Put a value here","is_array":false,"required":true,"hidden":false,"readonly":false},"mime_type":{"type":"string","description":"mine_type for the content","placeholder":"Put a value here","is_array":false,"required":true,"hidden":false,"readonly":false}}},"targets":{"type":"object","description":"Used when performing evaluation. This contains the groud truths for the input data.","placeholder":"Put a value here","is_array":true,"required":false,"hidden":false,"readonly":false,"properties":{"{user-defined-array}":{"type":"object","description":"input data","placeholder":"Put a value here","is_array":true,"required":false,"hidden":false,"readonly":false}}},"type":{"type":"string","description":"input type","placeholder":"Put a value here","is_array":false,"required":false,"hidden":false,"readonly":false},"values":{"type":"object","description":"values for the fields","placeholder":"Put a value here","is_array":true,"required":false,"hidden":false,"readonly":false,"properties":{"{user-defined-input-data}":{"description":"input data","placeholder":"Put a value here","required":false,"hidden":false,"readonly":false}}}}},"input_data_references":{"type":"object","description":"input data references for the deployment job","placeholder":"Put a value here","is_array":true,"required":false,"hidden":false,"readonly":false,"properties":{"connection":{"type":"object","description":"connection details","placeholder":"Put a value here","is_array":false,"required":true,"hidden":false,"readonly":false,"properties":{"{connection_properties}":{}}},"id":{"type":"string","description":"id of the input","placeholder":"Put a value here","is_array":false,"required":true,"hidden":false,"readonly":false},"location":{"type":"object","description":"file or folder details","placeholder":"Put a value here","is_array":false,"required":true,"hidden":false,"readonly":false,"properties":{"{location_properties}":{}}},"schema":{"type":"object","description":"The schema of the expected data","placeholder":"Put a value here","is_array":false,"required":false,"hidden":false,"readonly":false,"properties":{"fields":{"type":"object","description":"fields of the schema","placeholder":"Put a value here","is_array":true,"required":false,"hidden":false,"readonly":false,"properties":{"metadata":{"type":"object","description":"metadata of the schema field","placeholder":"Put a value here","is_array":false,"required":false,"hidden":false,"readonly":false,"properties":{"decimal_precision":{"type":"number","description":"decimal precision","placeholder":"Put a value here","is_array":false,"required":false,"hidden":false,"readonly":false},"decimal_scale":{"type":"number","description":"decimal scale","placeholder":"Put a value here","is_array":false,"required":false,"hidden":false,"readonly":false},"description":{"type":"string","description":"description of the schema metadata","placeholder":"Put a value here","is_array":false,"required":false,"hidden":false,"readonly":false},"max_length":{"type":"number","description":"max length","placeholder":"Put a value here","is_array":false,"required":false,"hidden":false,"readonly":false},"measure":{"type":"string","description":"measure of the schema metadata","placeholder":"Put a value here","is_array":false,"required":true,"hidden":false,"readonly":false},"modeling_role":{"type":"string","description":"modeling role","placeholder":"Put a value here","is_array":false,"required":true,"hidden":false,"readonly":false},"range":{"type":"object","description":"range","placeholder":"Put a value here","is_array":false,"required":false,"hidden":false,"readonly":false,"properties":{"max":{"type":"number","description":"max","placeholder":"Put a value here","is_array":false,"required":true,"hidden":false,"readonly":false},"min":{"type":"number","description":"min","placeholder":"Put a value here","is_array":false,"required":true,"hidden":false,"readonly":false}}},"runtime_type":{"type":"string","description":"runtime type","placeholder":"Put a value here","is_array":false,"required":false,"hidden":false,"readonly":false},"values":{"type":"string","description":"values","placeholder":"Put a value here","is_array":true,"required":false,"hidden":false,"readonly":false}}},"name":{"type":"string","description":"name of the schema field","placeholder":"Put a value here","is_array":false,"required":true,"hidden":false,"readonly":false},"nullable":{"type":"bool","description":"nullable of the schema field","placeholder":"Put a value here","is_array":false,"required":false,"hidden":false,"readonly":false},"type":{"type":"string","description":"type of the schema field","placeholder":"Put a value here","is_array":false,"required":true,"hidden":false,"readonly":false}}},"id":{"type":"string","description":"id of the schema","placeholder":"Put a value here","is_array":false,"required":true,"hidden":false,"readonly":false},"name":{"type":"string","description":"name of the schema","placeholder":"Put a value here","is_array":false,"required":false,"hidden":false,"readonly":false},"struct_types":{"type":"object","description":"struct types","placeholder":"Put a value here","is_array":false,"required":false,"hidden":false,"readonly":false,"properties":{"{user-defined-property}":{"type":"object","description":"struct type","placeholder":"Put a value here","is_array":false,"required":false,"hidden":false,"readonly":false,"properties":{"fields":{"type":"object","description":"fields of the schema","placeholder":"Put a value here","is_array":true,"required":true,"hidden":false,"readonly":false,"properties":{"metadata":{"type":"object","description":"metadata of the schema field","placeholder":"Put a value here","is_array":false,"required":false,"hidden":false,"readonly":false,"properties":{"decimal_precision":{"type":"number","description":"decimal precision","placeholder":"Put a value here","is_array":false,"required":false,"hidden":false,"readonly":false},"decimal_scale":{"type":"number","description":"decimal scale","placeholder":"Put a value here","is_array":false,"required":false,"hidden":false,"readonly":false},"description":{"type":"string","description":"description of the schema metadata","placeholder":"Put a value here","is_array":false,"required":false,"hidden":false,"readonly":false},"max_length":{"type":"number","description":"max length","placeholder":"Put a value here","is_array":false,"required":false,"hidden":false,"readonly":false},"measure":{"type":"string","description":"measure of the schema metadata","placeholder":"Put a value here","is_array":false,"required":true,"hidden":false,"readonly":false},"modeling_role":{"type":"string","description":"modeling role","placeholder":"Put a value here","is_array":false,"required":true,"hidden":false,"readonly":false},"range":{"type":"object","description":"range","placeholder":"Put a value here","is_array":false,"required":false,"hidden":false,"readonly":false,"properties":{"max":{"type":"number","description":"max","placeholder":"Put a value here","is_array":false,"required":true,"hidden":false,"readonly":false},"min":{"type":"number","description":"min","placeholder":"Put a value here","is_array":false,"required":true,"hidden":false,"readonly":false}}},"runtime_type":{"type":"string","description":"runtime type","placeholder":"Put a value here","is_array":false,"required":false,"hidden":false,"readonly":false},"values":{"type":"string","description":"values","placeholder":"Put a value here","is_array":true,"required":false,"hidden":false,"readonly":false}}},"name":{"type":"string","description":"name of the schema field","placeholder":"Put a value here","is_array":false,"required":true,"hidden":false,"readonly":false},"nullable":{"type":"bool","description":"type of the schema field","placeholder":"Put a value here","is_array":false,"required":false,"hidden":false,"readonly":false},"type":{"type":"string","description":"type of the schema field","placeholder":"Put a value here","is_array":false,"required":true,"hidden":false,"readonly":false}}}}}}},"type":{"type":"string","description":"type of the schema","placeholder":"Put a value here","is_array":false,"required":false,"hidden":false,"readonly":false}}},"type":{"type":"string","description":"type of the data source","placeholder":"Put a value here","is_array":false,"required":true,"hidden":false,"readonly":false}}},"output_data":{"type":"object","description":"output data","placeholder":"Put a value here","is_array":true,"required":false,"hidden":false,"readonly":false,"properties":{"id":{"type":"string","description":"id of the output","placeholder":"Put a value here","is_array":false,"required":true,"hidden":false,"readonly":false},"name":{"type":"string","description":"output data name","placeholder":"Put a value here","is_array":false,"required":false,"hidden":false,"readonly":false}}},"output_data_reference":{"type":"object","description":"output data references for the deployment job","placeholder":"Put a value here","is_array":true,"required":false,"hidden":false,"readonly":false,"properties":{"connection":{"type":"object","description":"connection details","placeholder":"Put a value here","is_array":false,"required":true,"hidden":false,"readonly":false,"properties":{"{connection_properties}":{}}},"id":{"type":"string","description":"id of the output","placeholder":"Put a value here","is_array":false,"required":true,"hidden":false,"readonly":false},"location":{"type":"object","description":"file or folder details","placeholder":"Put a value here","is_array":false,"required":true,"hidden":false,"readonly":false,"properties":{"{location_properties}":{}}},"schema":{"type":"object","description":"The schema of the expected data","placeholder":"Put a value here","is_array":false,"required":false,"hidden":false,"readonly":false,"properties":{"fields":{"type":"object","description":"fields of the schema","placeholder":"Put a value here","is_array":true,"required":false,"hidden":false,"readonly":false,"properties":{"metadata":{"type":"object","description":"metadata of the schema field","placeholder":"Put a value here","is_array":false,"required":false,"hidden":false,"readonly":false,"properties":{"decimal_precision":{"type":"number","description":"decimal precision","placeholder":"Put a value here","is_array":false,"required":false,"hidden":false,"readonly":false},"decimal_scale":{"type":"number","description":"decimal scale","placeholder":"Put a value here","is_array":false,"required":false,"hidden":false,"readonly":false},"description":{"type":"string","description":"description of the schema metadata","placeholder":"Put a value here","is_array":false,"required":false,"hidden":false,"readonly":false},"max_length":{"type":"number","description":"max length","placeholder":"Put a value here","is_array":false,"required":false,"hidden":false,"readonly":false},"measure":{"type":"string","description":"measure of the schema metadata","placeholder":"Put a value here","is_array":false,"required":true,"hidden":false,"readonly":false},"modeling_role":{"type":"string","description":"modeling role","placeholder":"Put a value here","is_array":false,"required":true,"hidden":false,"readonly":false},"range":{"type":"object","description":"range","placeholder":"Put a value here","is_array":false,"required":false,"hidden":false,"readonly":false,"properties":{"max":{"type":"number","description":"max","placeholder":"Put a value here","is_array":false,"required":true,"hidden":false,"readonly":false},"min":{"type":"number","description":"min","placeholder":"Put a value here","is_array":false,"required":true,"hidden":false,"readonly":false}}},"runtime_type":{"type":"string","description":"runtime type","placeholder":"Put a value here","is_array":false,"required":false,"hidden":false,"readonly":false},"values":{"type":"string","description":"values","placeholder":"Put a value here","is_array":true,"required":false,"hidden":false,"readonly":false}}},"name":{"type":"string","description":"name of the schema field","placeholder":"Put a value here","is_array":false,"required":true,"hidden":false,"readonly":false},"nullable":{"type":"bool","description":"nullable of the schema field","placeholder":"Put a value here","is_array":false,"required":false,"hidden":false,"readonly":false},"type":{"type":"string","description":"type of the schema field","placeholder":"Put a value here","is_array":false,"required":true,"hidden":false,"readonly":false}}},"id":{"type":"string","description":"id of the schema","placeholder":"Put a value here","is_array":false,"required":true,"hidden":false,"readonly":false},"name":{"type":"string","description":"name of the schema","placeholder":"Put a value here","is_array":false,"required":false,"hidden":false,"readonly":false},"struct_types":{"type":"object","description":"struct types","placeholder":"Put a value here","is_array":false,"required":false,"hidden":false,"readonly":false,"properties":{"{user-defined-property}":{"type":"object","description":"struct type","placeholder":"Put a value here","is_array":false,"required":false,"hidden":false,"readonly":false,"properties":{"fields":{"type":"object","description":"fields of the schema","placeholder":"Put a value here","is_array":true,"required":true,"hidden":false,"readonly":false,"properties":{"metadata":{"type":"object","description":"metadata of the schema field","placeholder":"Put a value here","is_array":false,"required":false,"hidden":false,"readonly":false,"properties":{"decimal_precision":{"type":"number","description":"decimal precision","placeholder":"Put a value here","is_array":false,"required":false,"hidden":false,"readonly":false},"decimal_scale":{"type":"number","description":"decimal scale","placeholder":"Put a value here","is_array":false,"required":false,"hidden":false,"readonly":false},"description":{"type":"string","description":"description of the schema metadata","placeholder":"Put a value here","is_array":false,"required":false,"hidden":false,"readonly":false},"max_length":{"type":"number","description":"max length","placeholder":"Put a value here","is_array":false,"required":false,"hidden":false,"readonly":false},"measure":{"type":"string","description":"measure of the schema metadata","placeholder":"Put a value here","is_array":false,"required":true,"hidden":false,"readonly":false},"modeling_role":{"type":"string","description":"modeling role","placeholder":"Put a value here","is_array":false,"required":true,"hidden":false,"readonly":false},"range":{"type":"object","description":"range","placeholder":"Put a value here","is_array":false,"required":false,"hidden":false,"readonly":false,"properties":{"max":{"type":"number","description":"max","placeholder":"Put a value here","is_array":false,"required":true,"hidden":false,"readonly":false},"min":{"type":"number","description":"min","placeholder":"Put a value here","is_array":false,"required":true,"hidden":false,"readonly":false}}},"runtime_type":{"type":"string","description":"runtime type","placeholder":"Put a value here","is_array":false,"required":false,"hidden":false,"readonly":false},"values":{"type":"string","description":"values","placeholder":"Put a value here","is_array":true,"required":false,"hidden":false,"readonly":false}}},"name":{"type":"string","description":"name of the schema field","placeholder":"Put a value here","is_array":false,"required":true,"hidden":false,"readonly":false},"nullable":{"type":"bool","description":"type of the schema field","placeholder":"Put a value here","is_array":false,"required":false,"hidden":false,"readonly":false},"type":{"type":"string","description":"type of the schema field","placeholder":"Put a value here","is_array":false,"required":true,"hidden":false,"readonly":false}}}}}}},"type":{"type":"string","description":"type of the schema","placeholder":"Put a value here","is_array":false,"required":false,"hidden":false,"readonly":false}}},"type":{"type":"string","description":"type of the data source","placeholder":"Put a value here","is_array":false,"required":true,"hidden":false,"readonly":false}}},"solve_parameters":{"type":"object","description":"solve parameters","placeholder":"Put a value here","is_array":false,"required":false,"hidden":false,"readonly":false,"properties":{"{user-defined-property}":{"description":"custom property","placeholder":"Put a value here","required":false,"hidden":false,"readonly":false}}}}},"deployment":{"type":"object","description":"deployment associated to the deployment job definition","placeholder":"Put a value here","is_array":false,"required":true,"hidden":false,"readonly":false,"properties":{"id":{"type":"string","description":"deployment id associated to the deployment job definition","placeholder":"Put a value here","is_array":false,"required":true,"hidden":false,"readonly":false}}},"hardware_spec":{"type":"object","description":"hardware_spec","placeholder":"Put a value here","is_array":false,"required":false,"hidden":false,"readonly":false,"properties":{"base_id":{"type":"string","description":"base hardware_spec id","placeholder":"Put a value here","is_array":false,"required":false,"hidden":true,"readonly":false},"id":{"type":"string","description":"hardware_spec id","placeholder":"Put a value here","is_array":false,"required":false,"hidden":false,"readonly":false},"name":{"type":"string","description":"hardware_spec name","placeholder":"Put a value here","is_array":false,"required":false,"hidden":false,"readonly":false},"num_nodes":{"type":"number","description":"number of nodes","placeholder":"Put a value here","is_array":false,"required":false,"hidden":false,"readonly":false},"rev":{"type":"string","description":"hardware_spec rev","placeholder":"Put a value here","is_array":false,"required":false,"hidden":false,"readonly":false}}},"hardware_spec_dependencies":{"type":"string","description":"list of dependent hardware_spec ids for the deployment job","placeholder":"Put a value here","is_array":true,"required":false,"hidden":true,"readonly":false,"default_value":"None"},"hybrid_pipeline_hardware_specs":{"type":"object","description":"hybrid_pipeline_hardware_specs","placeholder":"Put a value here","is_array":true,"required":false,"hidden":false,"readonly":false,"properties":{"hardware_spec":{"type":"object","description":"hardware_spec","placeholder":"Put a value here","is_array":false,"required":true,"hidden":false,"readonly":false,"properties":{"base_id":{"type":"string","description":"base hardware_spec id","placeholder":"Put a value here","is_array":false,"required":false,"hidden":true,"readonly":false},"id":{"type":"string","description":"hardware_spec id","placeholder":"Put a value here","is_array":false,"required":false,"hidden":false,"readonly":false},"name":{"type":"string","description":"hardware_spec name","placeholder":"Put a value here","is_array":false,"required":false,"hidden":false,"readonly":false},"num_nodes":{"type":"number","description":"number of nodes","placeholder":"Put a value here","is_array":false,"required":false,"hidden":false,"readonly":false},"rev":{"type":"string","description":"hardware_spec rev","placeholder":"Put a value here","is_array":false,"required":false,"hidden":false,"readonly":false}}},"node_runtime_id":{"type":"string","description":"runtime id of node","placeholder":"Put a value here","is_array":false,"required":true,"hidden":false,"readonly":false}}},"ml_version":{"type":"string","description":"Internal version of the ml asset type","placeholder":"Put a value here","is_array":false,"required":true,"hidden":true,"readonly":true,"default_value":"4.0.0"},"scoring":{"type":"object","description":"The payload for scoring","placeholder":"Put a value here","is_array":false,"required":false,"hidden":false,"readonly":false,"properties":{"environment_variables":{"type":"object","description":"environment variables and its values required to be consumed by the batch deployment job of PyScript deployment","placeholder":"Put a value here","is_array":false,"required":false,"hidden":false,"readonly":false,"properties":{"{env_var_properties}":{}}},"evaluations":{"type":"string","description":"tag description","placeholder":"Put a value here","is_array":true,"required":false,"hidden":false,"readonly":false,"properties":{"id":{"type":"string","description":"id","placeholder":"Put a value here","is_array":false,"required":false,"hidden":false,"readonly":false},"input_target":{"type":"string","description":"input target id","placeholder":"Put a value here","is_array":false,"required":false,"hidden":false,"readonly":false},"metrics_names":{"type":"string","description":"metrics names","placeholder":"Put a value here","is_array":true,"required":false,"hidden":false,"readonly":false}}},"input_data":{"type":"object","description":"input data","placeholder":"Put a value here","is_array":true,"required":false,"hidden":false,"readonly":false,"properties":{"fields":{"type":"string","description":"The names of the fields. The order of fields values must be consistent with the order of fields names","placeholder":"Put a value here","is_array":true,"required":false,"hidden":false,"readonly":false},"id":{"type":"string","description":"Discriminates the data for multi input data situation","placeholder":"Put a value here","is_array":false,"required":false,"hidden":false,"readonly":false},"targets":{"type":"object","description":"Used when performing evaluation. This contains the groud truths for the input data.","placeholder":"Put a value here","is_array":true,"required":false,"hidden":false,"readonly":false,"properties":{"{user-defined-array}":{"type":"object","description":"input data","placeholder":"Put a value here","is_array":true,"required":false,"hidden":false,"readonly":false}}},"type":{"type":"string","description":"input type","placeholder":"Put a value here","is_array":false,"required":false,"hidden":false,"readonly":false},"values":{"type":"object","description":"values for the fields","placeholder":"Put a value here","is_array":true,"required":false,"hidden":false,"readonly":false,"properties":{"{user-defined-input-data}":{"description":"input data","placeholder":"Put a value here","required":false,"hidden":false,"readonly":false}}}}},"input_data_references":{"type":"object","description":"input data references for the deployment job","placeholder":"Put a value here","is_array":true,"required":false,"hidden":false,"readonly":false,"properties":{"connection":{"type":"object","description":"connection details","placeholder":"Put a value here","is_array":false,"required":true,"hidden":false,"readonly":false,"properties":{"{connection_properties}":{}}},"location":{"type":"object","description":"file or folder details","placeholder":"Put a value here","is_array":false,"required":true,"hidden":false,"readonly":false,"properties":{"{location_properties}":{}}},"schema":{"type":"object","description":"The schema of the expected data","placeholder":"Put a value here","is_array":false,"required":false,"hidden":false,"readonly":false,"properties":{"fields":{"type":"object","description":"fields of the schema","placeholder":"Put a value here","is_array":true,"required":false,"hidden":false,"readonly":false,"properties":{"metadata":{"type":"object","description":"metadata of the schema field","placeholder":"Put a value here","is_array":false,"required":false,"hidden":false,"readonly":false,"properties":{"decimal_precision":{"type":"number","description":"decimal precision","placeholder":"Put a value here","is_array":false,"required":false,"hidden":false,"readonly":false},"decimal_scale":{"type":"number","description":"decimal scale","placeholder":"Put a value here","is_array":false,"required":false,"hidden":false,"readonly":false},"description":{"type":"string","description":"description of the schema metadata","placeholder":"Put a value here","is_array":false,"required":false,"hidden":false,"readonly":false},"max_length":{"type":"number","description":"max length","placeholder":"Put a value here","is_array":false,"required":false,"hidden":false,"readonly":false},"measure":{"type":"string","description":"measure of the schema metadata","placeholder":"Put a value here","is_array":false,"required":true,"hidden":false,"readonly":false},"modeling_role":{"type":"string","description":"modeling role","placeholder":"Put a value here","is_array":false,"required":true,"hidden":false,"readonly":false},"range":{"type":"object","description":"range","placeholder":"Put a value here","is_array":false,"required":false,"hidden":false,"readonly":false,"properties":{"max":{"type":"number","description":"max","placeholder":"Put a value here","is_array":false,"required":true,"hidden":false,"readonly":false},"min":{"type":"number","description":"min","placeholder":"Put a value here","is_array":false,"required":true,"hidden":false,"readonly":false}}},"runtime_type":{"type":"string","description":"runtime type","placeholder":"Put a value here","is_array":false,"required":false,"hidden":false,"readonly":false},"values":{"type":"string","description":"values","placeholder":"Put a value here","is_array":true,"required":false,"hidden":false,"readonly":false}}},"name":{"type":"string","description":"name of the schema field","placeholder":"Put a value here","is_array":false,"required":true,"hidden":false,"readonly":false},"nullable":{"type":"bool","description":"nullable of the schema field","placeholder":"Put a value here","is_array":false,"required":false,"hidden":false,"readonly":false},"type":{"type":"string","description":"type of the schema field","placeholder":"Put a value here","is_array":false,"required":true,"hidden":false,"readonly":false}}},"id":{"type":"string","description":"id of the schema","placeholder":"Put a value here","is_array":false,"required":true,"hidden":false,"readonly":false},"name":{"type":"string","description":"name of the schema","placeholder":"Put a value here","is_array":false,"required":false,"hidden":false,"readonly":false},"struct_types":{"type":"object","description":"struct types","placeholder":"Put a value here","is_array":false,"required":false,"hidden":false,"readonly":false,"properties":{"{user-defined-property}":{"type":"object","description":"struct type","placeholder":"Put a value here","is_array":false,"required":false,"hidden":false,"readonly":false,"properties":{"fields":{"type":"object","description":"fields of the schema","placeholder":"Put a value here","is_array":true,"required":true,"hidden":false,"readonly":false,"properties":{"metadata":{"type":"object","description":"metadata of the schema field","placeholder":"Put a value here","is_array":false,"required":false,"hidden":false,"readonly":false,"properties":{"decimal_precision":{"type":"number","description":"decimal precision","placeholder":"Put a value here","is_array":false,"required":false,"hidden":false,"readonly":false},"decimal_scale":{"type":"number","description":"decimal scale","placeholder":"Put a value here","is_array":false,"required":false,"hidden":false,"readonly":false},"description":{"type":"string","description":"description of the schema metadata","placeholder":"Put a value here","is_array":false,"required":false,"hidden":false,"readonly":false},"max_length":{"type":"number","description":"max length","placeholder":"Put a value here","is_array":false,"required":false,"hidden":false,"readonly":false},"measure":{"type":"string","description":"measure of the schema metadata","placeholder":"Put a value here","is_array":false,"required":true,"hidden":false,"readonly":false},"modeling_role":{"type":"string","description":"modeling role","placeholder":"Put a value here","is_array":false,"required":true,"hidden":false,"readonly":false},"range":{"type":"object","description":"range","placeholder":"Put a value here","is_array":false,"required":false,"hidden":false,"readonly":false,"properties":{"max":{"type":"number","description":"max","placeholder":"Put a value here","is_array":false,"required":true,"hidden":false,"readonly":false},"min":{"type":"number","description":"min","placeholder":"Put a value here","is_array":false,"required":true,"hidden":false,"readonly":false}}},"runtime_type":{"type":"string","description":"runtime type","placeholder":"Put a value here","is_array":false,"required":false,"hidden":false,"readonly":false},"values":{"type":"string","description":"values","placeholder":"Put a value here","is_array":true,"required":false,"hidden":false,"readonly":false}}},"name":{"type":"string","description":"name of the schema field","placeholder":"Put a value here","is_array":false,"required":true,"hidden":false,"readonly":false},"nullable":{"type":"bool","description":"type of the schema field","placeholder":"Put a value here","is_array":false,"required":false,"hidden":false,"readonly":false},"type":{"type":"string","description":"type of the schema field","placeholder":"Put a value here","is_array":false,"required":true,"hidden":false,"readonly":false}}}}}}},"type":{"type":"string","description":"type of the schema","placeholder":"Put a value here","is_array":false,"required":false,"hidden":false,"readonly":false}}},"type":{"type":"string","description":"type of the data source","placeholder":"Put a value here","is_array":false,"required":true,"hidden":false,"readonly":false}}},"output_data_reference":{"type":"object","description":"output data references for the deployment job","placeholder":"Put a value here","is_array":false,"required":false,"hidden":false,"readonly":false,"properties":{"connection":{"type":"object","description":"connection details","placeholder":"Put a value here","is_array":false,"required":true,"hidden":false,"readonly":false,"properties":{"{connection_properties}":{}}},"location":{"type":"object","description":"file or folder details","placeholder":"Put a value here","is_array":false,"required":true,"hidden":false,"readonly":false,"properties":{"{location_properties}":{}}},"schema":{"type":"object","description":"The schema of the expected data","placeholder":"Put a value here","is_array":false,"required":false,"hidden":false,"readonly":false,"properties":{"fields":{"type":"object","description":"fields of the schema","placeholder":"Put a value here","is_array":true,"required":false,"hidden":false,"readonly":false,"properties":{"metadata":{"type":"object","description":"metadata of the schema field","placeholder":"Put a value here","is_array":false,"required":false,"hidden":false,"readonly":false,"properties":{"decimal_precision":{"type":"number","description":"decimal precision","placeholder":"Put a value here","is_array":false,"required":false,"hidden":false,"readonly":false},"decimal_scale":{"type":"number","description":"decimal scale","placeholder":"Put a value here","is_array":false,"required":false,"hidden":false,"readonly":false},"description":{"type":"string","description":"description of the schema metadata","placeholder":"Put a value here","is_array":false,"required":false,"hidden":false,"readonly":false},"max_length":{"type":"number","description":"max length","placeholder":"Put a value here","is_array":false,"required":false,"hidden":false,"readonly":false},"measure":{"type":"string","description":"measure of the schema metadata","placeholder":"Put a value here","is_array":false,"required":true,"hidden":false,"readonly":false},"modeling_role":{"type":"string","description":"modeling role","placeholder":"Put a value here","is_array":false,"required":true,"hidden":false,"readonly":false},"range":{"type":"object","description":"range","placeholder":"Put a value here","is_array":false,"required":false,"hidden":false,"readonly":false,"properties":{"max":{"type":"number","description":"max","placeholder":"Put a value here","is_array":false,"required":true,"hidden":false,"readonly":false},"min":{"type":"number","description":"min","placeholder":"Put a value here","is_array":false,"required":true,"hidden":false,"readonly":false}}},"runtime_type":{"type":"string","description":"runtime type","placeholder":"Put a value here","is_array":false,"required":false,"hidden":false,"readonly":false},"values":{"type":"string","description":"values","placeholder":"Put a value here","is_array":true,"required":false,"hidden":false,"readonly":false}}},"name":{"type":"string","description":"name of the schema field","placeholder":"Put a value here","is_array":false,"required":true,"hidden":false,"readonly":false},"nullable":{"type":"bool","description":"nullable of the schema field","placeholder":"Put a value here","is_array":false,"required":false,"hidden":false,"readonly":false},"type":{"type":"string","description":"type of the schema field","placeholder":"Put a value here","is_array":false,"required":true,"hidden":false,"readonly":false}}},"id":{"type":"string","description":"id of the schema","placeholder":"Put a value here","is_array":false,"required":true,"hidden":false,"readonly":false},"name":{"type":"string","description":"name of the schema","placeholder":"Put a value here","is_array":false,"required":false,"hidden":false,"readonly":false},"struct_types":{"type":"object","description":"struct types","placeholder":"Put a value here","is_array":false,"required":false,"hidden":false,"readonly":false,"properties":{"{user-defined-property}":{"type":"object","description":"struct type","placeholder":"Put a value here","is_array":false,"required":false,"hidden":false,"readonly":false,"properties":{"fields":{"type":"object","description":"fields of the schema","placeholder":"Put a value here","is_array":true,"required":true,"hidden":false,"readonly":false,"properties":{"metadata":{"type":"object","description":"metadata of the schema field","placeholder":"Put a value here","is_array":false,"required":false,"hidden":false,"readonly":false,"properties":{"decimal_precision":{"type":"number","description":"decimal precision","placeholder":"Put a value here","is_array":false,"required":false,"hidden":false,"readonly":false},"decimal_scale":{"type":"number","description":"decimal scale","placeholder":"Put a value here","is_array":false,"required":false,"hidden":false,"readonly":false},"description":{"type":"string","description":"description of the schema metadata","placeholder":"Put a value here","is_array":false,"required":false,"hidden":false,"readonly":false},"max_length":{"type":"number","description":"max length","placeholder":"Put a value here","is_array":false,"required":false,"hidden":false,"readonly":false},"measure":{"type":"string","description":"measure of the schema metadata","placeholder":"Put a value here","is_array":false,"required":true,"hidden":false,"readonly":false},"modeling_role":{"type":"string","description":"modeling role","placeholder":"Put a value here","is_array":false,"required":true,"hidden":false,"readonly":false},"range":{"type":"object","description":"range","placeholder":"Put a value here","is_array":false,"required":false,"hidden":false,"readonly":false,"properties":{"max":{"type":"number","description":"max","placeholder":"Put a value here","is_array":false,"required":true,"hidden":false,"readonly":false},"min":{"type":"number","description":"min","placeholder":"Put a value here","is_array":false,"required":true,"hidden":false,"readonly":false}}},"runtime_type":{"type":"string","description":"runtime type","placeholder":"Put a value here","is_array":false,"required":false,"hidden":false,"readonly":false},"values":{"type":"string","description":"values","placeholder":"Put a value here","is_array":true,"required":false,"hidden":false,"readonly":false}}},"name":{"type":"string","description":"name of the schema field","placeholder":"Put a value here","is_array":false,"required":true,"hidden":false,"readonly":false},"nullable":{"type":"bool","description":"type of the schema field","placeholder":"Put a value here","is_array":false,"required":false,"hidden":false,"readonly":false},"type":{"type":"string","description":"type of the schema field","placeholder":"Put a value here","is_array":false,"required":true,"hidden":false,"readonly":false}}}}}}},"type":{"type":"string","description":"type of the schema","placeholder":"Put a value here","is_array":false,"required":false,"hidden":false,"readonly":false}}},"type":{"type":"string","description":"type of the data source","placeholder":"Put a value here","is_array":false,"required":true,"hidden":false,"readonly":false}}}}}},"global_search_searchable":[],"name":"wml_deployment_job_definition","version":1,"scope":"GLOBAL"}
