{"metadata":{"asset_id":"a2a3395a-13d1-49ea-86d1-ba7033e684f3","asset_attributes":["data_asset","data_profile_uda"],"name":"LEXICON_UG.txt","asset_type":"data_asset","created_at":"2021-03-04T21:00:30Z","description":"","origin_country":"us","owner_id":"IBMid-3100022GMV","project_id":"508535bb-0b83-4ad9-a300-1453d1b93475","size":1333225,"tags":[],"usage":{"last_update_time":1614891729289,"last_updated_at":"2021-03-04T21:02:09Z"}},"entity":{"data_asset":{"mime_type":"text/plain","dataset":false},"data_profile_uda":{"status":"completed"}},"attachments":[{"id":"0d4df16b-0952-4245-ad1c-855fe3af5b29","version":2,"asset_type":"data_asset","name":"LEXICON_UG.txt","mime":"text/plain","datasource_type":"193a97c1-4475-4a19-b90c-295c4fdc6517","object_key":"LEXICON_UG.txt","creator_id":"iam-ServiceId-947d5b81-8bd3-42a6-844e-9dc008847612","create_time":1614891631099,"size":1332952,"is_remote":false,"is_managed":false,"is_referenced":true,"is_object_key_read_only":false,"is_user_provided_path_key":true,"transfer_complete":true,"is_partitioned":false,"complete_time_ticks":1614891631099,"user_data":{},"test_doc":0,"handle":{"bucket":"ibmdebatersentimentcompositionlex-donotdelete-pr-ykhmgwolhathdn","location":"us-geo","key":"LEXICON_UG.txt","upload_id":"done","max_part_num":1},"usage":{"access_count":0,"last_accessor_id":"iam-ServiceId-947d5b81-8bd3-42a6-844e-9dc008847612","last_access_time":1614891631099}},{"id":"f850290c-40c9-453f-aef1-868ed82b3f19","version":2,"asset_type":"data_profile_uda","name":"uda_a2a3395a-13d1-49ea-86d1-ba7033e684f3.json","mime":"application/json","datasource_type":"193a97c1-4475-4a19-b90c-295c4fdc6517","object_key":"data_profile_uda/2021-03-04-21_02_08-uda_a2a3395a-13d1-49ea-86d1-ba7033e684f3.json","creator_id":"iam-ServiceId-60e42608-d7d6-4269-923a-a54912a40d81","create_time":1614891729289,"size":273,"is_remote":false,"is_managed":false,"is_referenced":true,"is_object_key_read_only":false,"is_user_provided_path_key":true,"transfer_complete":true,"is_partitioned":false,"complete_time_ticks":1614891729289,"user_data":{},"test_doc":0,"handle":{"bucket":"ibmdebatersentimentcompositionlex-donotdelete-pr-ykhmgwolhathdn","location":"us-geo","key":"data_profile_uda/2021-03-04-21_02_08-uda_a2a3395a-13d1-49ea-86d1-ba7033e684f3.json","upload_id":"done","max_part_num":1},"usage":{"access_count":0,"last_accessor_id":"iam-ServiceId-60e42608-d7d6-4269-923a-a54912a40d81","last_access_time":1614891729289}}]}
