{"metadata":{"asset_id":"de142f8a-4bc6-4fba-8a3b-f2a5e89f771d","asset_attributes":["data_asset"],"name":"ADJECTIVES.xlsx","asset_type":"data_asset","created_at":"2021-03-04T21:00:29Z","description":"","origin_country":"us","owner_id":"IBMid-3100022GMV","project_id":"508535bb-0b83-4ad9-a300-1453d1b93475","size":30828,"tags":[],"usage":{"last_update_time":1614891631008,"last_updated_at":"2021-03-04T21:00:31Z"}},"entity":{"data_asset":{"mime_type":"application/vnd.openxmlformats-officedocument.spreadsheetml.sheet","dataset":false}},"attachments":[{"id":"f9217b5a-46ca-48e9-ac0f-d06dd0f4ec84","version":2,"asset_type":"data_asset","name":"ADJECTIVES.xlsx","mime":"application/vnd.openxmlformats-officedocument.spreadsheetml.sheet","datasource_type":"193a97c1-4475-4a19-b90c-295c4fdc6517","object_key":"ADJECTIVES.xlsx","creator_id":"iam-ServiceId-947d5b81-8bd3-42a6-844e-9dc008847612","create_time":1614891630797,"size":30828,"is_remote":false,"is_managed":false,"is_referenced":true,"is_object_key_read_only":false,"is_user_provided_path_key":true,"transfer_complete":true,"is_partitioned":false,"complete_time_ticks":1614891630797,"user_data":{},"test_doc":0,"handle":{"bucket":"ibmdebatersentimentcompositionlex-donotdelete-pr-ykhmgwolhathdn","location":"us-geo","key":"ADJECTIVES.xlsx","upload_id":"done","max_part_num":1},"usage":{"access_count":0,"last_accessor_id":"iam-ServiceId-947d5b81-8bd3-42a6-844e-9dc008847612","last_access_time":1614891630797}}]}
