{"metadata":{"asset_id":"6a4763a3-0b1d-41f3-9359-55f67fe4e970","asset_attributes":["data_asset","data_profile_uda"],"name":"LEXICON_BG.txt","asset_type":"data_asset","created_at":"2021-03-04T21:00:29Z","description":"","origin_country":"us","owner_id":"IBMid-3100022GMV","project_id":"508535bb-0b83-4ad9-a300-1453d1b93475","size":9008524,"tags":[],"usage":{"last_update_time":1614891773914,"last_updated_at":"2021-03-04T21:02:53Z"}},"entity":{"data_asset":{"mime_type":"text/plain","dataset":false},"data_profile_uda":{"status":"completed"}},"attachments":[{"id":"7fa02e32-d656-4556-a34c-19f1111289f7","version":2,"asset_type":"data_asset","name":"LEXICON_BG.txt","mime":"text/plain","datasource_type":"193a97c1-4475-4a19-b90c-295c4fdc6517","object_key":"LEXICON_BG.txt","creator_id":"iam-ServiceId-947d5b81-8bd3-42a6-844e-9dc008847612","create_time":1614891630736,"size":9008250,"is_remote":false,"is_managed":false,"is_referenced":true,"is_object_key_read_only":false,"is_user_provided_path_key":true,"transfer_complete":true,"is_partitioned":false,"complete_time_ticks":1614891630736,"user_data":{},"test_doc":0,"handle":{"bucket":"ibmdebatersentimentcompositionlex-donotdelete-pr-ykhmgwolhathdn","location":"us-geo","key":"LEXICON_BG.txt","upload_id":"done","max_part_num":1},"usage":{"access_count":0,"last_accessor_id":"iam-ServiceId-947d5b81-8bd3-42a6-844e-9dc008847612","last_access_time":1614891630736}},{"id":"384727fd-d916-477b-a25f-10c508b1531c","version":2,"asset_type":"data_profile_uda","name":"uda_6a4763a3-0b1d-41f3-9359-55f67fe4e970.json","mime":"application/json","datasource_type":"193a97c1-4475-4a19-b90c-295c4fdc6517","object_key":"data_profile_uda/2021-03-04-21_02_52-uda_6a4763a3-0b1d-41f3-9359-55f67fe4e970.json","creator_id":"iam-ServiceId-60e42608-d7d6-4269-923a-a54912a40d81","create_time":1614891773913,"size":274,"is_remote":false,"is_managed":false,"is_referenced":true,"is_object_key_read_only":false,"is_user_provided_path_key":true,"transfer_complete":true,"is_partitioned":false,"complete_time_ticks":1614891773913,"user_data":{},"test_doc":0,"handle":{"bucket":"ibmdebatersentimentcompositionlex-donotdelete-pr-ykhmgwolhathdn","location":"us-geo","key":"data_profile_uda/2021-03-04-21_02_52-uda_6a4763a3-0b1d-41f3-9359-55f67fe4e970.json","upload_id":"done","max_part_num":1},"usage":{"access_count":0,"last_accessor_id":"iam-ServiceId-60e42608-d7d6-4269-923a-a54912a40d81","last_access_time":1614891773913}}]}
