{"metadata":{"asset_id":"8524f57d-c10f-4ac8-a159-f1bf8e0686da","asset_attributes":["notebook"],"name":"Part 1 - Data Exploration & Visualization","asset_type":"notebook","created_at":"2021-03-04T21:00:32Z","description":"This notebook loads, clean, explore and visualize the data files in the project.","origin_country":"us","owner_id":"iam-ServiceId-b434f47c-f693-43b4-8790-3574dd0e82f9","project_id":"508535bb-0b83-4ad9-a300-1453d1b93475","size":14935,"tags":["notebook"],"usage":{"last_update_time":1614903261488,"last_updated_at":"2021-03-05T00:14:21Z"}},"entity":{"notebook":{"kernel":{"name":"python3","display_name":"Python 3.7","language":"python"},"originates_from":{"type":"file"},"runtime":{"environment":"conda2py37-508535bb-0b83-4ad9-a300-1453d1b93475"}}},"attachments":[{"id":"5f41f007-46d4-4496-9ab0-c1d3c1d28af1","version":2,"asset_type":"notebook","name":"attachment for notebook 8524f57d-c10f-4ac8-a159-f1bf8e0686da","description":"attachment for notebook 8524f57d-c10f-4ac8-a159-f1bf8e0686da","mime":"application/json","datasource_type":"193a97c1-4475-4a19-b90c-295c4fdc6517","object_key":"notebook/Part_1_-_Data_Exploration___Visualization_m0jBmeWvD.ipynb","creator_id":"IBMid-3100022GMV","create_time":1614891632756,"size":14935,"is_remote":false,"is_managed":false,"is_referenced":true,"is_object_key_read_only":false,"is_user_provided_path_key":true,"transfer_complete":true,"is_partitioned":false,"complete_time_ticks":1614891632756,"user_data":{},"test_doc":0,"handle":{"bucket":"ibmdebatersentimentcompositionlex-donotdelete-pr-ykhmgwolhathdn","location":"us-geo","key":"notebook/Part_1_-_Data_Exploration___Visualization_m0jBmeWvD.ipynb","upload_id":"done","max_part_num":1},"usage":{"access_count":0,"last_accessor_id":"IBMid-3100022GMV","last_access_time":1614891632756}}]}
