{"metadata":{"asset_id":"33d41a47-15b5-4b65-96f2-186a70f9532b","asset_attributes":["notebook"],"name":"Part 2 - Model Development","asset_type":"notebook","created_at":"2021-03-04T21:00:32Z","description":"This notebook takes text and captures sentiment on the entire text as well as for each sentence in the text.","origin_country":"us","owner_id":"iam-ServiceId-b434f47c-f693-43b4-8790-3574dd0e82f9","project_id":"508535bb-0b83-4ad9-a300-1453d1b93475","size":32882,"tags":["notebook"],"usage":{"last_update_time":1614903415485,"last_updated_at":"2021-03-05T00:16:55Z"}},"entity":{"notebook":{"kernel":{"name":"python3","display_name":"Python 3.7","language":"python"},"originates_from":{"type":"file"},"runtime":{"environment":"conda2py37-508535bb-0b83-4ad9-a300-1453d1b93475"}}},"attachments":[{"id":"225114cd-aef6-4b49-a24b-9dd4f65d1069","version":2,"asset_type":"notebook","name":"attachment for notebook 33d41a47-15b5-4b65-96f2-186a70f9532b","description":"attachment for notebook 33d41a47-15b5-4b65-96f2-186a70f9532b","mime":"application/json","datasource_type":"193a97c1-4475-4a19-b90c-295c4fdc6517","object_key":"notebook/Part_2_-_Model_Development_V5q3LLt_F.ipynb","creator_id":"IBMid-3100022GMV","create_time":1614891632692,"size":32882,"is_remote":false,"is_managed":false,"is_referenced":true,"is_object_key_read_only":false,"is_user_provided_path_key":true,"transfer_complete":true,"is_partitioned":false,"complete_time_ticks":1614891632692,"user_data":{},"test_doc":0,"handle":{"bucket":"ibmdebatersentimentcompositionlex-donotdelete-pr-ykhmgwolhathdn","location":"us-geo","key":"notebook/Part_2_-_Model_Development_V5q3LLt_F.ipynb","upload_id":"done","max_part_num":1},"usage":{"access_count":0,"last_accessor_id":"IBMid-3100022GMV","last_access_time":1614891632692}}]}
