name,type,maturity,priceLevel
CRS550,Off-Road,Established,Mid-Range
CRX600,Off-Road,Established,Mid-Range
CRX650,Off-Road,New Introduction,High-End
Enduro 350,Off-Road,Phase-Out,Mid-Range
Enduro 450,Off-Road,Established,Entry Level
Enduro 550,Off-Road,New Introduction,High-End
CRX500,Off-Road,Phase-Out,Entry Level
ST1200R,Touring,New Introduction,High-End
Bandit 900,Touring,Established,Entry Level
Bandit 1200,Touring,Established,Mid-Range
Bandit 1200S,Touring,New Introduction,High-End
MegaTwin,Cruiser,New Introduction,High-End
KingTwin,Cruiser,New Introduction,Entry Level
ST1200,Touring,Established,Mid-Range
ST900,Touring,Phase-Out,Entry Level
RoadLiner,Cruiser,Phase-Out,Mid-Range
RoadStar,Cruiser,Phase-Out,Entry Level
Boulevard,Cruiser,Established,Mid-Range
Victory,Cruiser,Established,Entry Level
929S,Street,Established,Mid-Range
900S,Street,Phase-Out,Mid-Range
996RS,Street,New Introduction,High-End
996S,Street,New Introduction,Mid-Range
626S,Street,Established,Mid-Range
600S,Street,Established,Entry Level
676RS,Street,New Introduction,High-End
676S,Street,New Introduction,High-End
200S,Street,Phase-Out,Entry Level
300S,Street,Phase-Out,Mid-Range
