plant,name,region,product,value
Bucarest,Brazil,Americas,CRX650,114
Bucarest,Brazil,Americas,RoadLiner,74
Bucarest,Brazil,Americas,200S,49
Bucarest,Brazil,Americas,Boulevard,77
Bucarest,Brazil,Americas,ST900,86
Bucarest,Brazil,Americas,MegaTwin,81
Bucarest,Brazil,Americas,ST1200R,91
Bucarest,Brazil,Americas,ST1200,87
Bucarest,Brazil,Americas,Bandit 1200,95
Bucarest,Brazil,Americas,Bandit 900,93
Bucarest,Brazil,Americas,Enduro 350,98
Bucarest,Brazil,Americas,Bandit 1200S,98
Bucarest,Brazil,Americas,Enduro 550,104
Bucarest,Brazil,Americas,Enduro 450,103
Bucarest,Brazil,Americas,CRX600,111
Bucarest,Brazil,Americas,Victory,75
Bucarest,Brazil,Americas,600S,52
Bucarest,Canada,Americas,KingTwin,88
Bucarest,Canada,Americas,CRX500,119
Bucarest,Canada,Americas,CRS550,120
Bucarest,Canada,Americas,300S,56
Bucarest,Canada,Americas,626S,62
Bucarest,Canada,Americas,676S,64
Bucarest,Canada,Americas,676RS,67
Bucarest,Canada,Americas,900S,69
Bucarest,Canada,Americas,929S,70
Bucarest,Canada,Americas,996S,75
Bucarest,Canada,Americas,RoadStar,79
Bucarest,Canada,Americas,996RS,77
Bucarest,Canada,Americas,CRX650,126
Bucarest,Canada,Americas,RoadLiner,82
Bucarest,Canada,Americas,200S,54
Bucarest,Canada,Americas,Boulevard,86
Bucarest,Canada,Americas,ST900,95
Bucarest,Canada,Americas,MegaTwin,90
Bucarest,Canada,Americas,ST1200R,101
Bucarest,Canada,Americas,ST1200,97
Bucarest,Canada,Americas,Bandit 1200,105
Bucarest,Canada,Americas,Bandit 900,103
Bucarest,Canada,Americas,Enduro 350,109
Bucarest,Canada,Americas,Bandit 1200S,108
Bucarest,Canada,Americas,Enduro 550,116
Bucarest,Canada,Americas,Enduro 450,114
Bucarest,Canada,Americas,CRX600,123
Bucarest,Canada,Americas,Victory,83
Bucarest,Canada,Americas,600S,58
Bucarest,China,APAC,KingTwin,76
Bucarest,China,APAC,CRX500,103
Bucarest,China,APAC,CRS550,104
Bucarest,China,APAC,300S,48
Bucarest,China,APAC,626S,53
Bucarest,China,APAC,676S,55
Bucarest,China,APAC,676RS,57
Bucarest,China,APAC,900S,59
Bucarest,China,APAC,929S,61
Bucarest,China,APAC,996S,65
Bucarest,China,APAC,RoadStar,68
Bucarest,China,APAC,996RS,67
Bucarest,China,APAC,CRX650,109
Bucarest,China,APAC,RoadLiner,70
Bucarest,China,APAC,200S,47
Bucarest,China,APAC,Boulevard,74
Bucarest,China,APAC,ST900,82
Bucarest,China,APAC,MegaTwin,77
Bucarest,China,APAC,ST1200R,87
Bucarest,China,APAC,ST1200,83
Bucarest,China,APAC,Bandit 1200,91
Bucarest,China,APAC,Bandit 900,89
Bucarest,China,APAC,Enduro 350,94
Bucarest,China,APAC,Bandit 1200S,94
Bucarest,China,APAC,Enduro 550,100
Bucarest,China,APAC,Enduro 450,98
Bucarest,China,APAC,CRX600,106
Bucarest,China,APAC,Victory,72
Bucarest,China,APAC,600S,50
Bucarest,France,EMEA,KingTwin,46
Bucarest,France,EMEA,CRX500,63
Bucarest,France,EMEA,CRS550,64
Bucarest,France,EMEA,300S,29
Bucarest,France,EMEA,626S,33
Bucarest,France,EMEA,676S,34
Bucarest,France,EMEA,676RS,35
Bucarest,France,EMEA,900S,36
Bucarest,France,EMEA,929S,37
Bucarest,France,EMEA,996S,40
Bucarest,France,EMEA,RoadStar,42
Bucarest,France,EMEA,996RS,41
Bucarest,France,EMEA,CRX650,67
Bucarest,France,EMEA,RoadLiner,43
Bucarest,Argentina,Americas,KingTwin,84
Bucarest,Argentina,Americas,CRX500,114
Bucarest,Argentina,Americas,CRS550,115
Bucarest,Argentina,Americas,300S,53
Bucarest,Argentina,Americas,626S,59
Bucarest,Argentina,Americas,676S,62
Bucarest,Argentina,Americas,676RS,64
Bucarest,Argentina,Americas,900S,66
Bucarest,Argentina,Americas,929S,68
Bucarest,Argentina,Americas,996S,72
Bucarest,Argentina,Americas,RoadStar,76
Bucarest,Argentina,Americas,996RS,74
Bucarest,Argentina,Americas,CRX650,122
Bucarest,Argentina,Americas,RoadLiner,78
Bucarest,Argentina,Americas,200S,52
Bucarest,Argentina,Americas,Boulevard,82
Bucarest,Argentina,Americas,ST900,92
Bucarest,Argentina,Americas,MegaTwin,86
Bucarest,Argentina,Americas,ST1200R,97
Bucarest,Argentina,Americas,ST1200,93
Bucarest,Argentina,Americas,Bandit 1200,101
Bucarest,Argentina,Americas,Bandit 900,99
Bucarest,Argentina,Americas,Enduro 350,105
Bucarest,Argentina,Americas,Bandit 1200S,104
Bucarest,Argentina,Americas,Enduro 550,111
Bucarest,Argentina,Americas,Enduro 450,109
Bucarest,Argentina,Americas,CRX600,118
Bucarest,Argentina,Americas,Victory,80
Bucarest,Argentina,Americas,600S,55
Bucarest,Brazil,Americas,KingTwin,79
Bucarest,Brazil,Americas,CRX500,107
Bucarest,Brazil,Americas,CRS550,108
Bucarest,Brazil,Americas,300S,50
Bucarest,Brazil,Americas,626S,56
Bucarest,Brazil,Americas,676S,58
Bucarest,Brazil,Americas,676RS,60
Bucarest,Brazil,Americas,900S,62
Bucarest,Brazil,Americas,929S,63
Bucarest,Brazil,Americas,996S,68
Bucarest,Brazil,Americas,RoadStar,71
Bucarest,Brazil,Americas,996RS,70
Bucarest,France,EMEA,200S,29
Bucarest,France,EMEA,Boulevard,45
Bucarest,France,EMEA,ST900,50
Bucarest,France,EMEA,MegaTwin,47
Bucarest,France,EMEA,ST1200R,53
Bucarest,France,EMEA,ST1200,51
Bucarest,France,EMEA,Bandit 1200,56
Bucarest,France,EMEA,Bandit 900,55
Bucarest,France,EMEA,Enduro 350,58
Bucarest,France,EMEA,Bandit 1200S,57
Bucarest,France,EMEA,Enduro 550,61
Bucarest,France,EMEA,Enduro 450,60
Bucarest,France,EMEA,CRX600,65
Bucarest,France,EMEA,Victory,44
Bucarest,France,EMEA,600S,31
Bucarest,Germany,EMEA,KingTwin,52
Bucarest,Germany,EMEA,CRX500,70
Bucarest,Germany,EMEA,CRS550,71
Bucarest,Germany,EMEA,300S,33
Bucarest,Germany,EMEA,626S,36
Bucarest,Germany,EMEA,676S,38
Bucarest,Germany,EMEA,676RS,39
Bucarest,Germany,EMEA,900S,40
Bucarest,Germany,EMEA,929S,41
Bucarest,Germany,EMEA,996S,44
Bucarest,Germany,EMEA,RoadStar,46
Bucarest,Germany,EMEA,996RS,45
Bucarest,Germany,EMEA,CRX650,74
Bucarest,Germany,EMEA,RoadLiner,48
Bucarest,Germany,EMEA,200S,32
Bucarest,Germany,EMEA,Boulevard,50
Bucarest,Germany,EMEA,ST900,56
Bucarest,Germany,EMEA,MegaTwin,53
Bucarest,Germany,EMEA,ST1200R,59
Bucarest,Germany,EMEA,ST1200,57
Bucarest,Germany,EMEA,Bandit 1200,62
Bucarest,Germany,EMEA,Bandit 900,61
Bucarest,Germany,EMEA,Enduro 350,64
Bucarest,Germany,EMEA,Bandit 1200S,64
Bucarest,Germany,EMEA,Enduro 550,68
Bucarest,Germany,EMEA,Enduro 450,67
Bucarest,Germany,EMEA,CRX600,72
Bucarest,Germany,EMEA,Victory,49
Bucarest,Germany,EMEA,600S,34
Bucarest,Italy,EMEA,KingTwin,43
Bucarest,Italy,EMEA,CRX500,58
Bucarest,Italy,EMEA,CRS550,59
Bucarest,Italy,EMEA,300S,27
Bucarest,Italy,EMEA,626S,30
Bucarest,Italy,EMEA,676S,32
Bucarest,Italy,EMEA,676RS,33
Bucarest,Italy,EMEA,900S,34
Bucarest,Italy,EMEA,929S,34
Bucarest,Italy,EMEA,996S,37
Bucarest,Italy,EMEA,RoadStar,39
Bucarest,Italy,EMEA,996RS,38
Bucarest,Italy,EMEA,CRX650,62
Bucarest,Italy,EMEA,RoadLiner,40
Bucarest,Italy,EMEA,200S,26
Bucarest,Italy,EMEA,Boulevard,42
Bucarest,Italy,EMEA,ST900,47
Bucarest,Italy,EMEA,MegaTwin,44
Bucarest,Italy,EMEA,ST1200R,49
Bucarest,Italy,EMEA,ST1200,47
Bucarest,Italy,EMEA,Bandit 1200,52
Bucarest,Italy,EMEA,Bandit 900,51
Bucarest,Italy,EMEA,Enduro 350,53
Bucarest,Italy,EMEA,Bandit 1200S,53
Bucarest,Italy,EMEA,Enduro 550,57
Bucarest,Italy,EMEA,Enduro 450,56
Bucarest,Italy,EMEA,CRX600,60
Bucarest,Italy,EMEA,Victory,41
Bucarest,Italy,EMEA,600S,28
Bucarest,Japan,APAC,KingTwin,84
Bucarest,Japan,APAC,CRX500,114
Bucarest,Japan,APAC,CRS550,115
Bucarest,Japan,APAC,300S,53
Bucarest,Japan,APAC,626S,59
Bucarest,Japan,APAC,676S,62
Bucarest,Japan,APAC,676RS,64
Bucarest,Japan,APAC,900S,66
Bucarest,Japan,APAC,929S,68
Bucarest,Japan,APAC,996S,72
Bucarest,Japan,APAC,RoadStar,76
Bucarest,Japan,APAC,996RS,74
Bucarest,Japan,APAC,CRX650,122
Bucarest,Japan,APAC,RoadLiner,78
Bucarest,Japan,APAC,200S,52
Bucarest,Japan,APAC,Boulevard,82
Bucarest,Japan,APAC,ST900,92
Bucarest,Japan,APAC,MegaTwin,86
Bucarest,Japan,APAC,ST1200R,97
Bucarest,Japan,APAC,ST1200,93
Bucarest,Japan,APAC,Bandit 1200,101
Bucarest,Japan,APAC,Bandit 900,99
Bucarest,Japan,APAC,Enduro 350,105
Bucarest,Japan,APAC,Bandit 1200S,104
Bucarest,Japan,APAC,Enduro 550,111
Bucarest,Japan,APAC,Enduro 450,109
Bucarest,Japan,APAC,CRX600,118
Bucarest,Japan,APAC,Victory,80
Bucarest,Japan,APAC,600S,55
Bucarest,Spain,EMEA,KingTwin,55
Bucarest,Spain,EMEA,CRX500,75
Bucarest,Spain,EMEA,CRS550,75
Bucarest,Spain,EMEA,300S,35
Bucarest,Spain,EMEA,626S,39
Bucarest,Spain,EMEA,676S,40
Bucarest,Spain,EMEA,676RS,42
Bucarest,Spain,EMEA,900S,43
Bucarest,Spain,EMEA,929S,44
Bucarest,Spain,EMEA,996S,47
Bucarest,Spain,EMEA,RoadStar,50
Bucarest,Spain,EMEA,996RS,48
Bucarest,Spain,EMEA,CRX650,79
Bucarest,Spain,EMEA,RoadLiner,51
Bucarest,Spain,EMEA,200S,34
Bucarest,Spain,EMEA,Boulevard,54
Bucarest,Spain,EMEA,ST900,60
Bucarest,Spain,EMEA,MegaTwin,56
Bucarest,Spain,EMEA,ST1200R,63
Bucarest,Spain,EMEA,ST1200,61
Bucarest,Spain,EMEA,Bandit 1200,66
Bucarest,Spain,EMEA,Bandit 900,65
Bucarest,Spain,EMEA,Enduro 350,68
Bucarest,Spain,EMEA,Bandit 1200S,68
Bucarest,Spain,EMEA,Enduro 550,72
Bucarest,Spain,EMEA,Enduro 450,71
Bucarest,Spain,EMEA,CRX600,77
Bucarest,Spain,EMEA,Victory,52
Bucarest,Spain,EMEA,600S,36
Bucarest,UK,EMEA,KingTwin,57
Bucarest,UK,EMEA,CRX500,77
Bucarest,UK,EMEA,CRS550,78
Bucarest,UK,EMEA,300S,36
Bucarest,UK,EMEA,626S,40
Bucarest,UK,EMEA,676S,42
Bucarest,UK,EMEA,676RS,43
Bucarest,UK,EMEA,900S,44
Bucarest,UK,EMEA,929S,46
Bucarest,UK,EMEA,996S,49
Bucarest,UK,EMEA,RoadStar,51
Bucarest,UK,EMEA,996RS,50
Bucarest,UK,EMEA,CRX650,82
Bucarest,UK,EMEA,RoadLiner,53
Bucarest,UK,EMEA,200S,35
Bucarest,UK,EMEA,Boulevard,55
Bucarest,UK,EMEA,ST900,62
Bucarest,UK,EMEA,MegaTwin,58
Bucarest,UK,EMEA,ST1200R,65
Bucarest,UK,EMEA,ST1200,63
Bucarest,UK,EMEA,Bandit 1200,68
Bucarest,UK,EMEA,Bandit 900,67
Bucarest,UK,EMEA,Enduro 350,70
Bucarest,UK,EMEA,Bandit 1200S,70
Bucarest,UK,EMEA,Enduro 550,75
Bucarest,UK,EMEA,Enduro 450,74
Bucarest,UK,EMEA,CRX600,79
Bucarest,UK,EMEA,Victory,54
Bucarest,UK,EMEA,600S,37
Bucarest,US,Americas,KingTwin,69
Bucarest,US,Americas,CRX500,93
Bucarest,US,Americas,CRS550,94
Bucarest,US,Americas,300S,44
Bucarest,US,Americas,626S,48
Bucarest,US,Americas,676S,50
Bucarest,US,Americas,676RS,52
Bucarest,US,Americas,900S,54
Bucarest,US,Americas,929S,55
Bucarest,US,Americas,996S,59
Bucarest,US,Americas,RoadStar,62
Bucarest,US,Americas,996RS,61
Bucarest,US,Americas,CRX650,99
Bucarest,US,Americas,RoadLiner,64
Bucarest,US,Americas,200S,42
Bucarest,US,Americas,Boulevard,67
Bucarest,US,Americas,ST900,75
Bucarest,US,Americas,MegaTwin,70
Bucarest,US,Americas,ST1200R,79
Bucarest,US,Americas,ST1200,76
Bucarest,US,Americas,Bandit 1200,82
Bucarest,US,Americas,Bandit 900,81
Bucarest,US,Americas,Enduro 350,85
Bucarest,US,Americas,Bandit 1200S,85
Bucarest,US,Americas,Enduro 550,91
Bucarest,US,Americas,Enduro 450,89
Bucarest,US,Americas,CRX600,96
Bucarest,US,Americas,Victory,65
Bucarest,US,Americas,600S,45
Dallas,Argentina,Americas,CRS550,75
Dallas,Argentina,Americas,Victory,52
Dallas,Argentina,Americas,200S,33
Dallas,Argentina,Americas,300S,36
Dallas,Argentina,Americas,ST1200,62
Dallas,Argentina,Americas,Bandit 900,64
Dallas,Argentina,Americas,Boulevard,53
Dallas,Argentina,Americas,KingTwin,55
Dallas,Argentina,Americas,MegaTwin,57
Dallas,Argentina,Americas,RoadLiner,51
Dallas,Argentina,Americas,CRX500,74
Dallas,Argentina,Americas,ST1200R,63
Dallas,Argentina,Americas,CRX600,78
Dallas,Argentina,Americas,CRX650,79
Dallas,Argentina,Americas,Bandit 1200S,68
Dallas,Argentina,Americas,Enduro 350,69
Dallas,Argentina,Americas,Enduro 450,70
Dallas,Argentina,Americas,Enduro 550,72
Dallas,Argentina,Americas,600S,37
Dallas,Argentina,Americas,626S,39
Dallas,Argentina,Americas,676S,39
Dallas,Argentina,Americas,ST900,59
Dallas,Argentina,Americas,900S,44
Dallas,Argentina,Americas,Bandit 1200,66
Dallas,Argentina,Americas,RoadStar,48
Dallas,Argentina,Americas,676RS,41
Dallas,Argentina,Americas,929S,45
Dallas,Argentina,Americas,996S,46
Dallas,Argentina,Americas,996RS,48
Dallas,Brazil,Americas,CRS550,73
Dallas,Brazil,Americas,Victory,50
Dallas,Brazil,Americas,200S,32
Dallas,Brazil,Americas,300S,34
Dallas,Brazil,Americas,ST1200,60
Dallas,Brazil,Americas,Bandit 900,62
Dallas,Brazil,Americas,Boulevard,51
Dallas,Brazil,Americas,KingTwin,53
Dallas,Brazil,Americas,MegaTwin,55
Dallas,Brazil,Americas,RoadLiner,49
Dallas,Brazil,Americas,CRX500,72
Dallas,Brazil,Americas,ST1200R,61
Dallas,Brazil,Americas,CRX600,75
Dallas,Brazil,Americas,CRX650,77
Dallas,Brazil,Americas,Bandit 1200S,66
Dallas,Brazil,Americas,Enduro 350,67
Dallas,Brazil,Americas,Enduro 450,68
Dallas,Brazil,Americas,Enduro 550,70
Dallas,Brazil,Americas,600S,36
Dallas,Brazil,Americas,626S,38
Dallas,Brazil,Americas,676S,38
Dallas,Brazil,Americas,ST900,57
Dallas,Brazil,Americas,900S,42
Dallas,Brazil,Americas,Bandit 1200,64
Dallas,Brazil,Americas,RoadStar,47
Dallas,Brazil,Americas,676RS,40
Dallas,Brazil,Americas,929S,44
Dallas,Brazil,Americas,996S,44
Dallas,Brazil,Americas,996RS,47
Dallas,Canada,Americas,CRS550,70
Dallas,Canada,Americas,Victory,49
Dallas,Canada,Americas,200S,31
Dallas,Canada,Americas,300S,33
Dallas,Canada,Americas,ST1200,58
Dallas,Canada,Americas,Bandit 900,60
Dallas,Canada,Americas,Boulevard,50
Dallas,Canada,Americas,KingTwin,52
Dallas,Canada,Americas,MegaTwin,53
Dallas,Canada,Americas,RoadLiner,48
Dallas,Canada,Americas,CRX500,69
Dallas,Canada,Americas,ST1200R,59
Dallas,Canada,Americas,CRX600,73
Dallas,Canada,Americas,CRX650,74
Dallas,Canada,Americas,Bandit 1200S,64
Dallas,Canada,Americas,Enduro 350,65
Dallas,Canada,Americas,Enduro 450,66
Dallas,Canada,Americas,Enduro 550,68
Dallas,Canada,Americas,600S,35
Dallas,Canada,Americas,626S,37
Dallas,Canada,Americas,676S,37
Dallas,Canada,Americas,ST900,56
Dallas,Canada,Americas,900S,41
Dallas,Canada,Americas,Bandit 1200,62
Dallas,Canada,Americas,RoadStar,45
Dallas,Canada,Americas,676RS,38
Dallas,Canada,Americas,929S,42
Dallas,Canada,Americas,996S,43
Dallas,Canada,Americas,996RS,45
Dallas,China,APAC,CRS550,82
Dallas,China,APAC,Victory,57
Dallas,China,APAC,200S,36
Dallas,China,APAC,300S,39
Dallas,China,APAC,ST1200,67
Dallas,China,APAC,Bandit 900,70
Dallas,China,APAC,Boulevard,58
Dallas,China,APAC,KingTwin,60
Dallas,China,APAC,MegaTwin,62
Dallas,China,APAC,RoadLiner,55
Dallas,China,APAC,CRX500,81
Dallas,China,APAC,ST1200R,68
Dallas,China,APAC,CRX600,85
Dallas,China,APAC,CRX650,87
Dallas,China,APAC,Bandit 1200S,74
Dallas,China,APAC,Enduro 350,76
Dallas,China,APAC,Enduro 450,77
Dallas,China,APAC,Enduro 550,79
Dallas,China,APAC,600S,40
Dallas,China,APAC,626S,43
Dallas,China,APAC,676S,43
Dallas,China,APAC,ST900,65
Dallas,China,APAC,900S,48
Dallas,China,APAC,Bandit 1200,72
Dallas,China,APAC,RoadStar,53
Dallas,China,APAC,676RS,45
Dallas,China,APAC,929S,49
Dallas,China,APAC,996S,50
Dallas,China,APAC,996RS,53
Dallas,France,EMEA,CRS550,103
Dallas,France,EMEA,Victory,72
Dallas,France,EMEA,200S,45
Dallas,France,EMEA,300S,49
Dallas,France,EMEA,ST1200,85
Dallas,France,EMEA,Bandit 900,88
Dallas,France,EMEA,Boulevard,73
Dallas,France,EMEA,KingTwin,76
Dallas,France,EMEA,MegaTwin,78
Dallas,France,EMEA,RoadLiner,70
Dallas,France,EMEA,CRX500,102
Dallas,France,EMEA,ST1200R,86
Dallas,France,EMEA,CRX600,107
Dallas,France,EMEA,CRX650,109
Dallas,France,EMEA,Bandit 1200S,93
Dallas,France,EMEA,Enduro 350,95
Dallas,France,EMEA,Enduro 450,96
Dallas,France,EMEA,Enduro 550,99
Dallas,France,EMEA,600S,51
Dallas,France,EMEA,626S,54
Dallas,France,EMEA,676S,54
Dallas,France,EMEA,ST900,81
Dallas,France,EMEA,900S,60
Dallas,France,EMEA,Bandit 1200,90
Dallas,France,EMEA,RoadStar,66
Dallas,France,EMEA,676RS,56
Dallas,France,EMEA,929S,62
Dallas,France,EMEA,996S,63
Dallas,France,EMEA,996RS,66
Dallas,Germany,EMEA,CRS550,96
Dallas,Germany,EMEA,Victory,67
Dallas,Germany,EMEA,200S,42
Dallas,Germany,EMEA,300S,46
Dallas,Germany,EMEA,ST1200,79
Dallas,Germany,EMEA,Bandit 900,82
Dallas,Germany,EMEA,Boulevard,68
Dallas,Germany,EMEA,KingTwin,71
Dallas,Germany,EMEA,MegaTwin,73
Dallas,Germany,EMEA,RoadLiner,65
Dallas,Germany,EMEA,CRX500,95
Dallas,Germany,EMEA,ST1200R,80
Dallas,Germany,EMEA,CRX600,99
Dallas,Germany,EMEA,CRX650,102
Dallas,Germany,EMEA,Bandit 1200S,87
Dallas,Germany,EMEA,Enduro 350,89
Dallas,Germany,EMEA,Enduro 450,90
Dallas,Germany,EMEA,Enduro 550,93
Dallas,Germany,EMEA,600S,47
Dallas,Germany,EMEA,626S,50
Dallas,Germany,EMEA,676S,50
Dallas,Germany,EMEA,ST900,76
Dallas,Germany,EMEA,900S,56
Dallas,Germany,EMEA,Bandit 1200,84
Dallas,Germany,EMEA,RoadStar,62
Dallas,Germany,EMEA,676RS,52
Dallas,Germany,EMEA,929S,58
Dallas,Germany,EMEA,996S,59
Dallas,Germany,EMEA,996RS,62
Dallas,Italy,EMEA,CRS550,96
Dallas,Italy,EMEA,Victory,67
Dallas,Italy,EMEA,200S,42
Dallas,Italy,EMEA,300S,46
Dallas,Italy,EMEA,ST1200,79
Dallas,Italy,EMEA,Bandit 900,82
Dallas,Italy,EMEA,Boulevard,68
Dallas,Italy,EMEA,KingTwin,71
Dallas,Italy,EMEA,MegaTwin,73
Dallas,Italy,EMEA,RoadLiner,65
Dallas,Italy,EMEA,CRX500,95
Dallas,Italy,EMEA,ST1200R,80
Dallas,Italy,EMEA,CRX600,99
Dallas,Italy,EMEA,CRX650,102
Dallas,Italy,EMEA,Bandit 1200S,87
Dallas,Italy,EMEA,Enduro 350,89
Dallas,Italy,EMEA,Enduro 450,90
Dallas,Italy,EMEA,Enduro 550,93
Dallas,Italy,EMEA,600S,47
Dallas,Italy,EMEA,626S,50
Dallas,Italy,EMEA,676S,50
Dallas,Italy,EMEA,ST900,76
Dallas,Italy,EMEA,900S,56
Dallas,Italy,EMEA,Bandit 1200,84
Dallas,Italy,EMEA,RoadStar,62
Dallas,Italy,EMEA,676RS,52
Dallas,Italy,EMEA,929S,58
Dallas,Italy,EMEA,996S,59
Dallas,Italy,EMEA,996RS,62
Dallas,Japan,APAC,CRS550,94
Dallas,Japan,APAC,Victory,65
Dallas,Japan,APAC,200S,41
Dallas,Japan,APAC,300S,44
Dallas,Japan,APAC,ST1200,77
Dallas,Japan,APAC,Bandit 900,80
Dallas,Japan,APAC,Boulevard,66
Dallas,Japan,APAC,KingTwin,69
Dallas,Japan,APAC,MegaTwin,71
Dallas,Japan,APAC,RoadLiner,63
Dallas,Japan,APAC,CRX500,93
Dallas,Japan,APAC,ST1200R,78
Dallas,Japan,APAC,CRX600,97
Dallas,Japan,APAC,CRX650,99
Dallas,Japan,APAC,Bandit 1200S,85
Dallas,Japan,APAC,Enduro 350,87
Dallas,Japan,APAC,Enduro 450,88
Dallas,Japan,APAC,Enduro 550,90
Dallas,Japan,APAC,600S,46
Dallas,Japan,APAC,626S,49
Dallas,Japan,APAC,676S,49
Dallas,Japan,APAC,ST900,74
Dallas,Japan,APAC,900S,54
Dallas,Japan,APAC,Bandit 1200,82
Dallas,Japan,APAC,RoadStar,60
Dallas,Japan,APAC,676RS,51
Dallas,Japan,APAC,929S,56
Dallas,Japan,APAC,996S,57
Dallas,Japan,APAC,996RS,60
Dallas,Spain,EMEA,CRS550,94
Dallas,Spain,EMEA,Victory,65
Dallas,Spain,EMEA,200S,41
Dallas,Spain,EMEA,300S,44
Dallas,Spain,EMEA,ST1200,77
Dallas,Spain,EMEA,Bandit 900,80
Dallas,Spain,EMEA,Boulevard,66
Dallas,Spain,EMEA,KingTwin,69
Dallas,Spain,EMEA,MegaTwin,71
Dallas,Spain,EMEA,RoadLiner,63
Dallas,Spain,EMEA,CRX500,93
Dallas,Spain,EMEA,ST1200R,78
Dallas,Spain,EMEA,CRX600,97
Dallas,Spain,EMEA,CRX650,99
Dallas,Spain,EMEA,Bandit 1200S,85
Dallas,Spain,EMEA,Enduro 350,87
Dallas,Spain,EMEA,Enduro 450,88
Dallas,Spain,EMEA,Enduro 550,90
Dallas,Spain,EMEA,600S,46
Dallas,Spain,EMEA,626S,49
Dallas,Spain,EMEA,676S,49
Dallas,Spain,EMEA,ST900,74
Dallas,Spain,EMEA,900S,54
Dallas,Spain,EMEA,Bandit 1200,82
Dallas,Spain,EMEA,RoadStar,60
Dallas,Spain,EMEA,676RS,51
Dallas,Spain,EMEA,929S,56
Dallas,Spain,EMEA,996S,57
Dallas,Spain,EMEA,996RS,60
Dallas,UK,EMEA,CRS550,98
Dallas,UK,EMEA,Victory,68
Dallas,UK,EMEA,200S,43
Dallas,UK,EMEA,300S,47
Dallas,UK,EMEA,ST1200,81
Dallas,UK,EMEA,Bandit 900,84
Dallas,UK,EMEA,Boulevard,70
Dallas,UK,EMEA,KingTwin,72
Dallas,UK,EMEA,MegaTwin,75
Dallas,UK,EMEA,RoadLiner,67
Dallas,UK,EMEA,CRX500,97
Dallas,UK,EMEA,ST1200R,82
Dallas,UK,EMEA,CRX600,102
Dallas,UK,EMEA,CRX650,104
Dallas,UK,EMEA,Bandit 1200S,89
Dallas,UK,EMEA,Enduro 350,91
Dallas,UK,EMEA,Enduro 450,92
Dallas,UK,EMEA,Enduro 550,95
Dallas,UK,EMEA,600S,49
Dallas,UK,EMEA,626S,51
Dallas,UK,EMEA,676S,52
Dallas,UK,EMEA,ST900,78
Dallas,UK,EMEA,900S,57
Dallas,UK,EMEA,Bandit 1200,86
Dallas,UK,EMEA,RoadStar,63
Dallas,UK,EMEA,676RS,54
Dallas,UK,EMEA,929S,59
Dallas,UK,EMEA,996S,60
Dallas,UK,EMEA,996RS,63
Dallas,US,Americas,CRS550,51
Dallas,US,Americas,Victory,36
Dallas,US,Americas,200S,23
Dallas,US,Americas,300S,24
Dallas,US,Americas,ST1200,42
Dallas,US,Americas,Bandit 900,44
Dallas,US,Americas,Boulevard,37
Dallas,US,Americas,KingTwin,38
Dallas,US,Americas,MegaTwin,39
Dallas,US,Americas,RoadLiner,35
Dallas,US,Americas,CRX500,51
Dallas,US,Americas,ST1200R,43
Dallas,US,Americas,CRX600,53
Dallas,US,Americas,CRX650,55
Dallas,US,Americas,Bandit 1200S,47
Dallas,US,Americas,Enduro 350,48
Dallas,US,Americas,Enduro 450,48
Dallas,US,Americas,Enduro 550,50
Dallas,US,Americas,600S,25
Dallas,US,Americas,626S,27
Dallas,US,Americas,676S,27
Dallas,US,Americas,ST900,41
Dallas,US,Americas,900S,30
Dallas,US,Americas,Bandit 1200,45
Dallas,US,Americas,RoadStar,33
Dallas,US,Americas,676RS,28
Dallas,US,Americas,929S,31
Dallas,US,Americas,996S,31
Dallas,US,Americas,996RS,33
Houston,Argentina,Americas,RoadStar,51
Houston,Argentina,Americas,Victory,55
Houston,Argentina,Americas,MegaTwin,60
Houston,Argentina,Americas,KingTwin,58
Houston,Argentina,Americas,996S,50
Houston,Argentina,Americas,929S,48
Houston,Argentina,Americas,900S,46
Houston,Argentina,Americas,626S,41
Houston,Argentina,Americas,300S,37
Houston,Argentina,Americas,RoadLiner,53
Houston,Argentina,Americas,676S,42
Houston,Argentina,Americas,676RS,44
Houston,Argentina,Americas,200S,35
Houston,Argentina,Americas,600S,38
Houston,Argentina,Americas,996RS,51
Houston,Argentina,Americas,Bandit 900,68
Houston,Argentina,Americas,CRS550,80
Houston,Argentina,Americas,CRX600,82
Houston,Argentina,Americas,Boulevard,57
Houston,Argentina,Americas,Enduro 550,77
Houston,Argentina,Americas,ST900,63
Houston,Argentina,Americas,CRX650,84
Houston,Argentina,Americas,ST1200R,67
Houston,Argentina,Americas,Bandit 1200S,72
Houston,Argentina,Americas,Bandit 1200,69
Houston,Argentina,Americas,Enduro 450,75
Houston,Argentina,Americas,Enduro 350,74
Houston,Argentina,Americas,CRX500,79
Houston,Argentina,Americas,ST1200,65
Houston,Brazil,Americas,RoadStar,50
Houston,Brazil,Americas,Victory,53
Houston,Brazil,Americas,MegaTwin,58
Houston,Brazil,Americas,KingTwin,57
Houston,Brazil,Americas,996S,48
Houston,Brazil,Americas,929S,47
Houston,Brazil,Americas,900S,45
Houston,Brazil,Americas,626S,40
Houston,Brazil,Americas,300S,35
Houston,Brazil,Americas,RoadLiner,51
Houston,Brazil,Americas,676S,41
Houston,Brazil,Americas,676RS,43
Houston,Brazil,Americas,200S,34
Houston,Brazil,Americas,600S,37
Houston,Brazil,Americas,996RS,50
Houston,Brazil,Americas,Bandit 900,66
Houston,Brazil,Americas,CRS550,77
Houston,Brazil,Americas,CRX600,80
Houston,Brazil,Americas,Boulevard,56
Houston,Brazil,Americas,Enduro 550,75
Houston,Brazil,Americas,ST900,61
Houston,Brazil,Americas,CRX650,81
Houston,Brazil,Americas,ST1200R,65
Houston,Brazil,Americas,Bandit 1200S,70
Houston,Brazil,Americas,Bandit 1200,67
Houston,Brazil,Americas,Enduro 450,73
Houston,Brazil,Americas,Enduro 350,72
Houston,Brazil,Americas,CRX500,77
Houston,Brazil,Americas,ST1200,63
Houston,Canada,Americas,RoadStar,44
Houston,Canada,Americas,Victory,47
Houston,Canada,Americas,MegaTwin,51
Houston,Canada,Americas,KingTwin,50
Houston,Canada,Americas,996S,42
Houston,Canada,Americas,929S,41
Houston,Canada,Americas,900S,39
Houston,Canada,Americas,626S,35
Houston,Canada,Americas,300S,31
Houston,Canada,Americas,RoadLiner,45
Houston,Canada,Americas,676S,36
Houston,Canada,Americas,676RS,38
Houston,Canada,Americas,200S,30
Houston,Canada,Americas,600S,33
Houston,Canada,Americas,996RS,44
Houston,Canada,Americas,Bandit 900,58
Houston,Canada,Americas,CRS550,68
Houston,Canada,Americas,CRX600,70
Houston,Canada,Americas,Boulevard,49
Houston,Canada,Americas,Enduro 550,66
Houston,Canada,Americas,ST900,54
Houston,Canada,Americas,CRX650,71
Houston,Canada,Americas,ST1200R,57
Houston,Canada,Americas,Bandit 1200S,62
Houston,Canada,Americas,Bandit 1200,59
Houston,Canada,Americas,Enduro 450,64
Houston,Canada,Americas,Enduro 350,63
Houston,Canada,Americas,CRX500,67
Houston,Canada,Americas,ST1200,56
Houston,China,APAC,RoadStar,57
Houston,China,APAC,Victory,61
Houston,China,APAC,MegaTwin,67
Houston,China,APAC,KingTwin,65
Houston,China,APAC,996S,56
Houston,China,APAC,929S,54
Houston,China,APAC,900S,51
Houston,China,APAC,626S,46
Houston,China,APAC,300S,41
Houston,China,APAC,RoadLiner,59
Houston,China,APAC,676S,47
Houston,China,APAC,676RS,50
Houston,China,APAC,200S,39
Houston,China,APAC,600S,43
Houston,China,APAC,996RS,57
Houston,China,APAC,Bandit 900,76
Houston,China,APAC,CRS550,89
Houston,China,APAC,CRX600,92
Houston,China,APAC,Boulevard,64
Houston,China,APAC,Enduro 550,86
Houston,China,APAC,ST900,70
Houston,China,APAC,CRX650,93
Houston,China,APAC,ST1200R,74
Houston,China,APAC,Bandit 1200S,81
Houston,China,APAC,Bandit 1200,78
Houston,China,APAC,Enduro 450,84
Houston,China,APAC,Enduro 350,83
Houston,China,APAC,CRX500,88
Houston,China,APAC,ST1200,73
Houston,France,EMEA,RoadStar,68
Houston,France,EMEA,Victory,73
Houston,France,EMEA,MegaTwin,79
Houston,France,EMEA,KingTwin,77
Houston,France,EMEA,996S,66
Houston,France,EMEA,929S,64
Houston,France,EMEA,900S,61
Houston,France,EMEA,626S,54
Houston,France,EMEA,300S,48
Houston,France,EMEA,RoadLiner,70
Houston,France,EMEA,676S,56
Houston,France,EMEA,676RS,59
Houston,France,EMEA,200S,46
Houston,France,EMEA,600S,51
Houston,France,EMEA,996RS,68
Houston,France,EMEA,Bandit 900,90
Houston,France,EMEA,CRS550,106
Houston,France,EMEA,CRX600,109
Houston,France,EMEA,Boulevard,76
Houston,France,EMEA,Enduro 550,102
Houston,France,EMEA,ST900,83
Houston,France,EMEA,CRX650,111
Houston,France,EMEA,ST1200R,88
Houston,France,EMEA,Bandit 1200S,96
Houston,France,EMEA,Bandit 1200,92
Houston,France,EMEA,Enduro 450,100
Houston,France,EMEA,Enduro 350,98
Houston,France,EMEA,CRX500,105
Houston,France,EMEA,ST1200,86
Houston,Germany,EMEA,RoadStar,68
Houston,Germany,EMEA,Victory,73
Houston,Germany,EMEA,MegaTwin,79
Houston,Germany,EMEA,KingTwin,77
Houston,Germany,EMEA,996S,66
Houston,Germany,EMEA,929S,64
Houston,Germany,EMEA,900S,61
Houston,Germany,EMEA,626S,54
Houston,Germany,EMEA,300S,48
Houston,Germany,EMEA,RoadLiner,70
Houston,Germany,EMEA,676S,56
Houston,Germany,EMEA,676RS,59
Houston,Germany,EMEA,200S,46
Houston,Germany,EMEA,600S,51
Houston,Germany,EMEA,996RS,68
Houston,Germany,EMEA,Bandit 900,90
Houston,Germany,EMEA,CRS550,106
Houston,Germany,EMEA,CRX600,109
Houston,Germany,EMEA,Boulevard,76
Houston,Germany,EMEA,Enduro 550,102
Houston,Germany,EMEA,ST900,83
Houston,Germany,EMEA,CRX650,111
Houston,Germany,EMEA,ST1200R,88
Houston,Germany,EMEA,Bandit 1200S,96
Houston,Germany,EMEA,Bandit 1200,92
Houston,Germany,EMEA,Enduro 450,100
Houston,Germany,EMEA,Enduro 350,98
Houston,Germany,EMEA,CRX500,105
Houston,Germany,EMEA,ST1200,86
Houston,Italy,EMEA,RoadStar,65
Houston,Italy,EMEA,Victory,69
Houston,Italy,EMEA,MegaTwin,75
Houston,Italy,EMEA,KingTwin,74
Houston,Italy,EMEA,996S,63
Houston,Italy,EMEA,929S,61
Houston,Italy,EMEA,900S,58
Houston,Italy,EMEA,626S,52
Houston,Italy,EMEA,300S,46
Houston,Italy,EMEA,RoadLiner,67
Houston,Italy,EMEA,676S,53
Houston,Italy,EMEA,676RS,56
Houston,Italy,EMEA,200S,44
Houston,Italy,EMEA,600S,48
Houston,Italy,EMEA,996RS,64
Houston,Italy,EMEA,Bandit 900,86
Houston,Italy,EMEA,CRS550,101
Houston,Italy,EMEA,CRX600,104
Houston,Italy,EMEA,Boulevard,72
Houston,Italy,EMEA,Enduro 550,98
Houston,Italy,EMEA,ST900,79
Houston,Italy,EMEA,CRX650,106
Houston,Italy,EMEA,ST1200R,84
Houston,Italy,EMEA,Bandit 1200S,91
Houston,Italy,EMEA,Bandit 1200,88
Houston,Italy,EMEA,Enduro 450,95
Houston,Italy,EMEA,Enduro 350,94
Houston,Italy,EMEA,CRX500,100
Houston,Italy,EMEA,ST1200,82
Houston,Japan,APAC,RoadStar,56
Houston,Japan,APAC,Victory,60
Houston,Japan,APAC,MegaTwin,65
Houston,Japan,APAC,KingTwin,64
Houston,Japan,APAC,996S,54
Houston,Japan,APAC,929S,52
Houston,Japan,APAC,900S,50
Houston,Japan,APAC,626S,45
Houston,Japan,APAC,300S,40
Houston,Japan,APAC,RoadLiner,58
Houston,Japan,APAC,676S,46
Houston,Japan,APAC,676RS,48
Houston,Japan,APAC,200S,38
Houston,Japan,APAC,600S,42
Houston,Japan,APAC,996RS,56
Houston,Japan,APAC,Bandit 900,74
Houston,Japan,APAC,CRS550,87
Houston,Japan,APAC,CRX600,90
Houston,Japan,APAC,Boulevard,62
Houston,Japan,APAC,Enduro 550,84
Houston,Japan,APAC,ST900,68
Houston,Japan,APAC,CRX650,91
Houston,Japan,APAC,ST1200R,73
Houston,Japan,APAC,Bandit 1200S,79
Houston,Japan,APAC,Bandit 1200,75
Houston,Japan,APAC,Enduro 450,82
Houston,Japan,APAC,Enduro 350,81
Houston,Japan,APAC,CRX500,86
Houston,Japan,APAC,ST1200,71
Houston,Spain,EMEA,RoadStar,63
Houston,Spain,EMEA,Victory,68
Houston,Spain,EMEA,MegaTwin,74
Houston,Spain,EMEA,KingTwin,72
Houston,Spain,EMEA,996S,62
Houston,Spain,EMEA,929S,59
Houston,Spain,EMEA,900S,57
Houston,Spain,EMEA,626S,51
Houston,Spain,EMEA,300S,45
Houston,Spain,EMEA,RoadLiner,65
Houston,Spain,EMEA,676S,52
Houston,Spain,EMEA,676RS,55
Houston,Spain,EMEA,200S,43
Houston,Spain,EMEA,600S,47
Houston,Spain,EMEA,996RS,63
Houston,Spain,EMEA,Bandit 900,84
Houston,Spain,EMEA,CRS550,98
Houston,Spain,EMEA,CRX600,102
Houston,Spain,EMEA,Boulevard,71
Houston,Spain,EMEA,Enduro 550,96
Houston,Spain,EMEA,ST900,77
Houston,Spain,EMEA,CRX650,103
Houston,Spain,EMEA,ST1200R,82
Houston,Spain,EMEA,Bandit 1200S,89
Houston,Spain,EMEA,Bandit 1200,86
Houston,Spain,EMEA,Enduro 450,93
Houston,Spain,EMEA,Enduro 350,92
Houston,Spain,EMEA,CRX500,98
Houston,Spain,EMEA,ST1200,80
Houston,UK,EMEA,RoadStar,63
Houston,UK,EMEA,Victory,68
Houston,UK,EMEA,MegaTwin,74
Houston,UK,EMEA,KingTwin,72
Houston,UK,EMEA,996S,62
Houston,UK,EMEA,929S,59
Houston,UK,EMEA,900S,57
Houston,UK,EMEA,626S,51
Houston,UK,EMEA,300S,45
Houston,UK,EMEA,RoadLiner,65
Houston,UK,EMEA,676S,52
Houston,UK,EMEA,676RS,55
Houston,UK,EMEA,200S,43
Houston,UK,EMEA,600S,47
Houston,UK,EMEA,996RS,63
Houston,UK,EMEA,Bandit 900,84
Houston,UK,EMEA,CRS550,98
Houston,UK,EMEA,CRX600,102
Houston,UK,EMEA,Boulevard,71
Houston,UK,EMEA,Enduro 550,96
Houston,UK,EMEA,ST900,77
Houston,UK,EMEA,CRX650,103
Houston,UK,EMEA,ST1200R,82
Houston,UK,EMEA,Bandit 1200S,89
Houston,UK,EMEA,Bandit 1200,86
Houston,UK,EMEA,Enduro 450,93
Houston,UK,EMEA,Enduro 350,92
Houston,UK,EMEA,CRX500,98
Houston,UK,EMEA,ST1200,80
Houston,US,Americas,RoadStar,33
Houston,US,Americas,Victory,36
Houston,US,Americas,MegaTwin,39
Houston,US,Americas,KingTwin,38
Houston,US,Americas,996S,32
Houston,US,Americas,929S,31
Houston,US,Americas,900S,30
Houston,US,Americas,626S,27
Houston,US,Americas,300S,24
Houston,US,Americas,RoadLiner,34
Houston,US,Americas,676S,27
Houston,US,Americas,676RS,29
Houston,US,Americas,200S,23
Houston,US,Americas,600S,25
Houston,US,Americas,996RS,33
Houston,US,Americas,Bandit 900,44
Houston,US,Americas,CRS550,52
Houston,US,Americas,CRX600,53
Houston,US,Americas,Boulevard,37
Houston,US,Americas,Enduro 550,50
Houston,US,Americas,ST900,41
Houston,US,Americas,CRX650,54
Houston,US,Americas,ST1200R,43
Houston,US,Americas,Bandit 1200S,47
Houston,US,Americas,Bandit 1200,45
Houston,US,Americas,Enduro 450,49
Houston,US,Americas,Enduro 350,48
Houston,US,Americas,CRX500,51
Houston,US,Americas,ST1200,42
Los Angeles,Argentina,Americas,Enduro 450,67
Los Angeles,Argentina,Americas,Bandit 900,60
Los Angeles,Argentina,Americas,ST1200,57
Los Angeles,Argentina,Americas,Enduro 350,65
Los Angeles,Argentina,Americas,Bandit 1200S,63
Los Angeles,Argentina,Americas,Bandit 1200,62
Los Angeles,Argentina,Americas,ST1200R,58
Los Angeles,Argentina,Americas,CRX650,74
Los Angeles,Argentina,Americas,996S,44
Los Angeles,Argentina,Americas,ST900,56
Los Angeles,Argentina,Americas,RoadLiner,48
Los Angeles,Argentina,Americas,996RS,45
Los Angeles,Argentina,Americas,KingTwin,52
Los Angeles,Argentina,Americas,MegaTwin,54
Los Angeles,Argentina,Americas,Victory,49
Los Angeles,Argentina,Americas,Boulevard,51
Los Angeles,Argentina,Americas,600S,35
Los Angeles,Argentina,Americas,626S,35
Los Angeles,Argentina,Americas,676S,38
Los Angeles,Argentina,Americas,300S,32
Los Angeles,Argentina,Americas,900S,40
Los Angeles,Argentina,Americas,CRX600,72
Los Angeles,Argentina,Americas,CRS550,70
Los Angeles,Argentina,Americas,929S,41
Los Angeles,Argentina,Americas,CRX500,70
Los Angeles,Argentina,Americas,Enduro 550,68
Los Angeles,Argentina,Americas,RoadStar,46
Los Angeles,Argentina,Americas,676RS,39
Los Angeles,Argentina,Americas,200S,31
Los Angeles,Brazil,Americas,Enduro 450,67
Los Angeles,Brazil,Americas,Bandit 900,60
Los Angeles,Brazil,Americas,ST1200,57
Los Angeles,Brazil,Americas,Enduro 350,65
Los Angeles,Brazil,Americas,Bandit 1200S,63
Los Angeles,Brazil,Americas,Bandit 1200,62
Los Angeles,Brazil,Americas,ST1200R,58
Los Angeles,Brazil,Americas,CRX650,74
Los Angeles,Brazil,Americas,996S,44
Los Angeles,Brazil,Americas,ST900,56
Los Angeles,Brazil,Americas,RoadLiner,48
Los Angeles,Brazil,Americas,996RS,45
Los Angeles,Brazil,Americas,KingTwin,52
Los Angeles,Brazil,Americas,MegaTwin,54
Los Angeles,Brazil,Americas,Victory,49
Los Angeles,Brazil,Americas,Boulevard,51
Los Angeles,Brazil,Americas,600S,35
Los Angeles,Brazil,Americas,626S,35
Los Angeles,Brazil,Americas,676S,38
Los Angeles,Brazil,Americas,300S,32
Los Angeles,Brazil,Americas,900S,40
Los Angeles,Brazil,Americas,CRX600,72
Los Angeles,Brazil,Americas,CRS550,70
Los Angeles,Brazil,Americas,929S,41
Los Angeles,Brazil,Americas,CRX500,70
Los Angeles,Brazil,Americas,Enduro 550,68
Los Angeles,Brazil,Americas,RoadStar,46
Los Angeles,Brazil,Americas,676RS,39
Los Angeles,Brazil,Americas,200S,31
Los Angeles,Canada,Americas,Enduro 450,67
Los Angeles,Canada,Americas,Bandit 900,60
Los Angeles,Canada,Americas,ST1200,57
Los Angeles,Canada,Americas,Enduro 350,65
Los Angeles,Canada,Americas,Bandit 1200S,63
Los Angeles,Canada,Americas,Bandit 1200,62
Los Angeles,Canada,Americas,ST1200R,58
Los Angeles,Canada,Americas,CRX650,74
Los Angeles,Canada,Americas,996S,44
Los Angeles,Canada,Americas,ST900,56
Los Angeles,Canada,Americas,RoadLiner,48
Los Angeles,Canada,Americas,996RS,45
Los Angeles,Canada,Americas,KingTwin,52
Los Angeles,Canada,Americas,MegaTwin,54
Los Angeles,Canada,Americas,Victory,49
Los Angeles,Canada,Americas,Boulevard,51
Los Angeles,Canada,Americas,600S,35
Los Angeles,Canada,Americas,626S,35
Los Angeles,Canada,Americas,676S,38
Los Angeles,Canada,Americas,300S,32
Los Angeles,Canada,Americas,900S,40
Los Angeles,Canada,Americas,CRX600,72
Los Angeles,Canada,Americas,CRS550,70
Los Angeles,Canada,Americas,929S,41
Los Angeles,Canada,Americas,CRX500,70
Los Angeles,Canada,Americas,Enduro 550,68
Los Angeles,Canada,Americas,RoadStar,46
Los Angeles,Canada,Americas,676RS,39
Los Angeles,Canada,Americas,200S,31
Los Angeles,China,APAC,Enduro 450,80
Los Angeles,China,APAC,Bandit 900,72
Los Angeles,China,APAC,ST1200,68
Los Angeles,China,APAC,Enduro 350,78
Los Angeles,China,APAC,Bandit 1200S,75
Los Angeles,China,APAC,Bandit 1200,74
Los Angeles,China,APAC,ST1200R,70
Los Angeles,China,APAC,CRX650,89
Los Angeles,China,APAC,996S,53
Los Angeles,China,APAC,ST900,67
Los Angeles,China,APAC,RoadLiner,57
Los Angeles,China,APAC,996RS,54
Los Angeles,China,APAC,KingTwin,63
Los Angeles,China,APAC,MegaTwin,65
Los Angeles,China,APAC,Victory,58
Los Angeles,China,APAC,Boulevard,61
Los Angeles,China,APAC,600S,42
Los Angeles,China,APAC,626S,42
Los Angeles,China,APAC,676S,45
Los Angeles,China,APAC,300S,39
Los Angeles,China,APAC,900S,48
Los Angeles,China,APAC,CRX600,87
Los Angeles,China,APAC,CRS550,84
Los Angeles,China,APAC,929S,50
Los Angeles,China,APAC,CRX500,84
Los Angeles,China,APAC,Enduro 550,82
Los Angeles,China,APAC,RoadStar,55
Los Angeles,China,APAC,676RS,47
Los Angeles,China,APAC,200S,37
Los Angeles,France,EMEA,Enduro 450,93
Los Angeles,France,EMEA,Bandit 900,84
Los Angeles,France,EMEA,ST1200,80
Los Angeles,France,EMEA,Enduro 350,91
Los Angeles,France,EMEA,Bandit 1200S,88
Los Angeles,France,EMEA,Bandit 1200,87
Los Angeles,France,EMEA,ST1200R,82
Los Angeles,France,EMEA,CRX650,104
Los Angeles,France,EMEA,996S,62
Los Angeles,France,EMEA,ST900,78
Los Angeles,France,EMEA,RoadLiner,67
Los Angeles,France,EMEA,996RS,63
Los Angeles,France,EMEA,KingTwin,73
Los Angeles,France,EMEA,MegaTwin,76
Los Angeles,France,EMEA,Victory,68
Los Angeles,France,EMEA,Boulevard,71
Los Angeles,France,EMEA,600S,49
Los Angeles,France,EMEA,626S,50
Los Angeles,France,EMEA,676S,52
Los Angeles,France,EMEA,300S,45
Los Angeles,France,EMEA,900S,56
Los Angeles,France,EMEA,CRX600,101
Los Angeles,France,EMEA,CRS550,98
Los Angeles,France,EMEA,929S,58
Los Angeles,France,EMEA,CRX500,98
Los Angeles,France,EMEA,Enduro 550,95
Los Angeles,France,EMEA,RoadStar,64
Los Angeles,France,EMEA,676RS,54
Los Angeles,France,EMEA,200S,43
Los Angeles,Germany,EMEA,Enduro 450,95
Los Angeles,Germany,EMEA,Bandit 900,86
Los Angeles,Germany,EMEA,ST1200,81
Los Angeles,Germany,EMEA,Enduro 350,93
Los Angeles,Germany,EMEA,Bandit 1200S,90
Los Angeles,Germany,EMEA,Bandit 1200,89
Los Angeles,Germany,EMEA,ST1200R,84
Los Angeles,Germany,EMEA,CRX650,106
Los Angeles,Germany,EMEA,996S,63
Los Angeles,Germany,EMEA,ST900,80
Los Angeles,Germany,EMEA,RoadLiner,68
Los Angeles,Germany,EMEA,996RS,64
Los Angeles,Germany,EMEA,KingTwin,75
Los Angeles,Germany,EMEA,MegaTwin,77
Los Angeles,Germany,EMEA,Victory,70
Los Angeles,Germany,EMEA,Boulevard,73
Los Angeles,Germany,EMEA,600S,50
Los Angeles,Germany,EMEA,626S,51
Los Angeles,Germany,EMEA,676S,54
Los Angeles,Germany,EMEA,300S,46
Los Angeles,Germany,EMEA,900S,58
Los Angeles,Germany,EMEA,CRX600,103
Los Angeles,Germany,EMEA,CRS550,100
Los Angeles,Germany,EMEA,929S,59
Los Angeles,Germany,EMEA,CRX500,100
Los Angeles,Germany,EMEA,Enduro 550,97
Los Angeles,Germany,EMEA,RoadStar,66
Los Angeles,Germany,EMEA,676RS,56
Los Angeles,Germany,EMEA,200S,44
Los Angeles,Italy,EMEA,Enduro 450,89
Los Angeles,Italy,EMEA,Bandit 900,80
Los Angeles,Italy,EMEA,ST1200,76
Los Angeles,Italy,EMEA,Enduro 350,87
Los Angeles,Italy,EMEA,Bandit 1200S,83
Los Angeles,Italy,EMEA,Bandit 1200,82
Los Angeles,Italy,EMEA,ST1200R,78
Los Angeles,Italy,EMEA,CRX650,99
Los Angeles,Italy,EMEA,996S,59
Los Angeles,Italy,EMEA,ST900,74
Los Angeles,Italy,EMEA,RoadLiner,64
Los Angeles,Italy,EMEA,996RS,60
Los Angeles,Italy,EMEA,KingTwin,70
Los Angeles,Italy,EMEA,MegaTwin,72
Los Angeles,Italy,EMEA,Victory,65
Los Angeles,Italy,EMEA,Boulevard,68
Los Angeles,Italy,EMEA,600S,47
Los Angeles,Italy,EMEA,626S,47
Los Angeles,Italy,EMEA,676S,50
Los Angeles,Italy,EMEA,300S,43
Los Angeles,Italy,EMEA,900S,54
Los Angeles,Italy,EMEA,CRX600,96
Los Angeles,Italy,EMEA,CRS550,93
Los Angeles,Italy,EMEA,929S,55
Los Angeles,Italy,EMEA,CRX500,93
Los Angeles,Italy,EMEA,Enduro 550,91
Los Angeles,Italy,EMEA,RoadStar,61
Los Angeles,Italy,EMEA,676RS,52
Los Angeles,Italy,EMEA,200S,41
Los Angeles,Japan,APAC,Enduro 450,84
Los Angeles,Japan,APAC,Bandit 900,76
Los Angeles,Japan,APAC,ST1200,72
Los Angeles,Japan,APAC,Enduro 350,82
Los Angeles,Japan,APAC,Bandit 1200S,79
Los Angeles,Japan,APAC,Bandit 1200,78
Los Angeles,Japan,APAC,ST1200R,74
Los Angeles,Japan,APAC,CRX650,94
Los Angeles,Japan,APAC,996S,56
Los Angeles,Japan,APAC,ST900,70
Los Angeles,Japan,APAC,RoadLiner,60
Los Angeles,Japan,APAC,996RS,57
Los Angeles,Japan,APAC,KingTwin,66
Los Angeles,Japan,APAC,MegaTwin,68
Los Angeles,Japan,APAC,Victory,62
Los Angeles,Japan,APAC,Boulevard,65
Los Angeles,Japan,APAC,600S,44
Los Angeles,Japan,APAC,626S,45
Los Angeles,Japan,APAC,676S,48
Los Angeles,Japan,APAC,300S,41
Los Angeles,Japan,APAC,900S,51
Los Angeles,Japan,APAC,CRX600,91
Los Angeles,Japan,APAC,CRS550,89
Los Angeles,Japan,APAC,929S,52
Los Angeles,Japan,APAC,CRX500,89
Los Angeles,Japan,APAC,Enduro 550,86
Los Angeles,Japan,APAC,RoadStar,58
Los Angeles,Japan,APAC,676RS,49
Los Angeles,Japan,APAC,200S,39
Los Angeles,Spain,EMEA,Enduro 450,89
Los Angeles,Spain,EMEA,Bandit 900,80
Los Angeles,Spain,EMEA,ST1200,76
Los Angeles,Spain,EMEA,Enduro 350,87
Los Angeles,Spain,EMEA,Bandit 1200S,83
Los Angeles,Spain,EMEA,Bandit 1200,82
Los Angeles,Spain,EMEA,ST1200R,78
Los Angeles,Spain,EMEA,CRX650,99
Los Angeles,Spain,EMEA,996S,59
Los Angeles,Spain,EMEA,ST900,74
Los Angeles,Spain,EMEA,RoadLiner,64
Los Angeles,Spain,EMEA,996RS,60
Los Angeles,Spain,EMEA,KingTwin,70
Los Angeles,Spain,EMEA,MegaTwin,72
Los Angeles,Spain,EMEA,Victory,65
Los Angeles,Spain,EMEA,Boulevard,68
Los Angeles,Spain,EMEA,600S,47
Los Angeles,Spain,EMEA,626S,47
Los Angeles,Spain,EMEA,676S,50
Los Angeles,Spain,EMEA,300S,43
Los Angeles,Spain,EMEA,900S,54
Los Angeles,Spain,EMEA,CRX600,96
Los Angeles,Spain,EMEA,CRS550,93
Los Angeles,Spain,EMEA,929S,55
Los Angeles,Spain,EMEA,CRX500,93
Los Angeles,Spain,EMEA,Enduro 550,91
Los Angeles,Spain,EMEA,RoadStar,61
Los Angeles,Spain,EMEA,676RS,52
Los Angeles,Spain,EMEA,200S,41
Los Angeles,UK,EMEA,Enduro 450,93
Los Angeles,UK,EMEA,Bandit 900,84
Los Angeles,UK,EMEA,ST1200,80
Los Angeles,UK,EMEA,Enduro 350,91
Los Angeles,UK,EMEA,Bandit 1200S,88
Los Angeles,UK,EMEA,Bandit 1200,87
Los Angeles,UK,EMEA,ST1200R,82
Los Angeles,UK,EMEA,CRX650,104
Los Angeles,UK,EMEA,996S,62
Los Angeles,UK,EMEA,ST900,78
Los Angeles,UK,EMEA,RoadLiner,67
Los Angeles,UK,EMEA,996RS,63
Los Angeles,UK,EMEA,KingTwin,73
Los Angeles,UK,EMEA,MegaTwin,76
Los Angeles,UK,EMEA,Victory,68
Los Angeles,UK,EMEA,Boulevard,71
Los Angeles,UK,EMEA,600S,49
Los Angeles,UK,EMEA,626S,50
Los Angeles,UK,EMEA,676S,52
Los Angeles,UK,EMEA,300S,45
Los Angeles,UK,EMEA,900S,56
Los Angeles,UK,EMEA,CRX600,101
Los Angeles,UK,EMEA,CRS550,98
Los Angeles,UK,EMEA,929S,58
Los Angeles,UK,EMEA,CRX500,98
Los Angeles,UK,EMEA,Enduro 550,95
Los Angeles,UK,EMEA,RoadStar,64
Los Angeles,UK,EMEA,676RS,54
Los Angeles,UK,EMEA,200S,43
Los Angeles,US,Americas,Enduro 450,47
Los Angeles,US,Americas,Bandit 900,42
Los Angeles,US,Americas,ST1200,40
Los Angeles,US,Americas,Enduro 350,45
Los Angeles,US,Americas,Bandit 1200S,44
Los Angeles,US,Americas,Bandit 1200,43
Los Angeles,US,Americas,ST1200R,41
Los Angeles,US,Americas,CRX650,52
Los Angeles,US,Americas,996S,31
Los Angeles,US,Americas,ST900,39
Los Angeles,US,Americas,RoadLiner,33
Los Angeles,US,Americas,996RS,31
Los Angeles,US,Americas,KingTwin,37
Los Angeles,US,Americas,MegaTwin,38
Los Angeles,US,Americas,Victory,34
Los Angeles,US,Americas,Boulevard,36
Los Angeles,US,Americas,600S,25
Los Angeles,US,Americas,626S,25
Los Angeles,US,Americas,676S,26
Los Angeles,US,Americas,300S,23
Los Angeles,US,Americas,900S,28
Los Angeles,US,Americas,CRX600,51
Los Angeles,US,Americas,CRS550,49
Los Angeles,US,Americas,929S,29
Los Angeles,US,Americas,CRX500,49
Los Angeles,US,Americas,Enduro 550,48
Los Angeles,US,Americas,RoadStar,32
Los Angeles,US,Americas,676RS,27
Los Angeles,US,Americas,200S,22
Mexico,Argentina,Americas,626S,44
Mexico,Argentina,Americas,676S,46
Mexico,Argentina,Americas,CRX500,85
Mexico,Argentina,Americas,CRS550,87
Mexico,Argentina,Americas,900S,49
Mexico,Argentina,Americas,Enduro 550,84
Mexico,Argentina,Americas,600S,42
Mexico,Argentina,Americas,Enduro 450,81
Mexico,Argentina,Americas,676RS,48
Mexico,Argentina,Americas,ST900,69
Mexico,Argentina,Americas,MegaTwin,65
Mexico,Argentina,Americas,ST1200R,72
Mexico,Argentina,Americas,Victory,60
Mexico,Argentina,Americas,KingTwin,64
Mexico,Argentina,Americas,Bandit 1200S,78
Mexico,Argentina,Americas,RoadLiner,58
Mexico,Argentina,Americas,ST1200,70
Mexico,Argentina,Americas,Boulevard,62
Mexico,Argentina,Americas,996RS,55
Mexico,Argentina,Americas,RoadStar,56
Mexico,Argentina,Americas,929S,51
Mexico,Argentina,Americas,996S,54
Mexico,Argentina,Americas,Enduro 350,80
Mexico,Argentina,Americas,CRX650,90
Mexico,Argentina,Americas,CRX600,89
Mexico,Argentina,Americas,200S,38
Mexico,Argentina,Americas,Bandit 900,73
Mexico,Argentina,Americas,Bandit 1200,76
Mexico,Argentina,Americas,300S,41
Mexico,Brazil,Americas,626S,41
Mexico,Brazil,Americas,676S,44
Mexico,Brazil,Americas,CRX500,81
Mexico,Brazil,Americas,CRS550,82
Mexico,Brazil,Americas,900S,46
Mexico,Brazil,Americas,Enduro 550,79
Mexico,Brazil,Americas,600S,40
Mexico,Brazil,Americas,Enduro 450,77
Mexico,Brazil,Americas,676RS,46
Mexico,Brazil,Americas,ST900,65
Mexico,Brazil,Americas,MegaTwin,62
Mexico,Brazil,Americas,ST1200R,68
Mexico,Brazil,Americas,Victory,56
Mexico,Brazil,Americas,KingTwin,61
Mexico,Brazil,Americas,Bandit 1200S,74
Mexico,Brazil,Americas,RoadLiner,55
Mexico,Brazil,Americas,ST1200,66
Mexico,Brazil,Americas,Boulevard,58
Mexico,Brazil,Americas,996RS,52
Mexico,Brazil,Americas,RoadStar,53
Mexico,Brazil,Americas,929S,49
Mexico,Brazil,Americas,996S,51
Mexico,Brazil,Americas,Enduro 350,76
Mexico,Brazil,Americas,CRX650,85
Mexico,Brazil,Americas,CRX600,85
Mexico,Brazil,Americas,200S,36
Mexico,Brazil,Americas,Bandit 900,69
Mexico,Brazil,Americas,Bandit 1200,72
Mexico,Brazil,Americas,300S,39
Mexico,Canada,Americas,626S,52
Mexico,Canada,Americas,676S,55
Mexico,Canada,Americas,CRX500,102
Mexico,Canada,Americas,CRS550,103
Mexico,Canada,Americas,900S,58
Mexico,Canada,Americas,Enduro 550,100
Mexico,Canada,Americas,600S,50
Mexico,Canada,Americas,Enduro 450,97
Mexico,Canada,Americas,676RS,57
Mexico,Canada,Americas,ST900,82
Mexico,Canada,Americas,MegaTwin,78
Mexico,Canada,Americas,ST1200R,85
Mexico,Canada,Americas,Victory,71
Mexico,Canada,Americas,KingTwin,76
Mexico,Canada,Americas,Bandit 1200S,93
Mexico,Canada,Americas,RoadLiner,69
Mexico,Canada,Americas,ST1200,83
Mexico,Canada,Americas,Boulevard,73
Mexico,Canada,Americas,996RS,65
Mexico,Canada,Americas,RoadStar,67
Mexico,Canada,Americas,929S,61
Mexico,Canada,Americas,996S,64
Mexico,Canada,Americas,Enduro 350,95
Mexico,Canada,Americas,CRX650,107
Mexico,Canada,Americas,CRX600,106
Mexico,Canada,Americas,200S,46
Mexico,Canada,Americas,Bandit 900,87
Mexico,Canada,Americas,Bandit 1200,91
Mexico,Canada,Americas,300S,49
Mexico,China,APAC,626S,59
Mexico,China,APAC,676S,62
Mexico,China,APAC,CRX500,116
Mexico,China,APAC,CRS550,117
Mexico,China,APAC,900S,66
Mexico,China,APAC,Enduro 550,113
Mexico,China,APAC,600S,57
Mexico,China,APAC,Enduro 450,110
Mexico,China,APAC,676RS,65
Mexico,China,APAC,ST900,93
Mexico,China,APAC,MegaTwin,88
Mexico,China,APAC,ST1200R,97
Mexico,China,APAC,Victory,80
Mexico,China,APAC,KingTwin,86
Mexico,China,APAC,Bandit 1200S,105
Mexico,China,APAC,RoadLiner,78
Mexico,China,APAC,ST1200,95
Mexico,China,APAC,Boulevard,83
Mexico,China,APAC,996RS,74
Mexico,China,APAC,RoadStar,76
Mexico,China,APAC,929S,70
Mexico,China,APAC,996S,73
Mexico,China,APAC,Enduro 350,108
Mexico,China,APAC,CRX650,122
Mexico,China,APAC,CRX600,121
Mexico,China,APAC,200S,52
Mexico,China,APAC,Bandit 900,99
Mexico,China,APAC,Bandit 1200,103
Mexico,China,APAC,300S,56
Mexico,France,EMEA,626S,53
Mexico,France,EMEA,676S,56
Mexico,France,EMEA,CRX500,104
Mexico,France,EMEA,CRS550,105
Mexico,France,EMEA,900S,60
Mexico,France,EMEA,Enduro 550,102
Mexico,France,EMEA,600S,51
Mexico,France,EMEA,Enduro 450,99
Mexico,France,EMEA,676RS,58
Mexico,France,EMEA,ST900,84
Mexico,France,EMEA,MegaTwin,79
Mexico,France,EMEA,ST1200R,87
Mexico,France,EMEA,Victory,72
Mexico,France,EMEA,KingTwin,78
Mexico,France,EMEA,Bandit 1200S,95
Mexico,France,EMEA,RoadLiner,70
Mexico,France,EMEA,ST1200,85
Mexico,France,EMEA,Boulevard,75
Mexico,France,EMEA,996RS,66
Mexico,France,EMEA,RoadStar,68
Mexico,France,EMEA,929S,63
Mexico,France,EMEA,996S,65
Mexico,France,EMEA,Enduro 350,98
Mexico,France,EMEA,CRX650,110
Mexico,France,EMEA,CRX600,109
Mexico,France,EMEA,200S,47
Mexico,France,EMEA,Bandit 900,89
Mexico,France,EMEA,Bandit 1200,93
Mexico,France,EMEA,300S,50
Mexico,Germany,EMEA,626S,47
Mexico,Germany,EMEA,676S,50
Mexico,Germany,EMEA,CRX500,92
Mexico,Germany,EMEA,CRS550,94
Mexico,Germany,EMEA,900S,53
Mexico,Germany,EMEA,Enduro 550,91
Mexico,Germany,EMEA,600S,46
Mexico,Germany,EMEA,Enduro 450,88
Mexico,Germany,EMEA,676RS,52
Mexico,Germany,EMEA,ST900,75
Mexico,Germany,EMEA,MegaTwin,71
Mexico,Germany,EMEA,ST1200R,78
Mexico,Germany,EMEA,Victory,64
Mexico,Germany,EMEA,KingTwin,69
Mexico,Germany,EMEA,Bandit 1200S,84
Mexico,Germany,EMEA,RoadLiner,62
Mexico,Germany,EMEA,ST1200,76
Mexico,Germany,EMEA,Boulevard,67
Mexico,Germany,EMEA,996RS,59
Mexico,Germany,EMEA,RoadStar,61
Mexico,Germany,EMEA,929S,56
Mexico,Germany,EMEA,996S,58
Mexico,Germany,EMEA,Enduro 350,87
Mexico,Germany,EMEA,CRX650,97
Mexico,Germany,EMEA,CRX600,97
Mexico,Germany,EMEA,200S,42
Mexico,Germany,EMEA,Bandit 900,79
Mexico,Germany,EMEA,Bandit 1200,83
Mexico,Germany,EMEA,300S,45
Mexico,Italy,EMEA,626S,53
Mexico,Italy,EMEA,676S,56
Mexico,Italy,EMEA,CRX500,104
Mexico,Italy,EMEA,CRS550,105
Mexico,Italy,EMEA,900S,60
Mexico,Italy,EMEA,Enduro 550,102
Mexico,Italy,EMEA,600S,51
Mexico,Italy,EMEA,Enduro 450,99
Mexico,Italy,EMEA,676RS,58
Mexico,Italy,EMEA,ST900,84
Mexico,Italy,EMEA,MegaTwin,79
Mexico,Italy,EMEA,ST1200R,87
Mexico,Italy,EMEA,Victory,72
Mexico,Italy,EMEA,KingTwin,78
Mexico,Italy,EMEA,Bandit 1200S,95
Mexico,Italy,EMEA,RoadLiner,70
Mexico,Italy,EMEA,ST1200,85
Mexico,Italy,EMEA,Boulevard,75
Mexico,Italy,EMEA,996RS,66
Mexico,Italy,EMEA,RoadStar,68
Mexico,Italy,EMEA,929S,63
Mexico,Italy,EMEA,996S,65
Mexico,Italy,EMEA,Enduro 350,98
Mexico,Italy,EMEA,CRX650,110
Mexico,Italy,EMEA,CRX600,109
Mexico,Italy,EMEA,200S,47
Mexico,Italy,EMEA,Bandit 900,89
Mexico,Italy,EMEA,Bandit 1200,93
Mexico,Italy,EMEA,300S,50
Mexico,Japan,APAC,626S,60
Mexico,Japan,APAC,676S,64
Mexico,Japan,APAC,CRX500,118
Mexico,Japan,APAC,CRS550,119
Mexico,Japan,APAC,900S,68
Mexico,Japan,APAC,Enduro 550,116
Mexico,Japan,APAC,600S,58
Mexico,Japan,APAC,Enduro 450,112
Mexico,Japan,APAC,676RS,66
Mexico,Japan,APAC,ST900,95
Mexico,Japan,APAC,MegaTwin,90
Mexico,Japan,APAC,ST1200R,99
Mexico,Japan,APAC,Victory,82
Mexico,Japan,APAC,KingTwin,88
Mexico,Japan,APAC,Bandit 1200S,107
Mexico,Japan,APAC,RoadLiner,80
Mexico,Japan,APAC,ST1200,97
Mexico,Japan,APAC,Boulevard,85
Mexico,Japan,APAC,996RS,75
Mexico,Japan,APAC,RoadStar,77
Mexico,Japan,APAC,929S,71
Mexico,Japan,APAC,996S,74
Mexico,Japan,APAC,Enduro 350,111
Mexico,Japan,APAC,CRX650,124
Mexico,Japan,APAC,CRX600,123
Mexico,Japan,APAC,200S,53
Mexico,Japan,APAC,Bandit 900,101
Mexico,Japan,APAC,Bandit 1200,105
Mexico,Japan,APAC,300S,57
Mexico,Spain,EMEA,626S,48
Mexico,Spain,EMEA,676S,51
Mexico,Spain,EMEA,CRX500,95
Mexico,Spain,EMEA,CRS550,96
Mexico,Spain,EMEA,900S,54
Mexico,Spain,EMEA,Enduro 550,93
Mexico,Spain,EMEA,600S,47
Mexico,Spain,EMEA,Enduro 450,90
Mexico,Spain,EMEA,676RS,53
Mexico,Spain,EMEA,ST900,76
Mexico,Spain,EMEA,MegaTwin,72
Mexico,Spain,EMEA,ST1200R,80
Mexico,Spain,EMEA,Victory,66
Mexico,Spain,EMEA,KingTwin,71
Mexico,Spain,EMEA,Bandit 1200S,86
Mexico,Spain,EMEA,RoadLiner,64
Mexico,Spain,EMEA,ST1200,78
Mexico,Spain,EMEA,Boulevard,68
Mexico,Spain,EMEA,996RS,60
Mexico,Spain,EMEA,RoadStar,62
Mexico,Spain,EMEA,929S,57
Mexico,Spain,EMEA,996S,60
Mexico,Spain,EMEA,Enduro 350,89
Mexico,Spain,EMEA,CRX650,100
Mexico,Spain,EMEA,CRX600,99
Mexico,Spain,EMEA,200S,43
Mexico,Spain,EMEA,Bandit 900,81
Mexico,Spain,EMEA,Bandit 1200,85
Mexico,Spain,EMEA,300S,46
Mexico,UK,EMEA,626S,51
Mexico,UK,EMEA,676S,54
Mexico,UK,EMEA,CRX500,99
Mexico,UK,EMEA,CRS550,101
Mexico,UK,EMEA,900S,57
Mexico,UK,EMEA,Enduro 550,97
Mexico,UK,EMEA,600S,49
Mexico,UK,EMEA,Enduro 450,94
Mexico,UK,EMEA,676RS,56
Mexico,UK,EMEA,ST900,80
Mexico,UK,EMEA,MegaTwin,76
Mexico,UK,EMEA,ST1200R,83
Mexico,UK,EMEA,Victory,69
Mexico,UK,EMEA,KingTwin,74
Mexico,UK,EMEA,Bandit 1200S,91
Mexico,UK,EMEA,RoadLiner,67
Mexico,UK,EMEA,ST1200,81
Mexico,UK,EMEA,Boulevard,72
Mexico,UK,EMEA,996RS,63
Mexico,UK,EMEA,RoadStar,65
Mexico,UK,EMEA,929S,60
Mexico,UK,EMEA,996S,63
Mexico,UK,EMEA,Enduro 350,93
Mexico,UK,EMEA,CRX650,105
Mexico,UK,EMEA,CRX600,104
Mexico,UK,EMEA,200S,45
Mexico,UK,EMEA,Bandit 900,85
Mexico,UK,EMEA,Bandit 1200,89
Mexico,UK,EMEA,300S,48
Mexico,US,Americas,626S,31
Mexico,US,Americas,676S,32
Mexico,US,Americas,CRX500,60
Mexico,US,Americas,CRS550,61
Mexico,US,Americas,900S,34
Mexico,US,Americas,Enduro 550,59
Mexico,US,Americas,600S,30
Mexico,US,Americas,Enduro 450,57
Mexico,US,Americas,676RS,34
Mexico,US,Americas,ST900,48
Mexico,US,Americas,MegaTwin,46
Mexico,US,Americas,ST1200R,50
Mexico,US,Americas,Victory,42
Mexico,US,Americas,KingTwin,45
Mexico,US,Americas,Bandit 1200S,55
Mexico,US,Americas,RoadLiner,41
Mexico,US,Americas,ST1200,49
Mexico,US,Americas,Boulevard,43
Mexico,US,Americas,996RS,38
Mexico,US,Americas,RoadStar,39
Mexico,US,Americas,929S,36
Mexico,US,Americas,996S,38
Mexico,US,Americas,Enduro 350,56
Mexico,US,Americas,CRX650,63
Mexico,US,Americas,CRX600,63
Mexico,US,Americas,200S,27
Mexico,US,Americas,Bandit 900,51
Mexico,US,Americas,Bandit 1200,54
Mexico,US,Americas,300S,29
Shanghai,Argentina,Americas,ST1200R,90
Shanghai,Argentina,Americas,ST1200,88
Shanghai,Argentina,Americas,Bandit 1200S,97
Shanghai,Argentina,Americas,Enduro 450,103
Shanghai,Argentina,Americas,Bandit 1200,95
Shanghai,Argentina,Americas,Enduro 350,100
Shanghai,Argentina,Americas,Bandit 900,92
Shanghai,Argentina,Americas,CRS550,109
Shanghai,Argentina,Americas,MegaTwin,82
Shanghai,Argentina,Americas,CRX500,107
Shanghai,Argentina,Americas,Enduro 550,103
Shanghai,Argentina,Americas,ST900,86
Shanghai,Argentina,Americas,676RS,59
Shanghai,Argentina,Americas,CRX650,113
Shanghai,Argentina,Americas,600S,52
Shanghai,Argentina,Americas,626S,56
Shanghai,Argentina,Americas,200S,48
Shanghai,Argentina,Americas,300S,52
Shanghai,Argentina,Americas,900S,61
Shanghai,Argentina,Americas,Boulevard,77
Shanghai,Argentina,Americas,676S,57
Shanghai,Argentina,Americas,Victory,75
Shanghai,Argentina,Americas,RoadStar,70
Shanghai,Argentina,Americas,RoadLiner,73
Shanghai,Argentina,Americas,996S,67
Shanghai,Argentina,Americas,996RS,68
Shanghai,Argentina,Americas,KingTwin,80
Shanghai,Argentina,Americas,CRX600,110
Shanghai,Argentina,Americas,929S,63
Shanghai,Brazil,Americas,ST1200R,84
Shanghai,Brazil,Americas,ST1200,83
Shanghai,Brazil,Americas,Bandit 1200S,91
Shanghai,Brazil,Americas,Enduro 450,96
Shanghai,Brazil,Americas,Bandit 1200,89
Shanghai,Brazil,Americas,Enduro 350,93
Shanghai,Brazil,Americas,Bandit 900,86
Shanghai,Brazil,Americas,CRS550,102
Shanghai,Brazil,Americas,MegaTwin,76
Shanghai,Brazil,Americas,CRX500,100
Shanghai,Brazil,Americas,Enduro 550,96
Shanghai,Brazil,Americas,ST900,80
Shanghai,Brazil,Americas,676RS,55
Shanghai,Brazil,Americas,CRX650,106
Shanghai,Brazil,Americas,600S,49
Shanghai,Brazil,Americas,626S,52
Shanghai,Brazil,Americas,200S,45
Shanghai,Brazil,Americas,300S,48
Shanghai,Brazil,Americas,900S,57
Shanghai,Brazil,Americas,Boulevard,72
Shanghai,Brazil,Americas,676S,53
Shanghai,Brazil,Americas,Victory,70
Shanghai,Brazil,Americas,RoadStar,65
Shanghai,Brazil,Americas,RoadLiner,68
Shanghai,Brazil,Americas,996S,62
Shanghai,Brazil,Americas,996RS,64
Shanghai,Brazil,Americas,KingTwin,75
Shanghai,Brazil,Americas,CRX600,103
Shanghai,Brazil,Americas,929S,59
Shanghai,Canada,Americas,ST1200R,84
Shanghai,Canada,Americas,ST1200,83
Shanghai,Canada,Americas,Bandit 1200S,91
Shanghai,Canada,Americas,Enduro 450,96
Shanghai,Canada,Americas,Bandit 1200,89
Shanghai,Canada,Americas,Enduro 350,93
Shanghai,Canada,Americas,Bandit 900,86
Shanghai,Canada,Americas,CRS550,102
Shanghai,Canada,Americas,MegaTwin,76
Shanghai,Canada,Americas,CRX500,100
Shanghai,Canada,Americas,Enduro 550,96
Shanghai,Canada,Americas,ST900,80
Shanghai,Canada,Americas,676RS,55
Shanghai,Canada,Americas,CRX650,106
Shanghai,Canada,Americas,600S,49
Shanghai,Canada,Americas,626S,52
Shanghai,Canada,Americas,200S,45
Shanghai,Canada,Americas,300S,48
Shanghai,Canada,Americas,900S,57
Shanghai,Canada,Americas,Boulevard,72
Shanghai,Canada,Americas,676S,53
Shanghai,Canada,Americas,Victory,70
Shanghai,Canada,Americas,RoadStar,65
Shanghai,Canada,Americas,RoadLiner,68
Shanghai,Canada,Americas,996S,62
Shanghai,Canada,Americas,996RS,64
Shanghai,Canada,Americas,KingTwin,75
Shanghai,Canada,Americas,CRX600,103
Shanghai,Canada,Americas,929S,59
Shanghai,China,APAC,ST1200R,51
Shanghai,China,APAC,ST1200,50
Shanghai,China,APAC,Bandit 1200S,55
Shanghai,China,APAC,Enduro 450,58
Shanghai,China,APAC,Bandit 1200,54
Shanghai,China,APAC,Enduro 350,56
Shanghai,China,APAC,Bandit 900,52
Shanghai,China,APAC,CRS550,62
Shanghai,China,APAC,MegaTwin,46
Shanghai,China,APAC,CRX500,61
Shanghai,China,APAC,Enduro 550,58
Shanghai,China,APAC,ST900,48
Shanghai,China,APAC,676RS,33
Shanghai,China,APAC,CRX650,64
Shanghai,China,APAC,600S,29
Shanghai,China,APAC,626S,31
Shanghai,China,APAC,200S,27
Shanghai,China,APAC,300S,29
Shanghai,China,APAC,900S,35
Shanghai,China,APAC,Boulevard,44
Shanghai,China,APAC,676S,32
Shanghai,China,APAC,Victory,42
Shanghai,China,APAC,RoadStar,40
Shanghai,China,APAC,RoadLiner,41
Shanghai,China,APAC,996S,38
Shanghai,China,APAC,996RS,39
Shanghai,China,APAC,KingTwin,45
Shanghai,China,APAC,CRX600,62
Shanghai,China,APAC,929S,36
Shanghai,France,EMEA,ST1200R,88
Shanghai,France,EMEA,ST1200,86
Shanghai,France,EMEA,Bandit 1200S,95
Shanghai,France,EMEA,Enduro 450,100
Shanghai,France,EMEA,Bandit 1200,93
Shanghai,France,EMEA,Enduro 350,97
Shanghai,France,EMEA,Bandit 900,90
Shanghai,France,EMEA,CRS550,107
Shanghai,France,EMEA,MegaTwin,80
Shanghai,France,EMEA,CRX500,105
Shanghai,France,EMEA,Enduro 550,101
Shanghai,France,EMEA,ST900,84
Shanghai,France,EMEA,676RS,58
Shanghai,France,EMEA,CRX650,111
Shanghai,France,EMEA,600S,51
Shanghai,France,EMEA,626S,54
Shanghai,France,EMEA,200S,47
Shanghai,France,EMEA,300S,50
Shanghai,France,EMEA,900S,60
Shanghai,France,EMEA,Boulevard,76
Shanghai,France,EMEA,676S,56
Shanghai,France,EMEA,Victory,73
Shanghai,France,EMEA,RoadStar,68
Shanghai,France,EMEA,RoadLiner,71
Shanghai,France,EMEA,996S,65
Shanghai,France,EMEA,996RS,67
Shanghai,France,EMEA,KingTwin,79
Shanghai,France,EMEA,CRX600,108
Shanghai,France,EMEA,929S,62
Shanghai,Germany,EMEA,ST1200R,86
Shanghai,Germany,EMEA,ST1200,84
Shanghai,Germany,EMEA,Bandit 1200S,93
Shanghai,Germany,EMEA,Enduro 450,98
Shanghai,Germany,EMEA,Bandit 1200,91
Shanghai,Germany,EMEA,Enduro 350,95
Shanghai,Germany,EMEA,Bandit 900,88
Shanghai,Germany,EMEA,CRS550,105
Shanghai,Germany,EMEA,MegaTwin,78
Shanghai,Germany,EMEA,CRX500,103
Shanghai,Germany,EMEA,Enduro 550,98
Shanghai,Germany,EMEA,ST900,82
Shanghai,Germany,EMEA,676RS,56
Shanghai,Germany,EMEA,CRX650,108
Shanghai,Germany,EMEA,600S,50
Shanghai,Germany,EMEA,626S,53
Shanghai,Germany,EMEA,200S,46
Shanghai,Germany,EMEA,300S,49
Shanghai,Germany,EMEA,900S,59
Shanghai,Germany,EMEA,Boulevard,74
Shanghai,Germany,EMEA,676S,54
Shanghai,Germany,EMEA,Victory,71
Shanghai,Germany,EMEA,RoadStar,67
Shanghai,Germany,EMEA,RoadLiner,70
Shanghai,Germany,EMEA,996S,64
Shanghai,Germany,EMEA,996RS,65
Shanghai,Germany,EMEA,KingTwin,77
Shanghai,Germany,EMEA,CRX600,105
Shanghai,Germany,EMEA,929S,60
Shanghai,Italy,EMEA,ST1200R,74
Shanghai,Italy,EMEA,ST1200,73
Shanghai,Italy,EMEA,Bandit 1200S,80
Shanghai,Italy,EMEA,Enduro 450,85
Shanghai,Italy,EMEA,Bandit 1200,78
Shanghai,Italy,EMEA,Enduro 350,82
Shanghai,Italy,EMEA,Bandit 900,76
Shanghai,Italy,EMEA,CRS550,90
Shanghai,Italy,EMEA,MegaTwin,67
Shanghai,Italy,EMEA,CRX500,89
Shanghai,Italy,EMEA,Enduro 550,85
Shanghai,Italy,EMEA,ST900,71
Shanghai,Italy,EMEA,676RS,49
Shanghai,Italy,EMEA,CRX650,93
Shanghai,Italy,EMEA,600S,43
Shanghai,Italy,EMEA,626S,46
Shanghai,Italy,EMEA,200S,40
Shanghai,Italy,EMEA,300S,43
Shanghai,Italy,EMEA,900S,51
Shanghai,Italy,EMEA,Boulevard,64
Shanghai,Italy,EMEA,676S,47
Shanghai,Italy,EMEA,Victory,62
Shanghai,Italy,EMEA,RoadStar,58
Shanghai,Italy,EMEA,RoadLiner,60
Shanghai,Italy,EMEA,996S,55
Shanghai,Italy,EMEA,996RS,56
Shanghai,Italy,EMEA,KingTwin,66
Shanghai,Italy,EMEA,CRX600,91
Shanghai,Italy,EMEA,929S,52
Shanghai,Japan,APAC,ST1200R,51
Shanghai,Japan,APAC,ST1200,50
Shanghai,Japan,APAC,Bandit 1200S,55
Shanghai,Japan,APAC,Enduro 450,58
Shanghai,Japan,APAC,Bandit 1200,54
Shanghai,Japan,APAC,Enduro 350,56
Shanghai,Japan,APAC,Bandit 900,52
Shanghai,Japan,APAC,CRS550,62
Shanghai,Japan,APAC,MegaTwin,46
Shanghai,Japan,APAC,CRX500,61
Shanghai,Japan,APAC,Enduro 550,58
Shanghai,Japan,APAC,ST900,48
Shanghai,Japan,APAC,676RS,33
Shanghai,Japan,APAC,CRX650,64
Shanghai,Japan,APAC,600S,29
Shanghai,Japan,APAC,626S,31
Shanghai,Japan,APAC,200S,27
Shanghai,Japan,APAC,300S,29
Shanghai,Japan,APAC,900S,35
Shanghai,Japan,APAC,Boulevard,44
Shanghai,Japan,APAC,676S,32
Shanghai,Japan,APAC,Victory,42
Shanghai,Japan,APAC,RoadStar,40
Shanghai,Japan,APAC,RoadLiner,41
Shanghai,Japan,APAC,996S,38
Shanghai,Japan,APAC,996RS,39
Shanghai,Japan,APAC,KingTwin,45
Shanghai,Japan,APAC,CRX600,62
Shanghai,Japan,APAC,929S,36
Shanghai,Spain,EMEA,ST1200R,72
Shanghai,Spain,EMEA,ST1200,71
Shanghai,Spain,EMEA,Bandit 1200S,78
Shanghai,Spain,EMEA,Enduro 450,83
Shanghai,Spain,EMEA,Bandit 1200,76
Shanghai,Spain,EMEA,Enduro 350,80
Shanghai,Spain,EMEA,Bandit 900,74
Shanghai,Spain,EMEA,CRS550,88
Shanghai,Spain,EMEA,MegaTwin,66
Shanghai,Spain,EMEA,CRX500,86
Shanghai,Spain,EMEA,Enduro 550,83
Shanghai,Spain,EMEA,ST900,69
Shanghai,Spain,EMEA,676RS,47
Shanghai,Spain,EMEA,CRX650,91
Shanghai,Spain,EMEA,600S,42
Shanghai,Spain,EMEA,626S,45
Shanghai,Spain,EMEA,200S,38
Shanghai,Spain,EMEA,300S,41
Shanghai,Spain,EMEA,900S,49
Shanghai,Spain,EMEA,Boulevard,62
Shanghai,Spain,EMEA,676S,46
Shanghai,Spain,EMEA,Victory,60
Shanghai,Spain,EMEA,RoadStar,56
Shanghai,Spain,EMEA,RoadLiner,58
Shanghai,Spain,EMEA,996S,54
Shanghai,Spain,EMEA,996RS,55
Shanghai,Spain,EMEA,KingTwin,65
Shanghai,Spain,EMEA,CRX600,89
Shanghai,Spain,EMEA,929S,51
Shanghai,UK,EMEA,ST1200R,84
Shanghai,UK,EMEA,ST1200,83
Shanghai,UK,EMEA,Bandit 1200S,91
Shanghai,UK,EMEA,Enduro 450,96
Shanghai,UK,EMEA,Bandit 1200,89
Shanghai,UK,EMEA,Enduro 350,93
Shanghai,UK,EMEA,Bandit 900,86
Shanghai,UK,EMEA,CRS550,102
Shanghai,UK,EMEA,MegaTwin,76
Shanghai,UK,EMEA,CRX500,100
Shanghai,UK,EMEA,Enduro 550,96
Shanghai,UK,EMEA,ST900,80
Shanghai,UK,EMEA,676RS,55
Shanghai,UK,EMEA,CRX650,106
Shanghai,UK,EMEA,600S,49
Shanghai,UK,EMEA,626S,52
Shanghai,UK,EMEA,200S,45
Shanghai,UK,EMEA,300S,48
Shanghai,UK,EMEA,900S,57
Shanghai,UK,EMEA,Boulevard,72
Shanghai,UK,EMEA,676S,53
Shanghai,UK,EMEA,Victory,70
Shanghai,UK,EMEA,RoadStar,65
Shanghai,UK,EMEA,RoadLiner,68
Shanghai,UK,EMEA,996S,62
Shanghai,UK,EMEA,996RS,64
Shanghai,UK,EMEA,KingTwin,75
Shanghai,UK,EMEA,CRX600,103
Shanghai,UK,EMEA,929S,59
Shanghai,US,Americas,ST1200R,66
Shanghai,US,Americas,ST1200,65
Shanghai,US,Americas,Bandit 1200S,72
Shanghai,US,Americas,Enduro 450,76
Shanghai,US,Americas,Bandit 1200,70
Shanghai,US,Americas,Enduro 350,74
Shanghai,US,Americas,Bandit 900,68
Shanghai,US,Americas,CRS550,81
Shanghai,US,Americas,MegaTwin,60
Shanghai,US,Americas,CRX500,79
Shanghai,US,Americas,Enduro 550,76
Shanghai,US,Americas,ST900,63
Shanghai,US,Americas,676RS,44
Shanghai,US,Americas,CRX650,84
Shanghai,US,Americas,600S,38
Shanghai,US,Americas,626S,41
Shanghai,US,Americas,200S,35
Shanghai,US,Americas,300S,38
Shanghai,US,Americas,900S,45
Shanghai,US,Americas,Boulevard,57
Shanghai,US,Americas,676S,42
Shanghai,US,Americas,Victory,55
Shanghai,US,Americas,RoadStar,52
Shanghai,US,Americas,RoadLiner,54
Shanghai,US,Americas,996S,49
Shanghai,US,Americas,996RS,50
Shanghai,US,Americas,KingTwin,59
Shanghai,US,Americas,CRX600,81
Shanghai,US,Americas,929S,47
Toledo,Argentina,Americas,CRX500,96
Toledo,Argentina,Americas,900S,56
Toledo,Argentina,Americas,676S,52
Toledo,Argentina,Americas,676RS,55
Toledo,Argentina,Americas,600S,47
Toledo,Argentina,Americas,626S,50
Toledo,Argentina,Americas,200S,45
Toledo,Argentina,Americas,300S,46
Toledo,Argentina,Americas,Boulevard,70
Toledo,Argentina,Americas,Victory,69
Toledo,Argentina,Americas,RoadLiner,67
Toledo,Argentina,Americas,RoadStar,65
Toledo,Argentina,Americas,996RS,64
Toledo,Argentina,Americas,Enduro 450,93
Toledo,Argentina,Americas,929S,59
Toledo,Argentina,Americas,Enduro 350,90
Toledo,Argentina,Americas,Bandit 1200S,88
Toledo,Argentina,Americas,Bandit 1200,85
Toledo,Argentina,Americas,Bandit 900,85
Toledo,Argentina,Americas,ST1200R,82
Toledo,Argentina,Americas,ST1200,80
Toledo,Argentina,Americas,ST900,77
Toledo,Argentina,Americas,MegaTwin,75
Toledo,Argentina,Americas,KingTwin,72
Toledo,Argentina,Americas,CRX650,103
Toledo,Argentina,Americas,CRX600,102
Toledo,Argentina,Americas,CRS550,100
Toledo,Argentina,Americas,Enduro 550,95
Toledo,Argentina,Americas,996S,60
Toledo,Brazil,Americas,CRX500,99
Toledo,Brazil,Americas,900S,57
Toledo,Brazil,Americas,676S,54
Toledo,Brazil,Americas,676RS,57
Toledo,Brazil,Americas,600S,49
Toledo,Brazil,Americas,626S,51
Toledo,Brazil,Americas,200S,46
Toledo,Brazil,Americas,300S,47
Toledo,Brazil,Americas,Boulevard,72
Toledo,Brazil,Americas,Victory,70
Toledo,Brazil,Americas,RoadLiner,69
Toledo,Brazil,Americas,RoadStar,66
Toledo,Brazil,Americas,996RS,65
Toledo,Brazil,Americas,Enduro 450,95
Toledo,Brazil,Americas,929S,61
Toledo,Brazil,Americas,Enduro 350,92
Toledo,Brazil,Americas,Bandit 1200S,90
Toledo,Brazil,Americas,Bandit 1200,88
Toledo,Brazil,Americas,Bandit 900,87
Toledo,Brazil,Americas,ST1200R,84
Toledo,Brazil,Americas,ST1200,81
Toledo,Brazil,Americas,ST900,79
Toledo,Brazil,Americas,MegaTwin,76
Toledo,Brazil,Americas,KingTwin,74
Toledo,Brazil,Americas,CRX650,106
Toledo,Brazil,Americas,CRX600,104
Toledo,Brazil,Americas,CRS550,102
Toledo,Brazil,Americas,Enduro 550,97
Toledo,Brazil,Americas,996S,61
Toledo,Canada,Americas,CRX500,108
Toledo,Canada,Americas,900S,63
Toledo,Canada,Americas,676S,59
Toledo,Canada,Americas,676RS,62
Toledo,Canada,Americas,600S,53
Toledo,Canada,Americas,626S,56
Toledo,Canada,Americas,200S,50
Toledo,Canada,Americas,300S,51
Toledo,Canada,Americas,Boulevard,78
Toledo,Canada,Americas,Victory,77
Toledo,Canada,Americas,RoadLiner,75
Toledo,Canada,Americas,RoadStar,73
Toledo,Canada,Americas,996RS,71
Toledo,Canada,Americas,Enduro 450,104
Toledo,Canada,Americas,929S,66
Toledo,Canada,Americas,Enduro 350,101
Toledo,Canada,Americas,Bandit 1200S,98
Toledo,Canada,Americas,Bandit 1200,96
Toledo,Canada,Americas,Bandit 900,95
Toledo,Canada,Americas,ST1200R,92
Toledo,Canada,Americas,ST1200,89
Toledo,Canada,Americas,ST900,86
Toledo,Canada,Americas,MegaTwin,83
Toledo,Canada,Americas,KingTwin,81
Toledo,Canada,Americas,CRX650,115
Toledo,Canada,Americas,CRX600,114
Toledo,Canada,Americas,CRS550,112
Toledo,Canada,Americas,Enduro 550,106
Toledo,Canada,Americas,996S,67
Toledo,China,APAC,CRX500,103
Toledo,China,APAC,900S,60
Toledo,China,APAC,676S,56
Toledo,China,APAC,676RS,59
Toledo,China,APAC,600S,51
Toledo,China,APAC,626S,54
Toledo,China,APAC,200S,48
Toledo,China,APAC,300S,49
Toledo,China,APAC,Boulevard,75
Toledo,China,APAC,Victory,74
Toledo,China,APAC,RoadLiner,72
Toledo,China,APAC,RoadStar,70
Toledo,China,APAC,996RS,68
Toledo,China,APAC,Enduro 450,100
Toledo,China,APAC,929S,63
Toledo,China,APAC,Enduro 350,96
Toledo,China,APAC,Bandit 1200S,94
Toledo,China,APAC,Bandit 1200,92
Toledo,China,APAC,Bandit 900,91
Toledo,China,APAC,ST1200R,88
Toledo,China,APAC,ST1200,85
Toledo,China,APAC,ST900,82
Toledo,China,APAC,MegaTwin,80
Toledo,China,APAC,KingTwin,78
Toledo,China,APAC,CRX650,110
Toledo,China,APAC,CRX600,109
Toledo,China,APAC,CRS550,107
Toledo,China,APAC,Enduro 550,102
Toledo,China,APAC,996S,64
Toledo,France,EMEA,CRX500,69
Toledo,France,EMEA,900S,40
Toledo,France,EMEA,676S,37
Toledo,France,EMEA,676RS,39
Toledo,France,EMEA,600S,34
Toledo,France,EMEA,626S,36
Toledo,France,EMEA,200S,32
Toledo,France,EMEA,300S,33
Toledo,France,EMEA,Boulevard,50
Toledo,France,EMEA,Victory,49
Toledo,France,EMEA,RoadLiner,48
Toledo,France,EMEA,RoadStar,46
Toledo,France,EMEA,996RS,45
Toledo,France,EMEA,Enduro 450,67
Toledo,France,EMEA,929S,42
Toledo,France,EMEA,Enduro 350,64
Toledo,France,EMEA,Bandit 1200S,63
Toledo,France,EMEA,Bandit 1200,61
Toledo,France,EMEA,Bandit 900,61
Toledo,France,EMEA,ST1200R,58
Toledo,France,EMEA,ST1200,57
Toledo,France,EMEA,ST900,55
Toledo,France,EMEA,MegaTwin,53
Toledo,France,EMEA,KingTwin,52
Toledo,France,EMEA,CRX650,74
Toledo,France,EMEA,CRX600,73
Toledo,France,EMEA,CRS550,71
Toledo,France,EMEA,Enduro 550,68
Toledo,France,EMEA,996S,43
Toledo,Germany,EMEA,CRX500,60
Toledo,Germany,EMEA,900S,35
Toledo,Germany,EMEA,676S,32
Toledo,Germany,EMEA,676RS,34
Toledo,Germany,EMEA,600S,29
Toledo,Germany,EMEA,626S,31
Toledo,Germany,EMEA,200S,28
Toledo,Germany,EMEA,300S,28
Toledo,Germany,EMEA,Boulevard,43
Toledo,Germany,EMEA,Victory,43
Toledo,Germany,EMEA,RoadLiner,41
Toledo,Germany,EMEA,RoadStar,40
Toledo,Germany,EMEA,996RS,39
Toledo,Germany,EMEA,Enduro 450,58
Toledo,Germany,EMEA,929S,37
Toledo,Germany,EMEA,Enduro 350,56
Toledo,Germany,EMEA,Bandit 1200S,54
Toledo,Germany,EMEA,Bandit 1200,53
Toledo,Germany,EMEA,Bandit 900,53
Toledo,Germany,EMEA,ST1200R,51
Toledo,Germany,EMEA,ST1200,49
Toledo,Germany,EMEA,ST900,48
Toledo,Germany,EMEA,MegaTwin,46
Toledo,Germany,EMEA,KingTwin,45
Toledo,Germany,EMEA,CRX650,64
Toledo,Germany,EMEA,CRX600,63
Toledo,Germany,EMEA,CRS550,62
Toledo,Germany,EMEA,Enduro 550,59
Toledo,Germany,EMEA,996S,37
Toledo,Italy,EMEA,CRX500,60
Toledo,Italy,EMEA,900S,35
Toledo,Italy,EMEA,676S,32
Toledo,Italy,EMEA,676RS,34
Toledo,Italy,EMEA,600S,29
Toledo,Italy,EMEA,626S,31
Toledo,Italy,EMEA,200S,28
Toledo,Italy,EMEA,300S,28
Toledo,Italy,EMEA,Boulevard,43
Toledo,Italy,EMEA,Victory,43
Toledo,Italy,EMEA,RoadLiner,41
Toledo,Italy,EMEA,RoadStar,40
Toledo,Italy,EMEA,996RS,39
Toledo,Italy,EMEA,Enduro 450,58
Toledo,Italy,EMEA,929S,37
Toledo,Italy,EMEA,Enduro 350,56
Toledo,Italy,EMEA,Bandit 1200S,54
Toledo,Italy,EMEA,Bandit 1200,53
Toledo,Italy,EMEA,Bandit 900,53
Toledo,Italy,EMEA,ST1200R,51
Toledo,Italy,EMEA,ST1200,49
Toledo,Italy,EMEA,ST900,48
Toledo,Italy,EMEA,MegaTwin,46
Toledo,Italy,EMEA,KingTwin,45
Toledo,Italy,EMEA,CRX650,64
Toledo,Italy,EMEA,CRX600,63
Toledo,Italy,EMEA,CRS550,62
Toledo,Italy,EMEA,Enduro 550,59
Toledo,Italy,EMEA,996S,37
Toledo,Japan,APAC,CRX500,103
Toledo,Japan,APAC,900S,60
Toledo,Japan,APAC,676S,56
Toledo,Japan,APAC,676RS,59
Toledo,Japan,APAC,600S,51
Toledo,Japan,APAC,626S,54
Toledo,Japan,APAC,200S,48
Toledo,Japan,APAC,300S,49
Toledo,Japan,APAC,Boulevard,75
Toledo,Japan,APAC,Victory,74
Toledo,Japan,APAC,RoadLiner,72
Toledo,Japan,APAC,RoadStar,70
Toledo,Japan,APAC,996RS,68
Toledo,Japan,APAC,Enduro 450,100
Toledo,Japan,APAC,929S,63
Toledo,Japan,APAC,Enduro 350,96
Toledo,Japan,APAC,Bandit 1200S,94
Toledo,Japan,APAC,Bandit 1200,92
Toledo,Japan,APAC,Bandit 900,91
Toledo,Japan,APAC,ST1200R,88
Toledo,Japan,APAC,ST1200,85
Toledo,Japan,APAC,ST900,82
Toledo,Japan,APAC,MegaTwin,80
Toledo,Japan,APAC,KingTwin,78
Toledo,Japan,APAC,CRX650,110
Toledo,Japan,APAC,CRX600,109
Toledo,Japan,APAC,CRS550,107
Toledo,Japan,APAC,Enduro 550,102
Toledo,Japan,APAC,996S,64
Toledo,Spain,EMEA,CRX500,46
Toledo,Spain,EMEA,900S,27
Toledo,Spain,EMEA,676S,25
Toledo,Spain,EMEA,676RS,26
Toledo,Spain,EMEA,600S,23
Toledo,Spain,EMEA,626S,24
Toledo,Spain,EMEA,200S,21
Toledo,Spain,EMEA,300S,22
Toledo,Spain,EMEA,Boulevard,33
Toledo,Spain,EMEA,Victory,33
Toledo,Spain,EMEA,RoadLiner,32
Toledo,Spain,EMEA,RoadStar,31
Toledo,Spain,EMEA,996RS,30
Toledo,Spain,EMEA,Enduro 450,44
Toledo,Spain,EMEA,929S,28
Toledo,Spain,EMEA,Enduro 350,43
Toledo,Spain,EMEA,Bandit 1200S,42
Toledo,Spain,EMEA,Bandit 1200,41
Toledo,Spain,EMEA,Bandit 900,40
Toledo,Spain,EMEA,ST1200R,39
Toledo,Spain,EMEA,ST1200,38
Toledo,Spain,EMEA,ST900,37
Toledo,Spain,EMEA,MegaTwin,36
Toledo,Spain,EMEA,KingTwin,34
Toledo,Spain,EMEA,CRX650,49
Toledo,Spain,EMEA,CRX600,48
Toledo,Spain,EMEA,CRS550,48
Toledo,Spain,EMEA,Enduro 550,45
Toledo,Spain,EMEA,996S,29
Toledo,UK,EMEA,CRX500,62
Toledo,UK,EMEA,900S,36
Toledo,UK,EMEA,676S,34
Toledo,UK,EMEA,676RS,36
Toledo,UK,EMEA,600S,31
Toledo,UK,EMEA,626S,32
Toledo,UK,EMEA,200S,29
Toledo,UK,EMEA,300S,30
Toledo,UK,EMEA,Boulevard,45
Toledo,UK,EMEA,Victory,44
Toledo,UK,EMEA,RoadLiner,43
Toledo,UK,EMEA,RoadStar,42
Toledo,UK,EMEA,996RS,41
Toledo,UK,EMEA,Enduro 450,60
Toledo,UK,EMEA,929S,38
Toledo,UK,EMEA,Enduro 350,58
Toledo,UK,EMEA,Bandit 1200S,56
Toledo,UK,EMEA,Bandit 1200,55
Toledo,UK,EMEA,Bandit 900,55
Toledo,UK,EMEA,ST1200R,53
Toledo,UK,EMEA,ST1200,51
Toledo,UK,EMEA,ST900,49
Toledo,UK,EMEA,MegaTwin,48
Toledo,UK,EMEA,KingTwin,47
Toledo,UK,EMEA,CRX650,66
Toledo,UK,EMEA,CRX600,65
Toledo,UK,EMEA,CRS550,64
Toledo,UK,EMEA,Enduro 550,61
Toledo,UK,EMEA,996S,39
Toledo,US,Americas,CRX500,103
Toledo,US,Americas,900S,60
Toledo,US,Americas,676S,56
Toledo,US,Americas,676RS,59
Toledo,US,Americas,600S,51
Toledo,US,Americas,626S,54
Toledo,US,Americas,200S,48
Toledo,US,Americas,300S,49
Toledo,US,Americas,Boulevard,75
Toledo,US,Americas,Victory,74
Toledo,US,Americas,RoadLiner,72
Toledo,US,Americas,RoadStar,70
Toledo,US,Americas,996RS,68
Toledo,US,Americas,Enduro 450,100
Toledo,US,Americas,929S,63
Toledo,US,Americas,Enduro 350,96
Toledo,US,Americas,Bandit 1200S,94
Toledo,US,Americas,Bandit 1200,92
Toledo,US,Americas,Bandit 900,91
Toledo,US,Americas,ST1200R,88
Toledo,US,Americas,ST1200,85
Toledo,US,Americas,ST900,82
Toledo,US,Americas,MegaTwin,80
Toledo,US,Americas,KingTwin,78
Toledo,US,Americas,CRX650,110
Toledo,US,Americas,CRX600,109
Toledo,US,Americas,CRS550,107
Toledo,US,Americas,Enduro 550,102
Toledo,US,Americas,996S,64
