{"metadata":{"asset_id":"42360c49-511b-478b-a9ff-6ec126117da7","asset_attributes":["data_asset","location_definition"],"name":"hotel_reviews.csv","asset_type":"data_asset","created_at":"2024-07-02T11:05:26Z","origin_country":"us","owner_id":"IBMid-3100029C8B","project_id":"4261068b-2dd5-4113-b179-7ab1c77c100b","size":728488,"usage":{"last_update_time":1719918327851,"last_updated_at":"2024-07-02T11:05:27Z"}},"entity":{"data_asset":{"mime_type":"text/csv","dataset":false},"location_definition":{"physical_location_code":"DAL","physical_location_code_assigned_by":"IBMid-120000KSRG","physical_location_code_rds_id":"c57cb90f-2126-3800-9c9f-9eab82021cdf","physical_location_code_rds_version":"00002022-0801-4092-8232-620146000000_2","physical_location_code_assignment_method":"INFERRED","physical_location_code_added_on":"1686583525523"}},"attachments":[{"id":"77927a53-ee6d-48a8-96b4-ad5132790b26","version":2,"asset_type":"data_asset","name":"hotel_reviews.csv","mime":"text/csv","datasource_type":"193a97c1-4475-4a19-b90c-295c4fdc6517","object_key":"hotel_reviews.csv","creator_id":"iam-ServiceId-f49c5558-c247-4983-a04f-7d3c7a3d55da","create_time":1719918327761,"size":728488,"is_remote":false,"is_managed":false,"is_referenced":true,"is_object_key_read_only":true,"is_user_provided_path_key":true,"transfer_complete":true,"is_partitioned":false,"complete_time_ticks":1719918327761,"user_data":{},"test_doc":0,"handle":{"bucket":"textanalysiswithwatsonnaturallang-donotdelete-pr-npnqw63za8annb","location":"us-south","type":"bluemix_cos","key":"hotel_reviews.csv","upload_id":"done","max_part_num":1},"usage":{"access_count":0,"last_accessor_id":"iam-ServiceId-f49c5558-c247-4983-a04f-7d3c7a3d55da","last_access_time":1719918327761}}]}
