{"metadata":{"asset_id":"0543a768-7b2c-4f8c-bc6e-c78ec1bc03b9","asset_attributes":["environment"],"name":"NLP Runtime with IPyWidgets","asset_type":"environment","created_at":"2024-07-02T11:05:27Z","description":"","origin_country":"us","owner_id":"IBMid-3100029C8B","project_id":"4261068b-2dd5-4113-b179-7ab1c77c100b","sandbox_id":"4261068b-2dd5-4113-b179-7ab1c77c100b","size":0,"tags":["dsx"],"usage":{"last_update_time":1719918520922,"last_updated_at":"2024-07-02T11:08:40Z"}},"entity":{"environment":{"sub_type":"notebook","display_name":"NLP Runtime with IPyWidgets","hardware_specification":{"type":"referenced","guid":"a9b660f9-2e82-44fb-9779-869818afa1d7"},"software_specification":{"type":"referenced","guid":"36e20eca-b269-5e53-8f76-559f5cf898f2"},"tools_specification":{"supported_kernels":[{"name":"python3","display_name":"Python 3.11","language":"python","version":"3.11"}],"notebook_extensions":["ipywidgets"]}}}}
