{"metadata":{"asset_id":"6f859b31-668e-41e3-8471-f41e5dcc82cd","asset_attributes":["hardware_specification"],"name":"NLP Training","asset_type":"hardware_specification","created_at":"2024-07-02T11:05:26Z","description":"","origin_country":"us","owner_id":"IBMid-3100029C8B","project_id":"4261068b-2dd5-4113-b179-7ab1c77c100b","sandbox_id":"4261068b-2dd5-4113-b179-7ab1c77c100b","size":0,"tags":["dsx"],"usage":{"last_update_time":1719918327063,"last_updated_at":"2024-07-02T11:05:27Z"}},"entity":{"hardware_specification":{"nodes":{"cpu":{"units":"4","model":""},"mem":{"size":"16Gi"}}}}}
