{"metadata":{"asset_id":"a9b660f9-2e82-44fb-9779-869818afa1d7","asset_attributes":["hardware_specification"],"name":"NLP Runtime with IPyWidgets","asset_type":"hardware_specification","created_at":"2024-07-02T11:05:26Z","description":"","origin_country":"us","owner_id":"IBMid-3100029C8B","project_id":"4261068b-2dd5-4113-b179-7ab1c77c100b","sandbox_id":"4261068b-2dd5-4113-b179-7ab1c77c100b","size":0,"tags":["dsx"],"usage":{"last_update_time":1719918327081,"last_updated_at":"2024-07-02T11:05:27Z"}},"entity":{"hardware_specification":{"nodes":{"cpu":{"units":"2","model":""},"mem":{"size":"8Gi"}}}}}
