{"metadata":{"asset_id":"c56b7b4b-6afb-43ba-afbe-7b6ce336d21d","asset_attributes":["notebook"],"name":"Entity extraction on financial complaints","asset_type":"notebook","created_at":"2024-07-02T11:05:28Z","description":"This notebook demonstrates how to extract named entities from financial customer complaints using Watson NLP.\n\nThe data that is used in this notebook is taken from the Consumer Complaint Database that is published by the Consumer Financial Protection Bureau (CFPB), an U.S. government agency. The Consumer Complaint Database is a collection of complaints about consumer financial products and services that the CFPB sent to companies for response. A complaint contains a consumer’s narrative description of their experience if the consumer opts to share this information publicly and after the CFPB has taken steps to remove all personal information. This notebook uses the latest NLP runtime environment.","origin_country":"us","owner_id":"IBMid-3100029C8B","project_id":"4261068b-2dd5-4113-b179-7ab1c77c100b","size":142292,"tags":["notebook"],"usage":{"last_update_time":1719928182759,"last_updated_at":"2024-07-02T13:49:42Z"}},"entity":{"notebook":{"kernel":{"name":"python3","display_name":"Python 3.11","language":"python"},"originates_from":{"type":"file"},"runtime":{"environment":"0543a768-7b2c-4f8c-bc6e-c78ec1bc03b9"}},"location_definition":{"physical_location_code":"DAL","physical_location_code_assigned_by":"IBMid-3100029C8B","physical_location_code_rds_id":"c57cb90f-2126-3800-9c9f-9eab82021cdf","physical_location_code_rds_version":"f431c4c7-42fa-4309-91b9-2f846ac45d7c_0","physical_location_code_assignment_method":"INFERRED","physical_location_code_added_on":"1719918321467"}},"attachments":[{"id":"1420a052-75bc-40ed-8666-9548029c0c13","version":2,"asset_type":"notebook","name":"attachment for notebook c56b7b4b-6afb-43ba-afbe-7b6ce336d21d","description":"attachment for notebook c56b7b4b-6afb-43ba-afbe-7b6ce336d21d","mime":"application/json","datasource_type":"193a97c1-4475-4a19-b90c-295c4fdc6517","object_key":"notebook/Entity_extraction_on_financial_complaints_e49dLuDm5.ipynb","creator_id":"IBMid-3100029C8B","create_time":1719918329237,"size":142292,"is_remote":false,"is_managed":false,"is_referenced":true,"is_object_key_read_only":false,"is_user_provided_path_key":true,"transfer_complete":true,"is_partitioned":false,"complete_time_ticks":1719918329237,"user_data":{},"test_doc":0,"handle":{"bucket":"textanalysiswithwatsonnaturallang-donotdelete-pr-npnqw63za8annb","location":"us-south","type":"bluemix_cos","key":"notebook/Entity_extraction_on_financial_complaints_e49dLuDm5.ipynb","upload_id":"done","max_part_num":1},"usage":{"access_count":1,"last_accessor_id":"IBMid-3100029C8B","last_access_time":1719928182757,"last_updater_id":"IBMid-3100029C8B","last_update_time":1719928182757}}]}
