{"metadata":{"asset_id":"0f4d530c-4042-46e8-b6a6-438972090b5d","asset_attributes":["notebook"],"name":"Hotel Review Analysis","asset_type":"notebook","created_at":"2024-07-02T11:05:29Z","description":"","origin_country":"us","owner_id":"IBMid-3100029C8B","project_id":"4261068b-2dd5-4113-b179-7ab1c77c100b","size":637619,"tags":["notebook"],"usage":{"last_update_time":1719927823201,"last_updated_at":"2024-07-02T13:43:43Z"}},"entity":{"notebook":{"kernel":{"name":"python3","display_name":"Python 3.11","language":"python"},"originates_from":{"type":"file"},"runtime":{"environment":"e6b49347-8a76-416d-8365-b03bafe6d2e3"}},"location_definition":{"physical_location_code":"DAL","physical_location_code_assigned_by":"IBMid-3100029C8B","physical_location_code_rds_id":"c57cb90f-2126-3800-9c9f-9eab82021cdf","physical_location_code_rds_version":"f431c4c7-42fa-4309-91b9-2f846ac45d7c_0","physical_location_code_assignment_method":"INFERRED","physical_location_code_added_on":"1719918321467"}},"attachments":[{"id":"df3d4ef8-d2fe-4c2f-b4ac-46b738c1145f","version":2,"asset_type":"notebook","name":"attachment for notebook 0f4d530c-4042-46e8-b6a6-438972090b5d","description":"attachment for notebook 0f4d530c-4042-46e8-b6a6-438972090b5d","mime":"application/json","datasource_type":"193a97c1-4475-4a19-b90c-295c4fdc6517","object_key":"notebook/Hotel_Review_Analysis_iP2C1ilge.ipynb","creator_id":"IBMid-3100029C8B","create_time":1719918330023,"size":637619,"is_remote":false,"is_managed":false,"is_referenced":true,"is_object_key_read_only":false,"is_user_provided_path_key":true,"transfer_complete":true,"is_partitioned":false,"complete_time_ticks":1719918330023,"user_data":{},"test_doc":0,"handle":{"bucket":"textanalysiswithwatsonnaturallang-donotdelete-pr-npnqw63za8annb","location":"us-south","type":"bluemix_cos","key":"notebook/Hotel_Review_Analysis_iP2C1ilge.ipynb","upload_id":"done","max_part_num":1},"usage":{"access_count":3,"last_accessor_id":"IBMid-3100029C8B","last_access_time":1719927823198,"last_updater_id":"IBMid-3100029C8B","last_update_time":1719927823198}}]}
