{"metadata":{"asset_id":"9605bf86-c177-4522-a707-e6dd431b0919","asset_attributes":["notebook"],"name":"Complaint Classification","asset_type":"notebook","created_at":"2024-07-02T11:05:28Z","description":"This notebook demonstrates how to train different text classifiers using Watson NLP. The classifiers predict the product group from the text of a customer complaint. This could be used, for example to route a complaint to the appropriate staff member.\n\nThe data that is used in this notebook is taken from the Consumer Complaint Database that is published by the Consumer Financial Protection Bureau (CFPB), a U.S. government agency. The Consumer Complaint Database is a collection of complaints about consumer financial products and services that the CFPB sent to companies for response. This notebook runs on the latest NLP runtime environment.","origin_country":"us","owner_id":"IBMid-3100029C8B","project_id":"4261068b-2dd5-4113-b179-7ab1c77c100b","size":35707,"tags":["notebook"],"usage":{"last_update_time":1719927326393,"last_updated_at":"2024-07-02T13:35:26Z"}},"entity":{"notebook":{"kernel":{"name":"python3","display_name":"Python 3.11","language":"python"},"originates_from":{"type":"file"},"runtime":{"environment":"0543a768-7b2c-4f8c-bc6e-c78ec1bc03b9"}},"location_definition":{"physical_location_code":"DAL","physical_location_code_assigned_by":"IBMid-3100029C8B","physical_location_code_rds_id":"c57cb90f-2126-3800-9c9f-9eab82021cdf","physical_location_code_rds_version":"f431c4c7-42fa-4309-91b9-2f846ac45d7c_0","physical_location_code_assignment_method":"INFERRED","physical_location_code_added_on":"1719918321467"}},"attachments":[{"id":"24a84ca6-e42c-43a9-a2ef-4bf453489d8a","version":2,"asset_type":"notebook","name":"attachment for notebook 9605bf86-c177-4522-a707-e6dd431b0919","description":"attachment for notebook 9605bf86-c177-4522-a707-e6dd431b0919","mime":"application/json","datasource_type":"193a97c1-4475-4a19-b90c-295c4fdc6517","object_key":"notebook/Complaint_Classification_dz0DgUxxZ.ipynb","creator_id":"IBMid-3100029C8B","create_time":1719918329991,"size":35707,"is_remote":false,"is_managed":false,"is_referenced":true,"is_object_key_read_only":false,"is_user_provided_path_key":true,"transfer_complete":true,"is_partitioned":false,"complete_time_ticks":1719918329991,"user_data":{},"test_doc":0,"handle":{"bucket":"textanalysiswithwatsonnaturallang-donotdelete-pr-npnqw63za8annb","location":"us-south","type":"bluemix_cos","key":"notebook/Complaint_Classification_dz0DgUxxZ.ipynb","upload_id":"done","max_part_num":1},"usage":{"access_count":8,"last_accessor_id":"IBMid-3100029C8B","last_access_time":1719927326391,"last_updater_id":"IBMid-3100029C8B","last_update_time":1719927326391}}]}
