{"metadata":{"asset_id":"b9c13858-ceb3-49dd-9b47-3817c572ab87","asset_attributes":["notebook"],"name":"Car Complaint Analysis","asset_type":"notebook","created_at":"2024-07-02T11:05:28Z","description":"This notebook demonstrates how to analyze car complaints using Watson NLP.\n\nThe data that is used in this notebook is taken from the National Highway and Transit Association (NHTSA) of the US Department of Transportation. The NHTSA records complaints from car owners, and makes them available regularly. You will learn syntax analysis, noun phrase extraction, how to correlate structured data with the analysis results. When you create the notebook, select the latest NLP runtime environment for its runtime.","origin_country":"us","owner_id":"IBMid-3100029C8B","project_id":"4261068b-2dd5-4113-b179-7ab1c77c100b","size":974754,"tags":["notebook"],"usage":{"last_update_time":1719919594531,"last_updated_at":"2024-07-02T11:26:34Z"}},"entity":{"notebook":{"kernel":{"name":"python3","display_name":"Python 3.11","language":"python"},"originates_from":{"type":"file"},"runtime":{"environment":"0543a768-7b2c-4f8c-bc6e-c78ec1bc03b9"}},"location_definition":{"physical_location_code":"DAL","physical_location_code_assigned_by":"IBMid-3100029C8B","physical_location_code_rds_id":"c57cb90f-2126-3800-9c9f-9eab82021cdf","physical_location_code_rds_version":"f431c4c7-42fa-4309-91b9-2f846ac45d7c_0","physical_location_code_assignment_method":"INFERRED","physical_location_code_added_on":"1719918321467"}},"attachments":[{"id":"3ad75809-f779-4acc-8600-1f0354c1aec6","version":2,"asset_type":"notebook","name":"attachment for notebook b9c13858-ceb3-49dd-9b47-3817c572ab87","description":"attachment for notebook b9c13858-ceb3-49dd-9b47-3817c572ab87","mime":"application/json","datasource_type":"193a97c1-4475-4a19-b90c-295c4fdc6517","object_key":"notebook/Car_Complaint_Analysis_9rN8qFGpk.ipynb","creator_id":"IBMid-3100029C8B","create_time":1719918329551,"size":974754,"is_remote":false,"is_managed":false,"is_referenced":true,"is_object_key_read_only":false,"is_user_provided_path_key":true,"transfer_complete":true,"is_partitioned":false,"complete_time_ticks":1719918329551,"user_data":{},"test_doc":0,"handle":{"bucket":"textanalysiswithwatsonnaturallang-donotdelete-pr-npnqw63za8annb","location":"us-south","type":"bluemix_cos","key":"notebook/Car_Complaint_Analysis_9rN8qFGpk.ipynb","upload_id":"done","max_part_num":1},"usage":{"access_count":8,"last_accessor_id":"IBMid-3100029C8B","last_access_time":1719919594530,"last_updater_id":"IBMid-3100029C8B","last_update_time":1719919594530}}]}
