{"metadata":{"asset_id":"07aa5ac8-52b6-4ece-a376-20ca2a0b20c5","asset_attributes":["data_asset"],"name":"bird_0fa1e7a9_nohash_0.wav","asset_type":"data_asset","created_at":"2021-02-15T00:43:11Z","description":"","origin_country":"us","owner_id":"IBMid-550003P291","project_id":"0994cd09-0412-4bfb-98ee-6da4889501c5","size":32044,"tags":[],"usage":{"last_update_time":1613349792354,"last_updated_at":"2021-02-15T00:43:12Z"}},"entity":{"data_asset":{"mime_type":"audio/x-wav","dataset":false}},"attachments":[{"id":"4881101b-3da6-4e49-a7b6-e997c8671b43","version":2,"asset_type":"data_asset","name":"bird_0fa1e7a9_nohash_0.wav","mime":"audio/x-wav","datasource_type":"193a97c1-4475-4a19-b90c-295c4fdc6517","object_key":"bird_0fa1e7a9_nohash_0.wav","creator_id":"iam-ServiceId-f49c5558-c247-4983-a04f-7d3c7a3d55da","create_time":1613349792179,"size":32044,"is_remote":false,"is_managed":false,"is_referenced":true,"is_object_key_read_only":false,"is_user_provided_path_key":true,"transfer_complete":true,"is_partitioned":false,"complete_time_ticks":1613349792179,"user_data":{},"test_doc":0,"handle":{"bucket":"tensorflowspeechcommandsproject-donotdelete-pr-nhnm2jwhpukuwj","location":"us-geo","key":"bird_0fa1e7a9_nohash_0.wav","upload_id":"done","max_part_num":1},"usage":{"access_count":0,"last_accessor_id":"iam-ServiceId-f49c5558-c247-4983-a04f-7d3c7a3d55da","last_access_time":1613349792179}}]}
