{"metadata":{"asset_id":"45c766bd-b0fb-4ae1-986d-d53f4a2a6ab6","asset_attributes":["notebook"],"name":"Part 1 - Load and Explore Dataset","asset_type":"notebook","created_at":"2021-02-15T00:43:14Z","description":"","origin_country":"us","owner_id":"iam-ServiceId-aa2183a6-ed8d-4fca-aa0a-b136ed2eef19","project_id":"0994cd09-0412-4bfb-98ee-6da4889501c5","size":248809,"tags":["notebook"],"usage":{"last_update_time":1613352853797,"last_updated_at":"2021-02-15T01:34:13Z"}},"entity":{"notebook":{"kernel":{"name":"python3","display_name":"Python 3.7","language":"python"},"originates_from":{"type":"file"},"runtime":{"environment":"conda4py37-0994cd09-0412-4bfb-98ee-6da4889501c5"}}},"attachments":[{"id":"55de35e3-6ad7-429f-8037-b36b1d9ba1d5","version":2,"asset_type":"notebook","name":"attachment for notebook 45c766bd-b0fb-4ae1-986d-d53f4a2a6ab6","description":"attachment for notebook 45c766bd-b0fb-4ae1-986d-d53f4a2a6ab6","mime":"application/json","datasource_type":"193a97c1-4475-4a19-b90c-295c4fdc6517","object_key":"notebook/Part_1_-_Load_and_Explore_Dataset_-6QFxvRrH.ipynb","creator_id":"IBMid-550003P291","create_time":1613349795273,"size":248809,"is_remote":false,"is_managed":false,"is_referenced":true,"is_object_key_read_only":false,"is_user_provided_path_key":true,"transfer_complete":true,"is_partitioned":false,"complete_time_ticks":1613349795273,"user_data":{},"test_doc":0,"handle":{"bucket":"tensorflowspeechcommandsproject-donotdelete-pr-nhnm2jwhpukuwj","location":"us-geo","key":"notebook/Part_1_-_Load_and_Explore_Dataset_-6QFxvRrH.ipynb","upload_id":"done","max_part_num":1},"usage":{"access_count":0,"last_accessor_id":"IBMid-550003P291","last_access_time":1613349795273}}]}
