{"metadata":{"asset_id":"94b2cff9-3697-4591-b823-cb428adf1b25","asset_attributes":["notebook"],"name":"Part 2 - Data Visualization","asset_type":"notebook","created_at":"2021-02-15T00:43:14Z","description":"","origin_country":"us","owner_id":"iam-ServiceId-aa2183a6-ed8d-4fca-aa0a-b136ed2eef19","project_id":"0994cd09-0412-4bfb-98ee-6da4889501c5","size":2180201,"tags":["notebook"],"usage":{"last_update_time":1613352866392,"last_updated_at":"2021-02-15T01:34:26Z"}},"entity":{"notebook":{"kernel":{"name":"python3","display_name":"Python 3.7","language":"python"},"originates_from":{"type":"file"},"runtime":{"environment":"conda4py37-0994cd09-0412-4bfb-98ee-6da4889501c5"}}},"attachments":[{"id":"e29275c7-2911-47f4-b84c-f79fdf9d7bbc","version":2,"asset_type":"notebook","name":"attachment for notebook 94b2cff9-3697-4591-b823-cb428adf1b25","description":"attachment for notebook 94b2cff9-3697-4591-b823-cb428adf1b25","mime":"application/json","datasource_type":"193a97c1-4475-4a19-b90c-295c4fdc6517","object_key":"notebook/Part_2_-_Data_Visualization_i8PJWHwxl.ipynb","creator_id":"IBMid-550003P291","create_time":1613349794783,"size":2180201,"is_remote":false,"is_managed":false,"is_referenced":true,"is_object_key_read_only":false,"is_user_provided_path_key":true,"transfer_complete":true,"is_partitioned":false,"complete_time_ticks":1613349794783,"user_data":{},"test_doc":0,"handle":{"bucket":"tensorflowspeechcommandsproject-donotdelete-pr-nhnm2jwhpukuwj","location":"us-geo","key":"notebook/Part_2_-_Data_Visualization_i8PJWHwxl.ipynb","upload_id":"done","max_part_num":1},"usage":{"access_count":0,"last_accessor_id":"IBMid-550003P291","last_access_time":1613349794783}}]}
