{"metadata":{"asset_id":"ac4d2b69-daaa-4d4b-ae95-6be67fd1dfbf","asset_attributes":["data_asset","location_definition"],"name":"WarehouseTargetInventory.csv","asset_type":"data_asset","created_at":"2024-02-16T14:47:00Z","description":"","origin_country":"us","owner_id":"IBMid-270006YQEG","project_id":"061aa8f4-27a4-4cee-a1c4-5118c96ae3a5","size":921,"tags":[],"usage":{"last_update_time":1708094821248,"last_updated_at":"2024-02-16T14:47:01Z"}},"entity":{"data_asset":{"mime_type":"text/csv","dataset":false},"location_definition":{"physical_location_code":"LON","physical_location_code_assigned_by":"IBMid-270006YQEG","physical_location_code_rds_id":"c57cb90f-2126-3800-9c9f-9eab82021cdf","physical_location_code_rds_version":"00002023-0217-4154-8530-227498000000_3","physical_location_code_assignment_method":"INFERRED","physical_location_code_added_on":"1686131733256"}},"attachments":[{"id":"f0fd26ff-d189-430e-8222-d537ba95d8e5","version":2,"asset_type":"data_asset","name":"WarehouseTargetInventory.csv","mime":"text/csv","datasource_type":"193a97c1-4475-4a19-b90c-295c4fdc6517","object_key":"WarehouseTargetInventory.csv","creator_id":"iam-ServiceId-f49c5558-c247-4983-a04f-7d3c7a3d55da","create_time":1708094821117,"size":921,"is_remote":false,"is_managed":false,"is_referenced":true,"is_object_key_read_only":true,"is_user_provided_path_key":true,"transfer_complete":true,"is_partitioned":false,"complete_time_ticks":1708094821117,"user_data":{},"test_doc":0,"handle":{"bucket":"inventory2-donotdelete-pr-obc5pludjfvyxc","location":"us-south","type":"bluemix_cos","key":"WarehouseTargetInventory.csv","upload_id":"done","max_part_num":1},"usage":{"access_count":0,"last_accessor_id":"iam-ServiceId-f49c5558-c247-4983-a04f-7d3c7a3d55da","last_access_time":1708094821117}}]}
