{"metadata":[{"decision":{"name":"InventoryOptimization","description":"","environments":[],"extensions":[]},"scenarios":[{"id":"a15f2dcd-e8ba-4e82-8a7a-8c1a0a89a017","name":"domains","description":"","category":"domains","readOnly":false,"creator":"IBMid-270006YQEG","createdAt":1708094829000,"usage":{"lastModificationTime":1708094830000,"lastModifier":"iam-ServiceId-c2eabb5c-a2d7-4580-a867-9bb90f33e208"},"tables":[],"assets":[{"creator":"IBMid-270006YQEG","createdAt":1708094829864,"lastUpdater":"IBMid-270006YQEG","updatedAt":1708094829864,"crc":676329511,"size":10345,"attachmentKey":"48a484e9-bfe9-4d6a-8165-1c81cfbf8246/1705411267605","name":"domains.zip","contentType":"application/x-www-form-urlencoded"}],"dataUsagePerCategory":{}},{"id":"ee7a7405-ecb8-4777-9896-bfa978166317","qualifiers":[{"name":"modelType","value":"cognitive"}],"name":"Base scenario - no cost","description":"","category":"scenario","readOnly":false,"creator":"IBMid-270006YQEG","createdAt":1708094834000,"usage":{"lastModificationTime":1708094834000,"lastModifier":"iam-ServiceId-c2eabb5c-a2d7-4580-a867-9bb90f33e208"},"tables":[{"category":"input","creator":"IBMid-270006YQEG","createdAt":1708094834045,"lastUpdater":"IBMid-270006YQEG","updatedAt":1708094834045,"crc":3549117986,"size":9,"attachmentKey":"28184652-8b19-418c-8311-38d9c8f88855","name":"PlanParameters","tableType":{"columns":[{"key":"StartPeriod","dataType":"String"},{"key":"EndPeriod","dataType":"String"}]},"numberOfRows":1},{"category":"input","creator":"IBMid-270006YQEG","createdAt":1708094834045,"lastUpdater":"IBMid-270006YQEG","updatedAt":1708094834045,"crc":2815839992,"size":782,"attachmentKey":"95892bcf-57bf-452d-b214-1865374ff420","name":"AgencyInitialInventory","tableType":{"columns":[{"key":"Agency","dataType":"String"},{"key":"Mask","dataType":"String"},{"key":"InitialInventory","dataType":"Number"}]},"numberOfRows":50},{"category":"output","creator":"IBMid-270006YQEG","createdAt":1708094834045,"lastUpdater":"IBMid-270006YQEG","updatedAt":1708094834045,"crc":1591334097,"size":32723,"attachmentKey":"4f95aa59-7dcd-48a1-8c16-605d650a63e0/1708091859591","name":"InventoryAtAgencyDecisions","tableType":{"columns":[{"key":"Agency","dataType":"String"},{"key":"Period","dataType":"String"},{"key":"Mask","dataType":"String"},{"key":"Start Inventory decision","dataType":"Number"},{"key":"Distributed quantity decision","dataType":"Number"},{"key":"End Inventory decision","dataType":"Number"},{"key":"Received quantity decision","dataType":"Number"},{"key":"Target inventory","dataType":"Number"},{"key":"Agency Name","dataType":"String"},{"key":"Period Next","dataType":"String"},{"key":"Period To","dataType":"String"},{"key":"Period From","dataType":"String"},{"key":"Mask UnitWeight","dataType":"Number"}]},"numberOfRows":350},{"category":"input","creator":"IBMid-270006YQEG","createdAt":1708094834045,"lastUpdater":"IBMid-270006YQEG","updatedAt":1708094834045,"crc":117401217,"size":539,"attachmentKey":"26bdf296-bcfe-4c8a-9914-becd712d4dc9","name":"FactoryWarehouseTransportCost","tableType":{"columns":[{"key":"Factory","dataType":"String"},{"key":"Warehouse","dataType":"String"},{"key":"weightUnitCost","dataType":"Number"},{"key":"minCost","dataType":"Number"}]},"numberOfRows":20},{"category":"output","creator":"IBMid-270006YQEG","createdAt":1708094834045,"lastUpdater":"IBMid-270006YQEG","updatedAt":1708094834045,"crc":4152542393,"size":133873,"attachmentKey":"dd252914-f7a8-4d89-95fb-fbf9ffdf9e0e/1708091859591","name":"DeliveryAtAgency","tableType":{"columns":[{"key":"Warehouse","dataType":"String"},{"key":"Agency","dataType":"String"},{"key":"Period","dataType":"String"},{"key":"Mask","dataType":"String"},{"key":"Delivery at Agency decision","dataType":"Number"},{"key":"Warehouse Capacity","dataType":"Number"},{"key":"Agency Name","dataType":"String"},{"key":"Period Next","dataType":"String"},{"key":"Period To","dataType":"String"},{"key":"Period From","dataType":"String"},{"key":"Mask UnitWeight","dataType":"Number"}]},"numberOfRows":1750},{"category":"input","creator":"IBMid-270006YQEG","createdAt":1708094834045,"lastUpdater":"IBMid-270006YQEG","updatedAt":1708094834045,"crc":2029529129,"size":83,"attachmentKey":"ba8b1fda-5cea-4d3e-a89b-b8e23f890b6d","name":"Warehouse","tableType":{"columns":[{"key":"Id","dataType":"String"},{"key":"Capacity","dataType":"Number"}]},"numberOfRows":5},{"category":"output","creator":"IBMid-270006YQEG","createdAt":1708094834045,"lastUpdater":"IBMid-270006YQEG","updatedAt":1708094834045,"crc":1094505188,"size":10177,"attachmentKey":"71693fb6-2e86-4e0d-ad1b-a1d779135ea4/1708091859591","name":"SupplyAtWarehouseDecisions","tableType":{"columns":[{"key":"Factory","dataType":"String"},{"key":"Warehouse","dataType":"String"},{"key":"Period","dataType":"String"},{"key":"Mask","dataType":"String"},{"key":"Supply at Warehouse decision","dataType":"Number"},{"key":"Warehouse Capacity","dataType":"Number"},{"key":"Period Next","dataType":"String"},{"key":"Period To","dataType":"String"},{"key":"Period From","dataType":"String"},{"key":"Mask UnitWeight","dataType":"Number"}]},"numberOfRows":140},{"category":"input","creator":"IBMid-270006YQEG","createdAt":1708094834045,"lastUpdater":"IBMid-270006YQEG","updatedAt":1708094834045,"crc":1592233317,"size":896,"attachmentKey":"bfb2849a-1b12-4b29-b4cf-974b74e041b0","name":"FactoryOffer","tableType":{"columns":[{"key":"Factory","dataType":"String"},{"key":"Period","dataType":"String"},{"key":"Mask","dataType":"String"},{"key":"Capacity","dataType":"Number"},{"key":"Uniit price","dataType":"Number"}]},"numberOfRows":28},{"category":"input","creator":"IBMid-270006YQEG","createdAt":1708094834045,"lastUpdater":"IBMid-270006YQEG","updatedAt":1708094834045,"crc":661481029,"size":722,"attachmentKey":"2820a139-688b-4f63-93d7-ed5156fdd4ef","name":"Agency","tableType":{"columns":[{"key":"Num","dataType":"String"},{"key":"Name","dataType":"String"}]},"numberOfRows":50},{"category":"output","creator":"IBMid-270006YQEG","createdAt":1708094834045,"lastUpdater":"IBMid-270006YQEG","updatedAt":1708094834045,"crc":978027418,"size":25160,"attachmentKey":"bc087555-0382-44be-8c3e-0b79e107b4f1/1708091859591","name":"CoveredDemandDecisions","tableType":{"columns":[{"key":"Agency","dataType":"String"},{"key":"Period","dataType":"String"},{"key":"Mask","dataType":"String"},{"key":"Covered Demand decision","dataType":"Number"},{"key":"Agency demand","dataType":"Number"},{"key":"Agency Name","dataType":"String"},{"key":"Period Next","dataType":"String"},{"key":"Period To","dataType":"String"},{"key":"Period From","dataType":"String"},{"key":"Mask UnitWeight","dataType":"Number"}]},"numberOfRows":350},{"category":"input","creator":"IBMid-270006YQEG","createdAt":1708094834045,"lastUpdater":"IBMid-270006YQEG","updatedAt":1708094834045,"crc":937016459,"size":13,"attachmentKey":"d7757884-89b2-43a6-ad55-4728d277b809","name":"Mask","tableType":{"columns":[{"key":"MaskId","dataType":"String"},{"key":"UnitWeight","dataType":"Number"}]},"numberOfRows":1},{"category":"input","creator":"IBMid-270006YQEG","createdAt":1708094834045,"lastUpdater":"IBMid-270006YQEG","updatedAt":1708094834045,"crc":2002649715,"size":214,"attachmentKey":"e8c3254a-666b-4a9d-8557-0d818aafd5c2","name":"Period","tableType":{"columns":[{"key":"Id","dataType":"String"},{"key":"From","dataType":"String"},{"key":"To","dataType":"String"},{"key":"Next","dataType":"String"}]},"numberOfRows":7},{"category":"output","creator":"IBMid-270006YQEG","createdAt":1708094834045,"lastUpdater":"IBMid-270006YQEG","updatedAt":1708094834045,"crc":169030511,"size":2106,"attachmentKey":"06c8315e-a4f5-4f68-ac85-9520d31d6294/1708091859591","name":"TransferBetweenWarehouseDecisions","tableType":{"columns":[{"key":"Warehouse","dataType":"String"},{"key":"Period","dataType":"String"},{"key":"Mask","dataType":"String"},{"key":"Transfer between Warehouse decision","dataType":"Number"},{"key":"Warehouse Capacity","dataType":"Number"},{"key":"Period Next","dataType":"String"},{"key":"Period To","dataType":"String"},{"key":"Period From","dataType":"String"},{"key":"Mask UnitWeight","dataType":"Number"}]},"numberOfRows":35},{"category":"output","creator":"IBMid-270006YQEG","createdAt":1708094834045,"lastUpdater":"IBMid-270006YQEG","updatedAt":1708094834045,"crc":790534268,"size":3740,"attachmentKey":"4d2bff1c-79aa-40e9-8a36-4f37dc222009/1708091859591","name":"InventoryAtWarehouseDecisions","tableType":{"columns":[{"key":"Warehouse","dataType":"String"},{"key":"Period","dataType":"String"},{"key":"Mask","dataType":"String"},{"key":"Start Inventory decision","dataType":"Number"},{"key":"Distributed quantity decision","dataType":"Number"},{"key":"End Inventory decision","dataType":"Number"},{"key":"Received quantity decision","dataType":"Number"},{"key":"Target inventory","dataType":"Number"},{"key":"Warehouse Transfer decision","dataType":"Number"},{"key":"Warehouse Capacity","dataType":"Number"},{"key":"Period Next","dataType":"String"},{"key":"Period To","dataType":"String"},{"key":"Period From","dataType":"String"},{"key":"Mask UnitWeight","dataType":"Number"}]},"numberOfRows":35},{"category":"output","creator":"IBMid-270006YQEG","createdAt":1708094834045,"lastUpdater":"IBMid-270006YQEG","updatedAt":1708094834045,"crc":2217608893,"size":343,"attachmentKey":"e7badfba-8243-43ed-a9bf-24ec1e601665/1708091859591","name":"stats","tableType":{"columns":[{"key":"Name","dataType":"String"},{"key":"Value","dataType":"String"}]},"numberOfRows":12},{"category":"input","creator":"IBMid-270006YQEG","createdAt":1708094834045,"lastUpdater":"IBMid-270006YQEG","updatedAt":1708094834045,"crc":4215869345,"size":106,"attachmentKey":"5fe5fa30-a8f7-4a99-83d0-6c08d67b420e","name":"WarehouseInitialInventory","tableType":{"columns":[{"key":"Mask","dataType":"String"},{"key":"Warehouse","dataType":"String"},{"key":"InitialInventory","dataType":"Number"}]},"numberOfRows":5},{"category":"input","creator":"IBMid-270006YQEG","createdAt":1708094834045,"lastUpdater":"IBMid-270006YQEG","updatedAt":1708094834045,"crc":1418123937,"size":891,"attachmentKey":"8d26a1ef-84db-4a9b-b117-9f3146b0c146","name":"WarehouseTargetInventory","tableType":{"columns":[{"key":"Mask","dataType":"String"},{"key":"Warehouse","dataType":"String"},{"key":"Period","dataType":"String"},{"key":"Quantity","dataType":"Number"}]},"numberOfRows":35},{"category":"input","creator":"IBMid-270006YQEG","createdAt":1708094834045,"lastUpdater":"IBMid-270006YQEG","updatedAt":1708094834045,"crc":2876833046,"size":9534,"attachmentKey":"c6195992-e86e-420a-89f7-1eb42332aa16","name":"AgencyRequest","tableType":{"columns":[{"key":"Agency","dataType":"String"},{"key":"Period","dataType":"String"},{"key":"Mask","dataType":"String"},{"key":"Demand","dataType":"Number"},{"key":"TargetInventory","dataType":"Number"}]},"numberOfRows":350},{"category":"output","creator":"IBMid-270006YQEG","createdAt":1708094834045,"lastUpdater":"IBMid-270006YQEG","updatedAt":1708094834045,"crc":393719849,"size":344,"attachmentKey":"97d17e87-e47c-4588-80ca-42bd8ad6a963/1708091865991","name":"kpis","tableType":{"columns":[{"key":"Name","dataType":"String"},{"key":"Value","dataType":"Number"},{"key":"Slider","dataType":"Number"},{"key":"Weight factor","dataType":"Number"},{"key":"Scale factor","dataType":"Number"},{"key":"Scaled weighted value","dataType":"Number"}]},"numberOfRows":3}],"assets":[{"category":"output","creator":"IBMid-270006YQEG","createdAt":1708094834045,"lastUpdater":"IBMid-270006YQEG","updatedAt":1708094834045,"crc":1477487105,"size":176653,"attachmentKey":"a0e5d6ef-cc18-44bf-905b-a44462b2c3a7/1708091859591","name":"solution.json","contentType":"application/json"},{"category":"CO_ASSET_SESSION","creator":"IBMid-270006YQEG","createdAt":1708094834045,"lastUpdater":"IBMid-270006YQEG","updatedAt":1708094834045,"crc":1080853200,"size":166141,"attachmentKey":"5f7df55d-ee8e-4d08-b865-94cf2a45b965/1705414135954","name":"CO_SESSION.json","contentType":"application/x-www-form-urlencoded"},{"category":"CO_ASSET","creator":"IBMid-270006YQEG","createdAt":1708094834045,"lastUpdater":"IBMid-270006YQEG","updatedAt":1708094834045,"crc":1733288199,"size":236033,"attachmentKey":"a55f813a-cc94-42b5-9f7b-d60fc0371346/1708091865991","name":"CO_SOLUTION_TEXT.json","contentType":"application/json"},{"category":"CO_ASSET","creator":"IBMid-270006YQEG","createdAt":1708094834045,"lastUpdater":"IBMid-270006YQEG","updatedAt":1708094834045,"crc":2745614147,"size":2,"attachmentKey":"c2a1201e-58ee-4d85-81ce-06ea03c021aa/1708091748619","name":"solveParameters.json","contentType":"application/json; charset=utf-8"},{"category":"model","creator":"IBMid-270006YQEG","createdAt":1708094834045,"lastUpdater":"IBMid-270006YQEG","updatedAt":1708094834045,"crc":3513637284,"size":79015,"attachmentKey":"2e5ee03b-458e-49bb-a063-2e24ad1ac0e8/1708091750480","name":"model.py","contentType":"text/plain"},{"category":"CO_ASSET","creator":"IBMid-270006YQEG","createdAt":1708094834045,"lastUpdater":"IBMid-270006YQEG","updatedAt":1708094834045,"crc":2408515885,"size":13225,"attachmentKey":"d64ed257-db9e-4da5-b6cf-d0777465e914/1708091593329","name":"CO_DATASET.json","contentType":"application/json; charset=utf-8"},{"category":"CO_ASSET","creator":"IBMid-270006YQEG","createdAt":1708094834045,"lastUpdater":"IBMid-270006YQEG","updatedAt":1708094834045,"crc":1074364024,"size":706070,"attachmentKey":"e53f94cb-7e35-4663-8653-f9b8a85cfca8/1708091865991","name":"CO_SOLUTION_JSON.json","contentType":"application/json"},{"category":"output","creator":"IBMid-270006YQEG","createdAt":1708094834045,"lastUpdater":"IBMid-270006YQEG","updatedAt":1708094834045,"crc":2555077245,"size":4555,"attachmentKey":"61d1070a-f497-42ce-a51c-0416184f6449/1708091859591","name":"log.txt","contentType":"text/plain"}],"solveStatus":{"creationTime":1708094834045,"lastModificationTime":1708094834045,"state":"TERMINATED","solveConfig":{"containerId":"Base scenario - no cost","solveParameters":{},"setupWebHook":{"verb":"GET","url":"https://internal.api.dataplatform.cloud.ibm.com/v1/cognitive/solve/preprocess/Base%20scenario%20%2D%20no%20cost?projectId=ffdf1058-35b6-42ff-a41b-43b4913d23a9&parentId=00ecd42c-9c82-4619-b28b-1e0c50fcc5e3","expectedStatus":200,"headers":{}},"tearDownWebHook":{"verb":"GET","url":"https://internal.api.dataplatform.cloud.ibm.com/v1/cognitive/solve/postprocess/Base%20scenario%20%2D%20no%20cost?projectId=ffdf1058-35b6-42ff-a41b-43b4913d23a9&parentId=00ecd42c-9c82-4619-b28b-1e0c50fcc5e3","expectedStatus":200,"headers":{}}},"jobDetails":{"id":"00444ac6-8971-45d0-9228-84d9b5b40057","createdAt":1708091755813,"startedAt":1708091851568,"endedAt":1708091860952,"submittedAt":1708091755813,"details":{"KPI.PROGRESS_CURRENT_OBJECTIVE":"444688896.0","KPI.gap in inventory of Masks at Agencies across Periods according to AgencyRequests":"83125488.0","KPI.gap in inventory of Masks at Warehouses across Periods according to WarehouseTargetInventories":"1752921.0","KPI.uncovered demand for Masks at Agencies as specified by AgencyRequests":"0","MODEL_DETAIL_BOOLEAN_VARS":"0","MODEL_DETAIL_CONSTRAINTS":"3360","MODEL_DETAIL_CONTINUOUS_VARS":"2940","MODEL_DETAIL_INTEGER_VARS":"3045","MODEL_DETAIL_KPIS":"[\"uncovered demand for Masks at Agencies as specified by AgencyRequests\", \"gap in inventory of Masks at Warehouses across Periods according to WarehouseTargetInventories\", \"gap in inventory of Masks at Agencies across Periods according to AgencyRequests\"]","MODEL_DETAIL_NONZEROS":"11915","MODEL_DETAIL_OBJECTIVE_SENSE":"minimize","MODEL_DETAIL_TYPE":"MILP","PROGRESS_BEST_OBJECTIVE":"444688896.0","PROGRESS_BEST_OBJECTIVE.history":"[[1708091858.57, 444688896.0]]","PROGRESS_CURRENT_OBJECTIVE":"444688896.0","PROGRESS_CURRENT_OBJECTIVE.history":"[[1708091858.57, 444688896.0]]","PROGRESS_GAP":"0.0","PROGRESS_GAP.history":"[[1708091858.57, 0.0]]","STAT.cplex.modelType":"MILP","STAT.cplex.size.booleanVariables":"0","STAT.cplex.size.constraints":"3360","STAT.cplex.size.continousVariables":"2940","STAT.cplex.size.integerVariables":"3045","STAT.cplex.size.linearConstraints":"3360","STAT.cplex.size.quadraticConstraints":"0","STAT.cplex.size.variables":"5985","STAT.job.coresCount":"1","STAT.job.inputsReadMs":"3144","STAT.job.memoryPeakKB":"146668","STAT.job.modelProcessingMs":"3463","STAT.job.outputsWriteMs":"1476","latestOutputUpload":"2024-02-16T13:57:40.942Z"},"executionStatus":"PROCESSED","solveStatus":"OPTIMAL_SOLUTION","logTail":["[2024-02-16T13:57:37.274Z, INFO] * building wado model","[2024-02-16T13:57:38.491Z, INFO] model building done in 1.230757713317871 secs","[2024-02-16T13:57:38.493Z, INFO] * running wado model","[2024-02-16T13:57:38.520Z, INFO] WARNING: Number of workers has been reduced to 1 to comply with platform limitations.","[2024-02-16T13:57:38.530Z, INFO] Version identifier: 22.1.1.0 | 2023-06-15 | d64d5bd77","[2024-02-16T13:57:38.532Z, INFO] CPXPARAM_Read_DataCheck                          1","[2024-02-16T13:57:38.535Z, INFO] CPXPARAM_Threads                                 1","[2024-02-16T13:57:38.537Z, INFO] CPXPARAM_TimeLimit                               120","[2024-02-16T13:57:38.539Z, INFO] Legacy callback                                  i","[2024-02-16T13:57:38.549Z, INFO] MIP Presolve eliminated 3 redundant SOS constraints.","[2024-02-16T13:57:38.550Z, INFO] Tried aggregator 2 times.","[2024-02-16T13:57:38.552Z, INFO] MIP Presolve eliminated 1885 rows and 1566 columns.","[2024-02-16T13:57:38.554Z, INFO] Aggregator did 333 substitutions.","[2024-02-16T13:57:38.555Z, INFO] Reduced MIP has 1142 rows, 4086 columns, and 7035 nonzeros.","[2024-02-16T13:57:38.558Z, INFO] Reduced MIP has 0 binaries, 2622 generals, 732 SOSs, and 0 indicators.","[2024-02-16T13:57:38.560Z, INFO] Presolve time = 0.01 sec. (7.54 ticks)","[2024-02-16T13:57:38.570Z, INFO] Tried aggregator 1 time.","[2024-02-16T13:57:38.571Z, INFO] Detecting symmetries...","[2024-02-16T13:57:38.571Z, INFO] Reduced MIP has 1142 rows, 4086 columns, and 7035 nonzeros.","[2024-02-16T13:57:38.572Z, INFO] Reduced MIP has 0 binaries, 2622 generals, 732 SOSs, and 0 indicators.","[2024-02-16T13:57:38.573Z, INFO] Presolve time = 0.00 sec. (4.39 ticks)","[2024-02-16T13:57:38.574Z, INFO] MIP emphasis: balance optimality and feasibility.","[2024-02-16T13:57:38.574Z, INFO] MIP search method: dynamic search.","[2024-02-16T13:57:38.575Z, INFO] Parallel mode: none, using 1 thread.","[2024-02-16T13:57:38.576Z, INFO] Root relaxation solution time = 0.04 sec. (24.10 ticks)","[2024-02-16T13:57:38.577Z, INFO] ","[2024-02-16T13:57:38.578Z, INFO]         Nodes                                         Cuts/","[2024-02-16T13:57:38.578Z, INFO]    Node  Left     Objective  IInf  Best Integer    Best Bound    ItCnt     Gap","[2024-02-16T13:57:38.579Z, INFO] ","[2024-02-16T13:57:38.580Z, INFO] *     0     0      integral     0   4.44689e+08   4.44689e+08      862    0.00%","[2024-02-16T13:57:38.589Z, INFO] Elapsed time = 0.06 sec. (45.03 ticks, tree = 0.00 MB, solutions = 1)","[2024-02-16T13:57:38.590Z, INFO] ","[2024-02-16T13:57:38.590Z, INFO] Root node processing (before b&c):","[2024-02-16T13:57:38.591Z, INFO]   Real time             =    0.06 sec. (45.21 ticks)","[2024-02-16T13:57:38.592Z, INFO] Sequential b&c:","[2024-02-16T13:57:38.593Z, INFO]   Real time             =    0.00 sec. (0.00 ticks)","[2024-02-16T13:57:38.594Z, INFO]                           ------------","[2024-02-16T13:57:38.595Z, INFO] Total (root+branch&cut) =    0.06 sec. (45.21 ticks)","[2024-02-16T13:57:38.694Z, INFO] Solve status: JobSolveStatus.OPTIMAL_SOLUTION","[2024-02-16T13:57:38.697Z, INFO] * model docplex_model1 solved with objective = 444688896.000","[2024-02-16T13:57:38.699Z, INFO] *  KPI: uncovered demand for Masks at Agencies as specified by AgencyRequests                          = 0.000","[2024-02-16T13:57:38.713Z, INFO] *  KPI: gap in inventory of Masks at Warehouses across Periods according to WarehouseTargetInventories = 1752921.000","[2024-02-16T13:57:38.715Z, INFO] *  KPI: gap in inventory of Masks at Agencies across Periods according to AgencyRequests               = 83125488.000","[2024-02-16T13:57:38.719Z, INFO] model solve done in 0.18770432472229004 secs","[2024-02-16T13:57:39.195Z, INFO] solution export done in 0.5157945156097412 secs"]},"taskSetupTime":1708091755861,"taskSolveTime":1708091862876,"taskTearDownTime":1708091866360,"jobSpaceId":"9e19defe-eeda-4d0b-8dd2-90a61a7787a3","jobDeploymentId":"c6179e9d-e55d-4926-90ea-85d0fe732630","jobId":"00444ac6-8971-45d0-9228-84d9b5b40057","ping":1708091839373},"dataUsagePerCategory":{"output":{"lastModificationTime":1708094834045,"lastModifier":"IBMid-270006YQEG"},"input":{"lastModificationTime":1708094834045,"lastModifier":"IBMid-270006YQEG"},"model":{"lastModificationTime":1708094834045,"lastModifier":"IBMid-270006YQEG"},"CO_ASSET_SESSION":{"lastModificationTime":1708094834045,"lastModifier":"IBMid-270006YQEG"},"CO_ASSET":{"lastModificationTime":1708094834045,"lastModifier":"IBMid-270006YQEG"}}},{"id":"27b87915-856b-4f5e-bdc9-85d62f4a9228","qualifiers":[{"name":"modelType","value":"cognitive"}],"name":"dashboard","description":"","category":"dashboard","readOnly":false,"creator":"IBMid-270006YQEG","createdAt":1708094825000,"usage":{"lastModificationTime":1708094825000,"lastModifier":"iam-ServiceId-c2eabb5c-a2d7-4580-a867-9bb90f33e208"},"tables":[],"assets":[{"creator":"IBMid-270006YQEG","createdAt":1708094825632,"lastUpdater":"IBMid-270006YQEG","updatedAt":1708094825632,"crc":2213688232,"size":8945,"attachmentKey":"04edded0-e649-40ed-9811-934ef03d8232/1708092367736","name":"dashboard.json","contentType":"application/octet-stream"}],"dataUsagePerCategory":{}},{"id":"e17d5196-b6b6-4ede-a44b-0140d4ec0f78","qualifiers":[{"name":"modelType","value":"cognitive"}],"name":"With costs - no min transport","description":"","category":"scenario","readOnly":false,"creator":"IBMid-270006YQEG","createdAt":1708094827000,"usage":{"lastModificationTime":1708094827000,"lastModifier":"iam-ServiceId-c2eabb5c-a2d7-4580-a867-9bb90f33e208"},"tables":[{"category":"input","creator":"IBMid-270006YQEG","createdAt":1708094827736,"lastUpdater":"IBMid-270006YQEG","updatedAt":1708094827736,"crc":3549117986,"size":9,"attachmentKey":"161babfd-34a2-4f61-a6a8-54b162ed22c9","name":"PlanParameters","tableType":{"columns":[{"key":"StartPeriod","dataType":"String"},{"key":"EndPeriod","dataType":"String"}]},"numberOfRows":1},{"category":"input","creator":"IBMid-270006YQEG","createdAt":1708094827736,"lastUpdater":"IBMid-270006YQEG","updatedAt":1708094827736,"crc":2815839992,"size":782,"attachmentKey":"d7780566-6f73-4b24-9a3f-6cf5a15b7768","name":"AgencyInitialInventory","tableType":{"columns":[{"key":"Agency","dataType":"String"},{"key":"Mask","dataType":"String"},{"key":"InitialInventory","dataType":"Number"}]},"numberOfRows":50},{"category":"input","creator":"IBMid-270006YQEG","createdAt":1708094827736,"lastUpdater":"IBMid-270006YQEG","updatedAt":1708094827736,"crc":117401217,"size":539,"attachmentKey":"0596e5b6-6215-4fc3-9414-98cce384fce5","name":"FactoryWarehouseTransportCost","tableType":{"columns":[{"key":"Factory","dataType":"String"},{"key":"Warehouse","dataType":"String"},{"key":"weightUnitCost","dataType":"Number"},{"key":"minCost","dataType":"Number"}]},"numberOfRows":20},{"category":"output","creator":"IBMid-270006YQEG","createdAt":1708094827736,"lastUpdater":"IBMid-270006YQEG","updatedAt":1708094827736,"crc":2567017109,"size":30627,"attachmentKey":"0201d4c1-a70a-4d9a-a01f-679887366b23/1708091978874","name":"InventoryAtAgencyDecisions","tableType":{"columns":[{"key":"Agency","dataType":"String"},{"key":"Period","dataType":"String"},{"key":"Mask","dataType":"String"},{"key":"Start Inventory decision","dataType":"Number"},{"key":"Distributed quantity decision","dataType":"Number"},{"key":"End Inventory decision","dataType":"Number"},{"key":"Received quantity decision","dataType":"Number"},{"key":"Target inventory","dataType":"Number"},{"key":"Agency Name","dataType":"String"},{"key":"Period Next","dataType":"String"},{"key":"Period To","dataType":"String"},{"key":"Period From","dataType":"String"},{"key":"Mask UnitWeight","dataType":"Number"}]},"numberOfRows":350},{"category":"output","creator":"IBMid-270006YQEG","createdAt":1708094827736,"lastUpdater":"IBMid-270006YQEG","updatedAt":1708094827736,"crc":4252292991,"size":133700,"attachmentKey":"d061fd98-0571-48f8-8299-ba860c1a35bc/1708091978874","name":"DeliveryAtAgency","tableType":{"columns":[{"key":"Warehouse","dataType":"String"},{"key":"Agency","dataType":"String"},{"key":"Period","dataType":"String"},{"key":"Mask","dataType":"String"},{"key":"Delivery at Agency decision","dataType":"Number"},{"key":"Warehouse Capacity","dataType":"Number"},{"key":"Agency Name","dataType":"String"},{"key":"Period Next","dataType":"String"},{"key":"Period To","dataType":"String"},{"key":"Period From","dataType":"String"},{"key":"Mask UnitWeight","dataType":"Number"}]},"numberOfRows":1750},{"category":"output","creator":"IBMid-270006YQEG","createdAt":1708094827736,"lastUpdater":"IBMid-270006YQEG","updatedAt":1708094827736,"crc":1551960870,"size":10072,"attachmentKey":"8ea0eee4-8332-4326-a880-f80ecfd19ad5/1708091978874","name":"SupplyAtWarehouseDecisions","tableType":{"columns":[{"key":"Factory","dataType":"String"},{"key":"Warehouse","dataType":"String"},{"key":"Period","dataType":"String"},{"key":"Mask","dataType":"String"},{"key":"Supply at Warehouse decision","dataType":"Number"},{"key":"Warehouse Capacity","dataType":"Number"},{"key":"Period Next","dataType":"String"},{"key":"Period To","dataType":"String"},{"key":"Period From","dataType":"String"},{"key":"Mask UnitWeight","dataType":"Number"}]},"numberOfRows":140},{"category":"input","creator":"IBMid-270006YQEG","createdAt":1708094827736,"lastUpdater":"IBMid-270006YQEG","updatedAt":1708094827736,"crc":1592233317,"size":896,"attachmentKey":"ab51ae01-bbca-4d0b-a649-6d34b496837c","name":"FactoryOffer","tableType":{"columns":[{"key":"Factory","dataType":"String"},{"key":"Period","dataType":"String"},{"key":"Mask","dataType":"String"},{"key":"Capacity","dataType":"Number"},{"key":"Uniit price","dataType":"Number"}]},"numberOfRows":28},{"category":"input","creator":"IBMid-270006YQEG","createdAt":1708094827736,"lastUpdater":"IBMid-270006YQEG","updatedAt":1708094827736,"crc":2029529129,"size":83,"attachmentKey":"7749d2c2-8410-48ba-8290-a23ba706a024","name":"Warehouse","tableType":{"columns":[{"key":"Id","dataType":"String"},{"key":"Capacity","dataType":"Number"}]},"numberOfRows":5},{"category":"input","creator":"IBMid-270006YQEG","createdAt":1708094827736,"lastUpdater":"IBMid-270006YQEG","updatedAt":1708094827736,"crc":661481029,"size":722,"attachmentKey":"89d1b387-787a-4f89-9fdb-4239d4c9ea60","name":"Agency","tableType":{"columns":[{"key":"Num","dataType":"String"},{"key":"Name","dataType":"String"}]},"numberOfRows":50},{"category":"output","creator":"IBMid-270006YQEG","createdAt":1708094827736,"lastUpdater":"IBMid-270006YQEG","updatedAt":1708094827736,"crc":199566858,"size":8971,"attachmentKey":"d21c37ce-30aa-401a-b649-aab230bf16e8/1708091978874","name":"TransportFactory_WarehouseDecisions","tableType":{"columns":[{"key":"Factory","dataType":"String"},{"key":"Warehouse","dataType":"String"},{"key":"Period","dataType":"String"},{"key":"Transport Cost Factory - Warehouse decision","dataType":"Number"},{"key":"Transport Weight decision","dataType":"Number"},{"key":"Warehouse Capacity","dataType":"Number"},{"key":"Period Next","dataType":"String"},{"key":"Period To","dataType":"String"},{"key":"Period From","dataType":"String"}]},"numberOfRows":140},{"category":"output","creator":"IBMid-270006YQEG","createdAt":1708094827736,"lastUpdater":"IBMid-270006YQEG","updatedAt":1708094827736,"crc":1422817050,"size":24797,"attachmentKey":"21ea3fd5-96ab-42d1-979d-d2b2a3b62f08/1708091978874","name":"CoveredDemandDecisions","tableType":{"columns":[{"key":"Agency","dataType":"String"},{"key":"Period","dataType":"String"},{"key":"Mask","dataType":"String"},{"key":"Covered Demand decision","dataType":"Number"},{"key":"Agency demand","dataType":"Number"},{"key":"Agency Name","dataType":"String"},{"key":"Period Next","dataType":"String"},{"key":"Period To","dataType":"String"},{"key":"Period From","dataType":"String"},{"key":"Mask UnitWeight","dataType":"Number"}]},"numberOfRows":350},{"category":"input","creator":"IBMid-270006YQEG","createdAt":1708094827736,"lastUpdater":"IBMid-270006YQEG","updatedAt":1708094827736,"crc":937016459,"size":13,"attachmentKey":"47993bf5-582b-4307-bd91-4a4fb6a4932f","name":"Mask","tableType":{"columns":[{"key":"MaskId","dataType":"String"},{"key":"UnitWeight","dataType":"Number"}]},"numberOfRows":1},{"category":"input","creator":"IBMid-270006YQEG","createdAt":1708094827736,"lastUpdater":"IBMid-270006YQEG","updatedAt":1708094827736,"crc":2002649715,"size":214,"attachmentKey":"8a2632b7-bdae-4aa2-8a98-9ec94f65f6b5","name":"Period","tableType":{"columns":[{"key":"Id","dataType":"String"},{"key":"From","dataType":"String"},{"key":"To","dataType":"String"},{"key":"Next","dataType":"String"}]},"numberOfRows":7},{"category":"output","creator":"IBMid-270006YQEG","createdAt":1708094827736,"lastUpdater":"IBMid-270006YQEG","updatedAt":1708094827736,"crc":169030511,"size":2106,"attachmentKey":"08790181-426d-433c-87bf-6d80ef9042c8/1708091978874","name":"TransferBetweenWarehouseDecisions","tableType":{"columns":[{"key":"Warehouse","dataType":"String"},{"key":"Period","dataType":"String"},{"key":"Mask","dataType":"String"},{"key":"Transfer between Warehouse decision","dataType":"Number"},{"key":"Warehouse Capacity","dataType":"Number"},{"key":"Period Next","dataType":"String"},{"key":"Period To","dataType":"String"},{"key":"Period From","dataType":"String"},{"key":"Mask UnitWeight","dataType":"Number"}]},"numberOfRows":35},{"category":"output","creator":"IBMid-270006YQEG","createdAt":1708094827736,"lastUpdater":"IBMid-270006YQEG","updatedAt":1708094827736,"crc":181631199,"size":3279,"attachmentKey":"918901ab-f0fe-4a46-b550-584270992a12/1708091978874","name":"InventoryAtWarehouseDecisions","tableType":{"columns":[{"key":"Warehouse","dataType":"String"},{"key":"Period","dataType":"String"},{"key":"Mask","dataType":"String"},{"key":"Start Inventory decision","dataType":"Number"},{"key":"Distributed quantity decision","dataType":"Number"},{"key":"End Inventory decision","dataType":"Number"},{"key":"Received quantity decision","dataType":"Number"},{"key":"Target inventory","dataType":"Number"},{"key":"Warehouse Transfer decision","dataType":"Number"},{"key":"Warehouse Capacity","dataType":"Number"},{"key":"Period Next","dataType":"String"},{"key":"Period To","dataType":"String"},{"key":"Period From","dataType":"String"},{"key":"Mask UnitWeight","dataType":"Number"}]},"numberOfRows":35},{"category":"output","creator":"IBMid-270006YQEG","createdAt":1708094827736,"lastUpdater":"IBMid-270006YQEG","updatedAt":1708094827736,"crc":3653793771,"size":467,"attachmentKey":"9a2131b1-1aa6-4800-891c-0e5527b6e86e/1708091978874","name":"stats","tableType":{"columns":[{"key":"Name","dataType":"String"},{"key":"Value","dataType":"String"}]},"numberOfRows":16},{"category":"input","creator":"IBMid-270006YQEG","createdAt":1708094827736,"lastUpdater":"IBMid-270006YQEG","updatedAt":1708094827736,"crc":4215869345,"size":106,"attachmentKey":"e4f705f0-635c-4904-bbb1-2de967684314","name":"WarehouseInitialInventory","tableType":{"columns":[{"key":"Mask","dataType":"String"},{"key":"Warehouse","dataType":"String"},{"key":"InitialInventory","dataType":"Number"}]},"numberOfRows":5},{"category":"input","creator":"IBMid-270006YQEG","createdAt":1708094827736,"lastUpdater":"IBMid-270006YQEG","updatedAt":1708094827736,"crc":1418123937,"size":891,"attachmentKey":"ecc75d06-c06c-4b1e-ad59-e1ea455f78c8","name":"WarehouseTargetInventory","tableType":{"columns":[{"key":"Mask","dataType":"String"},{"key":"Warehouse","dataType":"String"},{"key":"Period","dataType":"String"},{"key":"Quantity","dataType":"Number"}]},"numberOfRows":35},{"category":"input","creator":"IBMid-270006YQEG","createdAt":1708094827736,"lastUpdater":"IBMid-270006YQEG","updatedAt":1708094827736,"crc":2876833046,"size":9534,"attachmentKey":"111d43bf-48f3-4237-95fd-8e0423abfbab","name":"AgencyRequest","tableType":{"columns":[{"key":"Agency","dataType":"String"},{"key":"Period","dataType":"String"},{"key":"Mask","dataType":"String"},{"key":"Demand","dataType":"Number"},{"key":"TargetInventory","dataType":"Number"}]},"numberOfRows":350},{"category":"output","creator":"IBMid-270006YQEG","createdAt":1708094827736,"lastUpdater":"IBMid-270006YQEG","updatedAt":1708094827736,"crc":1447238816,"size":10052,"attachmentKey":"d64eecbe-1d1d-4f53-9c12-0a81571aa3fd/1708091978874","name":"CostOfMasks","tableType":{"columns":[{"key":"Factory","dataType":"String"},{"key":"Warehouse","dataType":"String"},{"key":"Mask","dataType":"String"},{"key":"Period","dataType":"String"},{"key":"Cost of Masks decision","dataType":"Number"},{"key":"Warehouse Capacity","dataType":"Number"},{"key":"Mask UnitWeight","dataType":"Number"},{"key":"Period Next","dataType":"String"},{"key":"Period To","dataType":"String"},{"key":"Period From","dataType":"String"}]},"numberOfRows":140},{"category":"output","creator":"IBMid-270006YQEG","createdAt":1708094827736,"lastUpdater":"IBMid-270006YQEG","updatedAt":1708094827736,"crc":2671859012,"size":431,"attachmentKey":"cfe1efb2-cd41-4614-9f50-ac9d7ed8fdbf/1708091985706","name":"kpis","tableType":{"columns":[{"key":"Name","dataType":"String"},{"key":"Value","dataType":"Number"},{"key":"Slider","dataType":"Number"},{"key":"Weight factor","dataType":"Number"},{"key":"Scale factor","dataType":"Number"},{"key":"Scaled weighted value","dataType":"Number"}]},"numberOfRows":4}],"assets":[{"category":"output","creator":"IBMid-270006YQEG","createdAt":1708094827736,"lastUpdater":"IBMid-270006YQEG","updatedAt":1708094827736,"crc":3033287206,"size":183674,"attachmentKey":"4475ab16-1a0a-4559-bfb7-abbd5b6b8f7e/1708091978874","name":"solution.json","contentType":"application/json"},{"category":"CO_ASSET_SESSION","creator":"IBMid-270006YQEG","createdAt":1708094827736,"lastUpdater":"IBMid-270006YQEG","updatedAt":1708094827736,"crc":3683460790,"size":196751,"attachmentKey":"79fd7994-fa68-4e13-b6e8-5cdb6ae560e9/1705413732958","name":"CO_SESSION.json","contentType":"application/x-www-form-urlencoded"},{"category":"CO_ASSET","creator":"IBMid-270006YQEG","createdAt":1708094827736,"lastUpdater":"IBMid-270006YQEG","updatedAt":1708094827736,"crc":3226006438,"size":254626,"attachmentKey":"56eede3c-3250-442d-a5e3-aefd56887a2d/1708091985706","name":"CO_SOLUTION_TEXT.json","contentType":"application/json"},{"category":"CO_ASSET","creator":"IBMid-270006YQEG","createdAt":1708094827736,"lastUpdater":"IBMid-270006YQEG","updatedAt":1708094827736,"crc":2745614147,"size":2,"attachmentKey":"8090a072-4d78-4270-ada7-5eb1ae9137f1/1708091902812","name":"solveParameters.json","contentType":"application/json; charset=utf-8"},{"category":"model","creator":"IBMid-270006YQEG","createdAt":1708094827736,"lastUpdater":"IBMid-270006YQEG","updatedAt":1708094827736,"crc":3351104666,"size":99447,"attachmentKey":"f5e0ca56-bd81-45a9-9a34-84bcb5e3592f/1708091904954","name":"model.py","contentType":"text/plain"},{"category":"CO_ASSET","creator":"IBMid-270006YQEG","createdAt":1708094827736,"lastUpdater":"IBMid-270006YQEG","updatedAt":1708094827736,"crc":1327294849,"size":13379,"attachmentKey":"a47d21af-5a1c-4cd8-b51e-50ef672aa97e/1708091609270","name":"CO_DATASET.json","contentType":"application/json; charset=utf-8"},{"category":"CO_ASSET","creator":"IBMid-270006YQEG","createdAt":1708094827736,"lastUpdater":"IBMid-270006YQEG","updatedAt":1708094827736,"crc":1165814293,"size":772594,"attachmentKey":"05391035-38f5-44c5-8885-b0e849153907/1708091985706","name":"CO_SOLUTION_JSON.json","contentType":"application/json"},{"category":"output","creator":"IBMid-270006YQEG","createdAt":1708094827736,"lastUpdater":"IBMid-270006YQEG","updatedAt":1708094827736,"crc":1594205260,"size":34108,"attachmentKey":"76673c8e-7eb3-4ec5-a6d8-3af54d34ba21/1708091978874","name":"log.txt","contentType":"text/plain"}],"solveStatus":{"creationTime":1708094827736,"lastModificationTime":1708094827736,"state":"TERMINATED","solveConfig":{"containerId":"With costs - no min transport","solveParameters":{},"setupWebHook":{"verb":"GET","url":"https://internal.api.dataplatform.cloud.ibm.com/v1/cognitive/solve/preprocess/With%20costs%20%2D%20no%20min%20transport?projectId=ffdf1058-35b6-42ff-a41b-43b4913d23a9&parentId=00ecd42c-9c82-4619-b28b-1e0c50fcc5e3","expectedStatus":200,"headers":{}},"tearDownWebHook":{"verb":"GET","url":"https://internal.api.dataplatform.cloud.ibm.com/v1/cognitive/solve/postprocess/With%20costs%20%2D%20no%20min%20transport?projectId=ffdf1058-35b6-42ff-a41b-43b4913d23a9&parentId=00ecd42c-9c82-4619-b28b-1e0c50fcc5e3","expectedStatus":200,"headers":{}}},"jobDetails":{"id":"4a946607-cd7a-4f2b-adaa-f71015c4142f","createdAt":1708091910723,"startedAt":1708091911340,"endedAt":1708091980720,"submittedAt":1708091910723,"details":{"KPI.PROGRESS_CURRENT_OBJECTIVE":"8509763164.0","KPI._time":"0.6693589687347412","KPI.gap in inventory of Masks at Agencies across Periods according to AgencyRequests":"138467821.0","KPI.gap in inventory of Masks at Warehouses across Periods according to WarehouseTargetInventories":"54834000.0","KPI.overall supply & inventory costs":"20279749.0","KPI.uncovered demand for Masks at Agencies as specified by AgencyRequests":"33470921.0","MODEL_DETAIL_BOOLEAN_VARS":"0","MODEL_DETAIL_CONSTRAINTS":"3920","MODEL_DETAIL_CONTINUOUS_VARS":"2940","MODEL_DETAIL_INTEGER_VARS":"3465","MODEL_DETAIL_KPIS":"[\"uncovered demand for Masks at Agencies as specified by AgencyRequests\", \"gap in inventory of Masks at Warehouses across Periods according to WarehouseTargetInventories\", \"gap in inventory of Masks at Agencies across Periods according to AgencyRequests\", \"overall supply & inventory costs\"]","MODEL_DETAIL_NONZEROS":"13035","MODEL_DETAIL_OBJECTIVE_SENSE":"minimize","MODEL_DETAIL_TYPE":"MILP","PROGRESS_BEST_OBJECTIVE":"638245817.4636651","PROGRESS_BEST_OBJECTIVE.history":"[[1708091920.39, 638245817.3991423], [1708091978.48, 638245817.4636651]]","PROGRESS_CURRENT_OBJECTIVE":"8509763164.0","PROGRESS_CURRENT_OBJECTIVE.history":"[[1708091920.39, 8509763164.0], [1708091978.48, 8509763164.0]]","PROGRESS_GAP":"0.9249984041666727","PROGRESS_GAP.history":"[[1708091920.39, 0.9249984041742548], [1708091978.48, 0.9249984041666727]]","STAT.cplex.modelType":"MILP","STAT.cplex.size.booleanVariables":"0","STAT.cplex.size.constraints":"3920","STAT.cplex.size.continousVariables":"2940","STAT.cplex.size.integerVariables":"3465","STAT.cplex.size.linearConstraints":"3920","STAT.cplex.size.quadraticConstraints":"0","STAT.cplex.size.variables":"6405","STAT.cplex.solve.elapsedTime":"0.6693589687347412","STAT.cplex.solve.explored":"0","STAT.cplex.solve.iterationCount":"1798","STAT.cplex.solve.opened":"1","STAT.job.coresCount":"1","STAT.job.inputsReadMs":"6962","STAT.job.memoryPeakKB":"148196","STAT.job.modelProcessingMs":"60315","STAT.job.outputsWriteMs":"1886","latestOutputUpload":"2024-02-16T13:59:40.719Z"},"executionStatus":"PROCESSED","solveStatus":"FEASIBLE_SOLUTION","logTail":["[2024-02-16T13:59:34.149Z, INFO] solution export done in 0.15014123916625977 secs","[2024-02-16T13:59:34.308Z, INFO] solution export done in 0.1533827781677246 secs","[2024-02-16T13:59:34.468Z, INFO] solution export done in 0.15423107147216797 secs","[2024-02-16T13:59:34.629Z, INFO] solution export done in 0.15318942070007324 secs","[2024-02-16T13:59:34.798Z, INFO] solution export done in 0.16250348091125488 secs","[2024-02-16T13:59:34.961Z, INFO] solution export done in 0.1568741798400879 secs","[2024-02-16T13:59:35.119Z, INFO] solution export done in 0.15265607833862305 secs","[2024-02-16T13:59:35.272Z, INFO] solution export done in 0.14746356010437012 secs","[2024-02-16T13:59:35.426Z, INFO] solution export done in 0.1483321189880371 secs","[2024-02-16T13:59:35.582Z, INFO] solution export done in 0.15012836456298828 secs","[2024-02-16T13:59:35.771Z, INFO] solution export done in 0.18436193466186523 secs","[2024-02-16T13:59:35.941Z, INFO] solution export done in 0.1628432273864746 secs","[2024-02-16T13:59:36.122Z, INFO] solution export done in 0.17493891716003418 secs","[2024-02-16T13:59:36.277Z, INFO] solution export done in 0.14813494682312012 secs","[2024-02-16T13:59:36.469Z, INFO] solution export done in 0.18631577491760254 secs","[2024-02-16T13:59:36.731Z, INFO] solution export done in 0.25240540504455566 secs","[2024-02-16T13:59:36.894Z, INFO] solution export done in 0.15542387962341309 secs","[2024-02-16T13:59:37.082Z, INFO] solution export done in 0.1818370819091797 secs","[2024-02-16T13:59:37.259Z, INFO] solution export done in 0.17176103591918945 secs","[2024-02-16T13:59:37.419Z, INFO] solution export done in 0.15322422981262207 secs","[2024-02-16T13:59:37.597Z, INFO] solution export done in 0.1719191074371338 secs","[2024-02-16T13:59:37.760Z, INFO] solution export done in 0.1570901870727539 secs","[2024-02-16T13:59:37.942Z, INFO] solution export done in 0.17620086669921875 secs","[2024-02-16T13:59:38.122Z, INFO] solution export done in 0.17067980766296387 secs","[2024-02-16T13:59:38.295Z, INFO] solution export done in 0.1665785312652588 secs","[2024-02-16T13:59:38.473Z, INFO] solution export done in 0.17204642295837402 secs","[2024-02-16T13:59:38.473Z, INFO] ","[2024-02-16T13:59:38.474Z, INFO] Mixed integer rounding cuts applied:  24","[2024-02-16T13:59:38.474Z, INFO] Zero-half cuts applied:  1","[2024-02-16T13:59:38.475Z, INFO] Gomory fractional cuts applied:  36","[2024-02-16T13:59:38.476Z, INFO] ","[2024-02-16T13:59:38.477Z, INFO] Root node processing (before b&c):","[2024-02-16T13:59:38.478Z, INFO]   Real time             =    0.67 sec. (571.60 ticks)","[2024-02-16T13:59:38.478Z, INFO] Sequential b&c:","[2024-02-16T13:59:38.479Z, INFO]   Real time             =   58.25 sec. (402.28 ticks)","[2024-02-16T13:59:38.479Z, INFO]                           ------------","[2024-02-16T13:59:38.480Z, INFO] Total (root+branch&cut) =   58.92 sec. (973.89 ticks)","[2024-02-16T13:59:38.509Z, INFO] Solve status: JobSolveStatus.FEASIBLE_SOLUTION","[2024-02-16T13:59:38.509Z, INFO] * model docplex_model1 solved with objective = 8509763164.000","[2024-02-16T13:59:38.510Z, INFO] *  KPI: uncovered demand for Masks at Agencies as specified by AgencyRequests                          = 33470921.000","[2024-02-16T13:59:38.510Z, INFO] *  KPI: gap in inventory of Masks at Warehouses across Periods according to WarehouseTargetInventories = 54834000.000","[2024-02-16T13:59:38.511Z, INFO] *  KPI: gap in inventory of Masks at Agencies across Periods according to AgencyRequests               = 138467821.000","[2024-02-16T13:59:38.512Z, INFO] *  KPI: overall supply & inventory costs                                                               = 20279749.000","[2024-02-16T13:59:38.513Z, INFO] model solve done in 58.96288299560547 secs","[2024-02-16T13:59:38.668Z, INFO] solution export done in 0.1647648811340332 secs"]},"taskSetupTime":1708091910746,"taskSolveTime":1708091982106,"taskTearDownTime":1708091985980,"jobSpaceId":"9e19defe-eeda-4d0b-8dd2-90a61a7787a3","jobDeploymentId":"c6179e9d-e55d-4926-90ea-85d0fe732630","jobId":"4a946607-cd7a-4f2b-adaa-f71015c4142f","ping":1708091963678},"dataUsagePerCategory":{"output":{"lastModificationTime":1708094827736,"lastModifier":"IBMid-270006YQEG"},"input":{"lastModificationTime":1708094827736,"lastModifier":"IBMid-270006YQEG"},"model":{"lastModificationTime":1708094827736,"lastModifier":"IBMid-270006YQEG"},"CO_ASSET_SESSION":{"lastModificationTime":1708094827736,"lastModifier":"IBMid-270006YQEG"},"CO_ASSET":{"lastModificationTime":1708094827736,"lastModifier":"IBMid-270006YQEG"}}},{"id":"431352ea-9148-4b05-8708-be7da2e0a4c0","qualifiers":[{"name":"modelType","value":"cognitive"}],"name":"With costs and min transport","description":"","category":"scenario","readOnly":false,"creator":"IBMid-270006YQEG","createdAt":1708094831000,"usage":{"lastModificationTime":1708094832000,"lastModifier":"iam-ServiceId-c2eabb5c-a2d7-4580-a867-9bb90f33e208"},"tables":[{"category":"input","creator":"IBMid-270006YQEG","createdAt":1708094831938,"lastUpdater":"IBMid-270006YQEG","updatedAt":1708094831938,"crc":3549117986,"size":9,"attachmentKey":"bb40e9ec-0340-4a0f-9b91-b5c6b845b614","name":"PlanParameters","tableType":{"columns":[{"key":"StartPeriod","dataType":"String"},{"key":"EndPeriod","dataType":"String"}]},"numberOfRows":1},{"category":"output","creator":"IBMid-270006YQEG","createdAt":1708094831938,"lastUpdater":"IBMid-270006YQEG","updatedAt":1708094831938,"crc":4042898314,"size":133471,"attachmentKey":"ec8206e2-8e47-4396-880a-2b7102eb9552/1708092205749","name":"DeliveryAtAgency","tableType":{"columns":[{"key":"Warehouse","dataType":"String"},{"key":"Agency","dataType":"String"},{"key":"Period","dataType":"String"},{"key":"Mask","dataType":"String"},{"key":"Delivery at Agency decision","dataType":"Number"},{"key":"Warehouse Capacity","dataType":"Number"},{"key":"Agency Name","dataType":"String"},{"key":"Period Next","dataType":"String"},{"key":"Period To","dataType":"String"},{"key":"Period From","dataType":"String"},{"key":"Mask UnitWeight","dataType":"Number"}]},"numberOfRows":1750},{"category":"input","creator":"IBMid-270006YQEG","createdAt":1708094831938,"lastUpdater":"IBMid-270006YQEG","updatedAt":1708094831938,"crc":305477516,"size":547,"attachmentKey":"7d3cf74f-7ff5-470c-bed1-018a6805cf27","name":"FactoryWarehouseTransportCost","tableType":{"columns":[{"key":"Factory","dataType":"String"},{"key":"Warehouse","dataType":"String"},{"key":"weightUnitCost","dataType":"Number"},{"key":"minCost","dataType":"Number"}]},"numberOfRows":20},{"category":"output","creator":"IBMid-270006YQEG","createdAt":1708094831938,"lastUpdater":"IBMid-270006YQEG","updatedAt":1708094831938,"crc":759329348,"size":30987,"attachmentKey":"476db356-0daa-4f0e-8a30-ddecf7c9cd8f/1708092205749","name":"InventoryAtAgencyDecisions","tableType":{"columns":[{"key":"Agency","dataType":"String"},{"key":"Period","dataType":"String"},{"key":"Mask","dataType":"String"},{"key":"Start Inventory decision","dataType":"Number"},{"key":"Distributed quantity decision","dataType":"Number"},{"key":"End Inventory decision","dataType":"Number"},{"key":"Received quantity decision","dataType":"Number"},{"key":"Target inventory","dataType":"Number"},{"key":"Agency Name","dataType":"String"},{"key":"Period Next","dataType":"String"},{"key":"Period To","dataType":"String"},{"key":"Period From","dataType":"String"},{"key":"Mask UnitWeight","dataType":"Number"}]},"numberOfRows":350},{"category":"input","creator":"IBMid-270006YQEG","createdAt":1708094831938,"lastUpdater":"IBMid-270006YQEG","updatedAt":1708094831938,"crc":2815839992,"size":782,"attachmentKey":"c32006e4-522a-4920-978f-1abdb36c9920","name":"AgencyInitialInventory","tableType":{"columns":[{"key":"Agency","dataType":"String"},{"key":"Mask","dataType":"String"},{"key":"InitialInventory","dataType":"Number"}]},"numberOfRows":50},{"category":"output","creator":"IBMid-270006YQEG","createdAt":1708094831938,"lastUpdater":"IBMid-270006YQEG","updatedAt":1708094831938,"crc":1657265354,"size":10083,"attachmentKey":"ded9792d-544f-422b-8fc5-71d600ff184f/1708092205749","name":"SupplyAtWarehouseDecisions","tableType":{"columns":[{"key":"Factory","dataType":"String"},{"key":"Warehouse","dataType":"String"},{"key":"Period","dataType":"String"},{"key":"Mask","dataType":"String"},{"key":"Supply at Warehouse decision","dataType":"Number"},{"key":"Warehouse Capacity","dataType":"Number"},{"key":"Period Next","dataType":"String"},{"key":"Period To","dataType":"String"},{"key":"Period From","dataType":"String"},{"key":"Mask UnitWeight","dataType":"Number"}]},"numberOfRows":140},{"category":"input","creator":"IBMid-270006YQEG","createdAt":1708094831938,"lastUpdater":"IBMid-270006YQEG","updatedAt":1708094831938,"crc":1592233317,"size":896,"attachmentKey":"3b75ea7c-771b-4b55-8049-62e8c4cc096c","name":"FactoryOffer","tableType":{"columns":[{"key":"Factory","dataType":"String"},{"key":"Period","dataType":"String"},{"key":"Mask","dataType":"String"},{"key":"Capacity","dataType":"Number"},{"key":"Uniit price","dataType":"Number"}]},"numberOfRows":28},{"category":"input","creator":"IBMid-270006YQEG","createdAt":1708094831938,"lastUpdater":"IBMid-270006YQEG","updatedAt":1708094831938,"crc":2029529129,"size":83,"attachmentKey":"70a0d585-f948-40fc-ac06-d990fcec6f1b","name":"Warehouse","tableType":{"columns":[{"key":"Id","dataType":"String"},{"key":"Capacity","dataType":"Number"}]},"numberOfRows":5},{"category":"input","creator":"IBMid-270006YQEG","createdAt":1708094831938,"lastUpdater":"IBMid-270006YQEG","updatedAt":1708094831938,"crc":661481029,"size":722,"attachmentKey":"7c51d508-70cb-49b2-9efb-17c7669dbaee","name":"Agency","tableType":{"columns":[{"key":"Num","dataType":"String"},{"key":"Name","dataType":"String"}]},"numberOfRows":50},{"category":"output","creator":"IBMid-270006YQEG","createdAt":1708094831938,"lastUpdater":"IBMid-270006YQEG","updatedAt":1708094831938,"crc":1716792156,"size":8987,"attachmentKey":"f2111a47-88dc-4c58-8199-432763616d08/1708092205749","name":"TransportFactory_WarehouseDecisions","tableType":{"columns":[{"key":"Factory","dataType":"String"},{"key":"Warehouse","dataType":"String"},{"key":"Period","dataType":"String"},{"key":"Transport Cost Factory - Warehouse decision","dataType":"Number"},{"key":"Transport Weight decision","dataType":"Number"},{"key":"Warehouse Capacity","dataType":"Number"},{"key":"Period Next","dataType":"String"},{"key":"Period To","dataType":"String"},{"key":"Period From","dataType":"String"}]},"numberOfRows":140},{"category":"output","creator":"IBMid-270006YQEG","createdAt":1708094831938,"lastUpdater":"IBMid-270006YQEG","updatedAt":1708094831938,"crc":327534233,"size":24695,"attachmentKey":"b3aeb668-37ca-4e1c-9960-5f703fc4ee87/1708092205749","name":"CoveredDemandDecisions","tableType":{"columns":[{"key":"Agency","dataType":"String"},{"key":"Period","dataType":"String"},{"key":"Mask","dataType":"String"},{"key":"Covered Demand decision","dataType":"Number"},{"key":"Agency demand","dataType":"Number"},{"key":"Agency Name","dataType":"String"},{"key":"Period Next","dataType":"String"},{"key":"Period To","dataType":"String"},{"key":"Period From","dataType":"String"},{"key":"Mask UnitWeight","dataType":"Number"}]},"numberOfRows":350},{"category":"input","creator":"IBMid-270006YQEG","createdAt":1708094831938,"lastUpdater":"IBMid-270006YQEG","updatedAt":1708094831938,"crc":937016459,"size":13,"attachmentKey":"d7812575-44e6-485a-8629-144f8c6a9dfe","name":"Mask","tableType":{"columns":[{"key":"MaskId","dataType":"String"},{"key":"UnitWeight","dataType":"Number"}]},"numberOfRows":1},{"category":"input","creator":"IBMid-270006YQEG","createdAt":1708094831938,"lastUpdater":"IBMid-270006YQEG","updatedAt":1708094831938,"crc":2002649715,"size":214,"attachmentKey":"95d893d5-4917-451d-ae76-81695cdfd5fd","name":"Period","tableType":{"columns":[{"key":"Id","dataType":"String"},{"key":"From","dataType":"String"},{"key":"To","dataType":"String"},{"key":"Next","dataType":"String"}]},"numberOfRows":7},{"category":"output","creator":"IBMid-270006YQEG","createdAt":1708094831938,"lastUpdater":"IBMid-270006YQEG","updatedAt":1708094831938,"crc":169030511,"size":2106,"attachmentKey":"015aa4ab-4d2b-4e38-b84b-6d25b8a0ee2f/1708092205749","name":"TransferBetweenWarehouseDecisions","tableType":{"columns":[{"key":"Warehouse","dataType":"String"},{"key":"Period","dataType":"String"},{"key":"Mask","dataType":"String"},{"key":"Transfer between Warehouse decision","dataType":"Number"},{"key":"Warehouse Capacity","dataType":"Number"},{"key":"Period Next","dataType":"String"},{"key":"Period To","dataType":"String"},{"key":"Period From","dataType":"String"},{"key":"Mask UnitWeight","dataType":"Number"}]},"numberOfRows":35},{"category":"output","creator":"IBMid-270006YQEG","createdAt":1708094831938,"lastUpdater":"IBMid-270006YQEG","updatedAt":1708094831938,"crc":882251055,"size":3503,"attachmentKey":"e334c380-51c0-4e7b-902b-34f2c95bd128/1708092205749","name":"InventoryAtWarehouseDecisions","tableType":{"columns":[{"key":"Warehouse","dataType":"String"},{"key":"Period","dataType":"String"},{"key":"Mask","dataType":"String"},{"key":"Start Inventory decision","dataType":"Number"},{"key":"Distributed quantity decision","dataType":"Number"},{"key":"End Inventory decision","dataType":"Number"},{"key":"Received quantity decision","dataType":"Number"},{"key":"Target inventory","dataType":"Number"},{"key":"Warehouse Transfer decision","dataType":"Number"},{"key":"Warehouse Capacity","dataType":"Number"},{"key":"Period Next","dataType":"String"},{"key":"Period To","dataType":"String"},{"key":"Period From","dataType":"String"},{"key":"Mask UnitWeight","dataType":"Number"}]},"numberOfRows":35},{"category":"output","creator":"IBMid-270006YQEG","createdAt":1708094831938,"lastUpdater":"IBMid-270006YQEG","updatedAt":1708094831938,"crc":3965811286,"size":468,"attachmentKey":"d05eceb6-9a1d-41ed-9168-c65b8c036c16/1708092205749","name":"stats","tableType":{"columns":[{"key":"Name","dataType":"String"},{"key":"Value","dataType":"String"}]},"numberOfRows":16},{"category":"input","creator":"IBMid-270006YQEG","createdAt":1708094831938,"lastUpdater":"IBMid-270006YQEG","updatedAt":1708094831938,"crc":4215869345,"size":106,"attachmentKey":"4cad3e8a-076f-48a9-925e-232d867f8294","name":"WarehouseInitialInventory","tableType":{"columns":[{"key":"Mask","dataType":"String"},{"key":"Warehouse","dataType":"String"},{"key":"InitialInventory","dataType":"Number"}]},"numberOfRows":5},{"category":"input","creator":"IBMid-270006YQEG","createdAt":1708094831938,"lastUpdater":"IBMid-270006YQEG","updatedAt":1708094831938,"crc":1418123937,"size":891,"attachmentKey":"f79ca9ee-914c-44b4-8309-126c8b50521f","name":"WarehouseTargetInventory","tableType":{"columns":[{"key":"Mask","dataType":"String"},{"key":"Warehouse","dataType":"String"},{"key":"Period","dataType":"String"},{"key":"Quantity","dataType":"Number"}]},"numberOfRows":35},{"category":"input","creator":"IBMid-270006YQEG","createdAt":1708094831938,"lastUpdater":"IBMid-270006YQEG","updatedAt":1708094831938,"crc":2876833046,"size":9534,"attachmentKey":"908772b6-6fb8-4f32-9968-fbc924c8d132","name":"AgencyRequest","tableType":{"columns":[{"key":"Agency","dataType":"String"},{"key":"Period","dataType":"String"},{"key":"Mask","dataType":"String"},{"key":"Demand","dataType":"Number"},{"key":"TargetInventory","dataType":"Number"}]},"numberOfRows":350},{"category":"output","creator":"IBMid-270006YQEG","createdAt":1708094831938,"lastUpdater":"IBMid-270006YQEG","updatedAt":1708094831938,"crc":2906779549,"size":10061,"attachmentKey":"aa0bc1a3-56da-4804-b95f-0908d1365a54/1708092205749","name":"CostOfMasks","tableType":{"columns":[{"key":"Factory","dataType":"String"},{"key":"Warehouse","dataType":"String"},{"key":"Mask","dataType":"String"},{"key":"Period","dataType":"String"},{"key":"Cost of Masks decision","dataType":"Number"},{"key":"Warehouse Capacity","dataType":"Number"},{"key":"Mask UnitWeight","dataType":"Number"},{"key":"Period Next","dataType":"String"},{"key":"Period To","dataType":"String"},{"key":"Period From","dataType":"String"}]},"numberOfRows":140},{"category":"output","creator":"IBMid-270006YQEG","createdAt":1708094831938,"lastUpdater":"IBMid-270006YQEG","updatedAt":1708094831938,"crc":3720251817,"size":441,"attachmentKey":"c1af1857-bbe3-4df6-bc20-f9490791983c/1708092214311","name":"kpis","tableType":{"columns":[{"key":"Name","dataType":"String"},{"key":"Value","dataType":"Number"},{"key":"Slider","dataType":"Number"},{"key":"Weight factor","dataType":"Number"},{"key":"Scale factor","dataType":"Number"},{"key":"Scaled weighted value","dataType":"Number"}]},"numberOfRows":4}],"assets":[{"category":"output","creator":"IBMid-270006YQEG","createdAt":1708094831938,"lastUpdater":"IBMid-270006YQEG","updatedAt":1708094831938,"crc":2051565121,"size":199845,"attachmentKey":"8d0eb114-09d1-4942-9416-e30be4d1830d/1708092205749","name":"solution.json","contentType":"application/json"},{"category":"CO_ASSET_SESSION","creator":"IBMid-270006YQEG","createdAt":1708094831938,"lastUpdater":"IBMid-270006YQEG","updatedAt":1708094831938,"crc":1682987457,"size":197350,"attachmentKey":"28e729a6-8c20-4fbc-849b-470bdaa38d87/1705411816067","name":"CO_SESSION.json","contentType":"application/x-www-form-urlencoded"},{"category":"CO_ASSET","creator":"IBMid-270006YQEG","createdAt":1708094831938,"lastUpdater":"IBMid-270006YQEG","updatedAt":1708094831938,"crc":3993895774,"size":254918,"attachmentKey":"0c1e8028-b937-4a2e-ac10-7f9d88fb90b3/1708092214311","name":"CO_SOLUTION_TEXT.json","contentType":"application/json"},{"category":"CO_ASSET","creator":"IBMid-270006YQEG","createdAt":1708094831938,"lastUpdater":"IBMid-270006YQEG","updatedAt":1708094831938,"crc":2745614147,"size":2,"attachmentKey":"4e17966c-8c6c-421b-9f30-10c86b90a3a6/1708092081736","name":"solveParameters.json","contentType":"application/json; charset=utf-8"},{"category":"model","creator":"IBMid-270006YQEG","createdAt":1708094831938,"lastUpdater":"IBMid-270006YQEG","updatedAt":1708094831938,"crc":182233918,"size":100464,"attachmentKey":"96ef155b-4ee3-4ffb-b3cb-25e18b7e8cef/1708092083748","name":"model.py","contentType":"text/plain"},{"category":"CO_ASSET","creator":"IBMid-270006YQEG","createdAt":1708094831938,"lastUpdater":"IBMid-270006YQEG","updatedAt":1708094831938,"crc":1734738590,"size":13397,"attachmentKey":"f66f6560-26c4-4dae-8c9b-53eb4cda6526/1708091618466","name":"CO_DATASET.json","contentType":"application/json; charset=utf-8"},{"category":"CO_ASSET","creator":"IBMid-270006YQEG","createdAt":1708094831938,"lastUpdater":"IBMid-270006YQEG","updatedAt":1708094831938,"crc":2827083363,"size":772868,"attachmentKey":"56ffabfa-44a9-4a1c-8dca-7f0547d3338a/1708092214311","name":"CO_SOLUTION_JSON.json","contentType":"application/json"},{"category":"output","creator":"IBMid-270006YQEG","createdAt":1708094831938,"lastUpdater":"IBMid-270006YQEG","updatedAt":1708094831938,"crc":2181302396,"size":59257,"attachmentKey":"0c06e8c3-6251-44db-90b1-59e5cc78f314/1708092205749","name":"log.txt","contentType":"text/plain"}],"solveStatus":{"creationTime":1708094831938,"lastModificationTime":1708094831938,"state":"TERMINATED","solveConfig":{"containerId":"With costs and min transport","solveParameters":{},"setupWebHook":{"verb":"GET","url":"https://internal.api.dataplatform.cloud.ibm.com/v1/cognitive/solve/preprocess/With%20costs%20and%20min%20transport?projectId=ffdf1058-35b6-42ff-a41b-43b4913d23a9&parentId=00ecd42c-9c82-4619-b28b-1e0c50fcc5e3","expectedStatus":200,"headers":{}},"tearDownWebHook":{"verb":"GET","url":"https://internal.api.dataplatform.cloud.ibm.com/v1/cognitive/solve/postprocess/With%20costs%20and%20min%20transport?projectId=ffdf1058-35b6-42ff-a41b-43b4913d23a9&parentId=00ecd42c-9c82-4619-b28b-1e0c50fcc5e3","expectedStatus":200,"headers":{}}},"jobDetails":{"id":"84d5a924-1c43-421e-9d2b-65aa65ebb094","createdAt":1708092089045,"startedAt":1708092089650,"endedAt":1708092207697,"submittedAt":1708092089045,"details":{"KPI.PROGRESS_CURRENT_OBJECTIVE":"9159695089.184","KPI._time":"1.0065531730651855","KPI.gap in inventory of Masks at Agencies across Periods according to AgencyRequests":"119004486.0","KPI.gap in inventory of Masks at Warehouses across Periods according to WarehouseTargetInventories":"24239530.999999996","KPI.overall supply & inventory costs":"16610259.148000002","KPI.uncovered demand for Masks at Agencies as specified by AgencyRequests":"54683321.0","MODEL_DETAIL_BOOLEAN_VARS":"0","MODEL_DETAIL_CONSTRAINTS":"3920","MODEL_DETAIL_CONTINUOUS_VARS":"2940","MODEL_DETAIL_INTEGER_VARS":"3325","MODEL_DETAIL_KPIS":"[\"uncovered demand for Masks at Agencies as specified by AgencyRequests\", \"gap in inventory of Masks at Warehouses across Periods according to WarehouseTargetInventories\", \"gap in inventory of Masks at Agencies across Periods according to AgencyRequests\", \"overall supply & inventory costs\"]","MODEL_DETAIL_NONZEROS":"13035","MODEL_DETAIL_OBJECTIVE_SENSE":"minimize","MODEL_DETAIL_TYPE":"MILP","PROGRESS_BEST_OBJECTIVE":"638224681.523679","PROGRESS_BEST_OBJECTIVE.history":"[[1708092097.08, 638224681.2048603], [1708092097.6, 638224681.523679], [1708092205.38, 638224681.523679]]","PROGRESS_CURRENT_OBJECTIVE":"9159695089.184","PROGRESS_CURRENT_OBJECTIVE.history":"[[1708092097.08, 9159695089.184], [1708092097.6, 9159695089.184], [1708092205.38, 9159695089.184]]","PROGRESS_GAP":"0.9303224970580832","PROGRESS_GAP.history":"[[1708092097.08, 0.9303224970928898], [1708092097.6, 0.9303224970580832], [1708092205.38, 0.9303224970580832]]","STAT.cplex.modelType":"MILP","STAT.cplex.size.booleanVariables":"0","STAT.cplex.size.constraints":"3920","STAT.cplex.size.continousVariables":"2940","STAT.cplex.size.integerVariables":"3325","STAT.cplex.size.linearConstraints":"3920","STAT.cplex.size.quadraticConstraints":"0","STAT.cplex.size.variables":"6405","STAT.cplex.solve.elapsedTime":"1.0065531730651855","STAT.cplex.solve.explored":"2","STAT.cplex.solve.iterationCount":"1858","STAT.cplex.solve.opened":"3","STAT.job.coresCount":"1","STAT.job.inputsReadMs":"5455","STAT.job.memoryPeakKB":"148972","STAT.job.modelProcessingMs":"110403","STAT.job.outputsWriteMs":"1972","latestOutputUpload":"2024-02-16T14:03:27.694Z"},"executionStatus":"PROCESSED","solveStatus":"FEASIBLE_SOLUTION","logTail":["[2024-02-16T14:03:21.414Z, INFO] solution export done in 0.1858055591583252 secs","[2024-02-16T14:03:21.582Z, INFO] solution export done in 0.16160106658935547 secs","[2024-02-16T14:03:21.756Z, INFO] solution export done in 0.16581153869628906 secs","[2024-02-16T14:03:21.935Z, INFO] solution export done in 0.17231011390686035 secs","[2024-02-16T14:03:22.088Z, INFO] solution export done in 0.14731645584106445 secs","[2024-02-16T14:03:22.241Z, INFO] solution export done in 0.14714932441711426 secs","[2024-02-16T14:03:22.437Z, INFO] solution export done in 0.19063043594360352 secs","[2024-02-16T14:03:22.594Z, INFO] solution export done in 0.14976143836975098 secs","[2024-02-16T14:03:22.751Z, INFO] solution export done in 0.1508183479309082 secs","[2024-02-16T14:03:22.909Z, INFO] solution export done in 0.15204095840454102 secs","[2024-02-16T14:03:23.065Z, INFO] solution export done in 0.1510298252105713 secs","[2024-02-16T14:03:23.219Z, INFO] solution export done in 0.14835548400878906 secs","[2024-02-16T14:03:23.392Z, INFO] solution export done in 0.1658344268798828 secs","[2024-02-16T14:03:23.546Z, INFO] solution export done in 0.14806175231933594 secs","[2024-02-16T14:03:23.699Z, INFO] solution export done in 0.14762187004089355 secs","[2024-02-16T14:03:23.871Z, INFO] solution export done in 0.16565847396850586 secs","[2024-02-16T14:03:24.054Z, INFO] solution export done in 0.1773073673248291 secs","[2024-02-16T14:03:24.207Z, INFO] solution export done in 0.14743542671203613 secs","[2024-02-16T14:03:24.392Z, INFO] solution export done in 0.17886757850646973 secs","[2024-02-16T14:03:24.542Z, INFO] solution export done in 0.14466476440429688 secs","[2024-02-16T14:03:24.694Z, INFO] solution export done in 0.14656686782836914 secs","[2024-02-16T14:03:24.870Z, INFO] solution export done in 0.1698300838470459 secs","[2024-02-16T14:03:25.033Z, INFO] solution export done in 0.15215373039245605 secs","[2024-02-16T14:03:25.197Z, INFO] solution export done in 0.15756583213806152 secs","[2024-02-16T14:03:25.372Z, INFO] solution export done in 0.16974425315856934 secs","[2024-02-16T14:03:25.373Z, INFO] ","[2024-02-16T14:03:25.373Z, INFO] Implied bound cuts applied:  11","[2024-02-16T14:03:25.374Z, INFO] Mixed integer rounding cuts applied:  7","[2024-02-16T14:03:25.374Z, INFO] Flow path cuts applied:  2","[2024-02-16T14:03:25.374Z, INFO] Gomory fractional cuts applied:  15","[2024-02-16T14:03:25.375Z, INFO] ","[2024-02-16T14:03:25.375Z, INFO] Root node processing (before b&c):","[2024-02-16T14:03:25.375Z, INFO]   Real time             =    0.45 sec. (471.49 ticks)","[2024-02-16T14:03:25.375Z, INFO] Sequential b&c:","[2024-02-16T14:03:25.376Z, INFO]   Real time             =  108.50 sec. (922.39 ticks)","[2024-02-16T14:03:25.376Z, INFO]                           ------------","[2024-02-16T14:03:25.376Z, INFO] Total (root+branch&cut) =  108.95 sec. (1393.88 ticks)","[2024-02-16T14:03:25.402Z, INFO] Solve status: JobSolveStatus.FEASIBLE_SOLUTION","[2024-02-16T14:03:25.402Z, INFO] * model docplex_model1 solved with objective = 9159695089.184","[2024-02-16T14:03:25.402Z, INFO] *  KPI: uncovered demand for Masks at Agencies as specified by AgencyRequests                          = 54683321.000","[2024-02-16T14:03:25.403Z, INFO] *  KPI: gap in inventory of Masks at Warehouses across Periods according to WarehouseTargetInventories = 24239531.000","[2024-02-16T14:03:25.403Z, INFO] *  KPI: gap in inventory of Masks at Agencies across Periods according to AgencyRequests               = 119004486.000","[2024-02-16T14:03:25.403Z, INFO] *  KPI: overall supply & inventory costs                                                               = 16610259.148","[2024-02-16T14:03:25.403Z, INFO] model solve done in 108.98915338516235 secs","[2024-02-16T14:03:25.573Z, INFO] solution export done in 0.17092633247375488 secs"]},"taskSetupTime":1708092089086,"taskSolveTime":1708092211065,"taskTearDownTime":1708092214744,"jobSpaceId":"9e19defe-eeda-4d0b-8dd2-90a61a7787a3","jobDeploymentId":"c6179e9d-e55d-4926-90ea-85d0fe732630","jobId":"84d5a924-1c43-421e-9d2b-65aa65ebb094","ping":1708092202636},"dataUsagePerCategory":{"output":{"lastModificationTime":1708094831938,"lastModifier":"IBMid-270006YQEG"},"input":{"lastModificationTime":1708094831938,"lastModifier":"IBMid-270006YQEG"},"model":{"lastModificationTime":1708094831938,"lastModifier":"IBMid-270006YQEG"},"CO_ASSET_SESSION":{"lastModificationTime":1708094831938,"lastModifier":"IBMid-270006YQEG"},"CO_ASSET":{"lastModificationTime":1708094831938,"lastModifier":"IBMid-270006YQEG"}}}]}],"attachments":["do_scenario_asset/48a484e9-bfe9-4d6a-8165-1c81cfbf8246/1705411267605","do_scenario_asset/a0e5d6ef-cc18-44bf-905b-a44462b2c3a7/1708091859591","do_scenario_asset/5f7df55d-ee8e-4d08-b865-94cf2a45b965/1705414135954","do_scenario_asset/a55f813a-cc94-42b5-9f7b-d60fc0371346/1708091865991","do_scenario_asset/c2a1201e-58ee-4d85-81ce-06ea03c021aa/1708091748619","do_scenario_asset/2e5ee03b-458e-49bb-a063-2e24ad1ac0e8/1708091750480","do_scenario_asset/d64ed257-db9e-4da5-b6cf-d0777465e914/1708091593329","do_scenario_asset/e53f94cb-7e35-4663-8653-f9b8a85cfca8/1708091865991","do_scenario_asset/61d1070a-f497-42ce-a51c-0416184f6449/1708091859591","do_scenario_asset/28184652-8b19-418c-8311-38d9c8f88855","do_scenario_asset/95892bcf-57bf-452d-b214-1865374ff420","do_scenario_asset/4f95aa59-7dcd-48a1-8c16-605d650a63e0/1708091859591","do_scenario_asset/26bdf296-bcfe-4c8a-9914-becd712d4dc9","do_scenario_asset/dd252914-f7a8-4d89-95fb-fbf9ffdf9e0e/1708091859591","do_scenario_asset/ba8b1fda-5cea-4d3e-a89b-b8e23f890b6d","do_scenario_asset/71693fb6-2e86-4e0d-ad1b-a1d779135ea4/1708091859591","do_scenario_asset/bfb2849a-1b12-4b29-b4cf-974b74e041b0","do_scenario_asset/2820a139-688b-4f63-93d7-ed5156fdd4ef","do_scenario_asset/bc087555-0382-44be-8c3e-0b79e107b4f1/1708091859591","do_scenario_asset/d7757884-89b2-43a6-ad55-4728d277b809","do_scenario_asset/e8c3254a-666b-4a9d-8557-0d818aafd5c2","do_scenario_asset/06c8315e-a4f5-4f68-ac85-9520d31d6294/1708091859591","do_scenario_asset/4d2bff1c-79aa-40e9-8a36-4f37dc222009/1708091859591","do_scenario_asset/e7badfba-8243-43ed-a9bf-24ec1e601665/1708091859591","do_scenario_asset/5fe5fa30-a8f7-4a99-83d0-6c08d67b420e","do_scenario_asset/8d26a1ef-84db-4a9b-b117-9f3146b0c146","do_scenario_asset/c6195992-e86e-420a-89f7-1eb42332aa16","do_scenario_asset/97d17e87-e47c-4588-80ca-42bd8ad6a963/1708091865991","do_scenario_asset/04edded0-e649-40ed-9811-934ef03d8232/1708092367736","do_scenario_asset/4475ab16-1a0a-4559-bfb7-abbd5b6b8f7e/1708091978874","do_scenario_asset/79fd7994-fa68-4e13-b6e8-5cdb6ae560e9/1705413732958","do_scenario_asset/56eede3c-3250-442d-a5e3-aefd56887a2d/1708091985706","do_scenario_asset/8090a072-4d78-4270-ada7-5eb1ae9137f1/1708091902812","do_scenario_asset/f5e0ca56-bd81-45a9-9a34-84bcb5e3592f/1708091904954","do_scenario_asset/a47d21af-5a1c-4cd8-b51e-50ef672aa97e/1708091609270","do_scenario_asset/05391035-38f5-44c5-8885-b0e849153907/1708091985706","do_scenario_asset/76673c8e-7eb3-4ec5-a6d8-3af54d34ba21/1708091978874","do_scenario_asset/161babfd-34a2-4f61-a6a8-54b162ed22c9","do_scenario_asset/d7780566-6f73-4b24-9a3f-6cf5a15b7768","do_scenario_asset/0596e5b6-6215-4fc3-9414-98cce384fce5","do_scenario_asset/0201d4c1-a70a-4d9a-a01f-679887366b23/1708091978874","do_scenario_asset/d061fd98-0571-48f8-8299-ba860c1a35bc/1708091978874","do_scenario_asset/8ea0eee4-8332-4326-a880-f80ecfd19ad5/1708091978874","do_scenario_asset/ab51ae01-bbca-4d0b-a649-6d34b496837c","do_scenario_asset/7749d2c2-8410-48ba-8290-a23ba706a024","do_scenario_asset/89d1b387-787a-4f89-9fdb-4239d4c9ea60","do_scenario_asset/d21c37ce-30aa-401a-b649-aab230bf16e8/1708091978874","do_scenario_asset/21ea3fd5-96ab-42d1-979d-d2b2a3b62f08/1708091978874","do_scenario_asset/47993bf5-582b-4307-bd91-4a4fb6a4932f","do_scenario_asset/8a2632b7-bdae-4aa2-8a98-9ec94f65f6b5","do_scenario_asset/08790181-426d-433c-87bf-6d80ef9042c8/1708091978874","do_scenario_asset/918901ab-f0fe-4a46-b550-584270992a12/1708091978874","do_scenario_asset/9a2131b1-1aa6-4800-891c-0e5527b6e86e/1708091978874","do_scenario_asset/e4f705f0-635c-4904-bbb1-2de967684314","do_scenario_asset/ecc75d06-c06c-4b1e-ad59-e1ea455f78c8","do_scenario_asset/111d43bf-48f3-4237-95fd-8e0423abfbab","do_scenario_asset/d64eecbe-1d1d-4f53-9c12-0a81571aa3fd/1708091978874","do_scenario_asset/cfe1efb2-cd41-4614-9f50-ac9d7ed8fdbf/1708091985706","do_scenario_asset/8d0eb114-09d1-4942-9416-e30be4d1830d/1708092205749","do_scenario_asset/28e729a6-8c20-4fbc-849b-470bdaa38d87/1705411816067","do_scenario_asset/0c1e8028-b937-4a2e-ac10-7f9d88fb90b3/1708092214311","do_scenario_asset/4e17966c-8c6c-421b-9f30-10c86b90a3a6/1708092081736","do_scenario_asset/96ef155b-4ee3-4ffb-b3cb-25e18b7e8cef/1708092083748","do_scenario_asset/f66f6560-26c4-4dae-8c9b-53eb4cda6526/1708091618466","do_scenario_asset/56ffabfa-44a9-4a1c-8dca-7f0547d3338a/1708092214311","do_scenario_asset/0c06e8c3-6251-44db-90b1-59e5cc78f314/1708092205749","do_scenario_asset/bb40e9ec-0340-4a0f-9b91-b5c6b845b614","do_scenario_asset/ec8206e2-8e47-4396-880a-2b7102eb9552/1708092205749","do_scenario_asset/7d3cf74f-7ff5-470c-bed1-018a6805cf27","do_scenario_asset/476db356-0daa-4f0e-8a30-ddecf7c9cd8f/1708092205749","do_scenario_asset/c32006e4-522a-4920-978f-1abdb36c9920","do_scenario_asset/ded9792d-544f-422b-8fc5-71d600ff184f/1708092205749","do_scenario_asset/3b75ea7c-771b-4b55-8049-62e8c4cc096c","do_scenario_asset/70a0d585-f948-40fc-ac06-d990fcec6f1b","do_scenario_asset/7c51d508-70cb-49b2-9efb-17c7669dbaee","do_scenario_asset/f2111a47-88dc-4c58-8199-432763616d08/1708092205749","do_scenario_asset/b3aeb668-37ca-4e1c-9960-5f703fc4ee87/1708092205749","do_scenario_asset/d7812575-44e6-485a-8629-144f8c6a9dfe","do_scenario_asset/95d893d5-4917-451d-ae76-81695cdfd5fd","do_scenario_asset/015aa4ab-4d2b-4e38-b84b-6d25b8a0ee2f/1708092205749","do_scenario_asset/e334c380-51c0-4e7b-902b-34f2c95bd128/1708092205749","do_scenario_asset/d05eceb6-9a1d-41ed-9168-c65b8c036c16/1708092205749","do_scenario_asset/4cad3e8a-076f-48a9-925e-232d867f8294","do_scenario_asset/f79ca9ee-914c-44b4-8309-126c8b50521f","do_scenario_asset/908772b6-6fb8-4f32-9968-fbc924c8d132","do_scenario_asset/aa0bc1a3-56da-4804-b95f-0908d1365a54/1708092205749","do_scenario_asset/c1af1857-bbe3-4df6-bc20-f9490791983c/1708092214311"]}
