{"metadata":{"asset_id":"ca91e47e-ed84-417d-a1fb-73d3e6b76f71","asset_attributes":["notebook"],"name":"Part 2 - Data visualization","asset_type":"notebook","created_at":"2021-02-15T00:52:47Z","description":"","origin_country":"us","owner_id":"iam-ServiceId-aa2183a6-ed8d-4fca-aa0a-b136ed2eef19","project_id":"f23b5fa7-c32c-4d99-844f-85f948efcc00","size":265131,"tags":["notebook"],"usage":{"last_update_time":1613353249949,"last_updated_at":"2021-02-15T01:40:49Z"}},"entity":{"notebook":{"kernel":{"name":"python3","display_name":"Python 3.7","language":"python"},"originates_from":{"type":"file"},"runtime":{"environment":"conda2py37-f23b5fa7-c32c-4d99-844f-85f948efcc00"}}},"attachments":[{"id":"3db971d2-70f0-4ff4-83c3-a70b51764231","version":2,"asset_type":"notebook","name":"attachment for notebook ca91e47e-ed84-417d-a1fb-73d3e6b76f71","description":"attachment for notebook ca91e47e-ed84-417d-a1fb-73d3e6b76f71","mime":"application/json","datasource_type":"193a97c1-4475-4a19-b90c-295c4fdc6517","object_key":"notebook/Part_2_-_Data_visualization_54XsNNRIi.ipynb","creator_id":"IBMid-550003P291","create_time":1613350368592,"size":265131,"is_remote":false,"is_managed":false,"is_referenced":true,"is_object_key_read_only":false,"is_user_provided_path_key":true,"transfer_complete":true,"is_partitioned":false,"complete_time_ticks":1613350368592,"user_data":{},"test_doc":0,"handle":{"bucket":"oilreservoirsimulationproject-donotdelete-pr-8sxapgh8vdlvzd","location":"us-geo","key":"notebook/Part_2_-_Data_visualization_54XsNNRIi.ipynb","upload_id":"done","max_part_num":1},"usage":{"access_count":0,"last_accessor_id":"IBMid-550003P291","last_access_time":1613350368592}}]}
