{"metadata":{"asset_id":"4b480cd0-4068-4a26-9469-83f0707eeebd","asset_attributes":["notebook"],"name":"Part 0 - Import data","asset_type":"notebook","created_at":"2021-02-15T00:52:46Z","description":"","origin_country":"us","owner_id":"iam-ServiceId-aa2183a6-ed8d-4fca-aa0a-b136ed2eef19","project_id":"f23b5fa7-c32c-4d99-844f-85f948efcc00","size":8140,"tags":["notebook"],"usage":{"last_update_time":1613353152912,"last_updated_at":"2021-02-15T01:39:12Z"}},"entity":{"notebook":{"kernel":{"name":"python3","display_name":"Python 3.7","language":"python"},"originates_from":{"type":"file"},"runtime":{"environment":"conda4py37-f23b5fa7-c32c-4d99-844f-85f948efcc00"}}},"attachments":[{"id":"c5e7cb0f-f5ba-4d06-85e2-80a617d4cc8b","version":2,"asset_type":"notebook","name":"attachment for notebook 4b480cd0-4068-4a26-9469-83f0707eeebd","description":"attachment for notebook 4b480cd0-4068-4a26-9469-83f0707eeebd","mime":"application/json","datasource_type":"193a97c1-4475-4a19-b90c-295c4fdc6517","object_key":"notebook/Part_0_-_Import_data_Vd_JBvDMe.ipynb","creator_id":"IBMid-550003P291","create_time":1613350366793,"size":8140,"is_remote":false,"is_managed":false,"is_referenced":true,"is_object_key_read_only":false,"is_user_provided_path_key":true,"transfer_complete":true,"is_partitioned":false,"complete_time_ticks":1613350366793,"user_data":{},"test_doc":0,"handle":{"bucket":"oilreservoirsimulationproject-donotdelete-pr-8sxapgh8vdlvzd","location":"us-geo","key":"notebook/Part_0_-_Import_data_Vd_JBvDMe.ipynb","upload_id":"done","max_part_num":1},"usage":{"access_count":0,"last_accessor_id":"IBMid-550003P291","last_access_time":1613350366793}}]}
