{"metadata":{"asset_id":"4e1b5313-52d6-4c73-88fa-62c87bc85669","asset_attributes":["notebook"],"name":"Part 1 - Dataset overview","asset_type":"notebook","created_at":"2021-02-15T00:52:46Z","description":"","origin_country":"us","owner_id":"iam-ServiceId-aa2183a6-ed8d-4fca-aa0a-b136ed2eef19","project_id":"f23b5fa7-c32c-4d99-844f-85f948efcc00","size":1171342,"tags":["notebook"],"usage":{"last_update_time":1613353232381,"last_updated_at":"2021-02-15T01:40:32Z"}},"entity":{"notebook":{"kernel":{"name":"python3","display_name":"Python 3.7","language":"python"},"originates_from":{"type":"file"},"runtime":{"environment":"conda4py37-f23b5fa7-c32c-4d99-844f-85f948efcc00"}}},"attachments":[{"id":"5e8880dd-e9e5-4d6a-875d-d7d089fe63d1","version":2,"asset_type":"notebook","name":"attachment for notebook 4e1b5313-52d6-4c73-88fa-62c87bc85669","description":"attachment for notebook 4e1b5313-52d6-4c73-88fa-62c87bc85669","mime":"application/json","datasource_type":"193a97c1-4475-4a19-b90c-295c4fdc6517","object_key":"notebook/Part_1_-_Dataset_overview_Tmr9UPnOJ.ipynb","creator_id":"IBMid-550003P291","create_time":1613350367154,"size":1171342,"is_remote":false,"is_managed":false,"is_referenced":true,"is_object_key_read_only":false,"is_user_provided_path_key":true,"transfer_complete":true,"is_partitioned":false,"complete_time_ticks":1613350367154,"user_data":{},"test_doc":0,"handle":{"bucket":"oilreservoirsimulationproject-donotdelete-pr-8sxapgh8vdlvzd","location":"us-geo","key":"notebook/Part_1_-_Dataset_overview_Tmr9UPnOJ.ipynb","upload_id":"done","max_part_num":1},"usage":{"access_count":0,"last_accessor_id":"IBMid-550003P291","last_access_time":1613350367154}}]}
