{"metadata":{"asset_id":"c3200188-2fed-4f06-af84-4c923b8b1ae1","asset_attributes":["data_asset","location_definition"],"name":"PriceBounds.csv","asset_type":"data_asset","created_at":"2023-11-30T09:16:15Z","description":"","origin_country":"us","owner_id":"IBMid-270006YQEG","project_id":"604be77c-f2a5-4f54-8d7e-666f3bb4ecc5","size":22034,"tags":[],"usage":{"last_update_time":1701335776567,"last_updated_at":"2023-11-30T09:16:16Z"}},"entity":{"data_asset":{"mime_type":"text/csv","dataset":false},"location_definition":{"physical_location_code":"DAL","physical_location_code_assigned_by":"IBMid-310001VF6V","physical_location_code_rds_id":"c57cb90f-2126-3800-9c9f-9eab82021cdf","physical_location_code_rds_version":"00002022-0503-4032-8909-133297000000_2","physical_location_code_assignment_method":"INFERRED","physical_location_code_added_on":"1653587512616"}},"attachments":[{"id":"5247654d-9aac-4935-b189-cf274df7eac9","version":2,"asset_type":"data_asset","name":"PriceBounds.csv","mime":"text/csv","datasource_type":"193a97c1-4475-4a19-b90c-295c4fdc6517","object_key":"PriceBounds.csv","creator_id":"iam-ServiceId-947d5b81-8bd3-42a6-844e-9dc008847612","create_time":1701335776462,"size":22034,"is_remote":false,"is_managed":false,"is_referenced":true,"is_object_key_read_only":true,"is_user_provided_path_key":true,"transfer_complete":true,"is_partitioned":false,"complete_time_ticks":1701335776462,"user_data":{},"test_doc":0,"handle":{"bucket":"insurancepricingoptimizationproje-donotdelete-pr-8fsidksgwrwltg","location":"us-south","type":"bluemix_cos","key":"PriceBounds.csv","upload_id":"done","max_part_num":1},"usage":{"access_count":0,"last_accessor_id":"iam-ServiceId-947d5b81-8bd3-42a6-844e-9dc008847612","last_access_time":1701335776462}}]}
