{"metadata":{"asset_id":"b8d77ade-3611-415c-88d8-6dda9621c468","asset_attributes":["data_asset"],"name":"PriceSensitivity.csv","asset_type":"data_asset","created_at":"2020-12-09T17:13:34Z","description":"","origin_country":"us","owner_id":"IBMid-550003P291","project_id":"622bc69c-6adf-461d-b55c-3667976e31a4","size":108393,"tags":[],"usage":{"last_update_time":1607534015187,"last_updated_at":"2020-12-09T17:13:35Z"}},"entity":{"data_asset":{"mime_type":"text/csv","dataset":false}},"attachments":[{"id":"14ef3082-5af7-418c-9820-ad10cf321d40","version":2,"asset_type":"data_asset","name":"PriceSensitivity.csv","mime":"text/csv","datasource_type":"193a97c1-4475-4a19-b90c-295c4fdc6517","object_key":"PriceSensitivity.csv","creator_id":"iam-ServiceId-f49c5558-c247-4983-a04f-7d3c7a3d55da","create_time":1607534015044,"size":108393,"is_remote":false,"is_managed":false,"is_referenced":true,"is_object_key_read_only":false,"is_user_provided_path_key":true,"transfer_complete":true,"is_partitioned":false,"complete_time_ticks":1607534015044,"user_data":{},"test_doc":0,"handle":{"bucket":"insurancepricingoptimizationproje-donotdelete-pr-gravixyis5d90f","location":"us-geo","key":"PriceSensitivity.csv","upload_id":"done","max_part_num":1},"usage":{"access_count":0,"last_accessor_id":"iam-ServiceId-f49c5558-c247-4983-a04f-7d3c7a3d55da","last_access_time":1607534015044}}]}
