{"metadata":{"asset_id":"49347b56-620c-4189-86bb-cd8ee40a4f20","asset_attributes":["data_asset","location_definition"],"name":"ChangeLimits.csv","asset_type":"data_asset","created_at":"2025-05-05T09:33:46Z","description":"","origin_country":"us","owner_id":"IBMid-270006YQEG","project_id":"8c15ecf2-77d7-4268-9d13-451604185bc5","size":87,"tags":[],"usage":{"last_update_time":1746437626499,"last_updated_at":"2025-05-05T09:33:46Z"}},"entity":{"data_asset":{"mime_type":"text/csv","dataset":false},"location_definition":{"physical_location_code":"DAL","physical_location_code_assigned_by":"IBMid-270006YQEG","physical_location_code_rds_id":"c57cb90f-2126-3800-9c9f-9eab82021cdf","physical_location_code_rds_version":"20ed74f5-e315-4de9-b9e6-3282d11fc236_1","physical_location_code_assignment_method":"INFERRED","physical_location_code_added_on":"1746437618785"}},"attachments":[{"id":"997ef5f0-4490-4bf0-90b9-ae6366b480f8","version":2,"asset_type":"data_asset","name":"ChangeLimits.csv","mime":"text/csv","datasource_type":"193a97c1-4475-4a19-b90c-295c4fdc6517","object_key":"ChangeLimits.csv","creator_id":"IBMid-270006YQEG","create_time":1746437626498,"size":87,"is_remote":false,"is_managed":false,"is_referenced":true,"is_object_key_read_only":true,"is_user_provided_path_key":true,"transfer_complete":true,"is_partitioned":false,"complete_time_ticks":1746437626498,"user_data":{},"test_doc":0,"handle":{"bucket":"insurancepricingoptimizationproje-donotdelete-pr-wxh0pomrxwh1ol","location":"us-south","type":"bluemix_cos","key":"ChangeLimits.csv","upload_id":"done","max_part_num":1},"usage":{"access_count":0,"last_accessor_id":"IBMid-270006YQEG","last_access_time":1746437626498}}]}
