{"metadata":{"asset_id":"c12f52b1-0839-4fa2-ac21-4173e0cae6e7","asset_attributes":["data_asset"],"name":"ObjectiveWeights.csv","asset_type":"data_asset","created_at":"2021-02-15T01:47:31Z","description":"","origin_country":"us","owner_id":"IBMid-550003P291","project_id":"ddf6a794-fe39-4664-957c-83a1d073e79a","size":54,"tags":[],"usage":{"last_update_time":1613353652274,"last_updated_at":"2021-02-15T01:47:32Z"}},"entity":{"data_asset":{"mime_type":"text/csv","dataset":false}},"attachments":[{"id":"12131081-9bc4-49c6-90a3-d2ba996c979c","version":2,"asset_type":"data_asset","name":"ObjectiveWeights.csv","mime":"text/csv","datasource_type":"193a97c1-4475-4a19-b90c-295c4fdc6517","object_key":"ObjectiveWeights.csv","creator_id":"iam-ServiceId-f49c5558-c247-4983-a04f-7d3c7a3d55da","create_time":1613353652178,"size":54,"is_remote":false,"is_managed":false,"is_referenced":true,"is_object_key_read_only":false,"is_user_provided_path_key":true,"transfer_complete":true,"is_partitioned":false,"complete_time_ticks":1613353652178,"user_data":{},"test_doc":0,"handle":{"bucket":"insurancepricingoptimizationproje-donotdelete-pr-bknto9q5iwewsb","location":"us-geo","key":"ObjectiveWeights.csv","upload_id":"done","max_part_num":1},"usage":{"access_count":0,"last_accessor_id":"iam-ServiceId-f49c5558-c247-4983-a04f-7d3c7a3d55da","last_access_time":1613353652178}}]}
