{"metadata":{"asset_id":"30c676ef-0964-43bb-ab76-b9e11175c79f","asset_attributes":["data_asset"],"name":"PriceBounds.csv","asset_type":"data_asset","created_at":"2020-12-09T17:13:34Z","description":"","origin_country":"us","owner_id":"IBMid-550003P291","project_id":"622bc69c-6adf-461d-b55c-3667976e31a4","size":22034,"tags":[],"usage":{"last_update_time":1607534016037,"last_updated_at":"2020-12-09T17:13:36Z"}},"entity":{"data_asset":{"mime_type":"text/csv","dataset":false}},"attachments":[{"id":"ce374c28-2f8c-414a-b42a-22c3602ea60f","version":2,"asset_type":"data_asset","name":"PriceBounds.csv","mime":"text/csv","datasource_type":"193a97c1-4475-4a19-b90c-295c4fdc6517","object_key":"PriceBounds.csv","creator_id":"iam-ServiceId-f49c5558-c247-4983-a04f-7d3c7a3d55da","create_time":1607534015897,"size":22034,"is_remote":false,"is_managed":false,"is_referenced":true,"is_object_key_read_only":false,"is_user_provided_path_key":true,"transfer_complete":true,"is_partitioned":false,"complete_time_ticks":1607534015897,"user_data":{},"test_doc":0,"handle":{"bucket":"insurancepricingoptimizationproje-donotdelete-pr-gravixyis5d90f","location":"us-geo","key":"PriceBounds.csv","upload_id":"done","max_part_num":1},"usage":{"access_count":0,"last_accessor_id":"iam-ServiceId-f49c5558-c247-4983-a04f-7d3c7a3d55da","last_access_time":1607534015897}}]}
