{"metadata":{"asset_id":"1f35cbd2-642b-4d20-9edd-c72dbd1d7a05","asset_attributes":["data_asset"],"name":"PriceSensitivity.csv","asset_type":"data_asset","created_at":"2021-02-15T01:47:31Z","description":"","origin_country":"us","owner_id":"IBMid-550003P291","project_id":"ddf6a794-fe39-4664-957c-83a1d073e79a","size":108393,"tags":[],"usage":{"last_update_time":1613353652376,"last_updated_at":"2021-02-15T01:47:32Z"}},"entity":{"data_asset":{"mime_type":"text/csv","dataset":false}},"attachments":[{"id":"68980070-941f-467e-8860-0cb842c1e869","version":2,"asset_type":"data_asset","name":"PriceSensitivity.csv","mime":"text/csv","datasource_type":"193a97c1-4475-4a19-b90c-295c4fdc6517","object_key":"PriceSensitivity.csv","creator_id":"iam-ServiceId-f49c5558-c247-4983-a04f-7d3c7a3d55da","create_time":1613353652269,"size":108393,"is_remote":false,"is_managed":false,"is_referenced":true,"is_object_key_read_only":false,"is_user_provided_path_key":true,"transfer_complete":true,"is_partitioned":false,"complete_time_ticks":1613353652269,"user_data":{},"test_doc":0,"handle":{"bucket":"insurancepricingoptimizationproje-donotdelete-pr-bknto9q5iwewsb","location":"us-geo","key":"PriceSensitivity.csv","upload_id":"done","max_part_num":1},"usage":{"access_count":0,"last_accessor_id":"iam-ServiceId-f49c5558-c247-4983-a04f-7d3c7a3d55da","last_access_time":1613353652269}}]}
