{"metadata":{"asset_id":"1ac43394-21fe-469d-bd3f-55a70bbd4374","asset_attributes":["notebook"],"name":"PriceOptimization","asset_type":"notebook","created_at":"2020-12-09T17:13:36Z","description":"","origin_country":"us","owner_id":"iam-ServiceId-9e68bc5f-c5f6-4f6f-8bcf-e57f47b9d1b1","project_id":"622bc69c-6adf-461d-b55c-3667976e31a4","size":624178,"tags":["notebook"],"usage":{"last_update_time":1607534354465,"last_updated_at":"2020-12-09T17:19:14Z"}},"entity":{"notebook":{"kernel":{"name":"python3","display_name":"Python 3.7","language":"python"},"originates_from":{"type":"file"},"runtime":{"environment":"premium2py37-622bc69c-6adf-461d-b55c-3667976e31a4"}}},"attachments":[{"id":"be49457e-8ac7-411d-82ee-3a8d7535ef7d","version":2,"asset_type":"notebook","name":"attachment for notebook 1ac43394-21fe-469d-bd3f-55a70bbd4374","description":"attachment for notebook 1ac43394-21fe-469d-bd3f-55a70bbd4374","mime":"application/json","datasource_type":"193a97c1-4475-4a19-b90c-295c4fdc6517","object_key":"notebook/PriceOptimization_0iLE22Xjo.ipynb","creator_id":"IBMid-550003P291","create_time":1607534017505,"size":624178,"is_remote":false,"is_managed":false,"is_referenced":true,"is_object_key_read_only":false,"is_user_provided_path_key":true,"transfer_complete":true,"is_partitioned":false,"complete_time_ticks":1607534017505,"user_data":{},"test_doc":0,"handle":{"bucket":"insurancepricingoptimizationproje-donotdelete-pr-gravixyis5d90f","location":"us-geo","key":"notebook/PriceOptimization_0iLE22Xjo.ipynb","upload_id":"done","max_part_num":1},"usage":{"access_count":0,"last_accessor_id":"IBMid-550003P291","last_access_time":1607534017505}}]}
