{"metadata":{"asset_id":"7164ca20-75f1-4062-882a-7037cef7ff3c","asset_attributes":["notebook","location_definition"],"name":"PriceOptimization","asset_type":"notebook","created_at":"2025-05-05T09:33:47Z","description":"","origin_country":"us","owner_id":"IBMid-270006YQEG","project_id":"8c15ecf2-77d7-4268-9d13-451604185bc5","size":984155,"tags":["notebook"],"usage":{"last_update_time":1746631331230,"last_updated_at":"2025-05-07T15:22:11Z"}},"entity":{"notebook":{"kernel":{"name":"python3","display_name":"Python 3.11","language":"python"},"originates_from":{"type":"file"},"runtime":{"environment":"rt241xcs2-8c15ecf2-77d7-4268-9d13-451604185bc5"}},"location_definition":{"physical_location_code":"DAL","physical_location_code_assigned_by":"IBMid-270006YQEG","physical_location_code_rds_id":"c57cb90f-2126-3800-9c9f-9eab82021cdf","physical_location_code_rds_version":"20ed74f5-e315-4de9-b9e6-3282d11fc236_1","physical_location_code_assignment_method":"INFERRED","physical_location_code_added_on":"1746437618785"}},"attachments":[{"id":"13d0dd87-8ea0-4c9d-88bf-07f6c19c80b6","version":2,"asset_type":"notebook","name":"attachment for notebook 7164ca20-75f1-4062-882a-7037cef7ff3c","description":"attachment for notebook 7164ca20-75f1-4062-882a-7037cef7ff3c","mime":"application/json","datasource_type":"193a97c1-4475-4a19-b90c-295c4fdc6517","object_key":"notebook/PriceOptimization_0iLE22Xjo.ipynb","creator_id":"IBMid-270006YQEG","create_time":1746437627549,"size":984155,"is_remote":false,"is_managed":false,"is_referenced":true,"is_object_key_read_only":false,"is_user_provided_path_key":true,"transfer_complete":true,"is_partitioned":false,"complete_time_ticks":1746437627549,"user_data":{},"test_doc":0,"handle":{"bucket":"insurancepricingoptimizationproje-donotdelete-pr-wxh0pomrxwh1ol","location":"us-south","type":"bluemix_cos","key":"notebook/PriceOptimization_0iLE22Xjo.ipynb","upload_id":"done","max_part_num":1},"usage":{"access_count":8,"last_accessor_id":"IBMid-270006YQEG","last_access_time":1746631331229,"last_updater_id":"IBMid-270006YQEG","last_update_time":1746631331229}}]}
