{"metadata":{"asset_id":"7d09ca5e-58d9-4f9e-8a7e-f56590b4780b","asset_attributes":["notebook"],"name":"PriceOptimization","asset_type":"notebook","created_at":"2023-11-30T09:16:17Z","description":"","origin_country":"us","owner_id":"IBMid-270006YQEG","project_id":"604be77c-f2a5-4f54-8d7e-666f3bb4ecc5","size":964950,"tags":["notebook"],"usage":{"last_update_time":1704792973701,"last_updated_at":"2024-01-09T09:36:13Z"}},"entity":{"notebook":{"kernel":{"name":"python3","display_name":"Python 3.10","language":"python"},"originates_from":{"type":"file"},"runtime":{"environment":"rt231xcs2-604be77c-f2a5-4f54-8d7e-666f3bb4ecc5"}},"location_definition":{"physical_location_code":"DAL","physical_location_code_assigned_by":"IBMid-270006YQEG","physical_location_code_rds_id":"c57cb90f-2126-3800-9c9f-9eab82021cdf","physical_location_code_rds_version":"20ed74f5-e315-4de9-b9e6-3282d11fc236_1","physical_location_code_assignment_method":"INFERRED","physical_location_code_added_on":"1701335768762"}},"attachments":[{"id":"9438566d-4984-4ed2-8309-e92fcfb97478","version":2,"asset_type":"notebook","name":"attachment for notebook 7d09ca5e-58d9-4f9e-8a7e-f56590b4780b","description":"attachment for notebook 7d09ca5e-58d9-4f9e-8a7e-f56590b4780b","mime":"application/json","datasource_type":"193a97c1-4475-4a19-b90c-295c4fdc6517","object_key":"notebook/PriceOptimization_0iLE22Xjo.ipynb","creator_id":"IBMid-270006YQEG","create_time":1701335778014,"size":964950,"is_remote":false,"is_managed":false,"is_referenced":true,"is_object_key_read_only":false,"is_user_provided_path_key":true,"transfer_complete":true,"is_partitioned":false,"complete_time_ticks":1701335778014,"user_data":{},"test_doc":0,"handle":{"bucket":"insurancepricingoptimizationproje-donotdelete-pr-8fsidksgwrwltg","location":"us-south","type":"bluemix_cos","key":"notebook/PriceOptimization_0iLE22Xjo.ipynb","upload_id":"done","max_part_num":1},"usage":{"access_count":6,"last_accessor_id":"IBMid-270006YQEG","last_access_time":1704792973700,"last_updater_id":"IBMid-270006YQEG","last_update_time":1704792973700}}]}
