{"metadata":{"asset_id":"c85469f7-e4f6-42fc-977e-7bc47bf298c4","asset_attributes":["notebook"],"name":"PriceOptimization","asset_type":"notebook","created_at":"2021-02-15T01:47:32Z","description":"","origin_country":"us","owner_id":"iam-ServiceId-aa2183a6-ed8d-4fca-aa0a-b136ed2eef19","project_id":"ddf6a794-fe39-4664-957c-83a1d073e79a","size":624178,"tags":["notebook"],"usage":{"last_update_time":1613354474375,"last_updated_at":"2021-02-15T02:01:14Z"}},"entity":{"notebook":{"kernel":{"name":"python3","display_name":"Python 3.7","language":"python"},"originates_from":{"type":"file"},"runtime":{"environment":"premium2py37-ddf6a794-fe39-4664-957c-83a1d073e79a"}}},"attachments":[{"id":"59fd6627-bc40-424d-8f1c-299ee6fc4a7d","version":2,"asset_type":"notebook","name":"attachment for notebook c85469f7-e4f6-42fc-977e-7bc47bf298c4","description":"attachment for notebook c85469f7-e4f6-42fc-977e-7bc47bf298c4","mime":"application/json","datasource_type":"193a97c1-4475-4a19-b90c-295c4fdc6517","object_key":"notebook/PriceOptimization_0iLE22Xjo.ipynb","creator_id":"IBMid-550003P291","create_time":1613353653712,"size":624178,"is_remote":false,"is_managed":false,"is_referenced":true,"is_object_key_read_only":false,"is_user_provided_path_key":true,"transfer_complete":true,"is_partitioned":false,"complete_time_ticks":1613353653712,"user_data":{},"test_doc":0,"handle":{"bucket":"insurancepricingoptimizationproje-donotdelete-pr-bknto9q5iwewsb","location":"us-geo","key":"notebook/PriceOptimization_0iLE22Xjo.ipynb","upload_id":"done","max_part_num":1},"usage":{"access_count":0,"last_accessor_id":"IBMid-550003P291","last_access_time":1613353653712}}]}
