{"metadata":{"asset_id":"ce6fafb4-56cc-4442-a625-9e222720d5ff","asset_type":"connection","asset_category":"USER","create_time":"2020-12-07T21:22:29.000Z","creator_id":"IBMid-270003SME2","project_id":"e1e7d1a1-5eac-47be-92ee-282998aebdd3","tags":[],"usage":{"last_access_time":"2020-12-07T21:22:29.966Z","last_accessor_id":"iam-ServiceId-f49c5558-c247-4983-a04f-7d3c7a3d55da","access_count":0}},"entity":{"datasource_type":"4210c294-8b0f-46b4-bcdc-1c6ada2b7e6b","description":"","name":"COVID Tracking: Colleges","origin_country":"us","owner_id":"IBMid-270003SME2","rov":{"mode":0},"properties":{"sg_service_url":"https://sgmanager.ng.bluemix.net","url":"https://github.com/nytimes/covid-19-data/raw/master/colleges/colleges.csv"},"interaction_properties":{"source":[{"name":"byte_limit","type":"string","label":"Byte Limit","description":"The maximum number of bytes to return. Use any of these suffixes; KB, MB, GB, or TB","placeholder":"100MB","required":false,"masked":false,"hidden":false,"readonly":false,"multiline":false,"user_defined":false},{"name":"date_format","type":"string","label":"Date Format","description":"The format of date values, for example, yyyy-[m]m-[d]d","placeholder":"yyyy-mm-dd","required":false,"masked":false,"hidden":false,"readonly":false,"multiline":false,"group":"delimited","user_defined":false},{"name":"decimal_format","type":"string","label":"Decimal Format","description":"The format of decimal values, for example, #,###.##","placeholder":"#,###.##","required":false,"masked":false,"hidden":false,"readonly":false,"multiline":false,"group":"delimited","user_defined":false},{"name":"decimal_format_decimal_separator","type":"string","label":"Decimal Separator","description":"The character used to separate the integer part from the fractional part of a number","placeholder":".","required":false,"masked":false,"hidden":false,"readonly":false,"multiline":false,"group":"delimited","user_defined":false},{"name":"decimal_format_grouping_separator","type":"string","label":"Decimal Grouping Separator","description":"The character used to group digits of similar significance","placeholder":",","required":false,"masked":false,"hidden":false,"readonly":false,"multiline":false,"group":"delimited","user_defined":false},{"name":"display_value_labels","type":"boolean","label":"Display Value Labels","description":"Display the value labels","required":false,"masked":false,"hidden":false,"readonly":false,"multiline":false,"group":"sav","user_defined":false},{"name":"encoding","type":"string","label":"Encoding","description":"The appropriate character encoding for your data, for example, UTF-8","required":false,"masked":false,"hidden":false,"readonly":false,"multiline":false,"default_value":"utf-8","group":"delimited","user_defined":false},{"name":"encryption_key","type":"string","label":"Encryption Key","description":"Key to decrypt sav file","required":false,"masked":true,"hidden":false,"readonly":false,"multiline":false,"group":"sav","user_defined":false},{"name":"escape_character","type":"enum","label":"Escape Character","description":"The character that's used to escape other characters, for example, a backslash. Escaping is a string technique that identifies characters as being part of a string value.","required":false,"masked":false,"hidden":false,"readonly":false,"multiline":false,"default_value":"none","values":[{"value":"<?>","label":"Any character"},{"value":"backslash","label":"Backslash"},{"value":"double_quote","label":"Double quotation mark"},{"value":"none","label":"None"},{"value":"single_quote","label":"Single quotation mark"}],"group":"delimited","user_defined":false},{"name":"exclude_missing_values","type":"boolean","label":"Exclude Missing Values","description":"Set values that have been defined as missing values to null","required":false,"masked":false,"hidden":false,"readonly":false,"multiline":false,"group":"sav","user_defined":false},{"name":"field_delimiter","type":"enum","label":"Field Delimiter","description":"The character that separates each value from the next value, for example, a comma","required":false,"masked":false,"hidden":false,"readonly":false,"multiline":false,"default_value":"comma","values":[{"value":"<?>","label":"Any character"},{"value":"colon","label":"Colon"},{"value":"comma","label":"Comma"},{"value":"tab","label":"Tab"}],"group":"delimited","user_defined":false},{"name":"file_format","type":"enum","label":"File Format","description":"The format of the file","required":false,"masked":false,"hidden":false,"readonly":false,"multiline":false,"default_value":"csv","values":[{"value":"avro","label":"Avro"},{"value":"csv","label":"CSV"},{"value":"delimited","label":"Delimited"},{"value":"excel","label":"Excel"},{"value":"json","label":"JSON"},{"value":"orc","label":"ORC"},{"value":"parquet","label":"Parquet"},{"value":"sas","label":"SAS"},{"value":"sav","label":"SAV"},{"value":"shp","label":"SHP"},{"value":"xml","label":"XML"}],"group":"general","user_defined":false},{"name":"file_name","type":"string","label":"File Name","description":"The name of the file to read","required":false,"masked":false,"hidden":false,"readonly":false,"multiline":false,"tags":["file"],"group":"general","user_defined":false},{"name":"first_line","type":"integer","label":"First line","description":"The first line of data or header","required":false,"masked":false,"hidden":false,"readonly":false,"multiline":false,"default_value":"0","group":"delimited","user_defined":false},{"name":"first_line_header","type":"boolean","label":"First line is header","description":"The first line of the file contains column headers","required":false,"masked":false,"hidden":false,"readonly":false,"multiline":false,"default_value":"false","group":"delimited","user_defined":false},{"name":"infer_as_varchar","type":"boolean","label":"Infer as VARCHAR","description":"Treat the data in all columns as VARCHARs","required":false,"masked":false,"hidden":false,"readonly":false,"multiline":false,"default_value":"false","group":"general","user_defined":false},{"name":"infer_record_count","type":"integer","label":"Infer Record Count","description":"The number of records to process to obtain the structure of the data","required":false,"masked":false,"hidden":false,"readonly":false,"multiline":false,"default_value":"1000","group":"general","user_defined":false},{"name":"infer_schema","type":"boolean","label":"Infer Schema","description":"Obtain the schema from the file","required":false,"masked":false,"hidden":false,"readonly":false,"multiline":false,"default_value":"false","group":"general","user_defined":false},{"name":"infer_timestamp_as_date","type":"boolean","label":"Infer Timestamp as Date","description":"Infer columns containing date and time data as date","required":false,"masked":false,"hidden":false,"readonly":false,"multiline":false,"default_value":"true","group":"sav","user_defined":false},{"name":"invalid_data_handling","type":"enum","label":"Invalid data handling","description":"How to handle values that are not valid: fail the job, null the column, or drop the row","required":false,"masked":false,"hidden":false,"readonly":false,"multiline":false,"default_value":"fail","values":[{"value":"column","label":"Column"},{"value":"fail","label":"Fail"},{"value":"row","label":"Row"}],"group":"general","user_defined":false},{"name":"json_infer_record_count","type":"integer","label":"Infer Record Count","description":"Deprecated. Use infer_record_count property. The number of JSON elements to process to obtain the structure of the data","required":false,"masked":false,"hidden":true,"readonly":false,"multiline":false,"group":"json","user_defined":false},{"name":"json_path","type":"string","label":"JSON Path","description":"The path that identifies the elements to retrieve from a JSON document, for example, /book/publisher","required":false,"masked":false,"hidden":false,"readonly":false,"multiline":false,"group":"json","user_defined":false},{"name":"labels_as_names","type":"boolean","label":"Labels as Names","description":"Set column names to the value of the column label","required":false,"masked":false,"hidden":false,"readonly":false,"multiline":false,"group":"sav","user_defined":false},{"name":"null_value","type":"string","label":"Null Value","description":"The value that represents null (a missing value) in the file, for example, NULL","placeholder":"NULL","required":false,"masked":false,"hidden":false,"readonly":false,"multiline":false,"group":"delimited","user_defined":false},{"name":"partition_name_prefix","type":"string","label":"Partition Name Prefix","description":"The prefix in each partition name","required":false,"masked":false,"hidden":true,"readonly":false,"multiline":false,"default_value":"part","group":"general","user_defined":false},{"name":"quote_character","type":"enum","label":"Quote Character","description":"The character that's used to enclose string values, for example, a double quotation mark","required":false,"masked":false,"hidden":false,"readonly":false,"multiline":false,"default_value":"none","values":[{"value":"\"","label":"\""},{"value":"'","label":"'"},{"value":"double_quote","label":"Double quotation mark"},{"value":"none","label":"None"},{"value":"single_quote","label":"Single quotation mark"}],"group":"delimited","user_defined":false},{"name":"range","type":"string","label":"Cell Range for Excel Worksheets","description":"The range of cells to retrieve from the Excel worksheet, for example, C1:F10","required":false,"masked":false,"hidden":false,"readonly":false,"multiline":false,"group":"excel","user_defined":false},{"name":"read_mode","type":"enum","label":"Read Mode","description":"The method for reading files","required":false,"masked":false,"hidden":false,"readonly":false,"multiline":false,"default_value":"read_single","values":[{"value":"read_raw","label":"Read Binary Data"},{"value":"read_single","label":"Read A Single File"}],"group":"general","user_defined":false},{"name":"row_delimiter","type":"enum","label":"Row Delimiter","description":"The character or characters that separate one line from another, for example, CR/LF (Carriage Return/Line Feed)","required":false,"masked":false,"hidden":false,"readonly":false,"multiline":false,"default_value":"new_line","values":[{"value":"carriage_return","label":"Carriage Return"},{"value":"carriage_return_line_feed","label":"Carriage Return & Line Feed"},{"value":"line_feed","label":"Line Feed"},{"value":"new_line","label":"Any New Line"}],"group":"delimited","user_defined":false},{"name":"row_limit","type":"integer","label":"Row Limit","description":"The maximum number of rows to return","placeholder":"1000","required":false,"masked":false,"hidden":false,"readonly":false,"multiline":false,"user_defined":false},{"name":"sheet_name","type":"string","label":"Excel worksheet name","description":"The name of the Excel worksheet to read from","required":false,"masked":false,"hidden":false,"readonly":false,"multiline":false,"tags":["worksheet"],"group":"excel","user_defined":false},{"name":"time_format","type":"string","label":"Time Format","description":"The format of time values, for example, HH:mm:ss[.f]","placeholder":"HH:mm:ss[.f]","required":false,"masked":false,"hidden":false,"readonly":false,"multiline":false,"group":"delimited","user_defined":false},{"name":"timestamp_format","type":"string","label":"Timestamp Format","description":"The format of timestamp values, for example, yyyy-MM-dd H:m:s","placeholder":"yyyy-MM-dd H:m:s","required":false,"masked":false,"hidden":false,"readonly":false,"multiline":false,"group":"delimited","user_defined":false},{"name":"type_mapping","type":"string","label":"Type mapping","description":"Overrides the data types of specified columns in the file's inferred schema, for example, inferredType1:newType1;inferredType2:newType2","required":false,"masked":false,"hidden":false,"readonly":false,"multiline":false,"group":"general","user_defined":false},{"name":"use_field_formats","type":"boolean","label":"Use Field Formats","description":"Format data using specified field formats","required":false,"masked":false,"hidden":false,"readonly":false,"multiline":false,"group":"sav","user_defined":false},{"name":"use_variable_formats","type":"boolean","label":"Use Variable Formats","description":"Format data using specified variable formats.","required":false,"masked":false,"hidden":false,"readonly":false,"multiline":false,"group":"sas","user_defined":false},{"name":"xml_path","type":"string","label":"XPath","description":"The path that identifies the root elements to retrieve from a XML document, for example, /book/publisher","required":false,"masked":false,"hidden":false,"readonly":false,"multiline":false,"group":"xml","user_defined":false},{"name":"xml_path_fields","type":"string","label":"Fields XPath","description":"The path that identifies the specified elements to retrieve from the root path of a XML document, for example, ../publisher","required":false,"masked":false,"hidden":false,"readonly":false,"multiline":false,"group":"xml","user_defined":false},{"name":"xml_schema","type":"string","label":"Schema of XML","description":"The schema that specified metadata information of elements, for example, data type, values, min, max","required":false,"masked":false,"hidden":false,"readonly":false,"multiline":true,"group":"xml","user_defined":false}]}}}
