[{"metadata":{"asset_id":"1e48e214-f6ef-4cc6-9b56-80401b19f053","asset_type":"data_intg_flow","create_time":"2020-12-07T21:22:30.000Z","creator_id":"IBMid-270003SME2","name":"COVID Tracking - Colleges in Providence","size":23586,"project_id":"e1e7d1a1-5eac-47be-92ee-282998aebdd3","resource_key":"e1e7d1a1-5eac-47be-92ee-282998aebdd3/data_intg_flow/COVID Tracking - Colleges in Providence","usage":{"last_modification_time":"2020-12-07T21:29:33.868Z","last_modifier_id":"IBMid-270003SME2","last_access_time":"2020-12-07T21:29:33.868Z","last_accessor_id":"IBMid-270003SME2","access_count":0}},"entity":{"description":"","name":"COVID Tracking - Colleges in Providence","rov":{"mode":0}},"attachments":[{"test_doc":0,"object_key":"data_intg_flow/e1e7d1a1-5eac-47be-92ee-282998aebdd31e48e214-f6ef-4cc6-9b56-80401b19f053","create_time":1607376534543,"complete_time_ticks":1607376534543,"mime":"application/json","usage":{"access_count":0,"last_accessor_id":"IBMid-270003SME2","last_access_time":1607376534543},"is_remote":false,"handle":{"bucket":"test-donotdelete-pr-6gtmkdczzjpzfl","max_part_num":1,"upload_id":"done","location":"us-geo","key":"data_intg_flow/e1e7d1a1-5eac-47be-92ee-282998aebdd31e48e214-f6ef-4cc6-9b56-80401b19f053"},"is_user_provided_path_key":true,"user_data":{},"version":2,"size":21716,"is_partitioned":false,"datasource_type":"193a97c1-4475-4a19-b90c-295c4fdc6517","transfer_complete":true,"asset_type":"data_intg_flow","name":"data_intg_flows","creator_id":"IBMid-270003SME2","id":"195d89af-d1a1-4a99-9f12-8dd2673ba900","is_referenced":true,"is_managed":false,"is_object_key_read_only":false},{"test_doc":0,"object_key":"data_intg_flow/e1e7d1a1-5eac-47be-92ee-282998aebdd31e48e214-f6ef-4cc6-9b56-80401b19f053px_executables","create_time":1607376573867,"complete_time_ticks":1607376573867,"mime":"application/octet-stream","usage":{"access_count":0,"last_accessor_id":"IBMid-270003SME2","last_access_time":1607376573867},"is_remote":false,"handle":{"bucket":"test-donotdelete-pr-6gtmkdczzjpzfl","max_part_num":1,"upload_id":"done","location":"us-geo","key":"data_intg_flow/e1e7d1a1-5eac-47be-92ee-282998aebdd31e48e214-f6ef-4cc6-9b56-80401b19f053px_executables"},"is_user_provided_path_key":true,"user_data":{},"version":2,"size":1870,"is_partitioned":false,"datasource_type":"193a97c1-4475-4a19-b90c-295c4fdc6517","transfer_complete":true,"asset_type":"data_intg_flow","name":"px_executables","creator_id":"IBMid-270003SME2","id":"d1684898-0e6b-4cfa-a48d-0f9882fbd1a0","is_referenced":true,"is_managed":false,"is_object_key_read_only":false}]}]
