{"metadata":{"asset_id":"477352d0-ee0f-4dbb-8d0c-b907a1bb39a8","asset_attributes":["job"],"name":"COVID Tracking - Colleges in Providence.DataStage job","asset_type":"job","created_at":"2020-12-07T21:22:37Z","description":"","origin_country":"us","owner_id":"IBMid-270003SME2","project_id":"e1e7d1a1-5eac-47be-92ee-282998aebdd3","size":0,"tags":[],"usage":{"last_update_time":1607376157351,"last_updated_at":"2020-12-07T21:22:37Z"}},"entity":{"job":{"asset_ref_type":"data_intg_flow","configuration":{"env_variables":[],"flow_limits":{"warn_limit":0},"env_id":"default_datastage_px-e1e7d1a1-5eac-47be-92ee-282998aebdd3","env_type":"datastage"},"last_run_initiator":"None","last_run_time":"","last_run_status":"None","last_run_status_timestamp":0,"project_name":"Test","asset_ref":"1e48e214-f6ef-4cc6-9b56-80401b19f053","schedule_id":"","schedule_creator_id":""}}}
