Num,Name
A1,AIN
A2,AISNE
A3,ALLIER
A4,ALPES-DE-HAUTE-PROVENCE
A5,HAUTES-ALPES
A6,ALPES-MARITIMES
A7,ARDECHE
A8,ARDENNES
A9,ARIEGE
A10,AUBE
A11,AUDE
A12,AVEYRON
A13,BOUCHES-DU-RHONE
A14,CALVADOS
A15,CANTAL
A16,CHARENTE
A17,CHARENTE-MARITIME
A18,CHER
A19,CORREZE
A2A,CORSE-DU-SUD
A2B,HAUTE-CORSE
A21,COTE-D OR
A22,COTES-D ARMOR
A23,CREUSE
A24,DORDOGNE
A25,DOUBS
A26,DROME
A27,EURE
A28,EURE-ET-LOIR
A29,FINISTERE
A30,GARD
A31,HAUTE-GARONNE
A32,GERS
A33,GIRONDE
A34,HERAULT
A35,ILLE-ET-VILAINE
A36,INDRE
A37,INDRE-ET-LOIRE
A38,ISERE
A39,JURA
A40,LANDES
A41,LOIR-ET-CHER
A42,LOIRE
A43,HAUTE-LOIRE
A44,LOIRE-ATLANTIQUE
A45,LOIRET
A46,LOT
A47,LOT-ET-GARONNE
A48,LOZERE
A49,MAINE-ET-LOIRE