Factory,Period,Mask,Capacity,Uniit price
Paul Boye,P01,FFP2,3037500,0.27
Paul Boye,P02,FFP2,3250000,0.32
Paul Boye,P03,FFP2,3412500,0.28
Paul Boye,P04,FFP2,3525000,0.31
Paul Boye,P05,FFP2,3612500,0.26
Paul Boye,P06,FFP2,3662500,0.23
Paul Boye,P07,FFP2,3700000,0.27
Valmy,P01,FFP2,2025000,0.29
Valmy,P02,FFP2,2162500,0.25
Valmy,P03,FFP2,2275000,0.27
Valmy,P04,FFP2,2350000,0.27
Valmy,P05,FFP2,2400000,0.23
Valmy,P06,FFP2,2437500,0.23
Valmy,P07,FFP2,2462500,0.23
Voussert,P01,FFP2,2225000,0.31
Voussert,P02,FFP2,2375000,0.34
Voussert,P03,FFP2,2500000,0.22
Voussert,P04,FFP2,2587500,0.24
Voussert,P05,FFP2,2650000,0.31
Voussert,P06,FFP2,2687500,0.22
Voussert,P07,FFP2,2712500,0.27
Dashen CN,P01,FFP2,10000000,0.12
Dashen CN,P02,FFP2,10000000,0.12
Dashen CN,P03,FFP2,10000000,0.12
Dashen CN,P04,FFP2,10000000,0.12
Dashen CN,P05,FFP2,10000000,0.12
Dashen CN,P06,FFP2,10000000,0.12
Dashen CN,P07,FFP2,10000000,0.12