Factory,Warehouse,weightUnitCost,minCost
Paul Boye,Tours,0.088,892
Paul Boye,Troyes,0.11,1108
Paul Boye,Amiens,0.142,1412
Paul Boye,Montauban,0.016,160
Paul Boye,Valence,0.056,560
Valmy,Tours,0.062,612
Valmy,Troyes,0.06,600
Valmy,Amiens,0.098,988
Valmy,Montauban,0.052,520
Valmy,Valence,0.024,240
Voussert,Tours,0.032,320
Voussert,Troyes,0.038,372
Voussert,Amiens,0.03,292
Voussert,Montauban,0.104,1040
Voussert,Valence,0.098,972
Dashen CN,Tours,0.21,6668
Dashen CN,Troyes,0.21,6668
Dashen CN,Amiens,0.21,6668
Dashen CN,Montauban,0.21,6668
Dashen CN,Valence,0.21,6668