Mask,Warehouse,Period,Quantity
FFP2,Tours,P01,1000000
FFP2,Amiens,P01,2000000
FFP2,Troyes,P01,1000000
FFP2,Montauban,P01,1500000
FFP2,Valence,P01,1500000
FFP2,Tours,P02,1030000
FFP2,Amiens,P02,2040000
FFP2,Troyes,P02,1020000
FFP2,Montauban,P02,1330000
FFP2,Valence,P02,1460000
FFP2,Tours,P03,1160000
FFP2,Amiens,P03,2040000
FFP2,Troyes,P03,1070000
FFP2,Montauban,P03,1210000
FFP2,Valence,P03,1420000
FFP2,Tours,P04,990000
FFP2,Amiens,P04,2300000
FFP2,Troyes,P04,1240000
FFP2,Montauban,P04,1130000
FFP2,Valence,P04,1480000
FFP2,Tours,P05,1010000
FFP2,Amiens,P05,2600000
FFP2,Troyes,P05,1110000
FFP2,Montauban,P05,1020000
FFP2,Valence,P05,1480000
FFP2,Tours,P06,830000
FFP2,Amiens,P06,2650000
FFP2,Troyes,P06,1210000
FFP2,Montauban,P06,960000
FFP2,Valence,P06,1440000
FFP2,Tours,P07,940000
FFP2,Amiens,P07,2950000
FFP2,Troyes,P07,1200000
FFP2,Montauban,P07,790000
FFP2,Valence,P07,1270000