{"metadata":{"asset_id":"8604ad0a-47ed-414a-bfa7-be1ae94c522d","asset_attributes":["data_asset"],"name":"customer-offer-affinity-glossary-terms.csv","asset_type":"data_asset","created_at":"2021-10-06T15:38:54Z","description":"","origin_country":"us","owner_id":"IBMid-550003B08R","project_id":"ce41b77a-7181-4ffb-a9fc-c0064e56b96e","size":41737,"tags":[],"usage":{"last_update_time":1633535117431,"last_updated_at":"2021-10-06T15:45:17Z"}},"entity":{"data_asset":{"mime_type":"text/csv","dataset":false}},"attachments":[{"id":"e0ee9947-d179-4315-9948-8d0ede6d1d82","version":2,"asset_type":"data_asset","name":"customer-offer-affinity-glossary-terms.csv","mime":"text/csv","datasource_type":"193a97c1-4475-4a19-b90c-295c4fdc6517","object_key":"customer-offer-affinity-glossary-terms.csv","creator_id":"iam-ServiceId-f49c5558-c247-4983-a04f-7d3c7a3d55da","create_time":1633534734774,"size":41737,"is_remote":false,"is_managed":false,"is_referenced":true,"is_object_key_read_only":false,"is_user_provided_path_key":true,"transfer_complete":true,"is_partitioned":false,"complete_time_ticks":1633534734774,"user_data":{},"test_doc":0,"handle":{"bucket":"financialmarketscustomerofferaffi-donotdelete-pr-4n6cuybeb0nhiy","location":"us-geo","key":"customer-offer-affinity-glossary-terms.csv","upload_id":"done","max_part_num":1},"usage":{"access_count":1,"last_accessor_id":"IBMid-550003B08R","last_access_time":1633535117431,"last_updater_id":"IBMid-550003B08R","last_update_time":1633535117431}}]}
