{"metadata":{"asset_id":"175924f1-9467-41f3-9f39-f121bad6f85a","asset_attributes":["data_asset"],"name":"offer-affinity-map-terms.csv","asset_type":"data_asset","created_at":"2021-10-06T15:45:37Z","description":"","origin_country":"us","owner_id":"IBMid-550003B08R","project_id":"ce41b77a-7181-4ffb-a9fc-c0064e56b96e","size":34211,"tags":[],"usage":{"last_update_time":1633535138814,"last_updated_at":"2021-10-06T15:45:38Z"}},"entity":{"data_asset":{"mime_type":"text/csv","dataset":false}},"attachments":[{"id":"d754c4ff-5ac1-4ae7-b468-b6788455f213","version":2,"asset_type":"data_asset","name":"offer-affinity-map-terms.csv","mime":"text/csv","datasource_type":"193a97c1-4475-4a19-b90c-295c4fdc6517","object_key":"offer-affinity-map-terms.csv","creator_id":"IBMid-550003B08R","create_time":1633535138813,"size":34211,"is_remote":false,"is_managed":false,"is_referenced":true,"is_object_key_read_only":true,"is_user_provided_path_key":true,"transfer_complete":true,"is_partitioned":false,"complete_time_ticks":1633535138813,"user_data":{},"test_doc":0,"handle":{"bucket":"financialmarketscustomerofferaffi-donotdelete-pr-4n6cuybeb0nhiy","location":"us-geo","key":"offer-affinity-map-terms.csv","upload_id":"done","max_part_num":1},"usage":{"access_count":0,"last_accessor_id":"IBMid-550003B08R","last_access_time":1633535138813}}]}
