{"metadata":{"asset_id":"2da93866-ff39-4157-a157-b65b9dcc074c","asset_attributes":["data_asset"],"name":"customer-offer-affinity-analytics-dashboard.zip","asset_type":"data_asset","created_at":"2021-10-06T15:38:54Z","description":"","origin_country":"us","owner_id":"IBMid-550003B08R","project_id":"ce41b77a-7181-4ffb-a9fc-c0064e56b96e","size":79090,"tags":[],"usage":{"last_update_time":1633535970742,"last_updated_at":"2021-10-06T15:59:30Z"}},"entity":{"data_asset":{"mime_type":"application/zip","dataset":false}},"attachments":[{"id":"e56d2130-2860-46d7-bcd4-c5b0af71cfcb","version":2,"asset_type":"data_asset","name":"customer-offer-affinity-analytics-dashboard.zip","mime":"application/zip","datasource_type":"193a97c1-4475-4a19-b90c-295c4fdc6517","object_key":"customer-offer-affinity-analytics-dashboard.zip","creator_id":"iam-ServiceId-f49c5558-c247-4983-a04f-7d3c7a3d55da","create_time":1633534734734,"size":79090,"is_remote":false,"is_managed":false,"is_referenced":true,"is_object_key_read_only":false,"is_user_provided_path_key":true,"transfer_complete":true,"is_partitioned":false,"complete_time_ticks":1633534734734,"user_data":{},"test_doc":0,"handle":{"bucket":"financialmarketscustomerofferaffi-donotdelete-pr-4n6cuybeb0nhiy","location":"us-geo","key":"customer-offer-affinity-analytics-dashboard.zip","upload_id":"done","max_part_num":1},"usage":{"access_count":1,"last_accessor_id":"IBMid-550003B08R","last_access_time":1633535970740,"last_updater_id":"IBMid-550003B08R","last_update_time":1633535970740}}]}
