{"metadata":{"asset_id":"61e3a563-a163-4454-8481-627716785fb7","asset_attributes":["data_asset","data_profile_uda"],"name":"Readme - Financial Markets Customer Offer Affinity.pdf","asset_type":"data_asset","created_at":"2021-10-06T15:38:54Z","description":"","origin_country":"us","owner_id":"IBMid-550003B08R","project_id":"ce41b77a-7181-4ffb-a9fc-c0064e56b96e","size":93743,"tags":[],"usage":{"last_update_time":1633623077147,"last_updated_at":"2021-10-07T16:11:17Z"}},"entity":{"data_asset":{"mime_type":"application/pdf","dataset":false},"data_profile_uda":{"status":"completed"}},"attachments":[{"id":"a2bea834-5ba2-44ef-bc6a-92adef4224c0","version":2,"asset_type":"data_asset","name":"Readme - Financial Markets Customer Offer Affinity.pdf","mime":"application/pdf","datasource_type":"193a97c1-4475-4a19-b90c-295c4fdc6517","object_key":"Readme - Financial Markets Customer Offer Affinity.pdf","creator_id":"iam-ServiceId-f49c5558-c247-4983-a04f-7d3c7a3d55da","create_time":1633534734815,"size":91305,"is_remote":false,"is_managed":false,"is_referenced":true,"is_object_key_read_only":false,"is_user_provided_path_key":true,"transfer_complete":true,"is_partitioned":false,"complete_time_ticks":1633534734815,"user_data":{},"test_doc":0,"handle":{"bucket":"financialmarketscustomerofferaffi-donotdelete-pr-4n6cuybeb0nhiy","location":"us-geo","key":"Readme - Financial Markets Customer Offer Affinity.pdf","upload_id":"done","max_part_num":1},"usage":{"access_count":2,"last_accessor_id":"IBMid-550003B08R","last_access_time":1633623077145,"last_updater_id":"IBMid-550003B08R","last_update_time":1633623077145}},{"id":"54ba47a2-5453-4fe7-988e-4a23a6dfad2e","version":2,"asset_type":"data_profile_uda","name":"uda_61e3a563-a163-4454-8481-627716785fb7.json","mime":"application/json","datasource_type":"193a97c1-4475-4a19-b90c-295c4fdc6517","object_key":"data_profile_uda/2021-10-06-15_39_15-uda_61e3a563-a163-4454-8481-627716785fb7.json","creator_id":"iam-ServiceId-5d9bb1d6-b10e-410d-a535-ad6b78e9773b","create_time":1633534756037,"size":1219,"is_remote":false,"is_managed":false,"is_referenced":true,"is_object_key_read_only":false,"is_user_provided_path_key":true,"transfer_complete":true,"is_partitioned":false,"complete_time_ticks":1633534756037,"user_data":{},"test_doc":0,"handle":{"bucket":"financialmarketscustomerofferaffi-donotdelete-pr-4n6cuybeb0nhiy","location":"us-geo","key":"data_profile_uda/2021-10-06-15_39_15-uda_61e3a563-a163-4454-8481-627716785fb7.json","upload_id":"done","max_part_num":1},"usage":{"access_count":0,"last_accessor_id":"iam-ServiceId-5d9bb1d6-b10e-410d-a535-ad6b78e9773b","last_access_time":1633534756037}},{"id":"e441df03-84cd-43dc-b360-520f675cf98e","version":2,"asset_type":"data_profile_uda","name":"uda_61e3a563-a163-4454-8481-627716785fb7.json","mime":"application/json","datasource_type":"193a97c1-4475-4a19-b90c-295c4fdc6517","object_key":"data_profile_uda/2021-10-06-15_39_26-uda_61e3a563-a163-4454-8481-627716785fb7.json","creator_id":"iam-ServiceId-5d9bb1d6-b10e-410d-a535-ad6b78e9773b","create_time":1633534767781,"size":1219,"is_remote":false,"is_managed":false,"is_referenced":true,"is_object_key_read_only":false,"is_user_provided_path_key":true,"transfer_complete":true,"is_partitioned":false,"complete_time_ticks":1633534767781,"user_data":{},"test_doc":0,"handle":{"bucket":"financialmarketscustomerofferaffi-donotdelete-pr-4n6cuybeb0nhiy","location":"us-geo","key":"data_profile_uda/2021-10-06-15_39_26-uda_61e3a563-a163-4454-8481-627716785fb7.json","upload_id":"done","max_part_num":1},"usage":{"access_count":0,"last_accessor_id":"iam-ServiceId-5d9bb1d6-b10e-410d-a535-ad6b78e9773b","last_access_time":1633534767781}}]}
