{"metadata":{"asset_id":"1cda38b4-ff9c-478e-8b2d-4fba2289ec63","asset_attributes":["data_asset"],"name":"CUSTOMER_PRODUCT_HISTORY.sql","asset_type":"data_asset","created_at":"2021-10-06T15:38:54Z","description":"","origin_country":"us","owner_id":"IBMid-550003B08R","project_id":"ce41b77a-7181-4ffb-a9fc-c0064e56b96e","size":32245,"tags":[],"usage":{"last_update_time":1633534734955,"last_updated_at":"2021-10-06T15:38:54Z"}},"entity":{"data_asset":{"mime_type":"application/octet-stream","dataset":false}},"attachments":[{"id":"3cdf2982-3cad-4e51-ab68-5b7ea4aa8952","version":2,"asset_type":"data_asset","name":"CUSTOMER_PRODUCT_HISTORY.sql","mime":"application/octet-stream","datasource_type":"193a97c1-4475-4a19-b90c-295c4fdc6517","object_key":"CUSTOMER_PRODUCT_HISTORY.sql","creator_id":"iam-ServiceId-f49c5558-c247-4983-a04f-7d3c7a3d55da","create_time":1633534734816,"size":32245,"is_remote":false,"is_managed":false,"is_referenced":true,"is_object_key_read_only":false,"is_user_provided_path_key":true,"transfer_complete":true,"is_partitioned":false,"complete_time_ticks":1633534734816,"user_data":{},"test_doc":0,"handle":{"bucket":"financialmarketscustomerofferaffi-donotdelete-pr-4n6cuybeb0nhiy","location":"us-geo","key":"CUSTOMER_PRODUCT_HISTORY.sql","upload_id":"done","max_part_num":1},"usage":{"access_count":0,"last_accessor_id":"iam-ServiceId-f49c5558-c247-4983-a04f-7d3c7a3d55da","last_access_time":1633534734816}}]}
