{"metadata":{"asset_id":"09685575-3640-4913-8de3-9ff72c153800","asset_attributes":["notebook"],"name":"import-wkc-glossary","asset_type":"notebook","created_at":"2021-10-06T15:39:59Z","description":"","origin_country":"us","owner_id":"IBMid-550003B08R","project_id":"ce41b77a-7181-4ffb-a9fc-c0064e56b96e","size":55495,"tags":["notebook"],"usage":{"last_update_time":1633607078539,"last_updated_at":"2021-10-07T11:44:38Z"}},"entity":{"notebook":{"kernel":{"name":"python3","display_name":"Python 3.8","language":"python"},"originates_from":{"type":"blank"},"runtime":{"environment":"conda2py38-ce41b77a-7181-4ffb-a9fc-c0064e56b96e"}}},"attachments":[{"id":"e5725ed7-1859-4be7-9fdc-3fd92a1de522","version":2,"asset_type":"notebook","name":"attachment for notebook 09685575-3640-4913-8de3-9ff72c153800","description":"attachment for notebook 09685575-3640-4913-8de3-9ff72c153800","mime":"application/json","datasource_type":"193a97c1-4475-4a19-b90c-295c4fdc6517","object_key":"notebook/import-wkc-glossary_GAgXFF_Bs.ipynb","creator_id":"IBMid-550003B08R","create_time":1633534800397,"size":55495,"is_remote":false,"is_managed":false,"is_referenced":true,"is_object_key_read_only":false,"is_user_provided_path_key":true,"transfer_complete":true,"is_partitioned":false,"complete_time_ticks":1633534800397,"user_data":{},"test_doc":0,"handle":{"bucket":"financialmarketscustomerofferaffi-donotdelete-pr-4n6cuybeb0nhiy","location":"us-geo","key":"notebook/import-wkc-glossary_GAgXFF_Bs.ipynb","upload_id":"done","max_part_num":1},"usage":{"access_count":0,"last_accessor_id":"IBMid-550003B08R","last_access_time":1633534800397}}]}
