{"metadata":{"asset_id":"94ec243e-5840-4ba8-a048-a5d575356aeb","asset_attributes":["notebook"],"name":"2-model-training","asset_type":"notebook","created_at":"2021-10-06T15:38:55Z","description":"","origin_country":"us","owner_id":"iam-ServiceId-9e68bc5f-c5f6-4f6f-8bcf-e57f47b9d1b1","project_id":"ce41b77a-7181-4ffb-a9fc-c0064e56b96e","size":526367,"tags":["notebook"],"usage":{"last_update_time":1633607220396,"last_updated_at":"2021-10-07T11:47:00Z"}},"entity":{"notebook":{"kernel":{"name":"python3","display_name":"Python 3.8","language":"python"},"originates_from":{"type":"file"},"runtime":{"environment":"conda2py38-ce41b77a-7181-4ffb-a9fc-c0064e56b96e"}}},"attachments":[{"id":"d231ca25-7812-481d-9358-8a7dc0ea5433","version":2,"asset_type":"notebook","name":"attachment for notebook 94ec243e-5840-4ba8-a048-a5d575356aeb","description":"attachment for notebook 94ec243e-5840-4ba8-a048-a5d575356aeb","mime":"application/json","datasource_type":"193a97c1-4475-4a19-b90c-295c4fdc6517","object_key":"notebook/1-model-training_31ziu3GLi.ipynb","creator_id":"IBMid-550003B08R","create_time":1633534735886,"size":526367,"is_remote":false,"is_managed":false,"is_referenced":true,"is_object_key_read_only":false,"is_user_provided_path_key":true,"transfer_complete":true,"is_partitioned":false,"complete_time_ticks":1633534735886,"user_data":{},"test_doc":0,"handle":{"bucket":"financialmarketscustomerofferaffi-donotdelete-pr-4n6cuybeb0nhiy","location":"us-geo","key":"notebook/1-model-training_31ziu3GLi.ipynb","upload_id":"done","max_part_num":1},"usage":{"access_count":0,"last_accessor_id":"IBMid-550003B08R","last_access_time":1633534735886}}]}
