{"metadata":{"asset_id":"ffec12dc-277f-4d04-8071-6362511dedd8","asset_attributes":["notebook"],"name":"1-data-preprocessing","asset_type":"notebook","created_at":"2021-10-06T15:38:55Z","description":"","origin_country":"us","owner_id":"iam-ServiceId-9e68bc5f-c5f6-4f6f-8bcf-e57f47b9d1b1","project_id":"ce41b77a-7181-4ffb-a9fc-c0064e56b96e","size":77732,"tags":["notebook"],"usage":{"last_update_time":1633607187461,"last_updated_at":"2021-10-07T11:46:27Z"}},"entity":{"notebook":{"kernel":{"name":"python3","display_name":"Python 3.8","language":"python"},"originates_from":{"type":"file"},"runtime":{"environment":"conda2py38-ce41b77a-7181-4ffb-a9fc-c0064e56b96e"}}},"attachments":[{"id":"bca2d98b-0403-4ea1-8f2e-c0a32204dc90","version":2,"asset_type":"notebook","name":"attachment for notebook ffec12dc-277f-4d04-8071-6362511dedd8","description":"attachment for notebook ffec12dc-277f-4d04-8071-6362511dedd8","mime":"application/json","datasource_type":"193a97c1-4475-4a19-b90c-295c4fdc6517","object_key":"notebook/1-Data-Preprocessing_rsbrJKZP2.ipynb","creator_id":"IBMid-550003B08R","create_time":1633534735895,"size":77732,"is_remote":false,"is_managed":false,"is_referenced":true,"is_object_key_read_only":false,"is_user_provided_path_key":true,"transfer_complete":true,"is_partitioned":false,"complete_time_ticks":1633534735895,"user_data":{},"test_doc":0,"handle":{"bucket":"financialmarketscustomerofferaffi-donotdelete-pr-4n6cuybeb0nhiy","location":"us-geo","key":"notebook/1-Data-Preprocessing_rsbrJKZP2.ipynb","upload_id":"done","max_part_num":1},"usage":{"access_count":0,"last_accessor_id":"IBMid-550003B08R","last_access_time":1633534735895}}]}
