{"metadata":{"asset_id":"2bf057ee-db16-4a0c-86d3-929e2cf81b04","asset_attributes":["data_asset"],"name":"CUSTOMER_HISTORY_VIEW.sql","asset_type":"data_asset","created_at":"2021-08-16T15:20:58Z","description":"","origin_country":"us","owner_id":"IBMid-550003B08R","project_id":"e09851d3-e386-45e3-adcb-6aaa5c621cb3","size":22386,"tags":[],"usage":{"last_update_time":1629127258989,"last_updated_at":"2021-08-16T15:20:58Z"}},"entity":{"data_asset":{"mime_type":"application/octet-stream","dataset":false}},"attachments":[{"id":"03504cd2-619d-4255-94e3-6ff2ae109733","version":2,"asset_type":"data_asset","name":"CUSTOMER_HISTORY_VIEW.sql","mime":"application/octet-stream","datasource_type":"193a97c1-4475-4a19-b90c-295c4fdc6517","object_key":"CUSTOMER_HISTORY_VIEW.sql","creator_id":"iam-ServiceId-f49c5558-c247-4983-a04f-7d3c7a3d55da","create_time":1629127258811,"size":22386,"is_remote":false,"is_managed":false,"is_referenced":true,"is_object_key_read_only":false,"is_user_provided_path_key":true,"transfer_complete":true,"is_partitioned":false,"complete_time_ticks":1629127258811,"user_data":{},"test_doc":0,"handle":{"bucket":"financialmarketscustomerattrition-donotdelete-pr-vhygbvk5qpylkd","location":"us-geo","key":"CUSTOMER_HISTORY_VIEW.sql","upload_id":"done","max_part_num":1},"usage":{"access_count":0,"last_accessor_id":"iam-ServiceId-f49c5558-c247-4983-a04f-7d3c7a3d55da","last_access_time":1629127258811}}]}
