{"metadata":{"asset_id":"ed432d6f-a27c-4fe2-a7fb-9737d3598637","asset_attributes":["data_asset"],"name":"account_summary.csv","asset_type":"data_asset","created_at":"2021-08-16T15:20:58Z","description":"","origin_country":"us","owner_id":"IBMid-550003B08R","project_id":"e09851d3-e386-45e3-adcb-6aaa5c621cb3","size":14863961,"tags":[],"usage":{"last_update_time":1629127259135,"last_updated_at":"2021-08-16T15:20:59Z"}},"entity":{"data_asset":{"mime_type":"text/csv","dataset":false}},"attachments":[{"id":"783f41dc-4ac2-4b84-8702-4adaae61e1b5","version":2,"asset_type":"data_asset","name":"account_summary.csv","mime":"text/csv","datasource_type":"193a97c1-4475-4a19-b90c-295c4fdc6517","object_key":"account_summary.csv","creator_id":"iam-ServiceId-f49c5558-c247-4983-a04f-7d3c7a3d55da","create_time":1629127258896,"size":14863961,"is_remote":false,"is_managed":false,"is_referenced":true,"is_object_key_read_only":false,"is_user_provided_path_key":true,"transfer_complete":true,"is_partitioned":false,"complete_time_ticks":1629127258896,"user_data":{},"test_doc":0,"handle":{"bucket":"financialmarketscustomerattrition-donotdelete-pr-vhygbvk5qpylkd","location":"us-geo","key":"account_summary.csv","upload_id":"done","max_part_num":1},"usage":{"access_count":0,"last_accessor_id":"iam-ServiceId-f49c5558-c247-4983-a04f-7d3c7a3d55da","last_access_time":1629127258896}}]}
