{"metadata":{"asset_id":"27e1f191-496c-450b-94eb-5342d7d350fd","asset_attributes":["data_asset"],"name":"customer-attrition-prediction-glossary-categories.csv","asset_type":"data_asset","created_at":"2021-10-06T08:52:26Z","description":"","origin_country":"us","owner_id":"IBMid-550003B08R","project_id":"e09851d3-e386-45e3-adcb-6aaa5c621cb3","size":567,"tags":[],"usage":{"last_update_time":1633510348628,"last_updated_at":"2021-10-06T08:52:28Z"}},"entity":{"data_asset":{"mime_type":"text/csv","dataset":false}},"attachments":[{"id":"3e99ae94-266b-491a-9abd-730bd566f29f","version":2,"asset_type":"data_asset","name":"customer-attrition-prediction-glossary-categories.csv","mime":"text/csv","datasource_type":"193a97c1-4475-4a19-b90c-295c4fdc6517","object_key":"customer-attrition-prediction-glossary-categories.csv","creator_id":"IBMid-550003B08R","create_time":1633510348627,"size":567,"is_remote":false,"is_managed":false,"is_referenced":true,"is_object_key_read_only":true,"is_user_provided_path_key":true,"transfer_complete":true,"is_partitioned":false,"complete_time_ticks":1633510348627,"user_data":{},"test_doc":0,"handle":{"bucket":"financialmarketscustomerattrition-donotdelete-pr-vhygbvk5qpylkd","location":"us-geo","key":"customer-attrition-prediction-glossary-categories.csv","upload_id":"done","max_part_num":1},"usage":{"access_count":0,"last_accessor_id":"IBMid-550003B08R","last_access_time":1633510348627}}]}
