{"metadata":{"asset_id":"1e67fe35-37a0-47a9-9112-115f3f1070d3","asset_attributes":["data_asset","data_profile_uda"],"name":"Readme-Financial Markets Customer Attrition Prediction.pdf","asset_type":"data_asset","created_at":"2021-09-14T12:26:11Z","description":"","origin_country":"us","owner_id":"IBMid-550003B08R","project_id":"e09851d3-e386-45e3-adcb-6aaa5c621cb3","size":91493,"tags":[],"usage":{"last_update_time":1631622397186,"last_updated_at":"2021-09-14T12:26:37Z"}},"entity":{"data_asset":{"mime_type":"application/pdf","dataset":false},"data_profile_uda":{"status":"completed"}},"attachments":[{"id":"a03d602e-af4f-441b-823c-57e2185acbf2","version":2,"asset_type":"data_asset","name":"Readme-Financial Markets Customer Attrition Prediction.pdf","mime":"application/pdf","datasource_type":"193a97c1-4475-4a19-b90c-295c4fdc6517","object_key":"Readme-Financial Markets Customer Attrition Prediction.pdf","creator_id":"IBMid-550003B08R","create_time":1631622371778,"size":89047,"is_remote":false,"is_managed":false,"is_referenced":true,"is_object_key_read_only":true,"is_user_provided_path_key":true,"transfer_complete":true,"is_partitioned":false,"complete_time_ticks":1631622371778,"user_data":{},"test_doc":0,"handle":{"bucket":"financialmarketscustomerattrition-donotdelete-pr-vhygbvk5qpylkd","location":"us-geo","key":"Readme-Financial Markets Customer Attrition Prediction.pdf","upload_id":"done","max_part_num":1},"usage":{"access_count":0,"last_accessor_id":"IBMid-550003B08R","last_access_time":1631622371778}},{"id":"49dc0c85-3520-4ced-90be-8a166567f0f9","version":2,"asset_type":"data_profile_uda","name":"uda_1e67fe35-37a0-47a9-9112-115f3f1070d3.json","mime":"application/json","datasource_type":"193a97c1-4475-4a19-b90c-295c4fdc6517","object_key":"data_profile_uda/2021-09-14-12_26_35-uda_1e67fe35-37a0-47a9-9112-115f3f1070d3.json","creator_id":"iam-ServiceId-5d9bb1d6-b10e-410d-a535-ad6b78e9773b","create_time":1631622396479,"size":1223,"is_remote":false,"is_managed":false,"is_referenced":true,"is_object_key_read_only":false,"is_user_provided_path_key":true,"transfer_complete":true,"is_partitioned":false,"complete_time_ticks":1631622396479,"user_data":{},"test_doc":0,"handle":{"bucket":"financialmarketscustomerattrition-donotdelete-pr-vhygbvk5qpylkd","location":"us-geo","key":"data_profile_uda/2021-09-14-12_26_35-uda_1e67fe35-37a0-47a9-9112-115f3f1070d3.json","upload_id":"done","max_part_num":1},"usage":{"access_count":0,"last_accessor_id":"iam-ServiceId-5d9bb1d6-b10e-410d-a535-ad6b78e9773b","last_access_time":1631622396479}},{"id":"3243e240-b7f8-4b8d-9c44-20cf7de36f3d","version":2,"asset_type":"data_profile_uda","name":"uda_1e67fe35-37a0-47a9-9112-115f3f1070d3.json","mime":"application/json","datasource_type":"193a97c1-4475-4a19-b90c-295c4fdc6517","object_key":"data_profile_uda/2021-09-14-12_26_35-uda_1e67fe35-37a0-47a9-9112-115f3f1070d3.json","creator_id":"iam-ServiceId-5d9bb1d6-b10e-410d-a535-ad6b78e9773b","create_time":1631622396784,"size":1223,"is_remote":false,"is_managed":false,"is_referenced":true,"is_object_key_read_only":false,"is_user_provided_path_key":true,"transfer_complete":true,"is_partitioned":false,"complete_time_ticks":1631622396784,"user_data":{},"test_doc":0,"handle":{"bucket":"financialmarketscustomerattrition-donotdelete-pr-vhygbvk5qpylkd","location":"us-geo","key":"data_profile_uda/2021-09-14-12_26_35-uda_1e67fe35-37a0-47a9-9112-115f3f1070d3.json","upload_id":"done","max_part_num":1},"usage":{"access_count":0,"last_accessor_id":"iam-ServiceId-5d9bb1d6-b10e-410d-a535-ad6b78e9773b","last_access_time":1631622396784}}]}
