{"metadata":{"asset_id":"e61b832d-d1ff-472b-b9a1-29b865e73102","asset_attributes":["data_asset"],"name":"customer_history.csv","asset_type":"data_asset","created_at":"2021-08-16T15:20:58Z","description":"","origin_country":"us","owner_id":"IBMid-550003B08R","project_id":"e09851d3-e386-45e3-adcb-6aaa5c621cb3","size":22543588,"tags":[],"usage":{"last_update_time":1629127259338,"last_updated_at":"2021-08-16T15:20:59Z"}},"entity":{"data_asset":{"mime_type":"text/csv","dataset":false}},"attachments":[{"id":"1cbb3098-0467-4de3-ac52-3e966428e9ce","version":2,"asset_type":"data_asset","name":"customer_history.csv","mime":"text/csv","datasource_type":"193a97c1-4475-4a19-b90c-295c4fdc6517","object_key":"customer_history.csv","creator_id":"iam-ServiceId-f49c5558-c247-4983-a04f-7d3c7a3d55da","create_time":1629127259132,"size":22543588,"is_remote":false,"is_managed":false,"is_referenced":true,"is_object_key_read_only":false,"is_user_provided_path_key":true,"transfer_complete":true,"is_partitioned":false,"complete_time_ticks":1629127259132,"user_data":{},"test_doc":0,"handle":{"bucket":"financialmarketscustomerattrition-donotdelete-pr-vhygbvk5qpylkd","location":"us-geo","key":"customer_history.csv","upload_id":"done","max_part_num":1},"usage":{"access_count":0,"last_accessor_id":"iam-ServiceId-f49c5558-c247-4983-a04f-7d3c7a3d55da","last_access_time":1629127259132}}]}
