{"metadata":{"asset_id":"b69013ae-f767-4b17-97f2-325e6352c490","asset_attributes":["data_asset"],"name":"customer-attrition-prediction-glossary-terms.csv","asset_type":"data_asset","created_at":"2021-10-06T08:52:27Z","description":"","origin_country":"us","owner_id":"IBMid-550003B08R","project_id":"e09851d3-e386-45e3-adcb-6aaa5c621cb3","size":42103,"tags":[],"usage":{"last_update_time":1633510350989,"last_updated_at":"2021-10-06T08:52:30Z"}},"entity":{"data_asset":{"mime_type":"text/csv","dataset":false}},"attachments":[{"id":"c738ce5a-b685-4273-9884-db1b3af9dd48","version":2,"asset_type":"data_asset","name":"customer-attrition-prediction-glossary-terms.csv","mime":"text/csv","datasource_type":"193a97c1-4475-4a19-b90c-295c4fdc6517","object_key":"customer-attrition-prediction-glossary-terms.csv","creator_id":"IBMid-550003B08R","create_time":1633510350989,"size":42103,"is_remote":false,"is_managed":false,"is_referenced":true,"is_object_key_read_only":true,"is_user_provided_path_key":true,"transfer_complete":true,"is_partitioned":false,"complete_time_ticks":1633510350989,"user_data":{},"test_doc":0,"handle":{"bucket":"financialmarketscustomerattrition-donotdelete-pr-vhygbvk5qpylkd","location":"us-geo","key":"customer-attrition-prediction-glossary-terms.csv","upload_id":"done","max_part_num":1},"usage":{"access_count":0,"last_accessor_id":"IBMid-550003B08R","last_access_time":1633510350989}}]}
