{"metadata":{"asset_id":"c4296fc3-aae3-4639-88e4-9d721a2c572b","asset_attributes":["data_asset","data_profile_uda"],"name":"Readme-Fincancial Markets Customer Attrition Prediction.pdf","asset_type":"data_asset","created_at":"2021-10-06T09:58:54Z","description":"","origin_country":"us","owner_id":"IBMid-550003B08R","project_id":"e09851d3-e386-45e3-adcb-6aaa5c621cb3","size":94869,"tags":[],"usage":{"last_update_time":1633622931157,"last_updated_at":"2021-10-07T16:08:51Z"}},"entity":{"data_asset":{"mime_type":"application/pdf","dataset":false},"data_profile_uda":{"status":"completed"}},"attachments":[{"id":"dadf3984-89cd-4a61-8e44-8af892c4d731","version":2,"asset_type":"data_asset","name":"Readme-Fincancial Markets Customer Attrition Prediction.pdf","mime":"application/pdf","datasource_type":"193a97c1-4475-4a19-b90c-295c4fdc6517","object_key":"Readme-Fincancial Markets Customer Attrition Prediction.pdf","creator_id":"IBMid-550003B08R","create_time":1633514334931,"size":92421,"is_remote":false,"is_managed":false,"is_referenced":true,"is_object_key_read_only":true,"is_user_provided_path_key":true,"transfer_complete":true,"is_partitioned":false,"complete_time_ticks":1633514334931,"user_data":{},"test_doc":0,"handle":{"bucket":"financialmarketscustomerattrition-donotdelete-pr-vhygbvk5qpylkd","location":"us-geo","key":"Readme-Fincancial Markets Customer Attrition Prediction.pdf","upload_id":"done","max_part_num":1},"usage":{"access_count":1,"last_accessor_id":"IBMid-550003B08R","last_access_time":1633622931155,"last_updater_id":"IBMid-550003B08R","last_update_time":1633622931155}},{"id":"d649d2b4-6997-4191-95a9-e6d4bc916fe4","version":2,"asset_type":"data_profile_uda","name":"uda_c4296fc3-aae3-4639-88e4-9d721a2c572b.json","mime":"application/json","datasource_type":"193a97c1-4475-4a19-b90c-295c4fdc6517","object_key":"data_profile_uda/2021-10-06-09_59_16-uda_c4296fc3-aae3-4639-88e4-9d721a2c572b.json","creator_id":"iam-ServiceId-5d9bb1d6-b10e-410d-a535-ad6b78e9773b","create_time":1633514358790,"size":1224,"is_remote":false,"is_managed":false,"is_referenced":true,"is_object_key_read_only":false,"is_user_provided_path_key":true,"transfer_complete":true,"is_partitioned":false,"complete_time_ticks":1633514358790,"user_data":{},"test_doc":0,"handle":{"bucket":"financialmarketscustomerattrition-donotdelete-pr-vhygbvk5qpylkd","location":"us-geo","key":"data_profile_uda/2021-10-06-09_59_16-uda_c4296fc3-aae3-4639-88e4-9d721a2c572b.json","upload_id":"done","max_part_num":1},"usage":{"access_count":0,"last_accessor_id":"iam-ServiceId-5d9bb1d6-b10e-410d-a535-ad6b78e9773b","last_access_time":1633514358790}},{"id":"00657ab5-1ce2-49f7-a803-4c354e3198b1","version":2,"asset_type":"data_profile_uda","name":"uda_c4296fc3-aae3-4639-88e4-9d721a2c572b.json","mime":"application/json","datasource_type":"193a97c1-4475-4a19-b90c-295c4fdc6517","object_key":"data_profile_uda/2021-10-06-09_59_30-uda_c4296fc3-aae3-4639-88e4-9d721a2c572b.json","creator_id":"iam-ServiceId-5d9bb1d6-b10e-410d-a535-ad6b78e9773b","create_time":1633514371716,"size":1224,"is_remote":false,"is_managed":false,"is_referenced":true,"is_object_key_read_only":false,"is_user_provided_path_key":true,"transfer_complete":true,"is_partitioned":false,"complete_time_ticks":1633514371716,"user_data":{},"test_doc":0,"handle":{"bucket":"financialmarketscustomerattrition-donotdelete-pr-vhygbvk5qpylkd","location":"us-geo","key":"data_profile_uda/2021-10-06-09_59_30-uda_c4296fc3-aae3-4639-88e4-9d721a2c572b.json","upload_id":"done","max_part_num":1},"usage":{"access_count":0,"last_accessor_id":"iam-ServiceId-5d9bb1d6-b10e-410d-a535-ad6b78e9773b","last_access_time":1633514371716}}]}
