{"metadata":{"asset_id":"68e19c6f-8070-41cb-bbd5-45c8e490ab5e","asset_attributes":["data_asset"],"name":"customer-attrition-prediction-analytics-dashboard.zip","asset_type":"data_asset","created_at":"2021-10-06T10:03:10Z","description":"","origin_country":"us","owner_id":"IBMid-550003B08R","project_id":"e09851d3-e386-45e3-adcb-6aaa5c621cb3","size":108868,"tags":[],"usage":{"last_update_time":1633514591162,"last_updated_at":"2021-10-06T10:03:11Z"}},"entity":{"data_asset":{"mime_type":"application/zip","dataset":false}},"attachments":[{"id":"40fbbd92-7aca-4cb7-b718-5b8ced2a198c","version":2,"asset_type":"data_asset","name":"customer-attrition-prediction-analytics-dashboard.zip","mime":"application/zip","datasource_type":"193a97c1-4475-4a19-b90c-295c4fdc6517","object_key":"customer-attrition-prediction-analytics-dashboard.zip","creator_id":"IBMid-550003B08R","create_time":1633514591161,"size":108868,"is_remote":false,"is_managed":false,"is_referenced":true,"is_object_key_read_only":true,"is_user_provided_path_key":true,"transfer_complete":true,"is_partitioned":false,"complete_time_ticks":1633514591161,"user_data":{},"test_doc":0,"handle":{"bucket":"financialmarketscustomerattrition-donotdelete-pr-vhygbvk5qpylkd","location":"us-geo","key":"customer-attrition-prediction-analytics-dashboard.zip","upload_id":"done","max_part_num":1},"usage":{"access_count":0,"last_accessor_id":"IBMid-550003B08R","last_access_time":1633514591161}}]}
