{"metadata":{"asset_id":"a26f5922-6539-4a9a-a1a6-36548ac4c52e","asset_attributes":["notebook"],"name":"import-wkc-glossary","asset_type":"notebook","created_at":"2021-10-06T08:50:00Z","description":"","origin_country":"us","owner_id":"IBMid-550003B08R","project_id":"e09851d3-e386-45e3-adcb-6aaa5c621cb3","size":37074,"tags":["notebook"],"usage":{"last_update_time":1633615144955,"last_updated_at":"2021-10-07T13:59:04Z"}},"entity":{"notebook":{"kernel":{"name":"python3","display_name":"Python 3.8","language":"python"},"originates_from":{"type":"blank"},"runtime":{"environment":"conda2py38-e09851d3-e386-45e3-adcb-6aaa5c621cb3"}}},"attachments":[{"id":"eb06f2aa-c5e4-4431-960c-e7b0c8c253d4","version":2,"asset_type":"notebook","name":"attachment for notebook a26f5922-6539-4a9a-a1a6-36548ac4c52e","description":"attachment for notebook a26f5922-6539-4a9a-a1a6-36548ac4c52e","mime":"application/json","datasource_type":"193a97c1-4475-4a19-b90c-295c4fdc6517","object_key":"notebook/import-wkc-glossary_Vx188RmTv.ipynb","creator_id":"IBMid-550003B08R","create_time":1633510200811,"size":37074,"is_remote":false,"is_managed":false,"is_referenced":true,"is_object_key_read_only":false,"is_user_provided_path_key":true,"transfer_complete":true,"is_partitioned":false,"complete_time_ticks":1633510200811,"user_data":{},"test_doc":0,"handle":{"bucket":"financialmarketscustomerattrition-donotdelete-pr-vhygbvk5qpylkd","location":"us-geo","key":"notebook/import-wkc-glossary_Vx188RmTv.ipynb","upload_id":"done","max_part_num":1},"usage":{"access_count":0,"last_accessor_id":"IBMid-550003B08R","last_access_time":1633510200811}}]}
