{"metadata":{"asset_id":"c9412e38-4648-4ac5-a771-b6f400d6b251","asset_attributes":["notebook"],"name":"2-model-training","asset_type":"notebook","created_at":"2021-08-16T15:21:00Z","description":"","origin_country":"us","owner_id":"iam-ServiceId-9e68bc5f-c5f6-4f6f-8bcf-e57f47b9d1b1","project_id":"e09851d3-e386-45e3-adcb-6aaa5c621cb3","size":133527,"tags":["notebook"],"usage":{"last_update_time":1633615187899,"last_updated_at":"2021-10-07T13:59:47Z"}},"entity":{"notebook":{"kernel":{"name":"python3","display_name":"Python 3.8","language":"python"},"originates_from":{"type":"file"},"runtime":{"environment":"conda2py38-e09851d3-e386-45e3-adcb-6aaa5c621cb3"}}},"attachments":[{"id":"0bb249ae-3800-4057-bf18-39c8eaa8b806","version":2,"asset_type":"notebook","name":"attachment for notebook c9412e38-4648-4ac5-a771-b6f400d6b251","description":"attachment for notebook c9412e38-4648-4ac5-a771-b6f400d6b251","mime":"application/json","datasource_type":"193a97c1-4475-4a19-b90c-295c4fdc6517","object_key":"notebook/1-model_training_8Htl7NxwB.ipynb","creator_id":"IBMid-550003B08R","create_time":1629127261434,"size":133527,"is_remote":false,"is_managed":false,"is_referenced":true,"is_object_key_read_only":false,"is_user_provided_path_key":true,"transfer_complete":true,"is_partitioned":false,"complete_time_ticks":1629127261434,"user_data":{},"test_doc":0,"handle":{"bucket":"financialmarketscustomerattrition-donotdelete-pr-vhygbvk5qpylkd","location":"us-geo","key":"notebook/1-model_training_8Htl7NxwB.ipynb","upload_id":"done","max_part_num":1},"usage":{"access_count":0,"last_accessor_id":"IBMid-550003B08R","last_access_time":1629127261434}}]}
