{"metadata":{"asset_id":"8df15bb1-6b5f-43a4-a1d7-531253eb6a6e","asset_attributes":["wml_function"],"name":"Customer Attrition Prediction Scoring Function","asset_type":"wml_function","created_at":"2021-08-16T15:21:00Z","description":"","origin_country":"us","owner_id":"IBMid-550003B08R","project_id":"e09851d3-e386-45e3-adcb-6aaa5c621cb3","sandbox_id":"e09851d3-e386-45e3-adcb-6aaa5c621cb3","size":0,"tags":[],"usage":{"last_update_time":1629127261791,"last_updated_at":"2021-08-16T15:21:01Z"}},"entity":{"wml_function":{"software_spec":{"base_id":"e4429883-c883-42b6-87a8-f419d64088cd","name":"default_py3.7"},"ml_version":"4.0.0","type":"python","schemas":{"input":[{"fields":[{"name":"CUSTOMER ID","type":"int"},{"name":"sc_end_date","type":"date"}],"id":"1","type":"struct"}],"output":[{"fields":[{"name":"Probability_of_Attrition","type":"double"}],"id":"1","type":"struct"}]}}}}
