{"metadata":{"asset_id":"0d30e60d-2b49-422b-b094-2501f85fc1ba","asset_attributes":["data_asset"],"name":"customer-life-event-prediction-map-terms.csv","asset_type":"data_asset","created_at":"2021-10-06T10:30:08Z","description":"","origin_country":"us","owner_id":"IBMid-550003B08R","project_id":"492eab75-ed16-4960-933c-42227fefd3a9","size":9302,"tags":[],"usage":{"last_update_time":1633516209526,"last_updated_at":"2021-10-06T10:30:09Z"}},"entity":{"data_asset":{"mime_type":"text/csv","dataset":false}},"attachments":[{"id":"bf11670d-289b-45b5-8c70-d6bbf9e1094d","version":2,"asset_type":"data_asset","name":"customer-life-event-prediction-map-terms.csv","mime":"text/csv","datasource_type":"193a97c1-4475-4a19-b90c-295c4fdc6517","object_key":"customer-life-event-prediction-map-terms.csv","creator_id":"IBMid-550003B08R","create_time":1633516209526,"size":9302,"is_remote":false,"is_managed":false,"is_referenced":true,"is_object_key_read_only":true,"is_user_provided_path_key":true,"transfer_complete":true,"is_partitioned":false,"complete_time_ticks":1633516209526,"user_data":{},"test_doc":0,"handle":{"bucket":"financialmarketscustomerlifeevent-donotdelete-pr-zywclkb1jhresi","location":"us-geo","key":"customer-life-event-prediction-map-terms.csv","upload_id":"done","max_part_num":1},"usage":{"access_count":0,"last_accessor_id":"IBMid-550003B08R","last_access_time":1633516209526}}]}
