{"metadata":{"asset_id":"d6e8cb7d-65fe-4108-af8c-c2ec5424150f","asset_attributes":["data_asset","data_profile_uda"],"name":"Readme - Financial Markets Customer Life Event Prediction.pdf","asset_type":"data_asset","created_at":"2021-10-06T11:03:22Z","description":"","origin_country":"us","owner_id":"IBMid-550003B08R","project_id":"492eab75-ed16-4960-933c-42227fefd3a9","size":95375,"tags":[],"usage":{"last_update_time":1633623158265,"last_updated_at":"2021-10-07T16:12:38Z"}},"entity":{"data_asset":{"mime_type":"application/pdf","dataset":false},"data_profile_uda":{"status":"completed"}},"attachments":[{"id":"0babc2e0-d5f7-4af5-821e-4574b568300f","version":2,"asset_type":"data_asset","name":"Readme - Financial Markets Customer Life Event Prediction.pdf","mime":"application/pdf","datasource_type":"193a97c1-4475-4a19-b90c-295c4fdc6517","object_key":"Readme - Financial Markets Customer Life Event Prediction.pdf","creator_id":"IBMid-550003B08R","create_time":1633518203389,"size":92923,"is_remote":false,"is_managed":false,"is_referenced":true,"is_object_key_read_only":true,"is_user_provided_path_key":true,"transfer_complete":true,"is_partitioned":false,"complete_time_ticks":1633518203389,"user_data":{},"test_doc":0,"handle":{"bucket":"financialmarketscustomerlifeevent-donotdelete-pr-zywclkb1jhresi","location":"us-geo","key":"Readme - Financial Markets Customer Life Event Prediction.pdf","upload_id":"done","max_part_num":1},"usage":{"access_count":1,"last_accessor_id":"IBMid-550003B08R","last_access_time":1633623158263,"last_updater_id":"IBMid-550003B08R","last_update_time":1633623158263}},{"id":"7050a546-bec5-4e03-81aa-bc374cbf5a54","version":2,"asset_type":"data_profile_uda","name":"uda_d6e8cb7d-65fe-4108-af8c-c2ec5424150f.json","mime":"application/json","datasource_type":"193a97c1-4475-4a19-b90c-295c4fdc6517","object_key":"data_profile_uda/2021-10-06-11_03_47-uda_d6e8cb7d-65fe-4108-af8c-c2ec5424150f.json","creator_id":"iam-ServiceId-5d9bb1d6-b10e-410d-a535-ad6b78e9773b","create_time":1633518228493,"size":1226,"is_remote":false,"is_managed":false,"is_referenced":true,"is_object_key_read_only":false,"is_user_provided_path_key":true,"transfer_complete":true,"is_partitioned":false,"complete_time_ticks":1633518228493,"user_data":{},"test_doc":0,"handle":{"bucket":"financialmarketscustomerlifeevent-donotdelete-pr-zywclkb1jhresi","location":"us-geo","key":"data_profile_uda/2021-10-06-11_03_47-uda_d6e8cb7d-65fe-4108-af8c-c2ec5424150f.json","upload_id":"done","max_part_num":1},"usage":{"access_count":0,"last_accessor_id":"iam-ServiceId-5d9bb1d6-b10e-410d-a535-ad6b78e9773b","last_access_time":1633518228493}},{"id":"ef06b30f-1f17-4a72-8ce1-a38620e13c6e","version":2,"asset_type":"data_profile_uda","name":"uda_d6e8cb7d-65fe-4108-af8c-c2ec5424150f.json","mime":"application/json","datasource_type":"193a97c1-4475-4a19-b90c-295c4fdc6517","object_key":"data_profile_uda/2021-10-06-11_03_51-uda_d6e8cb7d-65fe-4108-af8c-c2ec5424150f.json","creator_id":"iam-ServiceId-5d9bb1d6-b10e-410d-a535-ad6b78e9773b","create_time":1633518232250,"size":1226,"is_remote":false,"is_managed":false,"is_referenced":true,"is_object_key_read_only":false,"is_user_provided_path_key":true,"transfer_complete":true,"is_partitioned":false,"complete_time_ticks":1633518232250,"user_data":{},"test_doc":0,"handle":{"bucket":"financialmarketscustomerlifeevent-donotdelete-pr-zywclkb1jhresi","location":"us-geo","key":"data_profile_uda/2021-10-06-11_03_51-uda_d6e8cb7d-65fe-4108-af8c-c2ec5424150f.json","upload_id":"done","max_part_num":1},"usage":{"access_count":0,"last_accessor_id":"iam-ServiceId-5d9bb1d6-b10e-410d-a535-ad6b78e9773b","last_access_time":1633518232250}}]}
