{"metadata":{"asset_id":"21b8af1f-829c-4cff-a061-972c16a6684c","asset_attributes":["data_asset"],"name":"customer-life-event-prediction-analytics-dashboard.zip","asset_type":"data_asset","created_at":"2021-10-06T10:55:37Z","description":"","origin_country":"us","owner_id":"IBMid-550003B08R","project_id":"492eab75-ed16-4960-933c-42227fefd3a9","size":572527,"tags":[],"usage":{"last_update_time":1633517738526,"last_updated_at":"2021-10-06T10:55:38Z"}},"entity":{"data_asset":{"mime_type":"application/zip","dataset":false}},"attachments":[{"id":"40e622b7-8cf5-4fb9-bf7d-5c27ea8af74c","version":2,"asset_type":"data_asset","name":"customer-life-event-prediction-analytics-dashboard.zip","mime":"application/zip","datasource_type":"193a97c1-4475-4a19-b90c-295c4fdc6517","object_key":"customer-life-event-prediction-analytics-dashboard.zip","creator_id":"IBMid-550003B08R","create_time":1633517738525,"size":572527,"is_remote":false,"is_managed":false,"is_referenced":true,"is_object_key_read_only":true,"is_user_provided_path_key":true,"transfer_complete":true,"is_partitioned":false,"complete_time_ticks":1633517738525,"user_data":{},"test_doc":0,"handle":{"bucket":"financialmarketscustomerlifeevent-donotdelete-pr-zywclkb1jhresi","location":"us-geo","key":"customer-life-event-prediction-analytics-dashboard.zip","upload_id":"done","max_part_num":1},"usage":{"access_count":0,"last_accessor_id":"IBMid-550003B08R","last_access_time":1633517738525}}]}
