{"metadata":{"asset_id":"883e7b2f-21bb-4227-8670-50b75bc56718","asset_attributes":["data_asset"],"name":"customer.csv","asset_type":"data_asset","created_at":"2021-10-06T10:29:09Z","description":"","origin_country":"us","owner_id":"IBMid-550003B08R","project_id":"492eab75-ed16-4960-933c-42227fefd3a9","size":1273147,"tags":[],"usage":{"last_update_time":1633516150795,"last_updated_at":"2021-10-06T10:29:10Z"}},"entity":{"data_asset":{"mime_type":"text/csv","dataset":false}},"attachments":[{"id":"eea50bbe-2623-4521-85ed-d4a5f5dd585a","version":2,"asset_type":"data_asset","name":"customer.csv","mime":"text/csv","datasource_type":"193a97c1-4475-4a19-b90c-295c4fdc6517","object_key":"customer.csv","creator_id":"iam-ServiceId-f49c5558-c247-4983-a04f-7d3c7a3d55da","create_time":1633516150599,"size":1273147,"is_remote":false,"is_managed":false,"is_referenced":true,"is_object_key_read_only":false,"is_user_provided_path_key":true,"transfer_complete":true,"is_partitioned":false,"complete_time_ticks":1633516150599,"user_data":{},"test_doc":0,"handle":{"bucket":"financialmarketscustomerlifeevent-donotdelete-pr-zywclkb1jhresi","location":"us-geo","key":"customer.csv","upload_id":"done","max_part_num":1},"usage":{"access_count":0,"last_accessor_id":"iam-ServiceId-f49c5558-c247-4983-a04f-7d3c7a3d55da","last_access_time":1633516150599}}]}
