{"metadata":{"asset_id":"99367d4e-6891-4227-9071-7f1e5535a078","asset_attributes":["data_asset"],"name":"census_probabilities.csv","asset_type":"data_asset","created_at":"2021-10-06T10:29:09Z","description":"","origin_country":"us","owner_id":"IBMid-550003B08R","project_id":"492eab75-ed16-4960-933c-42227fefd3a9","size":127672342,"tags":[],"usage":{"last_update_time":1633516151310,"last_updated_at":"2021-10-06T10:29:11Z"}},"entity":{"data_asset":{"mime_type":"text/csv","dataset":false}},"attachments":[{"id":"e19ec0d0-fc38-4727-980d-6c0578d40a56","version":2,"asset_type":"data_asset","name":"census_probabilities.csv","mime":"text/csv","datasource_type":"193a97c1-4475-4a19-b90c-295c4fdc6517","object_key":"census_probabilities.csv","creator_id":"iam-ServiceId-f49c5558-c247-4983-a04f-7d3c7a3d55da","create_time":1633516151051,"size":127672342,"is_remote":false,"is_managed":false,"is_referenced":true,"is_object_key_read_only":false,"is_user_provided_path_key":true,"transfer_complete":true,"is_partitioned":false,"complete_time_ticks":1633516151051,"user_data":{},"test_doc":0,"handle":{"bucket":"financialmarketscustomerlifeevent-donotdelete-pr-zywclkb1jhresi","location":"us-geo","key":"census_probabilities.csv","upload_id":"done","max_part_num":1},"usage":{"access_count":0,"last_accessor_id":"iam-ServiceId-f49c5558-c247-4983-a04f-7d3c7a3d55da","last_access_time":1633516151051}}]}
