{"metadata":{"asset_id":"60dd17cc-194d-465b-a94d-10830aaf4fea","asset_attributes":["data_asset"],"name":"customer-life-event-prediction-glossary-categories.csv","asset_type":"data_asset","created_at":"2021-10-06T10:29:09Z","description":"","origin_country":"us","owner_id":"IBMid-550003B08R","project_id":"492eab75-ed16-4960-933c-42227fefd3a9","size":594,"tags":[],"usage":{"last_update_time":1633516220998,"last_updated_at":"2021-10-06T10:30:20Z"}},"entity":{"data_asset":{"mime_type":"text/csv","dataset":false}},"attachments":[{"id":"8c0e3aff-360b-452f-9f58-bf4318368e67","version":2,"asset_type":"data_asset","name":"customer-life-event-prediction-glossary-categories.csv","mime":"text/csv","datasource_type":"193a97c1-4475-4a19-b90c-295c4fdc6517","object_key":"customer-life-event-prediction-glossary-categories.csv","creator_id":"iam-ServiceId-f49c5558-c247-4983-a04f-7d3c7a3d55da","create_time":1633516150577,"size":594,"is_remote":false,"is_managed":false,"is_referenced":true,"is_object_key_read_only":false,"is_user_provided_path_key":true,"transfer_complete":true,"is_partitioned":false,"complete_time_ticks":1633516150577,"user_data":{},"test_doc":0,"handle":{"bucket":"financialmarketscustomerlifeevent-donotdelete-pr-zywclkb1jhresi","location":"us-geo","key":"customer-life-event-prediction-glossary-categories.csv","upload_id":"done","max_part_num":1},"usage":{"access_count":1,"last_accessor_id":"IBMid-550003B08R","last_access_time":1633516220997,"last_updater_id":"IBMid-550003B08R","last_update_time":1633516220997}}]}
