{"metadata":{"asset_id":"55de0b55-9617-4184-a560-353b20a91e52","asset_attributes":["data_asset"],"name":"event.csv","asset_type":"data_asset","created_at":"2021-10-06T10:29:09Z","description":"","origin_country":"us","owner_id":"IBMid-550003B08R","project_id":"492eab75-ed16-4960-933c-42227fefd3a9","size":3088316,"tags":[],"usage":{"last_update_time":1633516150907,"last_updated_at":"2021-10-06T10:29:10Z"}},"entity":{"data_asset":{"mime_type":"text/csv","dataset":false}},"attachments":[{"id":"d10bbc60-7ea2-4dd9-8ab3-c08a3d826ded","version":2,"asset_type":"data_asset","name":"event.csv","mime":"text/csv","datasource_type":"193a97c1-4475-4a19-b90c-295c4fdc6517","object_key":"event.csv","creator_id":"iam-ServiceId-f49c5558-c247-4983-a04f-7d3c7a3d55da","create_time":1633516150794,"size":3088316,"is_remote":false,"is_managed":false,"is_referenced":true,"is_object_key_read_only":false,"is_user_provided_path_key":true,"transfer_complete":true,"is_partitioned":false,"complete_time_ticks":1633516150794,"user_data":{},"test_doc":0,"handle":{"bucket":"financialmarketscustomerlifeevent-donotdelete-pr-zywclkb1jhresi","location":"us-geo","key":"event.csv","upload_id":"done","max_part_num":1},"usage":{"access_count":0,"last_accessor_id":"iam-ServiceId-f49c5558-c247-4983-a04f-7d3c7a3d55da","last_access_time":1633516150794}}]}
