{"metadata":{"asset_id":"7daa7a26-f1ea-48a9-a327-59c24bfdbd26","asset_attributes":["data_asset"],"name":"training_user_inputs_and_prepped_column_names.json","asset_type":"data_asset","created_at":"2021-10-06T10:29:09Z","description":"","origin_country":"us","owner_id":"IBMid-550003B08R","project_id":"492eab75-ed16-4960-933c-42227fefd3a9","size":2747,"tags":[],"usage":{"last_update_time":1633516150777,"last_updated_at":"2021-10-06T10:29:10Z"}},"entity":{"data_asset":{"mime_type":"application/json","dataset":false}},"attachments":[{"id":"4ea7f090-fbf6-4d15-9ac1-3fbefa426b2e","version":2,"asset_type":"data_asset","name":"training_user_inputs_and_prepped_column_names.json","mime":"application/json","datasource_type":"193a97c1-4475-4a19-b90c-295c4fdc6517","object_key":"training_user_inputs_and_prepped_column_names.json","creator_id":"iam-ServiceId-f49c5558-c247-4983-a04f-7d3c7a3d55da","create_time":1633516150583,"size":2747,"is_remote":false,"is_managed":false,"is_referenced":true,"is_object_key_read_only":false,"is_user_provided_path_key":true,"transfer_complete":true,"is_partitioned":false,"complete_time_ticks":1633516150583,"user_data":{},"test_doc":0,"handle":{"bucket":"financialmarketscustomerlifeevent-donotdelete-pr-zywclkb1jhresi","location":"us-geo","key":"training_user_inputs_and_prepped_column_names.json","upload_id":"done","max_part_num":1},"usage":{"access_count":0,"last_accessor_id":"iam-ServiceId-f49c5558-c247-4983-a04f-7d3c7a3d55da","last_access_time":1633516150583}}]}
