{"metadata":{"asset_id":"06949378-65ed-4ad4-a6b0-295676632ad1","asset_attributes":["notebook"],"name":"1-data-preprocessing","asset_type":"notebook","created_at":"2021-10-06T10:29:12Z","description":"","origin_country":"us","owner_id":"iam-ServiceId-9e68bc5f-c5f6-4f6f-8bcf-e57f47b9d1b1","project_id":"492eab75-ed16-4960-933c-42227fefd3a9","size":101553,"tags":["notebook"],"usage":{"last_update_time":1633517271515,"last_updated_at":"2021-10-06T10:47:51Z"}},"entity":{"notebook":{"kernel":{"name":"python3","display_name":"Python 3.8","language":"python"},"originates_from":{"type":"file"},"runtime":{"environment":"conda2py38-492eab75-ed16-4960-933c-42227fefd3a9"}}},"attachments":[{"id":"d0d07644-5474-4288-a535-c03a6b172d33","version":2,"asset_type":"notebook","name":"attachment for notebook 06949378-65ed-4ad4-a6b0-295676632ad1","description":"attachment for notebook 06949378-65ed-4ad4-a6b0-295676632ad1","mime":"application/json","datasource_type":"193a97c1-4475-4a19-b90c-295c4fdc6517","object_key":"notebook/1-data-preprocessing_Kx0bp2iqf.ipynb","creator_id":"IBMid-550003B08R","create_time":1633516152610,"size":101553,"is_remote":false,"is_managed":false,"is_referenced":true,"is_object_key_read_only":false,"is_user_provided_path_key":true,"transfer_complete":true,"is_partitioned":false,"complete_time_ticks":1633516152610,"user_data":{},"test_doc":0,"handle":{"bucket":"financialmarketscustomerlifeevent-donotdelete-pr-zywclkb1jhresi","location":"us-geo","key":"notebook/1-data-preprocessing_Kx0bp2iqf.ipynb","upload_id":"done","max_part_num":1},"usage":{"access_count":0,"last_accessor_id":"IBMid-550003B08R","last_access_time":1633516152610}}]}
