{"metadata":{"asset_id":"e5ed54ca-3879-49dc-9244-1e6603e44371","asset_attributes":["notebook"],"name":"import-wkc-glossary","asset_type":"notebook","created_at":"2021-10-06T10:30:52Z","description":"","origin_country":"us","owner_id":"IBMid-550003B08R","project_id":"492eab75-ed16-4960-933c-42227fefd3a9","size":55495,"tags":["notebook"],"usage":{"last_update_time":1634222655765,"last_updated_at":"2021-10-14T14:44:15Z"}},"entity":{"notebook":{"kernel":{"name":"python3","display_name":"Python 3.8","language":"python"},"originates_from":{"type":"blank"},"runtime":{"environment":"conda2py38-492eab75-ed16-4960-933c-42227fefd3a9"}}},"attachments":[{"id":"6c938fbf-21ce-419c-86e9-0d8a09fa3586","version":2,"asset_type":"notebook","name":"attachment for notebook e5ed54ca-3879-49dc-9244-1e6603e44371","description":"attachment for notebook e5ed54ca-3879-49dc-9244-1e6603e44371","mime":"application/json","datasource_type":"193a97c1-4475-4a19-b90c-295c4fdc6517","object_key":"notebook/import-wkc-glossary_VN2Is4Pht.ipynb","creator_id":"IBMid-550003B08R","create_time":1633516252550,"size":55495,"is_remote":false,"is_managed":false,"is_referenced":true,"is_object_key_read_only":false,"is_user_provided_path_key":true,"transfer_complete":true,"is_partitioned":false,"complete_time_ticks":1633516252550,"user_data":{},"test_doc":0,"handle":{"bucket":"financialmarketscustomerlifeevent-donotdelete-pr-zywclkb1jhresi","location":"us-geo","key":"notebook/import-wkc-glossary_VN2Is4Pht.ipynb","upload_id":"done","max_part_num":1},"usage":{"access_count":0,"last_accessor_id":"IBMid-550003B08R","last_access_time":1633516252550}}]}
