{"operation":"remove_lock","lockedBy":{"user_email":"AI.Lifecycle.Tests@pl.ibm.com","user":"ai.lifecycle.tests@pl.ibm.com","iam_id":"IBMid-5500097N2T","user_role":"admin"},"markdown":"In this project, you'll learn how to use a Orchestration Pipelines editor to automate ModelOps processes for training, comparing, deploying, and updating a machine learning model.\n\n**Tip:** Open two browser windows with these instructions and the project *Assets* tab open while you work.\n\nThis project includes:\n\n- sample Orchestration Pipeline\n- data sets used for training a model to predict credit risk \n- a notebook that trains an AutoAI experiment and saves the best pipeline as a model\n- a notebook that comparing models and chooses the best to save\n\nAfter running this project you'll know how to:\n\n* Configure a Orchestration Pipeline\n* Run a Orchestration Pipeline\n\n## Data assets\n\n- `german_credit_data_biased_training.csv`\n- `german_credit_test_data.csv`\n\n## Notebooks\n\n- `reference-model-training-notebook`:  This notebook contains steps and code to demonstrate how to persist a locally trained scikit-learn model in Watson Machine Learning. It is automatically executed in the sample Orchestration Pipeline to train the credit risk prediction model. The model is then compared to a model trained in parallel using the AutoAI node.\n- `select-winning-model`:  This notebook contains steps and code to demonstrate how to compare a model trained using AutoAI experiment with a reference one, trained using `reference-model-training-notebook`.  The best model is saved for deployment.\n\n### Preparing the notebooks\n\n1. Create a deployment space, which you'll need when you run the notebooks. From the navigation menu, select **Deployments &gt; View All Spaces &gt; New deployment space**. Fill in the required fields.\n2. From the **Assets** page of this project, launch `reference-model-training-notebook` and follow the steps in the `Set up the environment` section to acquire and insert `api_key` variable. \n3. After inserting your credentials, save the notebook as a new version to persist the changes by going to **File &gt; Save as version**. \n4. Do the same for the `select-winning-model` notebook.\n\nBoth notebooks are triggered within execution of a Orchestration Pipeline, that passes model paths and evaluation results as environment variables.\n\n## Watson Pipelines\n\nThe **On-boarding - Train AutoAI and reference model and select the best** Orchestration Pipeline contains pre-set selection of nodes. A flow parameter triggers a run-time request for you to specify a deployment space.\n\n1. Click `Run` to execute the pipeline.\n2. Choose a deployment space where you can view the results of the pipeline's run.\n\nAfter the Orchestration Pipeline runs, you can view the notebook logs and see the deployment created in the space you specified.\n\n## Resources\n\nFor details on using the Orchestration Pipelines  Editor to automate your ModelOps flows, see <a href=\"https://dataplatform.cloud.ibm.com/docs/content/wsj/analyze-data/ml-orchestration-overview.html\" rel=\"noopener noreferrer\">Orchestrating an end-to-end pipeline</a>.\n\n## Licenses\n\n- Data set: <a href=\"https://dataplatform.cloud.ibm.com/exchange/public/entry/view/ded91b00566440f4712f61e7a805b922\" rel=\"noopener noreferrer\">German credit risk data set</a>\n- Notebooks: <a href=\"https://opensource.org/licenses/MIT\" rel=\"noopener noreferrer\">MIT</a>"}