{"metadata":{"asset_id":"de0ad65a-0981-4306-a8d3-001e9a11d614","asset_attributes":["data_asset"],"name":"hotel_reviews.csv","asset_type":"data_asset","created_at":"2023-03-06T07:42:32Z","origin_country":"us","owner_id":"1000330999","project_id":"ce956ca1-6811-428b-a322-0d5c4dd7fc27","size":728488,"usage":{"last_update_time":1678088552510,"last_updated_at":"2023-03-06T07:42:32Z"}},"entity":{"data_asset":{"mime_type":"text/csv","dataset":false}},"attachments":[{"id":"95225121-688e-41c2-a61f-f7abb16c76b0","version":2,"asset_type":"data_asset","name":"hotel_reviews (1).csv","mime":"text/csv","datasource_type":"81bafdbd-b7c6-45c5-a4fd-6ec135f66f4e","object_key":"data_asset/hotel_reviews (1).csv","creator_id":"icp4d-dev","create_time":1678088552395,"size":728488,"is_remote":false,"is_managed":false,"is_referenced":true,"is_object_key_read_only":true,"is_user_provided_path_key":true,"transfer_complete":true,"is_partitioned":false,"complete_time_ticks":1678088552395,"user_data":{},"test_doc":0,"handle":{"type":"assetfiles","key":"data_asset/hotel_reviews (1).csv","upload_id":"done","max_part_num":1},"usage":{"access_count":0,"last_accessor_id":"icp4d-dev","last_access_time":1678088552395}}]}