{"metadata":{"asset_id":"e401e021-aafd-4b12-a1ee-cf573726f913","asset_attributes":["data_asset"],"name":"classification_model_rt22_2","asset_type":"data_asset","created_at":"2023-03-06T12:04:28Z","origin_country":"us","owner_id":"1000330999","project_id":"ce956ca1-6811-428b-a322-0d5c4dd7fc27","size":39062,"usage":{"last_update_time":1678104268552,"last_updated_at":"2023-03-06T12:04:28Z"}},"entity":{"data_asset":{"mime_type":"application/binary","dataset":false}},"attachments":[{"id":"7318bfe5-5b4e-4e42-a7a4-f05d9ee568e3","version":2,"asset_type":"data_asset","name":"classification_model_rt22_2.","mime":"application/binary","datasource_type":"81bafdbd-b7c6-45c5-a4fd-6ec135f66f4e","object_key":"data_asset/classification_model_rt22_2.","creator_id":"1000330999","create_time":1678104268550,"size":39062,"is_remote":false,"is_managed":false,"is_referenced":true,"is_object_key_read_only":true,"is_user_provided_path_key":true,"transfer_complete":true,"is_partitioned":false,"complete_time_ticks":1678104268550,"user_data":{},"test_doc":0,"handle":{"type":"assetfiles","key":"data_asset/classification_model_rt22_2.","upload_id":"done","max_part_num":1},"usage":{"access_count":0,"last_accessor_id":"1000330999","last_access_time":1678104268550}}]}