{"metadata":{"asset_id":"90dbca88-fb59-4ca3-a584-e6c300884449","asset_attributes":["environment"],"name":"NLP Environment","asset_type":"environment","created_at":"2023-03-06T07:42:32Z","description":"","origin_country":"us","owner_id":"1000330999","project_id":"ce956ca1-6811-428b-a322-0d5c4dd7fc27","sandbox_id":"ce956ca1-6811-428b-a322-0d5c4dd7fc27","size":0,"tags":["dsx"],"usage":{"last_update_time":1678097866949,"last_updated_at":"2023-03-06T10:17:46Z"}},"entity":{"environment":{"sub_type":"notebook","display_name":"NLP Environment","hardware_specification":{"type":"referenced","guid":"38b7eff0-6637-4a01-be0e-972b687e76e5"},"software_specification":{"type":"referenced","guid":"b56101f1-309d-549b-a849-eaa63f77b2fb"},"tools_specification":{"supported_kernels":[{"name":"python3","display_name":"Python 3.10","language":"python","version":"3.10"}],"notebook_extensions":[]},"runtime_definition":"jupyter-222n-py"}}}