{"metadata":{"asset_id":"d5020248-3fec-43b6-a4e8-1f12bbfa5421","asset_attributes":["environment"],"name":"NLP Classification Training","asset_type":"environment","created_at":"2023-03-06T07:42:32Z","description":"","origin_country":"us","owner_id":"1000330999","project_id":"ce956ca1-6811-428b-a322-0d5c4dd7fc27","sandbox_id":"ce956ca1-6811-428b-a322-0d5c4dd7fc27","size":0,"tags":["dsx"],"usage":{"last_update_time":1678097854569,"last_updated_at":"2023-03-06T10:17:34Z"}},"entity":{"environment":{"sub_type":"notebook","display_name":"NLP Classification Training","hardware_specification":{"type":"referenced","guid":"bb2bd689-11f8-4e21-a45b-09ecc91a0535"},"software_specification":{"type":"referenced","guid":"b56101f1-309d-549b-a849-eaa63f77b2fb"},"tools_specification":{"supported_kernels":[{"name":"python3","display_name":"Python 3.10","language":"python","version":"3.10"}],"notebook_extensions":[]},"runtime_definition":"jupyter-222n-py"}}}