{"metadata":{"asset_id":"bb2bd689-11f8-4e21-a45b-09ecc91a0535","asset_attributes":["hardware_specification"],"name":"NLP Classification Training","asset_type":"hardware_specification","created_at":"2023-03-06T07:42:31Z","description":"","origin_country":"us","owner_id":"1000330999","project_id":"ce956ca1-6811-428b-a322-0d5c4dd7fc27","sandbox_id":"ce956ca1-6811-428b-a322-0d5c4dd7fc27","size":0,"tags":["dsx"],"usage":{"last_update_time":1678088552304,"last_updated_at":"2023-03-06T07:42:32Z"}},"entity":{"hardware_specification":{"nodes":{"cpu":{"units":"1","model":""},"mem":{"size":"12Gi"}}}}}