{"metadata":{"asset_id":"66876e26-826e-40bd-87c8-3ffe148447e7","asset_attributes":["notebook"],"name":"Hotel Review Analysis","asset_type":"notebook","created_at":"2023-03-06T07:42:33Z","description":"","origin_country":"us","owner_id":"1000330999","project_id":"ce956ca1-6811-428b-a322-0d5c4dd7fc27","size":780263,"tags":["notebook"],"usage":{"last_update_time":1678103466838,"last_updated_at":"2023-03-06T11:51:06Z"}},"entity":{"notebook":{"kernel":{"name":"python3","display_name":"Python 3.10","language":"python"},"originates_from":{"type":"file"},"runtime":{"environment":"90dbca88-fb59-4ca3-a584-e6c300884449"}}},"attachments":[{"id":"f38bf5f8-2f46-4b6e-bd62-2e97ec1e1108","version":2,"asset_type":"notebook","name":"attachment for notebook 66876e26-826e-40bd-87c8-3ffe148447e7","description":"attachment for notebook 66876e26-826e-40bd-87c8-3ffe148447e7","mime":"application/json","datasource_type":"81bafdbd-b7c6-45c5-a4fd-6ec135f66f4e","object_key":"notebook/Hotel_Review_Analysis_eUgX6iTob.ipynb","creator_id":"1000330999","create_time":1678088554065,"size":780263,"is_remote":false,"is_managed":false,"is_referenced":true,"is_object_key_read_only":false,"is_user_provided_path_key":true,"transfer_complete":true,"is_partitioned":false,"complete_time_ticks":1678088554065,"user_data":{},"test_doc":0,"handle":{"type":"assetfiles","key":"notebook/Hotel_Review_Analysis_eUgX6iTob.ipynb","upload_id":"done","max_part_num":1},"usage":{"access_count":6,"last_accessor_id":"1000330999","last_access_time":1678102799424,"last_updater_id":"1000330999","last_update_time":1678102799424}}]}