{"metadata":{"asset_id":"4c072d55-fb49-4a3f-9bd5-5286a3ebe052","asset_attributes":["notebook"],"name":"Deploy Pretrained Sentiment Model","asset_type":"notebook","created_at":"2023-03-06T07:42:33Z","description":"","origin_country":"us","owner_id":"1000330999","project_id":"ce956ca1-6811-428b-a322-0d5c4dd7fc27","size":10372,"tags":["notebook"],"usage":{"last_update_time":1678105007852,"last_updated_at":"2023-03-06T12:16:47Z"}},"entity":{"notebook":{"kernel":{"name":"python3","display_name":"Python 3.10","language":"python"},"originates_from":{"type":"file"},"runtime":{"environment":"rt222py-ce956ca1-6811-428b-a322-0d5c4dd7fc27"}}},"attachments":[{"id":"a9907238-2842-4b7b-9979-fc667f9fcd8d","version":2,"asset_type":"notebook","name":"attachment for notebook 4c072d55-fb49-4a3f-9bd5-5286a3ebe052","description":"attachment for notebook 4c072d55-fb49-4a3f-9bd5-5286a3ebe052","mime":"application/json","datasource_type":"81bafdbd-b7c6-45c5-a4fd-6ec135f66f4e","object_key":"notebook/Deploy_Pretrained_Sentiment_Model_TkuW0krXG.ipynb","creator_id":"1000330999","create_time":1678088553739,"size":10372,"is_remote":false,"is_managed":false,"is_referenced":true,"is_object_key_read_only":false,"is_user_provided_path_key":true,"transfer_complete":true,"is_partitioned":false,"complete_time_ticks":1678088553739,"user_data":{},"test_doc":0,"handle":{"type":"assetfiles","key":"notebook/Deploy_Pretrained_Sentiment_Model_TkuW0krXG.ipynb","upload_id":"done","max_part_num":1},"usage":{"access_count":2,"last_accessor_id":"1000330999","last_access_time":1678105007387,"last_updater_id":"1000330999","last_update_time":1678105007387}}]}