{"metadata":{"asset_id":"470e68a3-d4f3-4bbd-84d0-a19f3b32444c","asset_attributes":["notebook"],"name":"Car Complaint Analysis","asset_type":"notebook","created_at":"2023-03-06T07:42:33Z","description":"","origin_country":"us","owner_id":"1000330999","project_id":"ce956ca1-6811-428b-a322-0d5c4dd7fc27","size":4264616,"tags":["notebook"],"usage":{"last_update_time":1678102199551,"last_updated_at":"2023-03-06T11:29:59Z"}},"entity":{"notebook":{"kernel":{"name":"python3","display_name":"Python 3.10","language":"python"},"originates_from":{"type":"file"},"runtime":{"environment":"90dbca88-fb59-4ca3-a584-e6c300884449"}}},"attachments":[{"id":"db2dcce8-4518-4dbf-ba9d-67d8edd908f2","version":2,"asset_type":"notebook","name":"attachment for notebook 470e68a3-d4f3-4bbd-84d0-a19f3b32444c","description":"attachment for notebook 470e68a3-d4f3-4bbd-84d0-a19f3b32444c","mime":"application/json","datasource_type":"81bafdbd-b7c6-45c5-a4fd-6ec135f66f4e","object_key":"notebook/Car_Complaint_Analysis_p_I4EJOe6.ipynb","creator_id":"1000330999","create_time":1678088553958,"size":4264616,"is_remote":false,"is_managed":false,"is_referenced":true,"is_object_key_read_only":false,"is_user_provided_path_key":true,"transfer_complete":true,"is_partitioned":false,"complete_time_ticks":1678088553958,"user_data":{},"test_doc":0,"handle":{"type":"assetfiles","key":"notebook/Car_Complaint_Analysis_p_I4EJOe6.ipynb","upload_id":"done","max_part_num":1},"usage":{"access_count":7,"last_accessor_id":"1000330999","last_access_time":1678101751446,"last_updater_id":"1000330999","last_update_time":1678101751446}}]}