{"metadata":{"asset_id":"31f91fde-dd7c-45dc-b0db-37d382310163","asset_attributes":["notebook"],"name":"Financial complaint analysis","asset_type":"notebook","created_at":"2023-03-06T07:42:33Z","description":"","origin_country":"us","owner_id":"1000330999","project_id":"ce956ca1-6811-428b-a322-0d5c4dd7fc27","size":200550,"tags":["notebook"],"usage":{"last_update_time":1678099352703,"last_updated_at":"2023-03-06T10:42:32Z"}},"entity":{"notebook":{"kernel":{"name":"python3","display_name":"Python 3.10","language":"python"},"originates_from":{"type":"file"},"runtime":{"environment":"90dbca88-fb59-4ca3-a584-e6c300884449"}}},"attachments":[{"id":"b9fd096a-1a53-499f-bfa6-c5b3f6e84904","version":2,"asset_type":"notebook","name":"attachment for notebook 31f91fde-dd7c-45dc-b0db-37d382310163","description":"attachment for notebook 31f91fde-dd7c-45dc-b0db-37d382310163","mime":"application/json","datasource_type":"81bafdbd-b7c6-45c5-a4fd-6ec135f66f4e","object_key":"notebook/Financial_complaint_analysis_5t2Bsy-WV.ipynb","creator_id":"1000330999","create_time":1678088554067,"size":200550,"is_remote":false,"is_managed":false,"is_referenced":true,"is_object_key_read_only":false,"is_user_provided_path_key":true,"transfer_complete":true,"is_partitioned":false,"complete_time_ticks":1678088554067,"user_data":{},"test_doc":0,"handle":{"type":"assetfiles","key":"notebook/Financial_complaint_analysis_5t2Bsy-WV.ipynb","upload_id":"done","max_part_num":1},"usage":{"access_count":5,"last_accessor_id":"1000330999","last_access_time":1678099351636,"last_updater_id":"1000330999","last_update_time":1678099351636}}]}