{"metadata":{"asset_id":"9ddf13dd-c00a-4225-8085-d8e56fe6df3e","asset_attributes":["notebook"],"name":"Complaint Classification","asset_type":"notebook","created_at":"2023-03-06T07:42:33Z","description":"","origin_country":"us","owner_id":"1000330999","project_id":"ce956ca1-6811-428b-a322-0d5c4dd7fc27","size":254532,"tags":["notebook"],"usage":{"last_update_time":1678111220495,"last_updated_at":"2023-03-06T14:00:20Z"}},"entity":{"notebook":{"kernel":{"name":"python3","display_name":"Python 3.10","language":"python"},"originates_from":{"type":"file"},"runtime":{"environment":"d5020248-3fec-43b6-a4e8-1f12bbfa5421"}}},"attachments":[{"id":"227f0c96-4dad-4ca3-9659-179b3ccd21f7","version":2,"asset_type":"notebook","name":"attachment for notebook 9ddf13dd-c00a-4225-8085-d8e56fe6df3e","description":"attachment for notebook 9ddf13dd-c00a-4225-8085-d8e56fe6df3e","mime":"application/json","datasource_type":"81bafdbd-b7c6-45c5-a4fd-6ec135f66f4e","object_key":"notebook/Complaint_Classification_SHNRZMYzH.ipynb","creator_id":"1000330999","create_time":1678088553777,"size":254532,"is_remote":false,"is_managed":false,"is_referenced":true,"is_object_key_read_only":false,"is_user_provided_path_key":true,"transfer_complete":true,"is_partitioned":false,"complete_time_ticks":1678088553777,"user_data":{},"test_doc":0,"handle":{"type":"assetfiles","key":"notebook/Complaint_Classification_SHNRZMYzH.ipynb","upload_id":"done","max_part_num":1},"usage":{"access_count":31,"last_accessor_id":"1000330999","last_access_time":1678109065157,"last_updater_id":"1000330999","last_update_time":1678109065157}}]}