{"metadata":{"asset_id":"4fbeaac5-4359-4d51-a0d5-d06118c4c409","asset_attributes":["notebook"],"name":"Entity extraction on financial complaints","asset_type":"notebook","created_at":"2023-03-06T07:42:33Z","description":"","origin_country":"us","owner_id":"1000330999","project_id":"ce956ca1-6811-428b-a322-0d5c4dd7fc27","size":243259,"tags":["notebook"],"usage":{"last_update_time":1678105039169,"last_updated_at":"2023-03-06T12:17:19Z"}},"entity":{"notebook":{"kernel":{"name":"python3","display_name":"Python 3.10","language":"python"},"originates_from":{"type":"file"},"runtime":{"environment":"90dbca88-fb59-4ca3-a584-e6c300884449"}}},"attachments":[{"id":"3732fec3-570d-4f19-b198-85d46880c44f","version":2,"asset_type":"notebook","name":"attachment for notebook 4fbeaac5-4359-4d51-a0d5-d06118c4c409","description":"attachment for notebook 4fbeaac5-4359-4d51-a0d5-d06118c4c409","mime":"application/json","datasource_type":"81bafdbd-b7c6-45c5-a4fd-6ec135f66f4e","object_key":"notebook/Entity_extraction_on_financial_complaints_yeNjtSv10.ipynb","creator_id":"1000330999","create_time":1678088553641,"size":243259,"is_remote":false,"is_managed":false,"is_referenced":true,"is_object_key_read_only":false,"is_user_provided_path_key":true,"transfer_complete":true,"is_partitioned":false,"complete_time_ticks":1678088553641,"user_data":{},"test_doc":0,"handle":{"type":"assetfiles","key":"notebook/Entity_extraction_on_financial_complaints_yeNjtSv10.ipynb","upload_id":"done","max_part_num":1},"usage":{"access_count":2,"last_accessor_id":"1000330999","last_access_time":1678104696865,"last_updater_id":"1000330999","last_update_time":1678104696865}}]}