{"metadata":{"asset_id":"74f5e5ad-3658-4393-b9f5-c978c703ee0a","asset_attributes":["data_asset","location_definition"],"name":"INBOUND_DATA.csv","asset_type":"data_asset","created_at":"2023-11-30T09:19:15Z","description":"","origin_country":"us","owner_id":"IBMid-270006YQEG","project_id":"46d0271e-c645-4d38-937c-3647cc7c0c23","size":1155,"tags":[],"usage":{"last_update_time":1701335956041,"last_updated_at":"2023-11-30T09:19:16Z"}},"entity":{"data_asset":{"mime_type":"text/csv","dataset":false},"location_definition":{"physical_location_code":"DAL","physical_location_code_assigned_by":"IBMid-310001VF6V","physical_location_code_rds_id":"c57cb90f-2126-3800-9c9f-9eab82021cdf","physical_location_code_rds_version":"00002022-0503-4032-8909-133297000000_2","physical_location_code_assignment_method":"INFERRED","physical_location_code_added_on":"1653512284184"}},"attachments":[{"id":"7db64d3d-407f-4124-a81c-5938aa9c9f50","version":2,"asset_type":"data_asset","name":"INBOUND_DATA.csv","mime":"text/csv","datasource_type":"193a97c1-4475-4a19-b90c-295c4fdc6517","object_key":"INBOUND_DATA.csv","creator_id":"iam-ServiceId-947d5b81-8bd3-42a6-844e-9dc008847612","create_time":1701335955954,"size":1155,"is_remote":false,"is_managed":false,"is_referenced":true,"is_object_key_read_only":true,"is_user_provided_path_key":true,"transfer_complete":true,"is_partitioned":false,"complete_time_ticks":1701335955954,"user_data":{},"test_doc":0,"handle":{"bucket":"networkdesign-donotdelete-pr-i6bkmnyh2cf1hm","location":"us-south","type":"bluemix_cos","key":"INBOUND_DATA.csv","upload_id":"done","max_part_num":1},"usage":{"access_count":0,"last_accessor_id":"iam-ServiceId-947d5b81-8bd3-42a6-844e-9dc008847612","last_access_time":1701335955954}}]}
