{"metadata":{"asset_id":"e8309cbc-411b-4fbe-a6dd-a849cd3cddd4","asset_attributes":["notebook"],"name":"MultiScenarioAnalysisNB","asset_type":"notebook","created_at":"2023-11-30T09:19:17Z","description":"","origin_country":"us","owner_id":"IBMid-270006YQEG","project_id":"46d0271e-c645-4d38-937c-3647cc7c0c23","size":22968,"tags":["notebook"],"usage":{"last_update_time":1704794041809,"last_updated_at":"2024-01-09T09:54:01Z"}},"entity":{"notebook":{"kernel":{"name":"python3","display_name":"Python 3.10","language":"python"},"originates_from":{"type":"file"},"runtime":{"environment":"rt231pys1-46d0271e-c645-4d38-937c-3647cc7c0c23"}},"location_definition":{"physical_location_code":"DAL","physical_location_code_assigned_by":"IBMid-270006YQEG","physical_location_code_rds_id":"c57cb90f-2126-3800-9c9f-9eab82021cdf","physical_location_code_rds_version":"20ed74f5-e315-4de9-b9e6-3282d11fc236_1","physical_location_code_assignment_method":"INFERRED","physical_location_code_added_on":"1701335941085"}},"attachments":[{"id":"8ce730e4-1ec2-496f-bb31-7f524826eb16","version":2,"asset_type":"notebook","name":"attachment for notebook e8309cbc-411b-4fbe-a6dd-a849cd3cddd4","description":"attachment for notebook e8309cbc-411b-4fbe-a6dd-a849cd3cddd4","mime":"application/json","datasource_type":"193a97c1-4475-4a19-b90c-295c4fdc6517","object_key":"notebook/MultiScenarioAnalysisNB_t2CrIiigZ.ipynb","creator_id":"IBMid-270006YQEG","create_time":1701335958048,"size":22968,"is_remote":false,"is_managed":false,"is_referenced":true,"is_object_key_read_only":false,"is_user_provided_path_key":true,"transfer_complete":true,"is_partitioned":false,"complete_time_ticks":1701335958048,"user_data":{},"test_doc":0,"handle":{"bucket":"networkdesign-donotdelete-pr-i6bkmnyh2cf1hm","location":"us-south","type":"bluemix_cos","key":"notebook/MultiScenarioAnalysisNB_t2CrIiigZ.ipynb","upload_id":"done","max_part_num":1},"usage":{"access_count":19,"last_accessor_id":"IBMid-270006YQEG","last_access_time":1704794024628,"last_updater_id":"IBMid-270006YQEG","last_update_time":1704794024628}}]}
