{"description":"Pipeline asset type","fields":[{"key":"tags","type":"string","facet":false,"is_array":true,"search_path":"asset.tags","is_searchable_across_types":false},{"key":"model_definition_dependencies","type":"string","facet":false,"is_array":true,"search_path":"model_definition_dependencies","is_searchable_across_types":false},{"key":"software_spec_dependencies","type":"string","facet":false,"is_array":true,"search_path":"software_spec_dependencies","is_searchable_across_types":false},{"key":"hardware_spec_dependencies","type":"string","facet":false,"is_array":true,"search_path":"hardware_spec_dependencies","is_searchable_across_types":false}],"external_asset_preview":{},"relationships":[{"key":"model_definition_dependencies","target_asset_type":"wml_model_definition","on_delete_target":"IGNORE","on_delete":"IGNORE","on_clone_target":"IGNORE","on_clone":"IGNORE","on_promote":"IGNORE","on_publish":"IGNORE"}],"properties":{"custom":{"type":"object","description":"caller defined properties","placeholder":"Put a value here","is_array":false,"required":false,"hidden":false,"readonly":false,"properties":{"{user-defined-property}":{"description":"custom property","placeholder":"Put a value here","required":false,"hidden":false,"readonly":false}}},"document":{"type":"object","description":"pipeline document","placeholder":"Put a value here","is_array":false,"required":false,"hidden":false,"readonly":false,"properties":{"app_data":{"type":"object","description":"app_data","placeholder":"Put a value here","is_array":false,"required":false,"hidden":false,"readonly":false,"properties":{"ui_data":{"type":"object","description":"caller defined ui_data","placeholder":"Put a value here","is_array":false,"required":false,"hidden":false,"readonly":false,"properties":{"{user-defined-property}":{"description":"custom property","placeholder":"Put a value here","required":false,"hidden":false,"readonly":false}}},"wml_data":{"type":"object","description":"wml_data","placeholder":"Put a value here","is_array":false,"required":true,"hidden":false,"readonly":false,"properties":{"hardware_spec":{"type":"object","description":"hardware_spec","placeholder":"Put a value here","is_array":false,"required":false,"hidden":false,"readonly":false,"properties":{"base_id":{"type":"string","description":"base hardware_spec id","placeholder":"Put a value here","is_array":false,"required":false,"hidden":true,"readonly":false},"id":{"type":"string","description":"hardware_spec id","placeholder":"Put a value here","is_array":false,"required":false,"hidden":false,"readonly":false},"name":{"type":"string","description":"hardware_spec name","placeholder":"Put a value here","is_array":false,"required":false,"hidden":false,"readonly":false},"num_nodes":{"type":"number","description":"number of nodes","placeholder":"Put a value here","is_array":false,"required":false,"hidden":false,"readonly":false},"rev":{"type":"string","description":"hardware_spec rev","placeholder":"Put a value here","is_array":false,"required":false,"hidden":false,"readonly":false}}},"software_spec":{"type":"object","description":"software_spec of the function","placeholder":"Put a value here","is_array":false,"required":false,"hidden":false,"readonly":false,"properties":{"base_id":{"type":"string","description":"base software_spec id","placeholder":"Put a value here","is_array":false,"required":false,"hidden":true,"readonly":false},"id":{"type":"string","description":"software_spec id","placeholder":"Put a value here","is_array":false,"required":false,"hidden":false,"readonly":false},"name":{"type":"string","description":"software_spec name","placeholder":"Put a value here","is_array":false,"required":false,"hidden":false,"readonly":false},"rev":{"type":"string","description":"software_spec rev","placeholder":"Put a value here","is_array":false,"required":false,"hidden":false,"readonly":false}}}}}}},"doc_type":{"type":"string","description":"pipeline document type","placeholder":"Put a value here","is_array":false,"required":true,"hidden":false,"readonly":false},"id":{"type":"string","description":"pipeline document id","placeholder":"Put a value here","is_array":false,"required":false,"hidden":false,"readonly":false},"pipelines":{"type":"object","description":"pipelines","placeholder":"Put a value here","is_array":true,"required":true,"hidden":false,"readonly":false,"properties":{"app_data":{"type":"object","description":"app_data","placeholder":"Put a value here","is_array":false,"required":false,"hidden":false,"readonly":false,"properties":{"ui_data":{"type":"object","description":"caller defined ui_data","placeholder":"Put a value here","is_array":false,"required":false,"hidden":false,"readonly":false,"properties":{"{user-defined-property}":{"description":"custom property","placeholder":"Put a value here","required":false,"hidden":false,"readonly":false}}},"wml_data":{"type":"object","description":"wml_data","placeholder":"Put a value here","is_array":false,"required":true,"hidden":false,"readonly":false,"properties":{"hardware_spec":{"type":"object","description":"hardware_spec","placeholder":"Put a value here","is_array":false,"required":false,"hidden":false,"readonly":false,"properties":{"base_id":{"type":"string","description":"base hardware_spec id","placeholder":"Put a value here","is_array":false,"required":false,"hidden":true,"readonly":false},"id":{"type":"string","description":"hardware_spec id","placeholder":"Put a value here","is_array":false,"required":false,"hidden":false,"readonly":false},"name":{"type":"string","description":"hardware_spec name","placeholder":"Put a value here","is_array":false,"required":false,"hidden":false,"readonly":false},"num_nodes":{"type":"number","description":"number of nodes","placeholder":"Put a value here","is_array":false,"required":false,"hidden":false,"readonly":false},"rev":{"type":"string","description":"hardware_spec rev","placeholder":"Put a value here","is_array":false,"required":false,"hidden":false,"readonly":false}}},"software_spec":{"type":"object","description":"software_spec of the function","placeholder":"Put a value here","is_array":false,"required":false,"hidden":false,"readonly":false,"properties":{"base_id":{"type":"string","description":"base software_spec id","placeholder":"Put a value here","is_array":false,"required":false,"hidden":true,"readonly":false},"id":{"type":"string","description":"software_spec id","placeholder":"Put a value here","is_array":false,"required":false,"hidden":false,"readonly":false},"name":{"type":"string","description":"software_spec name","placeholder":"Put a value here","is_array":false,"required":false,"hidden":false,"readonly":false},"rev":{"type":"string","description":"software_spec rev","placeholder":"Put a value here","is_array":false,"required":false,"hidden":false,"readonly":false}}}}}}},"external_parameters":{"type":"object","description":"pipeline nodes","placeholder":"Put a value here","is_array":true,"required":false,"hidden":false,"readonly":false,"properties":{"description":{"type":"string","description":"description","placeholder":"Put a value here","is_array":false,"required":false,"hidden":false,"readonly":false},"name":{"type":"string","description":"name","placeholder":"Put a value here","is_array":false,"required":true,"hidden":false,"readonly":false},"paths":{"type":"string","description":"paths","placeholder":"Put a value here","is_array":true,"required":true,"hidden":false,"readonly":false},"required":{"type":"bool","description":"required","placeholder":"Put a value here","is_array":false,"required":false,"hidden":false,"readonly":false},"type":{"type":"string","description":"type","placeholder":"Put a value here","is_array":false,"required":true,"hidden":false,"readonly":false}}},"id":{"type":"string","description":"pipeline id","placeholder":"Put a value here","is_array":false,"required":true,"hidden":false,"readonly":false},"name":{"type":"string","description":"pipeline name","placeholder":"Put a value here","is_array":false,"required":false,"hidden":false,"readonly":false},"nodes":{"type":"object","description":"pipeline nodes","placeholder":"Put a value here","is_array":true,"required":true,"hidden":false,"readonly":false,"properties":{"app_data":{"type":"object","description":"app_data","placeholder":"Put a value here","is_array":false,"required":false,"hidden":false,"readonly":false,"properties":{"ui_data":{"type":"object","description":"caller defined ui_data","placeholder":"Put a value here","is_array":false,"required":false,"hidden":false,"readonly":false,"properties":{"{user-defined-property}":{"description":"custom property","placeholder":"Put a value here","required":false,"hidden":false,"readonly":false}}},"wml_data":{"type":"object","description":"wml_data","placeholder":"Put a value here","is_array":false,"required":true,"hidden":false,"readonly":false,"properties":{"hardware_spec":{"type":"object","description":"hardware_spec","placeholder":"Put a value here","is_array":false,"required":false,"hidden":false,"readonly":false,"properties":{"base_id":{"type":"string","description":"base hardware_spec id","placeholder":"Put a value here","is_array":false,"required":false,"hidden":true,"readonly":false},"id":{"type":"string","description":"hardware_spec id","placeholder":"Put a value here","is_array":false,"required":false,"hidden":false,"readonly":false},"name":{"type":"string","description":"hardware_spec name","placeholder":"Put a value here","is_array":false,"required":false,"hidden":false,"readonly":false},"num_nodes":{"type":"number","description":"number of nodes","placeholder":"Put a value here","is_array":false,"required":false,"hidden":false,"readonly":false},"rev":{"type":"string","description":"hardware_spec rev","placeholder":"Put a value here","is_array":false,"required":false,"hidden":false,"readonly":false}}},"software_spec":{"type":"object","description":"software_spec of the function","placeholder":"Put a value here","is_array":false,"required":false,"hidden":false,"readonly":false,"properties":{"base_id":{"type":"string","description":"base software_spec id","placeholder":"Put a value here","is_array":false,"required":false,"hidden":true,"readonly":false},"id":{"type":"string","description":"software_spec id","placeholder":"Put a value here","is_array":false,"required":false,"hidden":false,"readonly":false},"name":{"type":"string","description":"software_spec name","placeholder":"Put a value here","is_array":false,"required":false,"hidden":false,"readonly":false},"rev":{"type":"string","description":"software_spec rev","placeholder":"Put a value here","is_array":false,"required":false,"hidden":false,"readonly":false}}}}}}},"connection":{"type":"object","description":"connection","placeholder":"Put a value here","is_array":false,"required":false,"hidden":false,"readonly":false,"properties":{"app_data":{"type":"object","description":"app_data","placeholder":"Put a value here","is_array":false,"required":false,"hidden":false,"readonly":false,"properties":{"ui_data":{"type":"object","description":"caller defined ui_data","placeholder":"Put a value here","is_array":false,"required":false,"hidden":false,"readonly":false,"properties":{"{user-defined-property}":{"description":"custom property","placeholder":"Put a value here","required":false,"hidden":false,"readonly":false}}},"wml_data":{"type":"object","description":"wml_data","placeholder":"Put a value here","is_array":false,"required":true,"hidden":false,"readonly":false,"properties":{"hardware_spec":{"type":"object","description":"hardware_spec","placeholder":"Put a value here","is_array":false,"required":false,"hidden":false,"readonly":false,"properties":{"base_id":{"type":"string","description":"base hardware_spec id","placeholder":"Put a value here","is_array":false,"required":false,"hidden":true,"readonly":false},"id":{"type":"string","description":"hardware_spec id","placeholder":"Put a value here","is_array":false,"required":false,"hidden":false,"readonly":false},"name":{"type":"string","description":"hardware_spec name","placeholder":"Put a value here","is_array":false,"required":false,"hidden":false,"readonly":false},"num_nodes":{"type":"number","description":"number of nodes","placeholder":"Put a value here","is_array":false,"required":false,"hidden":false,"readonly":false},"rev":{"type":"string","description":"hardware_spec rev","placeholder":"Put a value here","is_array":false,"required":false,"hidden":false,"readonly":false}}},"software_spec":{"type":"object","description":"software_spec of the function","placeholder":"Put a value here","is_array":false,"required":false,"hidden":false,"readonly":false,"properties":{"base_id":{"type":"string","description":"base software_spec id","placeholder":"Put a value here","is_array":false,"required":false,"hidden":true,"readonly":false},"id":{"type":"string","description":"software_spec id","placeholder":"Put a value here","is_array":false,"required":false,"hidden":false,"readonly":false},"name":{"type":"string","description":"software_spec name","placeholder":"Put a value here","is_array":false,"required":false,"hidden":false,"readonly":false},"rev":{"type":"string","description":"software_spec rev","placeholder":"Put a value here","is_array":false,"required":false,"hidden":false,"readonly":false}}}}}}},"catalog_ref":{"type":"string","description":"catalog_ref","placeholder":"Put a value here","is_array":false,"required":false,"hidden":false,"readonly":false},"name":{"type":"string","description":"name","placeholder":"Put a value here","is_array":false,"required":false,"hidden":false,"readonly":false},"project_ref":{"type":"string","description":"project_ref","placeholder":"Put a value here","is_array":false,"required":false,"hidden":false,"readonly":false},"properties":{"type":"object","description":"properties","placeholder":"Put a value here","is_array":false,"required":false,"hidden":false,"readonly":false,"properties":{"{user-defined-property}":{"description":"custom property","placeholder":"Put a value here","required":false,"hidden":false,"readonly":false}}},"ref":{"type":"string","description":"ref","placeholder":"Put a value here","is_array":false,"required":true,"hidden":false,"readonly":false}}},"data_asset":{"type":"object","description":"data_asset","placeholder":"Put a value here","is_array":false,"required":false,"hidden":false,"readonly":false,"properties":{"app_data":{"type":"object","description":"app_data","placeholder":"Put a value here","is_array":false,"required":false,"hidden":false,"readonly":false,"properties":{"ui_data":{"type":"object","description":"caller defined ui_data","placeholder":"Put a value here","is_array":false,"required":false,"hidden":false,"readonly":false,"properties":{"{user-defined-property}":{"description":"custom property","placeholder":"Put a value here","required":false,"hidden":false,"readonly":false}}},"wml_data":{"type":"object","description":"wml_data","placeholder":"Put a value here","is_array":false,"required":true,"hidden":false,"readonly":false,"properties":{"hardware_spec":{"type":"object","description":"hardware_spec","placeholder":"Put a value here","is_array":false,"required":false,"hidden":false,"readonly":false,"properties":{"base_id":{"type":"string","description":"base hardware_spec id","placeholder":"Put a value here","is_array":false,"required":false,"hidden":true,"readonly":false},"id":{"type":"string","description":"hardware_spec id","placeholder":"Put a value here","is_array":false,"required":false,"hidden":false,"readonly":false},"name":{"type":"string","description":"hardware_spec name","placeholder":"Put a value here","is_array":false,"required":false,"hidden":false,"readonly":false},"num_nodes":{"type":"number","description":"number of nodes","placeholder":"Put a value here","is_array":false,"required":false,"hidden":false,"readonly":false},"rev":{"type":"string","description":"hardware_spec rev","placeholder":"Put a value here","is_array":false,"required":false,"hidden":false,"readonly":false}}},"software_spec":{"type":"object","description":"software_spec of the function","placeholder":"Put a value here","is_array":false,"required":false,"hidden":false,"readonly":false,"properties":{"base_id":{"type":"string","description":"base software_spec id","placeholder":"Put a value here","is_array":false,"required":false,"hidden":true,"readonly":false},"id":{"type":"string","description":"software_spec id","placeholder":"Put a value here","is_array":false,"required":false,"hidden":false,"readonly":false},"name":{"type":"string","description":"software_spec name","placeholder":"Put a value here","is_array":false,"required":false,"hidden":false,"readonly":false},"rev":{"type":"string","description":"software_spec rev","placeholder":"Put a value here","is_array":false,"required":false,"hidden":false,"readonly":false}}}}}}},"catalog_ref":{"type":"string","description":"catalog_ref","placeholder":"Put a value here","is_array":false,"required":false,"hidden":false,"readonly":false},"project_ref":{"type":"string","description":"project_ref","placeholder":"Put a value here","is_array":false,"required":false,"hidden":false,"readonly":false},"properties":{"type":"object","description":"properties","placeholder":"Put a value here","is_array":false,"required":false,"hidden":false,"readonly":false,"properties":{"attachment_ref":{"type":"string","description":"attachment_ref","placeholder":"Put a value here","is_array":false,"required":false,"hidden":false,"readonly":false},"name":{"type":"string","description":"name","placeholder":"Put a value here","is_array":false,"required":false,"hidden":false,"readonly":false},"no_write_schema":{"type":"bool","description":"no_write_schema","placeholder":"Put a value here","is_array":false,"required":false,"hidden":false,"readonly":false},"no_write_status":{"type":"bool","description":"no_write_status","placeholder":"Put a value here","is_array":false,"required":false,"hidden":false,"readonly":false}}},"ref":{"type":"string","description":"ref","placeholder":"Put a value here","is_array":false,"required":false,"hidden":false,"readonly":false}}},"id":{"type":"string","description":"node id","placeholder":"Put a value here","is_array":false,"required":true,"hidden":false,"readonly":false},"inputs":{"type":"object","description":"node inputs","placeholder":"Put a value here","is_array":true,"required":false,"hidden":false,"readonly":false,"properties":{"app_data":{"type":"object","description":"app_data","placeholder":"Put a value here","is_array":false,"required":false,"hidden":false,"readonly":false,"properties":{"ui_data":{"type":"object","description":"caller defined ui_data","placeholder":"Put a value here","is_array":false,"required":false,"hidden":false,"readonly":false,"properties":{"{user-defined-property}":{"description":"custom property","placeholder":"Put a value here","required":false,"hidden":false,"readonly":false}}},"wml_data":{"type":"object","description":"wml_data","placeholder":"Put a value here","is_array":false,"required":true,"hidden":false,"readonly":false,"properties":{"hardware_spec":{"type":"object","description":"hardware_spec","placeholder":"Put a value here","is_array":false,"required":false,"hidden":false,"readonly":false,"properties":{"base_id":{"type":"string","description":"base hardware_spec id","placeholder":"Put a value here","is_array":false,"required":false,"hidden":true,"readonly":false},"id":{"type":"string","description":"hardware_spec id","placeholder":"Put a value here","is_array":false,"required":false,"hidden":false,"readonly":false},"name":{"type":"string","description":"hardware_spec name","placeholder":"Put a value here","is_array":false,"required":false,"hidden":false,"readonly":false},"num_nodes":{"type":"number","description":"number of nodes","placeholder":"Put a value here","is_array":false,"required":false,"hidden":false,"readonly":false},"rev":{"type":"string","description":"hardware_spec rev","placeholder":"Put a value here","is_array":false,"required":false,"hidden":false,"readonly":false}}},"software_spec":{"type":"object","description":"software_spec of the function","placeholder":"Put a value here","is_array":false,"required":false,"hidden":false,"readonly":false,"properties":{"base_id":{"type":"string","description":"base software_spec id","placeholder":"Put a value here","is_array":false,"required":false,"hidden":true,"readonly":false},"id":{"type":"string","description":"software_spec id","placeholder":"Put a value here","is_array":false,"required":false,"hidden":false,"readonly":false},"name":{"type":"string","description":"software_spec name","placeholder":"Put a value here","is_array":false,"required":false,"hidden":false,"readonly":false},"rev":{"type":"string","description":"software_spec rev","placeholder":"Put a value here","is_array":false,"required":false,"hidden":false,"readonly":false}}}}}}},"id":{"type":"string","description":"id","placeholder":"Put a value here","is_array":false,"required":true,"hidden":false,"readonly":false},"links":{"type":"object","description":"links","placeholder":"Put a value here","is_array":true,"required":false,"hidden":false,"readonly":false,"properties":{"app_data":{"type":"object","description":"app_data","placeholder":"Put a value here","is_array":false,"required":false,"hidden":false,"readonly":false,"properties":{"ui_data":{"type":"object","description":"caller defined ui_data","placeholder":"Put a value here","is_array":false,"required":false,"hidden":false,"readonly":false,"properties":{"{user-defined-property}":{"description":"custom property","placeholder":"Put a value here","required":false,"hidden":false,"readonly":false}}},"wml_data":{"type":"object","description":"wml_data","placeholder":"Put a value here","is_array":false,"required":true,"hidden":false,"readonly":false,"properties":{"hardware_spec":{"type":"object","description":"hardware_spec","placeholder":"Put a value here","is_array":false,"required":false,"hidden":false,"readonly":false,"properties":{"base_id":{"type":"string","description":"base hardware_spec id","placeholder":"Put a value here","is_array":false,"required":false,"hidden":true,"readonly":false},"id":{"type":"string","description":"hardware_spec id","placeholder":"Put a value here","is_array":false,"required":false,"hidden":false,"readonly":false},"name":{"type":"string","description":"hardware_spec name","placeholder":"Put a value here","is_array":false,"required":false,"hidden":false,"readonly":false},"num_nodes":{"type":"number","description":"number of nodes","placeholder":"Put a value here","is_array":false,"required":false,"hidden":false,"readonly":false},"rev":{"type":"string","description":"hardware_spec rev","placeholder":"Put a value here","is_array":false,"required":false,"hidden":false,"readonly":false}}},"software_spec":{"type":"object","description":"software_spec of the function","placeholder":"Put a value here","is_array":false,"required":false,"hidden":false,"readonly":false,"properties":{"base_id":{"type":"string","description":"base software_spec id","placeholder":"Put a value here","is_array":false,"required":false,"hidden":true,"readonly":false},"id":{"type":"string","description":"software_spec id","placeholder":"Put a value here","is_array":false,"required":false,"hidden":false,"readonly":false},"name":{"type":"string","description":"software_spec name","placeholder":"Put a value here","is_array":false,"required":false,"hidden":false,"readonly":false},"rev":{"type":"string","description":"software_spec rev","placeholder":"Put a value here","is_array":false,"required":false,"hidden":false,"readonly":false}}}}}}},"node_id_ref":{"type":"string","description":"node_id_ref","placeholder":"Put a value here","is_array":false,"required":true,"hidden":false,"readonly":false},"port_id_ref":{"type":"string","description":"port_id_ref","placeholder":"Put a value here","is_array":false,"required":false,"hidden":false,"readonly":false}}},"schema_ref":{"type":"string","description":"schema_ref","placeholder":"Put a value here","is_array":false,"required":false,"hidden":false,"readonly":false},"subflow_node_ref":{"type":"string","description":"subflow_node_ref","placeholder":"Put a value here","is_array":false,"required":false,"hidden":false,"readonly":false}}},"model_ref":{"type":"string","description":"node model_ref","placeholder":"Put a value here","is_array":false,"required":false,"hidden":false,"readonly":false},"op":{"type":"string","description":"node op","placeholder":"Put a value here","is_array":false,"required":false,"hidden":false,"readonly":false},"outputs":{"type":"object","description":"node inputs","placeholder":"Put a value here","is_array":true,"required":false,"hidden":false,"readonly":false,"properties":{"app_data":{"type":"object","description":"app_data","placeholder":"Put a value here","is_array":false,"required":false,"hidden":false,"readonly":false,"properties":{"ui_data":{"type":"object","description":"caller defined ui_data","placeholder":"Put a value here","is_array":false,"required":false,"hidden":false,"readonly":false,"properties":{"{user-defined-property}":{"description":"custom property","placeholder":"Put a value here","required":false,"hidden":false,"readonly":false}}},"wml_data":{"type":"object","description":"wml_data","placeholder":"Put a value here","is_array":false,"required":true,"hidden":false,"readonly":false,"properties":{"hardware_spec":{"type":"object","description":"hardware_spec","placeholder":"Put a value here","is_array":false,"required":false,"hidden":false,"readonly":false,"properties":{"base_id":{"type":"string","description":"base hardware_spec id","placeholder":"Put a value here","is_array":false,"required":false,"hidden":true,"readonly":false},"id":{"type":"string","description":"hardware_spec id","placeholder":"Put a value here","is_array":false,"required":false,"hidden":false,"readonly":false},"name":{"type":"string","description":"hardware_spec name","placeholder":"Put a value here","is_array":false,"required":false,"hidden":false,"readonly":false},"num_nodes":{"type":"number","description":"number of nodes","placeholder":"Put a value here","is_array":false,"required":false,"hidden":false,"readonly":false},"rev":{"type":"string","description":"hardware_spec rev","placeholder":"Put a value here","is_array":false,"required":false,"hidden":false,"readonly":false}}},"software_spec":{"type":"object","description":"software_spec of the function","placeholder":"Put a value here","is_array":false,"required":false,"hidden":false,"readonly":false,"properties":{"base_id":{"type":"string","description":"base software_spec id","placeholder":"Put a value here","is_array":false,"required":false,"hidden":true,"readonly":false},"id":{"type":"string","description":"software_spec id","placeholder":"Put a value here","is_array":false,"required":false,"hidden":false,"readonly":false},"name":{"type":"string","description":"software_spec name","placeholder":"Put a value here","is_array":false,"required":false,"hidden":false,"readonly":false},"rev":{"type":"string","description":"software_spec rev","placeholder":"Put a value here","is_array":false,"required":false,"hidden":false,"readonly":false}}}}}}},"id":{"type":"string","description":"id","placeholder":"Put a value here","is_array":false,"required":true,"hidden":false,"readonly":false},"links":{"type":"object","description":"links","placeholder":"Put a value here","is_array":true,"required":false,"hidden":false,"readonly":false,"properties":{"app_data":{"type":"object","description":"app_data","placeholder":"Put a value here","is_array":false,"required":false,"hidden":false,"readonly":false,"properties":{"ui_data":{"type":"object","description":"caller defined ui_data","placeholder":"Put a value here","is_array":false,"required":false,"hidden":false,"readonly":false,"properties":{"{user-defined-property}":{"description":"custom property","placeholder":"Put a value here","required":false,"hidden":false,"readonly":false}}},"wml_data":{"type":"object","description":"wml_data","placeholder":"Put a value here","is_array":false,"required":true,"hidden":false,"readonly":false,"properties":{"hardware_spec":{"type":"object","description":"hardware_spec","placeholder":"Put a value here","is_array":false,"required":false,"hidden":false,"readonly":false,"properties":{"base_id":{"type":"string","description":"base hardware_spec id","placeholder":"Put a value here","is_array":false,"required":false,"hidden":true,"readonly":false},"id":{"type":"string","description":"hardware_spec id","placeholder":"Put a value here","is_array":false,"required":false,"hidden":false,"readonly":false},"name":{"type":"string","description":"hardware_spec name","placeholder":"Put a value here","is_array":false,"required":false,"hidden":false,"readonly":false},"num_nodes":{"type":"number","description":"number of nodes","placeholder":"Put a value here","is_array":false,"required":false,"hidden":false,"readonly":false},"rev":{"type":"string","description":"hardware_spec rev","placeholder":"Put a value here","is_array":false,"required":false,"hidden":false,"readonly":false}}},"software_spec":{"type":"object","description":"software_spec of the function","placeholder":"Put a value here","is_array":false,"required":false,"hidden":false,"readonly":false,"properties":{"base_id":{"type":"string","description":"base software_spec id","placeholder":"Put a value here","is_array":false,"required":false,"hidden":true,"readonly":false},"id":{"type":"string","description":"software_spec id","placeholder":"Put a value here","is_array":false,"required":false,"hidden":false,"readonly":false},"name":{"type":"string","description":"software_spec name","placeholder":"Put a value here","is_array":false,"required":false,"hidden":false,"readonly":false},"rev":{"type":"string","description":"software_spec rev","placeholder":"Put a value here","is_array":false,"required":false,"hidden":false,"readonly":false}}}}}}},"node_id_ref":{"type":"string","description":"node_id_ref","placeholder":"Put a value here","is_array":false,"required":true,"hidden":false,"readonly":false},"port_id_ref":{"type":"string","description":"port_id_ref","placeholder":"Put a value here","is_array":false,"required":false,"hidden":false,"readonly":false}}},"schema_ref":{"type":"string","description":"schema_ref","placeholder":"Put a value here","is_array":false,"required":false,"hidden":false,"readonly":false},"subflow_node_ref":{"type":"string","description":"subflow_node_ref","placeholder":"Put a value here","is_array":false,"required":false,"hidden":false,"readonly":false}}},"parameters":{"type":"object","description":"caller defined parameters","placeholder":"Put a value here","is_array":false,"required":false,"hidden":false,"readonly":false,"properties":{"{user-defined-property}":{"description":"custom js value","placeholder":"Put a value here","required":false,"hidden":false,"readonly":false}}},"runtime_ref":{"type":"string","description":"pipeline runtime_ref","placeholder":"Put a value here","is_array":false,"required":false,"hidden":false,"readonly":false},"subflow_ref":{"type":"object","description":"subflow_ref","placeholder":"Put a value here","is_array":false,"required":false,"hidden":false,"readonly":false,"properties":{"pipeline_id_ref":{"type":"string","description":"pipeline_id_ref","placeholder":"Put a value here","is_array":false,"required":true,"hidden":false,"readonly":false},"url":{"type":"string","description":"url","placeholder":"Put a value here","is_array":false,"required":false,"hidden":false,"readonly":false}}},"type":{"type":"string","description":"node type","placeholder":"Put a value here","is_array":false,"required":true,"hidden":false,"readonly":false}}},"runtime_ref":{"type":"string","description":"pipeline runtime_ref","placeholder":"Put a value here","is_array":false,"required":true,"hidden":false,"readonly":false}}},"primary_pipeline":{"type":"string","description":"primary pipeline id","placeholder":"Put a value here","is_array":false,"required":true,"hidden":false,"readonly":false},"runtimes":{"type":"object","description":"runtimes","placeholder":"Put a value here","is_array":true,"required":false,"hidden":false,"readonly":false,"properties":{"app_data":{"type":"object","description":"app_data","placeholder":"Put a value here","is_array":false,"required":false,"hidden":false,"readonly":false,"properties":{"ui_data":{"type":"object","description":"caller defined ui_data","placeholder":"Put a value here","is_array":false,"required":false,"hidden":false,"readonly":false,"properties":{"{user-defined-property}":{"description":"custom property","placeholder":"Put a value here","required":false,"hidden":false,"readonly":false}}},"wml_data":{"type":"object","description":"wml_data","placeholder":"Put a value here","is_array":false,"required":true,"hidden":false,"readonly":false,"properties":{"hardware_spec":{"type":"object","description":"hardware_spec","placeholder":"Put a value here","is_array":false,"required":false,"hidden":false,"readonly":false,"properties":{"base_id":{"type":"string","description":"base hardware_spec id","placeholder":"Put a value here","is_array":false,"required":false,"hidden":true,"readonly":false},"id":{"type":"string","description":"hardware_spec id","placeholder":"Put a value here","is_array":false,"required":false,"hidden":false,"readonly":false},"name":{"type":"string","description":"hardware_spec name","placeholder":"Put a value here","is_array":false,"required":false,"hidden":false,"readonly":false},"num_nodes":{"type":"number","description":"number of nodes","placeholder":"Put a value here","is_array":false,"required":false,"hidden":false,"readonly":false},"rev":{"type":"string","description":"hardware_spec rev","placeholder":"Put a value here","is_array":false,"required":false,"hidden":false,"readonly":false}}},"software_spec":{"type":"object","description":"software_spec of the function","placeholder":"Put a value here","is_array":false,"required":false,"hidden":false,"readonly":false,"properties":{"base_id":{"type":"string","description":"base software_spec id","placeholder":"Put a value here","is_array":false,"required":false,"hidden":true,"readonly":false},"id":{"type":"string","description":"software_spec id","placeholder":"Put a value here","is_array":false,"required":false,"hidden":false,"readonly":false},"name":{"type":"string","description":"software_spec name","placeholder":"Put a value here","is_array":false,"required":false,"hidden":false,"readonly":false},"rev":{"type":"string","description":"software_spec rev","placeholder":"Put a value here","is_array":false,"required":false,"hidden":false,"readonly":false}}}}}}},"id":{"type":"string","description":"id","placeholder":"Put a value here","is_array":false,"required":true,"hidden":false,"readonly":false},"name":{"type":"string","description":"name","placeholder":"Put a value here","is_array":false,"required":true,"hidden":false,"readonly":false},"version":{"type":"string","description":"version","placeholder":"Put a value here","is_array":false,"required":false,"hidden":false,"readonly":false}}},"schemas":{"type":"object","description":"schemas","placeholder":"Put a value here","is_array":true,"required":false,"hidden":false,"readonly":false,"properties":{"fields":{"type":"object","description":"fields of the schema","placeholder":"Put a value here","is_array":true,"required":false,"hidden":false,"readonly":false,"properties":{"metadata":{"type":"object","description":"metadata of the schema field","placeholder":"Put a value here","is_array":false,"required":false,"hidden":false,"readonly":false,"properties":{"decimal_precision":{"type":"number","description":"decimal precision","placeholder":"Put a value here","is_array":false,"required":false,"hidden":false,"readonly":false},"decimal_scale":{"type":"number","description":"decimal scale","placeholder":"Put a value here","is_array":false,"required":false,"hidden":false,"readonly":false},"description":{"type":"string","description":"description of the schema metadata","placeholder":"Put a value here","is_array":false,"required":false,"hidden":false,"readonly":false},"max_length":{"type":"number","description":"max length","placeholder":"Put a value here","is_array":false,"required":false,"hidden":false,"readonly":false},"measure":{"type":"string","description":"measure of the schema metadata","placeholder":"Put a value here","is_array":false,"required":true,"hidden":false,"readonly":false},"modeling_role":{"type":"string","description":"modeling role","placeholder":"Put a value here","is_array":false,"required":true,"hidden":false,"readonly":false},"range":{"type":"object","description":"range","placeholder":"Put a value here","is_array":false,"required":false,"hidden":false,"readonly":false,"properties":{"max":{"type":"number","description":"max","placeholder":"Put a value here","is_array":false,"required":true,"hidden":false,"readonly":false},"min":{"type":"number","description":"min","placeholder":"Put a value here","is_array":false,"required":true,"hidden":false,"readonly":false}}},"runtime_type":{"type":"string","description":"runtime type","placeholder":"Put a value here","is_array":false,"required":false,"hidden":false,"readonly":false},"values":{"type":"string","description":"values","placeholder":"Put a value here","is_array":true,"required":false,"hidden":false,"readonly":false}}},"name":{"type":"string","description":"name of the schema field","placeholder":"Put a value here","is_array":false,"required":true,"hidden":false,"readonly":false},"nullable":{"type":"bool","description":"nullable of the schema field","placeholder":"Put a value here","is_array":false,"required":false,"hidden":false,"readonly":false},"type":{"type":"string","description":"type of the schema field","placeholder":"Put a value here","is_array":false,"required":true,"hidden":false,"readonly":false}}},"id":{"type":"string","description":"id of the schema","placeholder":"Put a value here","is_array":false,"required":true,"hidden":false,"readonly":false},"name":{"type":"string","description":"name of the schema","placeholder":"Put a value here","is_array":false,"required":false,"hidden":false,"readonly":false},"struct_types":{"type":"object","description":"struct types","placeholder":"Put a value here","is_array":false,"required":false,"hidden":false,"readonly":false,"properties":{"{user-defined-property}":{"type":"object","description":"struct type","placeholder":"Put a value here","is_array":false,"required":false,"hidden":false,"readonly":false,"properties":{"fields":{"type":"object","description":"fields of the schema","placeholder":"Put a value here","is_array":true,"required":true,"hidden":false,"readonly":false,"properties":{"metadata":{"type":"object","description":"metadata of the schema field","placeholder":"Put a value here","is_array":false,"required":false,"hidden":false,"readonly":false,"properties":{"decimal_precision":{"type":"number","description":"decimal precision","placeholder":"Put a value here","is_array":false,"required":false,"hidden":false,"readonly":false},"decimal_scale":{"type":"number","description":"decimal scale","placeholder":"Put a value here","is_array":false,"required":false,"hidden":false,"readonly":false},"description":{"type":"string","description":"description of the schema metadata","placeholder":"Put a value here","is_array":false,"required":false,"hidden":false,"readonly":false},"max_length":{"type":"number","description":"max length","placeholder":"Put a value here","is_array":false,"required":false,"hidden":false,"readonly":false},"measure":{"type":"string","description":"measure of the schema metadata","placeholder":"Put a value here","is_array":false,"required":true,"hidden":false,"readonly":false},"modeling_role":{"type":"string","description":"modeling role","placeholder":"Put a value here","is_array":false,"required":true,"hidden":false,"readonly":false},"range":{"type":"object","description":"range","placeholder":"Put a value here","is_array":false,"required":false,"hidden":false,"readonly":false,"properties":{"max":{"type":"number","description":"max","placeholder":"Put a value here","is_array":false,"required":true,"hidden":false,"readonly":false},"min":{"type":"number","description":"min","placeholder":"Put a value here","is_array":false,"required":true,"hidden":false,"readonly":false}}},"runtime_type":{"type":"string","description":"runtime type","placeholder":"Put a value here","is_array":false,"required":false,"hidden":false,"readonly":false},"values":{"type":"string","description":"values","placeholder":"Put a value here","is_array":true,"required":false,"hidden":false,"readonly":false}}},"name":{"type":"string","description":"name of the schema field","placeholder":"Put a value here","is_array":false,"required":true,"hidden":false,"readonly":false},"nullable":{"type":"bool","description":"type of the schema field","placeholder":"Put a value here","is_array":false,"required":false,"hidden":false,"readonly":false},"type":{"type":"string","description":"type of the schema field","placeholder":"Put a value here","is_array":false,"required":true,"hidden":false,"readonly":false}}}}}}},"type":{"type":"string","description":"type of the schema","placeholder":"Put a value here","is_array":false,"required":false,"hidden":false,"readonly":false}}},"version":{"type":"string","description":"pipeline document version","placeholder":"Put a value here","is_array":false,"required":true,"hidden":false,"readonly":false}}},"hardware_spec_dependencies":{"type":"string","description":"list of dependent hardware_spec ids for the pipeline","placeholder":"Put a value here","is_array":true,"required":false,"hidden":true,"readonly":false,"default_value":"None"},"ml_version":{"type":"string","description":"Internal version of the ml asset type","placeholder":"Put a value here","is_array":false,"required":true,"hidden":true,"readonly":true,"default_value":"4.0.0"},"model_definition_dependencies":{"type":"string","description":"list of dependent model_definition ids for the pipeline","placeholder":"Put a value here","is_array":true,"required":false,"hidden":true,"readonly":false,"default_value":"None"},"software_spec_dependencies":{"type":"string","description":"list of dependent software_spec ids for the pipeline","placeholder":"Put a value here","is_array":true,"required":false,"hidden":true,"readonly":false,"default_value":"None"}},"name":"wml_pipeline","version":1}
