{"metadata":{"asset_id":"c6739d1e-ac22-43df-9740-99cf73f0b69f","asset_attributes":["data_asset","location_definition"],"name":"known_behaviors.csv","asset_type":"data_asset","created_at":"2023-11-30T09:20:05Z","description":"","origin_country":"us","owner_id":"IBMid-270006YQEG","project_id":"39d14530-963f-4c8c-8710-41c9fbc819dc","size":707570,"tags":[],"usage":{"last_update_time":1701336006391,"last_updated_at":"2023-11-30T09:20:06Z"}},"entity":{"data_asset":{"mime_type":"text/csv","dataset":false},"location_definition":{"physical_location_code":"DAL","physical_location_code_assigned_by":"IBMid-270006YQEG","physical_location_code_rds_id":"c57cb90f-2126-3800-9c9f-9eab82021cdf","physical_location_code_rds_version":"00002022-0405-4144-8128-391693000000_1","physical_location_code_assignment_method":"INFERRED","physical_location_code_added_on":"1686664726002"}},"attachments":[{"id":"f5e0caea-5123-4258-aa4f-bc42462fae21","version":2,"asset_type":"data_asset","name":"known_behaviors.csv","mime":"text/csv","datasource_type":"193a97c1-4475-4a19-b90c-295c4fdc6517","object_key":"known_behaviors.csv","creator_id":"iam-ServiceId-947d5b81-8bd3-42a6-844e-9dc008847612","create_time":1701336006292,"size":707570,"is_remote":false,"is_managed":false,"is_referenced":true,"is_object_key_read_only":true,"is_user_provided_path_key":true,"transfer_complete":true,"is_partitioned":false,"complete_time_ticks":1701336006292,"user_data":{},"test_doc":0,"handle":{"bucket":"predictcustomerinteresttooptimize-donotdelete-pr-ua4cn1vrgmvkxr","location":"us-south","type":"bluemix_cos","key":"known_behaviors.csv","upload_id":"done","max_part_num":1},"usage":{"access_count":0,"last_accessor_id":"iam-ServiceId-947d5b81-8bd3-42a6-844e-9dc008847612","last_access_time":1701336006292}}]}
