{"metadata":{"asset_id":"65afa4e9-e3a1-42ca-919d-c069aa1951cb","asset_attributes":["notebook"],"name":"Promote financial products to bank custom","asset_type":"notebook","created_at":"2023-11-30T09:20:07Z","description":"","origin_country":"us","owner_id":"IBMid-270006YQEG","project_id":"39d14530-963f-4c8c-8710-41c9fbc819dc","size":786558,"tags":["notebook"],"usage":{"last_update_time":1704793430604,"last_updated_at":"2024-01-09T09:43:50Z"}},"entity":{"notebook":{"kernel":{"name":"python3","display_name":"Python 3.10","language":"python"},"originates_from":{"type":"file"},"runtime":{"environment":"rt231pys2-39d14530-963f-4c8c-8710-41c9fbc819dc"}},"location_definition":{"physical_location_code":"DAL","physical_location_code_assigned_by":"IBMid-270006YQEG","physical_location_code_rds_id":"c57cb90f-2126-3800-9c9f-9eab82021cdf","physical_location_code_rds_version":"20ed74f5-e315-4de9-b9e6-3282d11fc236_1","physical_location_code_assignment_method":"INFERRED","physical_location_code_added_on":"1701335999505"}},"attachments":[{"id":"82d59981-106b-4929-a612-ab3a3f354122","version":2,"asset_type":"notebook","name":"attachment for notebook 65afa4e9-e3a1-42ca-919d-c069aa1951cb","description":"attachment for notebook 65afa4e9-e3a1-42ca-919d-c069aa1951cb","mime":"application/json","datasource_type":"193a97c1-4475-4a19-b90c-295c4fdc6517","object_key":"notebook/Promote_financial_products_to_bank_custom_vuKptr3el.ipynb","creator_id":"IBMid-270006YQEG","create_time":1701336007452,"size":786558,"is_remote":false,"is_managed":false,"is_referenced":true,"is_object_key_read_only":false,"is_user_provided_path_key":true,"transfer_complete":true,"is_partitioned":false,"complete_time_ticks":1701336007452,"user_data":{},"test_doc":0,"handle":{"bucket":"predictcustomerinteresttooptimize-donotdelete-pr-ua4cn1vrgmvkxr","location":"us-south","type":"bluemix_cos","key":"notebook/Promote_financial_products_to_bank_custom_vuKptr3el.ipynb","upload_id":"done","max_part_num":1},"usage":{"access_count":9,"last_accessor_id":"IBMid-270006YQEG","last_access_time":1704793422657,"last_updater_id":"IBMid-270006YQEG","last_update_time":1704793422657}}]}
