{"metadata":{"asset_id":"4065eed1-3af7-4d7f-9d71-489e38b11617","asset_attributes":["data_asset","feature_group","column_info"],"name":"german_credit_data_biased_training.csv","asset_type":"data_asset","created_at":"2023-06-26T09:17:29Z","origin_country":"us","owner_id":"1000331004","project_id":"7a7a49d0-4762-47e4-bb7f-31d4a372c884","size":689622,"usage":{"last_update_time":1687771926306,"last_updated_at":"2023-06-26T09:32:06Z"}},"entity":{"data_asset":{"mime_type":"text/csv","dataset":false},"feature_group":{"is_feature_group":true,"columns":{"Age":{"roles":["Input"],"monitored_groups":["[18, 25]"],"reference_groups":["[26, 75]"]},"EmploymentDuration":{"roles":["Input"]},"Housing":{"roles":["Input"]},"Job":{"roles":["Input"]},"LoanAmount":{"roles":["Input"]},"LoanDuration":{"roles":["Input"]},"LoanPurpose":{"roles":["Input"]},"OthersOnLoan":{"roles":["Input"],"value_descriptions":[{"value":"none","description":"No others on the loan"},{"value":"co-applicant","description":"The other party is a co-applicant on the loan"},{"value":"guarantor","description":"The other party is a guarantor for the loan"}]},"OwnsProperty":{"roles":["Input"]},"Risk":{"roles":["Target"],"favorable_labels":["No Risk"],"unfavorable_labels":["Risk"],"monitored_groups":[],"reference_groups":[]},"Sex":{"roles":["Input"],"monitored_groups":["female"],"reference_groups":["male"]}}},"column_info":{"Age":{},"EmploymentDuration":{},"Housing":{},"Job":{},"LoanAmount":{},"LoanDuration":{},"LoanPurpose":{},"OthersOnLoan":{"column_description":"Whether there are other debtors or guarantors on the loan"},"OwnsProperty":{},"Risk":{},"Sex":{}}},"attachments":[{"id":"995689f9-c1b3-430e-8c48-67547427601a","version":2,"asset_type":"data_asset","name":"german_credit_data_biased_training.csv","mime":"text/csv","datasource_type":"81bafdbd-b7c6-45c5-a4fd-6ec135f66f4e","object_key":"data_asset/german_credit_data_biased_training.csv","creator_id":"1000331004","create_time":1687771049771,"size":689622,"is_remote":false,"is_managed":false,"is_referenced":true,"is_object_key_read_only":true,"is_user_provided_path_key":true,"transfer_complete":true,"is_partitioned":false,"complete_time_ticks":1687771049771,"user_data":{},"test_doc":0,"handle":{"type":"assetfiles","key":"data_asset/german_credit_data_biased_training.csv","upload_id":"done","max_part_num":1},"usage":{"access_count":0,"last_accessor_id":"1000331004","last_access_time":1687771049771}}]}