{"metadata":{"asset_id":"408bf942-cd12-4c05-8f2a-50fbe0461042","asset_attributes":["notebook"],"name":"Creating a Feature Group","asset_type":"notebook","created_at":"2023-06-26T09:18:31Z","description":"","origin_country":"us","owner_id":"1000331004","project_id":"7a7a49d0-4762-47e4-bb7f-31d4a372c884","size":104453,"tags":["notebook"],"usage":{"last_update_time":1687771307720,"last_updated_at":"2023-06-26T09:21:47Z"}},"entity":{"notebook":{"kernel":{"name":"python3","display_name":"Python 3.10","language":"python"},"originates_from":{"type":"blank"},"runtime":{"environment":"rt231py-7a7a49d0-4762-47e4-bb7f-31d4a372c884"}}},"attachments":[{"id":"6981d0ba-7b69-41fc-8d25-e912f363a0c5","version":2,"asset_type":"notebook","name":"attachment for notebook 408bf942-cd12-4c05-8f2a-50fbe0461042","description":"attachment for notebook 408bf942-cd12-4c05-8f2a-50fbe0461042","mime":"application/json","datasource_type":"81bafdbd-b7c6-45c5-a4fd-6ec135f66f4e","object_key":"notebook/Creating_a_Feature_Group_qfp_YBZ-3.ipynb","creator_id":"1000331004","create_time":1687771111513,"size":104453,"is_remote":false,"is_managed":false,"is_referenced":true,"is_object_key_read_only":false,"is_user_provided_path_key":true,"transfer_complete":true,"is_partitioned":false,"complete_time_ticks":1687771111513,"user_data":{},"test_doc":0,"handle":{"type":"assetfiles","key":"notebook/Creating_a_Feature_Group_qfp_YBZ-3.ipynb","upload_id":"done","max_part_num":1},"usage":{"access_count":2,"last_accessor_id":"1000331004","last_access_time":1687771307719,"last_updater_id":"1000331004","last_update_time":1687771307719}}]}