{"metadata":{"asset_id":"d747818a-2ba9-420f-936c-1ebf7e026311","asset_attributes":["notebook"],"name":"Using a Feature Group to Train an AutoAI pipeline","asset_type":"notebook","created_at":"2023-06-26T09:33:27Z","description":"","origin_country":"us","owner_id":"1000331004","project_id":"7a7a49d0-4762-47e4-bb7f-31d4a372c884","size":53152,"tags":["notebook"],"usage":{"last_update_time":1687787395683,"last_updated_at":"2023-06-26T13:49:55Z"}},"entity":{"notebook":{"kernel":{"name":"python3","display_name":"Python 3.10","language":"python"},"originates_from":{"type":"blank"},"runtime":{"environment":"rt231py-7a7a49d0-4762-47e4-bb7f-31d4a372c884"}}},"attachments":[{"id":"1d6a392a-d8fc-49f8-965a-d394dedcc4ea","version":2,"asset_type":"notebook","name":"attachment for notebook d747818a-2ba9-420f-936c-1ebf7e026311","description":"attachment for notebook d747818a-2ba9-420f-936c-1ebf7e026311","mime":"application/json","datasource_type":"81bafdbd-b7c6-45c5-a4fd-6ec135f66f4e","object_key":"notebook/Using_a_Feature_Group_to_Train_an_AutoAI_pipeline_cfuDMfAul.ipynb","creator_id":"1000331004","create_time":1687772007552,"size":53152,"is_remote":false,"is_managed":false,"is_referenced":true,"is_object_key_read_only":false,"is_user_provided_path_key":true,"transfer_complete":true,"is_partitioned":false,"complete_time_ticks":1687772007552,"user_data":{},"test_doc":0,"handle":{"type":"assetfiles","key":"notebook/Using_a_Feature_Group_to_Train_an_AutoAI_pipeline_cfuDMfAul.ipynb","upload_id":"done","max_part_num":1},"usage":{"access_count":14,"last_accessor_id":"1000331004","last_access_time":1687787395247,"last_updater_id":"1000331004","last_update_time":1687787395247}}]}