{"metadata":{"asset_id":"5590ba46-3a41-4108-8b83-08be8f260e7b","asset_attributes":["data_asset"],"name":"config.py","asset_type":"data_asset","created_at":"2021-10-01T14:38:58Z","description":"","origin_country":"us","owner_id":"IBMid-550002Q38X","project_id":"5db27483-856a-4071-a125-8d1fe49b4c7a","size":67665,"tags":[],"usage":{"last_update_time":1633099138933,"last_updated_at":"2021-10-01T14:38:58Z"}},"entity":{"data_asset":{"mime_type":"text/x-script.python","dataset":false}},"attachments":[{"id":"1f26c021-51ab-4fc1-a245-b528f2aeb420","version":2,"asset_type":"data_asset","name":"config.py","mime":"text/x-script.python","datasource_type":"193a97c1-4475-4a19-b90c-295c4fdc6517","object_key":"config.py","creator_id":"IBMid-550002Q38X","create_time":1633099138932,"size":67665,"is_remote":false,"is_managed":false,"is_referenced":true,"is_object_key_read_only":true,"is_user_provided_path_key":true,"transfer_complete":true,"is_partitioned":false,"complete_time_ticks":1633099138932,"user_data":{},"test_doc":0,"handle":{"bucket":"salespredictionusingweathercompan-donotdelete-pr-skubwhofhczsyn","location":"us-geo","key":"config.py","upload_id":"done","max_part_num":1},"usage":{"access_count":0,"last_accessor_id":"IBMid-550002Q38X","last_access_time":1633099138932}}]}
