{"metadata":{"asset_id":"8ba6f74b-71a5-49d7-8f30-d59530bda2bd","asset_attributes":["data_asset"],"name":"sales-prediction-using-the-weather-company-data-glossary-categories.csv","asset_type":"data_asset","created_at":"2021-10-01T18:14:02Z","description":"","origin_country":"us","owner_id":"IBMid-550002Q38X","project_id":"5db27483-856a-4071-a125-8d1fe49b4c7a","size":490,"tags":[],"usage":{"last_update_time":1633112044932,"last_updated_at":"2021-10-01T18:14:04Z"}},"entity":{"data_asset":{"mime_type":"text/csv","dataset":false}},"attachments":[{"id":"22bd124f-9346-4fc7-a0a7-2e5908bbd38e","version":2,"asset_type":"data_asset","name":"sales-prediction-using-the-weather-company-data-glossary-categories.csv","mime":"text/csv","datasource_type":"193a97c1-4475-4a19-b90c-295c4fdc6517","object_key":"sales-prediction-using-the-weather-company-data-glossary-categories.csv","creator_id":"IBMid-550002Q38X","create_time":1633112044931,"size":490,"is_remote":false,"is_managed":false,"is_referenced":true,"is_object_key_read_only":true,"is_user_provided_path_key":true,"transfer_complete":true,"is_partitioned":false,"complete_time_ticks":1633112044931,"user_data":{},"test_doc":0,"handle":{"bucket":"salespredictionusingweathercompan-donotdelete-pr-skubwhofhczsyn","location":"us-geo","key":"sales-prediction-using-the-weather-company-data-glossary-categories.csv","upload_id":"done","max_part_num":1},"usage":{"access_count":0,"last_accessor_id":"IBMid-550002Q38X","last_access_time":1633112044931}}]}
