{"metadata":{"asset_id":"791c38f7-c354-4500-901b-eb579be38eb2","asset_attributes":["data_asset"],"name":"fauxsales2.csv","asset_type":"data_asset","created_at":"2021-09-29T14:46:51Z","description":"","origin_country":"us","owner_id":"IBMid-550002Q38X","project_id":"5db27483-856a-4071-a125-8d1fe49b4c7a","size":105721,"tags":[],"usage":{"last_update_time":1632926811963,"last_updated_at":"2021-09-29T14:46:51Z"}},"entity":{"data_asset":{"mime_type":"text/csv","dataset":false}},"attachments":[{"id":"b573b3bc-2df2-4aaa-9d23-ef54c17f98c2","version":2,"asset_type":"data_asset","name":"fauxsales2.csv","mime":"text/csv","datasource_type":"193a97c1-4475-4a19-b90c-295c4fdc6517","object_key":"fauxsales2.csv","creator_id":"IBMid-550002Q38X","create_time":1632926811962,"size":105721,"is_remote":false,"is_managed":false,"is_referenced":true,"is_object_key_read_only":true,"is_user_provided_path_key":true,"transfer_complete":true,"is_partitioned":false,"complete_time_ticks":1632926811962,"user_data":{},"test_doc":0,"handle":{"bucket":"salespredictionusingweathercompan-donotdelete-pr-skubwhofhczsyn","location":"us-geo","key":"fauxsales2.csv","upload_id":"done","max_part_num":1},"usage":{"access_count":0,"last_accessor_id":"IBMid-550002Q38X","last_access_time":1632926811962}}]}
