{"metadata":{"asset_id":"0f8dd12a-a137-43e6-8b67-b05e89c5f0d3","asset_attributes":["data_asset"],"name":"sales-prediction-using-the-weather-company-data-map-terms.csv","asset_type":"data_asset","created_at":"2021-10-01T18:14:04Z","description":"","origin_country":"us","owner_id":"IBMid-550002Q38X","project_id":"5db27483-856a-4071-a125-8d1fe49b4c7a","size":17424,"tags":[],"usage":{"last_update_time":1633112045518,"last_updated_at":"2021-10-01T18:14:05Z"}},"entity":{"data_asset":{"mime_type":"text/csv","dataset":false}},"attachments":[{"id":"9121cc26-554d-426c-bc72-4752039bc78a","version":2,"asset_type":"data_asset","name":"sales-prediction-using-the-weather-company-data-map-terms.csv","mime":"text/csv","datasource_type":"193a97c1-4475-4a19-b90c-295c4fdc6517","object_key":"sales-prediction-using-the-weather-company-data-map-terms.csv","creator_id":"IBMid-550002Q38X","create_time":1633112045517,"size":17424,"is_remote":false,"is_managed":false,"is_referenced":true,"is_object_key_read_only":true,"is_user_provided_path_key":true,"transfer_complete":true,"is_partitioned":false,"complete_time_ticks":1633112045517,"user_data":{},"test_doc":0,"handle":{"bucket":"salespredictionusingweathercompan-donotdelete-pr-skubwhofhczsyn","location":"us-geo","key":"sales-prediction-using-the-weather-company-data-map-terms.csv","upload_id":"done","max_part_num":1},"usage":{"access_count":0,"last_accessor_id":"IBMid-550002Q38X","last_access_time":1633112045517}}]}
