{"metadata":{"asset_id":"26b5d1d1-bf42-49e5-ac23-3a85fa892649","asset_attributes":["data_asset","data_profile_uda"],"name":"Sales Prediction using the Weather Company Data.pdf","asset_type":"data_asset","created_at":"2021-10-26T20:33:39Z","description":"","origin_country":"us","owner_id":"IBMid-550003P291","project_id":"5db27483-856a-4071-a125-8d1fe49b4c7a","size":97376,"tags":[],"usage":{"last_update_time":1635280448118,"last_updated_at":"2021-10-26T20:34:08Z"}},"entity":{"data_asset":{"mime_type":"application/pdf","dataset":false},"data_profile_uda":{"status":"completed"}},"attachments":[{"id":"91f7ae2f-4cf9-4117-8423-0a479263456d","version":2,"asset_type":"data_asset","name":"Sales Prediction using the Weather Company Data.pdf","mime":"application/pdf","datasource_type":"193a97c1-4475-4a19-b90c-295c4fdc6517","object_key":"Sales Prediction using the Weather Company Data.pdf","creator_id":"IBMid-550003P291","create_time":1635280420048,"size":92172,"is_remote":false,"is_managed":false,"is_referenced":true,"is_object_key_read_only":true,"is_user_provided_path_key":true,"transfer_complete":true,"is_partitioned":false,"complete_time_ticks":1635280420048,"user_data":{},"test_doc":0,"handle":{"bucket":"salespredictionusingweathercompan-donotdelete-pr-skubwhofhczsyn","location":"us-geo","key":"Sales Prediction using the Weather Company Data.pdf","upload_id":"done","max_part_num":1},"usage":{"access_count":0,"last_accessor_id":"IBMid-550003P291","last_access_time":1635280420048}},{"id":"5b614f1d-8114-4192-8d0e-8f5b73310b7e","version":2,"asset_type":"data_profile_uda","name":"uda_26b5d1d1-bf42-49e5-ac23-3a85fa892649.json","mime":"application/json","datasource_type":"193a97c1-4475-4a19-b90c-295c4fdc6517","object_key":"data_profile_uda/2021-10-26-20_34_01-uda_26b5d1d1-bf42-49e5-ac23-3a85fa892649.json","creator_id":"iam-ServiceId-5d9bb1d6-b10e-410d-a535-ad6b78e9773b","create_time":1635280442537,"size":2602,"is_remote":false,"is_managed":false,"is_referenced":true,"is_object_key_read_only":false,"is_user_provided_path_key":true,"transfer_complete":true,"is_partitioned":false,"complete_time_ticks":1635280442537,"user_data":{},"test_doc":0,"handle":{"bucket":"salespredictionusingweathercompan-donotdelete-pr-skubwhofhczsyn","location":"us-geo","key":"data_profile_uda/2021-10-26-20_34_01-uda_26b5d1d1-bf42-49e5-ac23-3a85fa892649.json","upload_id":"done","max_part_num":1},"usage":{"access_count":0,"last_accessor_id":"iam-ServiceId-5d9bb1d6-b10e-410d-a535-ad6b78e9773b","last_access_time":1635280442537}},{"id":"284a3488-13a9-4f43-a660-4bee1c4931e3","version":2,"asset_type":"data_profile_uda","name":"uda_26b5d1d1-bf42-49e5-ac23-3a85fa892649.json","mime":"application/json","datasource_type":"193a97c1-4475-4a19-b90c-295c4fdc6517","object_key":"data_profile_uda/2021-10-26-20_34_06-uda_26b5d1d1-bf42-49e5-ac23-3a85fa892649.json","creator_id":"iam-ServiceId-5d9bb1d6-b10e-410d-a535-ad6b78e9773b","create_time":1635280448000,"size":2602,"is_remote":false,"is_managed":false,"is_referenced":true,"is_object_key_read_only":false,"is_user_provided_path_key":true,"transfer_complete":true,"is_partitioned":false,"complete_time_ticks":1635280448000,"user_data":{},"test_doc":0,"handle":{"bucket":"salespredictionusingweathercompan-donotdelete-pr-skubwhofhczsyn","location":"us-geo","key":"data_profile_uda/2021-10-26-20_34_06-uda_26b5d1d1-bf42-49e5-ac23-3a85fa892649.json","upload_id":"done","max_part_num":1},"usage":{"access_count":0,"last_accessor_id":"iam-ServiceId-5d9bb1d6-b10e-410d-a535-ad6b78e9773b","last_access_time":1635280448000}}]}
