{"metadata":{"asset_id":"03bdc5f7-7e20-4220-a3dd-32e1fe7a9e00","asset_attributes":["data_asset"],"name":"fauxweather1.csv","asset_type":"data_asset","created_at":"2021-09-29T14:47:06Z","description":"","origin_country":"us","owner_id":"IBMid-550002Q38X","project_id":"5db27483-856a-4071-a125-8d1fe49b4c7a","size":9450815,"tags":[],"usage":{"last_update_time":1632926827612,"last_updated_at":"2021-09-29T14:47:07Z"}},"entity":{"data_asset":{"mime_type":"text/csv","dataset":false}},"attachments":[{"id":"5280d608-1bdd-4cf1-bc94-f6016ba7e7b8","version":2,"asset_type":"data_asset","name":"fauxweather1.csv","mime":"text/csv","datasource_type":"193a97c1-4475-4a19-b90c-295c4fdc6517","object_key":"fauxweather1.csv","creator_id":"IBMid-550002Q38X","create_time":1632926827612,"size":9450815,"is_remote":false,"is_managed":false,"is_referenced":true,"is_object_key_read_only":true,"is_user_provided_path_key":true,"transfer_complete":true,"is_partitioned":false,"complete_time_ticks":1632926827612,"user_data":{},"test_doc":0,"handle":{"bucket":"salespredictionusingweathercompan-donotdelete-pr-skubwhofhczsyn","location":"us-geo","key":"fauxweather1.csv","upload_id":"done","max_part_num":1},"usage":{"access_count":0,"last_accessor_id":"IBMid-550002Q38X","last_access_time":1632926827612}}]}
