{"metadata":{"asset_id":"5f2e6c4f-0375-4852-be05-a249e30410ba","asset_attributes":["data_asset"],"name":"weatherdataSchema.png","asset_type":"data_asset","created_at":"2021-09-29T14:47:02Z","description":"","origin_country":"us","owner_id":"IBMid-550002Q38X","project_id":"5db27483-856a-4071-a125-8d1fe49b4c7a","size":784049,"tags":[],"usage":{"last_update_time":1632926823241,"last_updated_at":"2021-09-29T14:47:03Z"}},"entity":{"data_asset":{"mime_type":"image/png","dataset":false}},"attachments":[{"id":"a358fd29-959a-41d3-9360-9fc5d118b93e","version":2,"asset_type":"data_asset","name":"weatherdataSchema.png","mime":"image/png","datasource_type":"193a97c1-4475-4a19-b90c-295c4fdc6517","object_key":"weatherdataSchema.png","creator_id":"IBMid-550002Q38X","create_time":1632926823241,"size":784049,"is_remote":false,"is_managed":false,"is_referenced":true,"is_object_key_read_only":true,"is_user_provided_path_key":true,"transfer_complete":true,"is_partitioned":false,"complete_time_ticks":1632926823241,"user_data":{},"test_doc":0,"handle":{"bucket":"salespredictionusingweathercompan-donotdelete-pr-skubwhofhczsyn","location":"us-geo","key":"weatherdataSchema.png","upload_id":"done","max_part_num":1},"usage":{"access_count":0,"last_accessor_id":"IBMid-550002Q38X","last_access_time":1632926823241}}]}
