{"metadata":{"asset_id":"9ca0a338-08c6-4f5b-a26a-c6399cd72287","asset_attributes":["data_asset"],"name":"config2.py","asset_type":"data_asset","created_at":"2021-09-29T14:46:50Z","description":"","origin_country":"us","owner_id":"IBMid-550002Q38X","project_id":"5db27483-856a-4071-a125-8d1fe49b4c7a","size":23844,"tags":[],"usage":{"last_update_time":1632926811823,"last_updated_at":"2021-09-29T14:46:51Z"}},"entity":{"data_asset":{"mime_type":"text/x-script.python","dataset":false}},"attachments":[{"id":"264b0b7e-7aa7-4c67-9cec-91d1336efd6f","version":2,"asset_type":"data_asset","name":"config2.py","mime":"text/x-script.python","datasource_type":"193a97c1-4475-4a19-b90c-295c4fdc6517","object_key":"config2.py","creator_id":"IBMid-550002Q38X","create_time":1632926811822,"size":23844,"is_remote":false,"is_managed":false,"is_referenced":true,"is_object_key_read_only":true,"is_user_provided_path_key":true,"transfer_complete":true,"is_partitioned":false,"complete_time_ticks":1632926811822,"user_data":{},"test_doc":0,"handle":{"bucket":"salespredictionusingweathercompan-donotdelete-pr-skubwhofhczsyn","location":"us-geo","key":"config2.py","upload_id":"done","max_part_num":1},"usage":{"access_count":0,"last_accessor_id":"IBMid-550002Q38X","last_access_time":1632926811822}}]}
