{"metadata":{"asset_id":"81cf4c0e-bf57-45fb-a542-bcc4c4ffbcae","asset_attributes":["data_asset"],"name":"fauxweather2.csv","asset_type":"data_asset","created_at":"2021-09-29T14:47:04Z","description":"","origin_country":"us","owner_id":"IBMid-550002Q38X","project_id":"5db27483-856a-4071-a125-8d1fe49b4c7a","size":4717819,"tags":[],"usage":{"last_update_time":1632926825708,"last_updated_at":"2021-09-29T14:47:05Z"}},"entity":{"data_asset":{"mime_type":"text/csv","dataset":false}},"attachments":[{"id":"f782100e-1552-453a-aca0-5cb978de4263","version":2,"asset_type":"data_asset","name":"fauxweather2.csv","mime":"text/csv","datasource_type":"193a97c1-4475-4a19-b90c-295c4fdc6517","object_key":"fauxweather2.csv","creator_id":"IBMid-550002Q38X","create_time":1632926825708,"size":4717819,"is_remote":false,"is_managed":false,"is_referenced":true,"is_object_key_read_only":true,"is_user_provided_path_key":true,"transfer_complete":true,"is_partitioned":false,"complete_time_ticks":1632926825708,"user_data":{},"test_doc":0,"handle":{"bucket":"salespredictionusingweathercompan-donotdelete-pr-skubwhofhczsyn","location":"us-geo","key":"fauxweather2.csv","upload_id":"done","max_part_num":1},"usage":{"access_count":0,"last_accessor_id":"IBMid-550002Q38X","last_access_time":1632926825708}}]}
