{"metadata":{"asset_id":"cf9395a4-5c4a-47ad-8d3d-9d243b943e01","asset_attributes":["data_asset"],"name":"sales-prediction-using-weather-company-data-dashboard.zip","asset_type":"data_asset","created_at":"2021-10-08T14:18:55Z","description":"","origin_country":"us","owner_id":"IBMid-550002Q38X","project_id":"5db27483-856a-4071-a125-8d1fe49b4c7a","size":166029,"tags":[],"usage":{"last_update_time":1633702736015,"last_updated_at":"2021-10-08T14:18:56Z"}},"entity":{"data_asset":{"mime_type":"application/zip","dataset":false}},"attachments":[{"id":"0595ca9a-3af2-457f-8c32-d643b1a2002c","version":2,"asset_type":"data_asset","name":"sales-prediction-using-weather-company-data-dashboard.zip","mime":"application/zip","datasource_type":"193a97c1-4475-4a19-b90c-295c4fdc6517","object_key":"sales-prediction-using-weather-company-data-dashboard.zip","creator_id":"IBMid-550002Q38X","create_time":1633702736014,"size":166029,"is_remote":false,"is_managed":false,"is_referenced":true,"is_object_key_read_only":true,"is_user_provided_path_key":true,"transfer_complete":true,"is_partitioned":false,"complete_time_ticks":1633702736014,"user_data":{},"test_doc":0,"handle":{"bucket":"salespredictionusingweathercompan-donotdelete-pr-skubwhofhczsyn","location":"us-geo","key":"sales-prediction-using-weather-company-data-dashboard.zip","upload_id":"done","max_part_num":1},"usage":{"access_count":0,"last_accessor_id":"IBMid-550002Q38X","last_access_time":1633702736014}}]}
