{"metadata":{"asset_id":"575ea32d-57e3-485e-bbd3-944ccb54b0c9","asset_attributes":["notebook"],"name":"2-apply-predictive-models","asset_type":"notebook","created_at":"2021-10-12T13:06:10Z","description":"","origin_country":"us","owner_id":"IBMid-550003B08R","project_id":"5db27483-856a-4071-a125-8d1fe49b4c7a","size":1095182,"tags":["notebook"],"usage":{"last_update_time":1634829997419,"last_updated_at":"2021-10-21T15:26:37Z"}},"entity":{"notebook":{"kernel":{"name":"python3","display_name":"Python 3.8","language":"python"},"originates_from":{"type":"blank"},"runtime":{"environment":"conda2py38-5db27483-856a-4071-a125-8d1fe49b4c7a"}}},"attachments":[{"id":"58f1d112-c322-4e20-b4ca-83383e24e3fd","version":2,"asset_type":"notebook","name":"attachment for notebook 575ea32d-57e3-485e-bbd3-944ccb54b0c9","description":"attachment for notebook 575ea32d-57e3-485e-bbd3-944ccb54b0c9","mime":"application/json","datasource_type":"193a97c1-4475-4a19-b90c-295c4fdc6517","object_key":"notebook/2-apply-predictive-models_KbKF6I4Em.ipynb","creator_id":"IBMid-550003B08R","create_time":1634043970546,"size":1095182,"is_remote":false,"is_managed":false,"is_referenced":true,"is_object_key_read_only":false,"is_user_provided_path_key":true,"transfer_complete":true,"is_partitioned":false,"complete_time_ticks":1634043970546,"user_data":{},"test_doc":0,"handle":{"bucket":"salespredictionusingweathercompan-donotdelete-pr-skubwhofhczsyn","location":"us-geo","key":"notebook/2-apply-predictive-models_KbKF6I4Em.ipynb","upload_id":"done","max_part_num":1},"usage":{"access_count":0,"last_accessor_id":"IBMid-550003B08R","last_access_time":1634043970546}}]}
