{"metadata":{"asset_id":"d6b97ba5-7b3c-434f-86ad-c8ce7d914f7b","asset_attributes":["notebook"],"name":"3-make-dashboard-data","asset_type":"notebook","created_at":"2021-10-12T13:07:14Z","description":"","origin_country":"us","owner_id":"IBMid-550003B08R","project_id":"5db27483-856a-4071-a125-8d1fe49b4c7a","size":1702123,"tags":["notebook"],"usage":{"last_update_time":1634830056519,"last_updated_at":"2021-10-21T15:27:36Z"}},"entity":{"notebook":{"kernel":{"name":"python3","display_name":"Python 3.8","language":"python"},"originates_from":{"type":"blank"},"runtime":{"environment":"conda2py38-5db27483-856a-4071-a125-8d1fe49b4c7a"}}},"attachments":[{"id":"4fd0c317-899c-433d-b5bb-99be380f87bc","version":2,"asset_type":"notebook","name":"attachment for notebook d6b97ba5-7b3c-434f-86ad-c8ce7d914f7b","description":"attachment for notebook d6b97ba5-7b3c-434f-86ad-c8ce7d914f7b","mime":"application/json","datasource_type":"193a97c1-4475-4a19-b90c-295c4fdc6517","object_key":"notebook/3-make-dashboard-data_J3OjlX6kG.ipynb","creator_id":"IBMid-550003B08R","create_time":1634044034927,"size":1702123,"is_remote":false,"is_managed":false,"is_referenced":true,"is_object_key_read_only":false,"is_user_provided_path_key":true,"transfer_complete":true,"is_partitioned":false,"complete_time_ticks":1634044034927,"user_data":{},"test_doc":0,"handle":{"bucket":"salespredictionusingweathercompan-donotdelete-pr-skubwhofhczsyn","location":"us-geo","key":"notebook/3-make-dashboard-data_J3OjlX6kG.ipynb","upload_id":"done","max_part_num":1},"usage":{"access_count":0,"last_accessor_id":"IBMid-550003B08R","last_access_time":1634044034927}}]}
