{"metadata":{"asset_id":"5124f4ab-6359-4720-b625-890443f7cd66","asset_attributes":["notebook"],"name":"1-build-predictive-models","asset_type":"notebook","created_at":"2021-10-12T13:05:19Z","description":"","origin_country":"us","owner_id":"IBMid-550003B08R","project_id":"5db27483-856a-4071-a125-8d1fe49b4c7a","size":3380974,"tags":["notebook"],"usage":{"last_update_time":1634923431137,"last_updated_at":"2021-10-22T17:23:51Z"}},"entity":{"notebook":{"kernel":{"name":"python3","display_name":"Python 3.8","language":"python"},"originates_from":{"type":"blank"},"runtime":{"environment":"conda2py38-5db27483-856a-4071-a125-8d1fe49b4c7a"}}},"attachments":[{"id":"6bee1888-ccf6-4470-b36f-049805af9c44","version":2,"asset_type":"notebook","name":"attachment for notebook 5124f4ab-6359-4720-b625-890443f7cd66","description":"attachment for notebook 5124f4ab-6359-4720-b625-890443f7cd66","mime":"application/json","datasource_type":"193a97c1-4475-4a19-b90c-295c4fdc6517","object_key":"notebook/1-build-predictive-models_WL1P9P2E6.ipynb","creator_id":"IBMid-550003B08R","create_time":1634043920068,"size":3380974,"is_remote":false,"is_managed":false,"is_referenced":true,"is_object_key_read_only":false,"is_user_provided_path_key":true,"transfer_complete":true,"is_partitioned":false,"complete_time_ticks":1634043920068,"user_data":{},"test_doc":0,"handle":{"bucket":"salespredictionusingweathercompan-donotdelete-pr-skubwhofhczsyn","location":"us-geo","key":"notebook/1-build-predictive-models_WL1P9P2E6.ipynb","upload_id":"done","max_part_num":1},"usage":{"access_count":0,"last_accessor_id":"IBMid-550003B08R","last_access_time":1634043920068}}]}
