{"metadata":{"asset_id":"9e6aa89b-e079-4652-a21d-e380c7198a88","asset_attributes":["notebook"],"name":"import-wkc-glossary","asset_type":"notebook","created_at":"2021-10-01T15:51:06Z","description":"","origin_country":"us","owner_id":"IBMid-550002Q38X","project_id":"5db27483-856a-4071-a125-8d1fe49b4c7a","size":40864,"tags":["notebook"],"usage":{"last_update_time":1634830699060,"last_updated_at":"2021-10-21T15:38:19Z"}},"entity":{"notebook":{"kernel":{"name":"python3","display_name":"Python 3.8","language":"python"},"originates_from":{"type":"blank"},"runtime":{"environment":"conda2py38-5db27483-856a-4071-a125-8d1fe49b4c7a"}}},"attachments":[{"id":"5253456c-5d89-4aa0-a25c-03985307dc87","version":2,"asset_type":"notebook","name":"attachment for notebook 9e6aa89b-e079-4652-a21d-e380c7198a88","description":"attachment for notebook 9e6aa89b-e079-4652-a21d-e380c7198a88","mime":"application/json","datasource_type":"193a97c1-4475-4a19-b90c-295c4fdc6517","object_key":"notebook/import-wkc-glossary_sTCJPyhia.ipynb","creator_id":"IBMid-550002Q38X","create_time":1633103467532,"size":40864,"is_remote":false,"is_managed":false,"is_referenced":true,"is_object_key_read_only":false,"is_user_provided_path_key":true,"transfer_complete":true,"is_partitioned":false,"complete_time_ticks":1633103467532,"user_data":{},"test_doc":0,"handle":{"bucket":"salespredictionusingweathercompan-donotdelete-pr-skubwhofhczsyn","location":"us-geo","key":"notebook/import-wkc-glossary_sTCJPyhia.ipynb","upload_id":"done","max_part_num":1},"usage":{"access_count":0,"last_accessor_id":"IBMid-550002Q38X","last_access_time":1633103467532}}]}
