{"metadata":{"asset_id":"8c729f0b-7205-426b-ad7d-5b5930368fd1","asset_attributes":["data_asset","location_definition"],"name":"Readme - RAG as watsonx Assistant extension.pdf","asset_type":"data_asset","created_at":"2025-01-17T18:34:54Z","description":"README file for RAG watsonx assistant extension.","origin_country":"us","owner_id":"IBMid-50Q83SX8M9","project_id":"e7f23be0-f52a-431e-b911-84b6a12ad315","size":5965640,"usage":{"last_update_time":1737138894855,"last_updated_at":"2025-01-17T18:34:54Z"}},"entity":{"data_asset":{"dataset":false,"mime_type":"application/pdf"},"location_definition":{"physical_location_code_assignment_method":"INFERRED","physical_location_code":"DAL","physical_location_code_assigned_by":"IBMid-50Q83SX8M9","physical_location_code_added_on":"1737138758385","physical_location_code_rds_version":"a709c995-541b-4a2a-a7b8-6fc1f4e5ffe2_0","physical_location_code_rds_id":"c57cb90f-2126-3800-9c9f-9eab82021cdf"}},"attachments":[{"id":"7a21a9d4-dc0e-4db3-88f5-48618f30fae8","version":2,"asset_type":"data_asset","name":"Readme - RAG as watsonx Assistant extension.pdf","mime":"application/pdf","datasource_type":"193a97c1-4475-4a19-b90c-295c4fdc6517","object_key":"Readme - RAG as watsonx Assistant extension.pdf","creator_id":"IBMid-50Q83SX8M9","create_time":1737138894921,"size":5965640,"is_remote":false,"is_managed":false,"is_referenced":true,"is_object_key_read_only":false,"is_user_provided_path_key":true,"transfer_complete":true,"is_partitioned":false,"complete_time_ticks":1737138894921,"user_data":{},"test_doc":0,"handle":{"bucket":"ragbuildprojectwx-donotdelete-pr-itjeva9r5fqu65","location":"us-south","type":"bluemix_cos","key":"Readme - RAG as watsonx Assistant extension.pdf","upload_id":"done","max_part_num":1},"usage":{"access_count":0,"last_accessor_id":"IBMid-50Q83SX8M9","last_access_time":1737138894921}}]}
