{"metadata":{"asset_id":"de990fd1-6f38-44c1-8edc-1bef92931fac","asset_attributes":["data_asset","location_definition"],"name":"elastic_search_ELSER_BM25_hybrid_template.json","asset_type":"data_asset","created_at":"2025-01-17T18:34:10Z","description":"ELSER + BM25 template.","origin_country":"us","owner_id":"IBMid-50Q83SX8M9","project_id":"e7f23be0-f52a-431e-b911-84b6a12ad315","size":377,"usage":{"last_update_time":1737138850510,"last_updated_at":"2025-01-17T18:34:10Z"}},"entity":{"data_asset":{"dataset":false,"mime_type":"application/json"},"location_definition":{"physical_location_code_assignment_method":"INFERRED","physical_location_code":"DAL","physical_location_code_assigned_by":"IBMid-50Q83SX8M9","physical_location_code_added_on":"1737138758385","physical_location_code_rds_version":"a709c995-541b-4a2a-a7b8-6fc1f4e5ffe2_0","physical_location_code_rds_id":"c57cb90f-2126-3800-9c9f-9eab82021cdf"}},"attachments":[{"id":"cac3f47b-931b-492f-8909-2df22783dbc4","version":2,"asset_type":"data_asset","name":"elastic_search_ELSER_BM25_hybrid_template.json","mime":"application/json","datasource_type":"193a97c1-4475-4a19-b90c-295c4fdc6517","object_key":"elastic_search_ELSER_BM25_hybrid_template.json","creator_id":"IBMid-50Q83SX8M9","create_time":1737138850653,"size":377,"is_remote":false,"is_managed":false,"is_referenced":true,"is_object_key_read_only":false,"is_user_provided_path_key":true,"transfer_complete":true,"is_partitioned":false,"complete_time_ticks":1737138850653,"user_data":{},"test_doc":0,"handle":{"bucket":"ragbuildprojectwx-donotdelete-pr-itjeva9r5fqu65","location":"us-south","type":"bluemix_cos","key":"elastic_search_ELSER_BM25_hybrid_template.json","upload_id":"done","max_part_num":1},"usage":{"access_count":0,"last_accessor_id":"IBMid-50Q83SX8M9","last_access_time":1737138850653}}]}
