{"metadata":{"asset_id":"3aa5a5c9-cedc-4816-a2d2-6c4e381685ae","asset_attributes":["data_asset","location_definition"],"name":"rag_helper_functions.py","asset_type":"data_asset","created_at":"2025-01-17T18:34:39Z","description":"Python script that provides many helper functions that are used through the notebooks.","origin_country":"us","owner_id":"IBMid-50Q83SX8M9","project_id":"e7f23be0-f52a-431e-b911-84b6a12ad315","size":16662,"usage":{"last_update_time":1737138879965,"last_updated_at":"2025-01-17T18:34:39Z"}},"entity":{"data_asset":{"dataset":false,"mime_type":"text/x-script.python"},"location_definition":{"physical_location_code_assignment_method":"INFERRED","physical_location_code":"DAL","physical_location_code_assigned_by":"IBMid-50Q83SX8M9","physical_location_code_added_on":"1737138758385","physical_location_code_rds_version":"a709c995-541b-4a2a-a7b8-6fc1f4e5ffe2_0","physical_location_code_rds_id":"c57cb90f-2126-3800-9c9f-9eab82021cdf"}},"attachments":[{"id":"c07287bf-3581-46e9-81a7-0e704e5e26fe","version":2,"asset_type":"data_asset","name":"rag_helper_functions.py","mime":"text/x-script.python","datasource_type":"193a97c1-4475-4a19-b90c-295c4fdc6517","object_key":"rag_helper_functions.py","creator_id":"IBMid-50Q83SX8M9","create_time":1737138880051,"size":16662,"is_remote":false,"is_managed":false,"is_referenced":true,"is_object_key_read_only":false,"is_user_provided_path_key":true,"transfer_complete":true,"is_partitioned":false,"complete_time_ticks":1737138880051,"user_data":{},"test_doc":0,"handle":{"bucket":"ragbuildprojectwx-donotdelete-pr-itjeva9r5fqu65","location":"us-south","type":"bluemix_cos","key":"rag_helper_functions.py","upload_id":"done","max_part_num":1},"usage":{"access_count":0,"last_accessor_id":"IBMid-50Q83SX8M9","last_access_time":1737138880051}}]}
