{"metadata":{"asset_id":"f9e62a06-b64a-4509-a3b5-1edd58088584","asset_attributes":["environment"],"name":"qna_environment","asset_type":"environment","created_at":"2025-01-17T18:37:37Z","description":"","origin_country":"us","owner_id":"IBMid-50Q83SX8M9","project_id":"e7f23be0-f52a-431e-b911-84b6a12ad315","sandbox_id":"e7f23be0-f52a-431e-b911-84b6a12ad315","size":0,"tags":["dsx"],"usage":{"last_update_time":1737139074792,"last_updated_at":"2025-01-17T18:37:54Z"}},"entity":{"environment":{"sub_type":"notebook","display_name":"qna_environment","hardware_specification":{"type":"referenced","guid":"041c2f43-c1e6-42d3-8e59-7b025af80d7c"},"software_specification":{"type":"referenced","guid":"45f12dfe-aa78-5b8d-9f38-0ee223c47309"},"tools_specification":{"supported_kernels":[{"name":"python3","display_name":"Python 3.11","language":"python","version":"3.11"}],"notebook_extensions":["ipywidgets"]}}}}
