{"metadata":{"asset_id":"041c2f43-c1e6-42d3-8e59-7b025af80d7c","asset_attributes":["hardware_specification"],"name":"qna_environment","asset_type":"hardware_specification","created_at":"2025-01-17T18:37:37Z","description":"","origin_country":"us","owner_id":"IBMid-50Q83SX8M9","project_id":"e7f23be0-f52a-431e-b911-84b6a12ad315","sandbox_id":"e7f23be0-f52a-431e-b911-84b6a12ad315","size":0,"tags":["dsx"],"usage":{"last_update_time":1737139057732,"last_updated_at":"2025-01-17T18:37:37Z"}},"entity":{"hardware_specification":{"nodes":{"cpu":{"units":"2","model":""},"mem":{"size":"8Gi"}}}}}
