{"metadata":{"asset_id":"13af522f-cbb0-499a-873a-6eb3a387be5f","asset_attributes":["job"],"name":"Create and Deploy QnA Python Function job","asset_type":"job","created_at":"2025-01-17T18:33:29Z","description":"Notebook job for the creation and deployment of the QnA python function for RAG.","origin_country":"us","owner_id":"IBMid-50Q83SX8M9","project_id":"e7f23be0-f52a-431e-b911-84b6a12ad315","size":0,"usage":{"last_update_time":1737138809659,"last_updated_at":"2025-01-17T18:33:29Z"}},"entity":{"job":{"asset_ref_type":"notebook","configuration":{"entrypoint":"","env_id":"rt241pys2-e7f23be0-f52a-431e-b911-84b6a12ad315","env_type":"notebook","env_variables":[],"file_ref":"","run_results":"log_and_new_notebook"},"last_run_initiator":"deprecated field","last_run_time":"deprecated field","last_run_status":"deprecated field","last_run_status_timestamp":0,"future_scheduled_runs":[],"enable_notifications":true,"task_credentials_support":{"task_credentials_enabled":true,"user_id":"IBMid-50Q83SX8M9","account_id":"6b9d4c596ded4fdab96f0edd3f2fa18a"},"project_name":"RAG-BUILD-PROJECT-WX","asset_ref":"0b8143ea-b738-4689-a16b-45afe23f7956","schedule_id":"","schedule_creator_id":""}}}
