{"metadata":{"asset_id":"f4da83da-0a5e-4f57-a054-8778652c14b7","asset_attributes":["job"],"name":"QnA with RAG Pipeline Job","asset_type":"job","created_at":"2025-01-17T18:34:59Z","description":"Watson Pipeline job that executes the notebooks end to end in an automated method.","origin_country":"us","owner_id":"IBMid-50Q83SX8M9","project_id":"e7f23be0-f52a-431e-b911-84b6a12ad315","size":0,"usage":{"last_update_time":1737138899158,"last_updated_at":"2025-01-17T18:34:59Z"}},"entity":{"job":{"asset_ref_type":"orchestration_flow","configuration":{"env_id":"rt241pys2-e7f23be0-f52a-431e-b911-84b6a12ad315","env_type":"notebook","env_variables":[]},"last_run_initiator":"deprecated field","last_run_time":"deprecated field","last_run_status":"deprecated field","last_run_status_timestamp":0,"future_scheduled_runs":[],"enable_notifications":true,"task_credentials_support":{"task_credentials_enabled":true,"user_id":"IBMid-50Q83SX8M9","account_id":"6b9d4c596ded4fdab96f0edd3f2fa18a"},"project_name":"RAG-BUILD-PROJECT-WX","asset_ref":"ed547da3-c4a7-4b01-8034-2bb441029476","schedule_id":"","schedule_creator_id":""}}}
