{"metadata":{"asset_id":"a98e6aeb-99cd-4396-aa44-f71454aeb224","asset_attributes":["job"],"name":"Process and Ingest data into vector DB Job","asset_type":"job","created_at":"2025-01-17T18:33:38Z","description":"Notebook job to process and ingest data into a vector database.","origin_country":"us","owner_id":"IBMid-50Q83SX8M9","project_id":"e7f23be0-f52a-431e-b911-84b6a12ad315","size":0,"usage":{"last_update_time":1737138818266,"last_updated_at":"2025-01-17T18:33:38Z"}},"entity":{"job":{"asset_ref_type":"notebook","configuration":{"entrypoint":"","env_id":"rt241pys2-e7f23be0-f52a-431e-b911-84b6a12ad315","env_type":"notebook","env_variables":["Env_Asset=ibm-docs-SSYOK8.zip"],"file_ref":"","run_results":"log_and_new_notebook"},"last_run_initiator":"deprecated field","last_run_time":"deprecated field","last_run_status":"deprecated field","last_run_status_timestamp":0,"future_scheduled_runs":[],"enable_notifications":true,"task_credentials_support":{"task_credentials_enabled":true,"user_id":"IBMid-50Q83SX8M9","account_id":"6b9d4c596ded4fdab96f0edd3f2fa18a"},"project_name":"RAG-BUILD-PROJECT-WX","asset_ref":"7756ef67-abae-4d43-9519-8a0351c03afe","schedule_id":"","schedule_creator_id":""}}}
