{"metadata":{"asset_id":"0b8143ea-b738-4689-a16b-45afe23f7956","asset_attributes":["notebook","location_definition"],"name":"Create and Deploy QnA Python Function","asset_type":"notebook","created_at":"2025-01-17T18:33:25Z","description":"This notebook creates the QnA RAG python function, and deploys the function, along with supporting assets to a deployment space.","origin_country":"us","owner_id":"IBMid-50Q83SX8M9","project_id":"e7f23be0-f52a-431e-b911-84b6a12ad315","size":89561,"tags":["notebook"],"usage":{"last_update_time":1737140036436,"last_updated_at":"2025-01-17T18:53:56Z"}},"entity":{"notebook":{"originates_from":{"type":"blank"},"kernel":{"name":"python3","display_name":"Python 3.11","language":"python"},"runtime":{"environment":"rt241pys2-e7f23be0-f52a-431e-b911-84b6a12ad315"}},"location_definition":{"physical_location_code":"DAL","physical_location_code_assigned_by":"IBMid-50Q83SX8M9","physical_location_code_rds_id":"c57cb90f-2126-3800-9c9f-9eab82021cdf","physical_location_code_rds_version":"a709c995-541b-4a2a-a7b8-6fc1f4e5ffe2_0","physical_location_code_assignment_method":"INFERRED","physical_location_code_added_on":"1737138758385"}},"attachments":[{"id":"1af07623-90ed-484e-b902-628bef6a91f0","version":2,"asset_type":"notebook","name":"attachment for notebook 0b8143ea-b738-4689-a16b-45afe23f7956","description":"attachment for notebook 0b8143ea-b738-4689-a16b-45afe23f7956","mime":"application/json","datasource_type":"193a97c1-4475-4a19-b90c-295c4fdc6517","object_key":"notebook/Create_and_Deploy_QnA_Python_Function_ALsUEFBd4.ipynb","creator_id":"IBMid-50Q83SX8M9","create_time":1737138805935,"size":89561,"is_remote":false,"is_managed":false,"is_referenced":true,"is_object_key_read_only":false,"is_user_provided_path_key":true,"transfer_complete":true,"is_partitioned":false,"complete_time_ticks":1737138805935,"user_data":{},"test_doc":0,"handle":{"bucket":"ragbuildprojectwx-donotdelete-pr-itjeva9r5fqu65","location":"us-south","type":"bluemix_cos","key":"notebook/Create_and_Deploy_QnA_Python_Function_ALsUEFBd4.ipynb","upload_id":"done","max_part_num":1},"usage":{"access_count":0,"last_accessor_id":"IBMid-50Q83SX8M9","last_access_time":1737138805935}}]}
