{"metadata":{"asset_id":"64b5ad38-36f9-4dde-8872-65d0d1ffe93b","asset_attributes":["notebook","location_definition"],"name":"Analyze Log and Feedback notebook","asset_type":"notebook","created_at":"2025-01-17T18:33:48Z","description":"","origin_country":"us","owner_id":"IBMid-50Q83SX8M9","project_id":"e7f23be0-f52a-431e-b911-84b6a12ad315","size":37728,"tags":["notebook"],"usage":{"last_update_time":1737139960465,"last_updated_at":"2025-01-17T18:52:40Z"}},"entity":{"notebook":{"originates_from":{"type":"blank"},"kernel":{"name":"python3","display_name":"Python 3.11","language":"python"},"runtime":{"environment":"rt241pys2-e7f23be0-f52a-431e-b911-84b6a12ad315"}},"location_definition":{"physical_location_code":"DAL","physical_location_code_assigned_by":"IBMid-50Q83SX8M9","physical_location_code_rds_id":"c57cb90f-2126-3800-9c9f-9eab82021cdf","physical_location_code_rds_version":"a709c995-541b-4a2a-a7b8-6fc1f4e5ffe2_0","physical_location_code_assignment_method":"INFERRED","physical_location_code_added_on":"1737138758385"}},"attachments":[{"id":"34af47c4-9938-41d8-845a-a2e77c906950","version":2,"asset_type":"notebook","name":"attachment for notebook 64b5ad38-36f9-4dde-8872-65d0d1ffe93b","description":"attachment for notebook 64b5ad38-36f9-4dde-8872-65d0d1ffe93b","mime":"application/json","datasource_type":"193a97c1-4475-4a19-b90c-295c4fdc6517","object_key":"notebook/Analyze_Log_and_Feedback_xEkHfvn1U.ipynb","creator_id":"IBMid-50Q83SX8M9","create_time":1737138829126,"size":37728,"is_remote":false,"is_managed":false,"is_referenced":true,"is_object_key_read_only":false,"is_user_provided_path_key":true,"transfer_complete":true,"is_partitioned":false,"complete_time_ticks":1737138829126,"user_data":{},"test_doc":0,"handle":{"bucket":"ragbuildprojectwx-donotdelete-pr-itjeva9r5fqu65","location":"us-south","type":"bluemix_cos","key":"notebook/Analyze_Log_and_Feedback_xEkHfvn1U.ipynb","upload_id":"done","max_part_num":1},"usage":{"access_count":0,"last_accessor_id":"IBMid-50Q83SX8M9","last_access_time":1737138829126}}]}
