{"metadata":{"asset_id":"ed547da3-c4a7-4b01-8034-2bb441029476","name":"QnA with RAG pipeline","description":"","tags":null,"asset_type":"orchestration_flow","origin_country":"us","rov":{"mode":0},"owner_id":"IBMid-50Q83SX8M9","created_at":"2025-01-17T18:34:56Z","commit_info":{"previous_revision":1}},"entity":{"location_definition":{"physical_location_code":"DAL","physical_location_code_added_on":"1737138758385","physical_location_code_assigned_by":"IBMid-50Q83SX8M9","physical_location_code_assignment_method":"INFERRED","physical_location_code_rds_id":"c57cb90f-2126-3800-9c9f-9eab82021cdf","physical_location_code_rds_version":"a709c995-541b-4a2a-a7b8-6fc1f4e5ffe2_0"},"orchestration_flow":{"created_at":1737138896,"default_version":null,"default_version_id":"ed547da3-c4a7-4b01-8034-2bb441029476-1","deleted_versions":[],"status":"READY","version_code_source_url":"","version_created_at":1737138896,"version_name":"QnA with RAG pipeline","version_parameters":"","version_status":"VOLATILE"}},"attachments":[{"object_key":"orchestration_flow/ed547da3-c4a7-4b01-8034-2bb441029476-0"}],"scope":"cpd.__projects_e7f23be0-f52a-431e-b911-84b6a12ad315"}
