{"metadata":{"name":"RAG template - granite-3_2b_instruct","description":"Granite 3 2b Prompt Template for RAG.","asset_type":"wx_prompt","origin_country":"us","resource_key":"33e55439fd142ce01bd2ec5043332612b93156e1504a501d13bbf2eb51d78ade"},"entity":{"wx_prompt":{"dataset":false,"mime_type":"application/json","prompt_variables":{"context":{"default_value":""},"question":{"default_value":""}},"input_mode":"freeform","is_template":true},"location_definition":{"physical_location_code":"DAL","physical_location_code_assigned_by":"IBMid-50Q83SX8M9","physical_location_code_rds_id":"c57cb90f-2126-3800-9c9f-9eab82021cdf","physical_location_code_rds_version":"a709c995-541b-4a2a-a7b8-6fc1f4e5ffe2_0","physical_location_code_assignment_method":"INFERRED","physical_location_code_added_on":"1737138758385"},"modelfacts_system":{"model_information":{"fm_id":"ibm/granite-3-2b-instruct"},"training_information":{},"project_details":{"environment_type":"development","is_environmenttype_openscale_value":false},"model_identity_information":{"model_identity_key":"33e55439fd142ce01bd2ec5043332612b93156e1504a501d13bbf2eb51d78ade"},"modelentry_information":{}},"modelfacts_user":{}},"attachments":[{"id":"f7675922-92cd-463e-b4ad-0b3b9df134d5","version":2,"asset_type":"wx_prompt","name":"RAGtemplate-granite-3_2b_instruct.json","mime":"application/json","datasource_type":"193a97c1-4475-4a19-b90c-295c4fdc6517","object_key":"wx_prompt/RAGtemplate-granite-3_2b_instruct__da__68ynbemtsl.json","creator_id":"IBMid-50Q83SX8M9","create_time":1737139373073,"size":1630,"is_remote":false,"is_managed":false,"is_referenced":true,"is_object_key_read_only":false,"is_user_provided_path_key":true,"transfer_complete":true,"is_partitioned":false,"complete_time_ticks":1737139373073,"user_data":{},"test_doc":0,"handle":{"bucket":"ragbuildprojectwx-donotdelete-pr-itjeva9r5fqu65","location":"us-south","type":"bluemix_cos","key":"wx_prompt/RAGtemplate-granite-3_2b_instruct__da__68ynbemtsl.json","upload_id":"done","max_part_num":1},"usage":{"access_count":0,"last_accessor_id":"IBMid-50Q83SX8M9","last_access_time":1737139373073}}]}
