{"description":"A container for a logical data model","fields":[],"relationships":[],"properties":{"author":{"type":"string","description":"The organization or department that created the model."},"version":{"type":"string","description":"The version of the model or the release of the model."},"namespace":{"type":"string","description":"The value that helps to uniquely identify the model. It can include information about the business domain, name of the product or modeling tool"},"copyright":{"type":"string","description":"The model copyright information."},"license":{"type":"string","description":"The model license information."},"notes":{"type":"string"}},"localized_metadata_attributes":{"name":{"default":"Logical model","en":"Logical model","de":"Logisches Modell","es":"Modelo lógico","fr":"Modèle logique","it":"Modello logico","ja":"論理モデル","ko":"논리 모델","pt":"Modelo lógico","ru":"logical model","sv":"Logisk modell","zh":"逻辑模型","zh_TW":"邏輯模型"}},"global_search_searchable":[],"attribute_only":false,"version":1,"name":"ibm_logical_model","scope":"GLOBAL","is_column_custom_attribute":false,"allow_decorators":true}