{"description":"Package extension to be used with software specifications within environments","fields":[{"key":"type","type":"string","facet":false,"is_array":false,"is_searchable_across_types":true}],"external_asset_preview":{},"relationships":[],"localized_metadata_attributes":{"name":{"default":"Package extension","en":"Package extension"}},"global_search_searchable":[],"attribute_only":false,"version":1,"name":"package_extension","scope":"GLOBAL","is_column_custom_attribute":false,"allow_decorators":true}