{"description":"Cobol Copybook Asset Type","fields":[{"key":"name","type":"string","facet":false,"is_array":false,"search_path":"columns[].name","is_searchable_across_types":false},{"key":"colname","type":"string","facet":false,"is_array":false,"search_path":"columns[].colname","is_searchable_across_types":false},{"key":"level","type":"string","facet":false,"is_array":false,"search_path":"columns[].level","is_searchable_across_types":false},{"key":"line_type","type":"string","facet":false,"is_array":false,"search_path":"columns[].line_type","is_searchable_across_types":false},{"key":"extract_input_from","type":"string","facet":false,"is_array":false,"search_path":"extract.input.from","is_searchable_across_types":false}],"relationships":[],"properties":{"defines":{"type":"string","validated":false,"displayInChild":false,"max_length":50},"syntax":{"type":"string","validated":false,"displayInChild":false,"max_length":50},"residence":{"type":"object","validated":false,"displayInChild":false,"properties":{"member":{"type":"string","validated":false,"displayInChild":false,"minimum":8},"user":{"type":"string","validated":false,"displayInChild":false,"minimum":8},"dsname":{"type":"string","validated":false,"displayInChild":false,"max_length":50},"lastmod":{"type":"string","required":true,"validated":false,"displayInChild":false,"max_length":21}}},"extract":{"type":"object","validated":false,"displayInChild":false,"properties":{"input":{"type":"object","validated":false,"displayInChild":false,"properties":{"from":{"type":"string","validated":false,"displayInChild":false,"max_length":50}}}}}},"localized_metadata_attributes":{"name":{"default":"COBOL copybook","en":"COBOL copybook"}},"global_search_searchable":[],"attribute_only":false,"is_column_custom_attribute":false,"can_have_image":false,"version":1,"name":"cobol_copybook","scope":"GLOBAL","allow_decorators":true}