{"description":"Data integration component","fields":[],"relationships":[],"properties":{"transformation_expression":{"type":"string","description":"Expression for the transformation","readonly":true,"validated":false,"displayInChild":false,"label":{"default":"Transformation expression","en":"Transformation expression"}},"ext_attributes":{"type":"object","description":"Vendor specific attributes","readonly":true,"validated":false,"displayInChild":false,"label":{"default":"Attributes","en":"Attributes"}}},"localized_metadata_attributes":{"name":{"default":"Data integration component","en":"Data integration component","de":"Datenintegrationskomponente","es":"Componente de integración de datos","fr":"Composant d'intégration de données","it":"Componente di integrazione dati","ja":"データ統合コンポーネント","ko":"데이터 통합 구성 요소","pt":"Componente de integração de dados:","ru":"Компонент интеграции данных","sv":"Dataintegrationskomponent","zh":"数据集成组件","zh-TW":"資料整合元件"}},"identity":{"strategy":"DUPLICATE_DETECTION_BY_RESOURCE_KEY"},"global_search_searchable":[],"attribute_only":false,"is_column_custom_attribute":false,"can_have_image":false,"version":1,"name":"data_integration_component","scope":"GLOBAL","allow_decorators":true}