{"description":"Lineage mapping asset type","fields":[{"key":"name","type":"string","facet":false,"is_array":false,"is_searchable_across_types":false},{"key":"source","type":"string","facet":false,"is_array":false,"is_searchable_across_types":false},{"key":"target","type":"string","facet":false,"is_array":false,"is_searchable_across_types":false}],"relationships":[],"properties":{"name":{"type":"string","validated":false,"displayInChild":false},"source":{"type":"string","validated":false,"displayInChild":false},"target":{"type":"string","validated":false,"displayInChild":false},"rule":{"type":"string","validated":false,"displayInChild":false},"function":{"type":"string","validated":false,"displayInChild":false},"specification_description":{"type":"string","validated":false,"displayInChild":false}},"localized_metadata_attributes":{"name":{"default":"Lineage mapping","en":"Lineage mapping","ja":"Lineageマッピング"}},"global_search_searchable":[],"attribute_only":false,"is_column_custom_attribute":false,"can_have_image":false,"version":1,"name":"ibm_emd_mapping","scope":"GLOBAL","allow_decorators":true}