{"description":"Import Asset Type","fields":[{"key":"state","type":"string","facet":true,"is_array":false,"is_searchable_across_types":false},{"key":"job_id","type":"string","facet":false,"is_array":false,"is_searchable_across_types":false}],"relationships":[],"properties":{"start_time":{"type":"string","validated":false,"displayInChild":false},"last_update_time":{"type":"string","validated":false,"displayInChild":false},"state":{"type":"string","validated":false,"displayInChild":false},"job_id":{"type":"string","validated":false,"displayInChild":false},"status":{"type":"object","is_array":true,"validated":false,"displayInChild":false,"properties":{"start_time":{"type":"string","validated":false,"displayInChild":false},"last_update_time":{"type":"string","validated":false,"displayInChild":false},"succeded":{"type":"string","is_array":true,"validated":false,"displayInChild":false},"state":{"type":"string","validated":false,"displayInChild":false},"failed":{"type":"object","is_array":true,"validated":false,"displayInChild":false,"properties":{"code":{"type":"string","validated":false,"displayInChild":false},"extra_data":{"type":"string","is_array":true,"validated":false,"displayInChild":false},"record":{"type":"number","validated":false,"displayInChild":false},"type":{"type":"string","validated":false,"displayInChild":false},"message":{"type":"string","validated":false,"displayInChild":false},"value":{"type":"string","validated":false,"displayInChild":false},"target":{"type":"string","validated":false,"displayInChild":false}}},"not_started":{"type":"string","is_array":true,"validated":false,"displayInChild":false}}}},"localized_metadata_attributes":{"name":{"default":"Import","en":"Import","de":"Import","es":"Importación","fr":"Importation","it":"Importazione","ja":"インポート","ko":"가져오기","pt":"Importação","ru":"Импорт","sv":"Import","zh":"导入","zh-TW":"導入"}},"global_search_searchable":[],"attribute_only":false,"data_protection":{"all_attachments":true},"is_column_custom_attribute":false,"can_have_image":false,"version":1,"name":"ibm_import_asset","scope":"GLOBAL","allow_decorators":true}