{"description":"Lineage mapping group Asset Type","fields":[{"key":"filename","type":"string","facet":false,"is_array":false,"is_searchable_across_types":false},{"key":"folderpath","type":"string","facet":false,"is_array":false,"is_searchable_across_types":false}],"relationships":[],"properties":{"filename":{"type":"string","validated":false,"displayInChild":false},"folderpath":{"type":"string","validated":false,"displayInChild":false}},"localized_metadata_attributes":{"name":{"default":"Lineage mapping group","en":"Lineage mapping group","ja":"Lineageマッピング・グループ"}},"global_search_searchable":[],"attribute_only":false,"is_column_custom_attribute":false,"can_have_image":false,"version":1,"name":"ibm_emd_mapping_group","scope":"GLOBAL","allow_decorators":true}