{"description":"Metadata Enrichment Asset Type","fields":[{"key":"name","type":"string","facet":false,"is_array":false,"is_searchable_across_types":false},{"key":"target_catalog_id","type":"string","facet":false,"is_array":false,"is_searchable_across_types":false},{"key":"governance_scope_ids","type":"string","facet":false,"is_array":false,"search_path":"objective.governance_scope[].id","is_searchable_across_types":false}],"relationships":[],"global_search_searchable":[],"attribute_only":false,"is_column_custom_attribute":false,"can_have_image":false,"version":3,"name":"metadata_enrichment_area","scope":"GLOBAL","allow_decorators":false}