{"description":"Prompt template asset type","fields":[{"key":"use_case","type":"string","facet":false,"is_array":false,"search_path":"use_case","is_searchable_across_types":false}],"relationships":[],"properties":{"custom":{"type":"object","description":"caller defined properties","placeholder":"Put a value here","is_array":false,"required":false,"hidden":false,"readonly":false,"validated":false,"displayInChild":false,"properties":{"{user-defined-property}":{"description":"custom property","placeholder":"Put a value here","required":false,"hidden":false,"readonly":false,"validated":false,"displayInChild":false}}},"ml_version":{"type":"string","description":"Internal version of the ml asset type","placeholder":"Put a value here","is_array":false,"required":true,"hidden":true,"readonly":true,"validated":false,"displayInChild":false,"default_value":"4.0.0"},"text":{"type":"string","description":"Input text","placeholder":"Put a value here","is_array":false,"required":true,"hidden":false,"readonly":false,"validated":false,"displayInChild":false,"min_length":0},"use_case":{"type":"string","description":"The intended use case for this template","placeholder":"Put a value here","is_array":false,"required":false,"hidden":false,"readonly":false,"validated":false,"displayInChild":false,"min_length":0}},"global_search_searchable":[],"attribute_only":false,"is_column_custom_attribute":false,"can_have_image":false,"version":1,"name":"wml_prompt_template","scope":"GLOBAL","allow_decorators":true}