{"description":"Function asset type","fields":[{"key":"software_spec.id","type":"string","facet":false,"is_array":false,"search_path":"software_spec.id","is_searchable_across_types":false},{"key":"software_spec.base_id","type":"string","facet":false,"is_array":false,"search_path":"software_spec.base_id","is_searchable_across_types":false}],"relationships":[{"key":"software_spec.id","target_asset_type":"software_specification","on_delete_target":"IGNORE","on_delete":"IGNORE","on_clone_target":"IGNORE","on_clone":"IGNORE","on_promote":"IGNORE","on_publish":"IGNORE"}],"properties":{"custom":{"type":"object","description":"caller defined properties","placeholder":"Put a value here","is_array":false,"required":false,"hidden":false,"readonly":false,"validated":false,"displayInChild":false,"properties":{"{user-defined-property}":{"description":"custom property","placeholder":"Put a value here","required":false,"hidden":false,"readonly":false,"validated":false,"displayInChild":false}}},"ml_version":{"type":"string","description":"Internal version of the ml asset type","placeholder":"Put a value here","is_array":false,"required":true,"hidden":true,"readonly":true,"validated":false,"displayInChild":false,"default_value":"4.0.4"},"sample_scoring_input":{"type":"object","description":"sample scoring input for a function","placeholder":"Put a value here","is_array":false,"required":false,"hidden":false,"readonly":false,"validated":false,"displayInChild":false,"properties":{"input_data":{"type":"object","description":"input data","placeholder":"Put a value here","is_array":true,"required":true,"hidden":false,"readonly":false,"validated":false,"displayInChild":false,"properties":{"id":{"type":"string","description":"Discriminates the data for multi input data situation","placeholder":"Put a value here","is_array":false,"required":false,"hidden":false,"readonly":false,"validated":false,"displayInChild":false},"fields":{"type":"string","description":"The names of the fields. The order of fields values must be consistent with the order of fields names","placeholder":"Put a value here","is_array":true,"required":false,"hidden":false,"readonly":false,"validated":false,"displayInChild":false},"values":{"type":"object","description":"values for the fields","placeholder":"Put a value here","is_array":true,"required":false,"hidden":false,"readonly":false,"validated":false,"displayInChild":false}}}}},"schemas":{"type":"object","description":"schema","placeholder":"Put a value here","is_array":false,"required":true,"hidden":false,"readonly":false,"validated":false,"displayInChild":false,"properties":{"output":{"type":"object","description":"out data schema","placeholder":"Put a value here","is_array":true,"required":true,"hidden":false,"readonly":false,"validated":false,"displayInChild":false,"properties":{"name":{"type":"string","description":"name of the schema","placeholder":"Put a value here","is_array":false,"required":false,"hidden":false,"readonly":false,"validated":false,"displayInChild":false},"id":{"type":"string","description":"id of the schema","placeholder":"Put a value here","is_array":false,"required":true,"hidden":false,"readonly":false,"validated":false,"displayInChild":false},"fields":{"type":"object","description":"fields of the schema","placeholder":"Put a value here","is_array":true,"required":false,"hidden":false,"readonly":false,"validated":false,"displayInChild":false,"properties":{"name":{"type":"string","description":"name of the schema field","placeholder":"Put a value here","is_array":false,"required":true,"hidden":false,"readonly":false,"validated":false,"displayInChild":false},"metadata":{"type":"object","description":"metadata of the schema field","placeholder":"Put a value here","is_array":false,"required":false,"hidden":false,"readonly":false,"validated":false,"displayInChild":false,"properties":{"measure":{"type":"string","description":"measure of the schema metadata","placeholder":"Put a value here","is_array":false,"required":true,"hidden":false,"readonly":false,"validated":false,"displayInChild":false,"values":["range","discrete","flag","set","ordered-set","typeless","collection","geospatial","default"]},"decimal_scale":{"type":"number","description":"decimal scale","placeholder":"Put a value here","is_array":false,"required":false,"hidden":false,"readonly":false,"validated":false,"displayInChild":false},"modeling_role":{"type":"string","description":"modeling role","placeholder":"Put a value here","is_array":false,"required":true,"hidden":false,"readonly":false,"validated":false,"displayInChild":false,"values":["input","target","both","none","partition","split","frequency","record-id"]},"values":{"type":"string","description":"values","placeholder":"Put a value here","is_array":true,"required":false,"hidden":false,"readonly":false,"validated":false,"displayInChild":false},"decimal_precision":{"type":"number","description":"decimal precision","placeholder":"Put a value here","is_array":false,"required":false,"hidden":false,"readonly":false,"validated":false,"displayInChild":false},"description":{"type":"string","description":"description of the schema metadata","placeholder":"Put a value here","is_array":false,"required":false,"hidden":false,"readonly":false,"validated":false,"displayInChild":false},"range":{"type":"object","description":"range","placeholder":"Put a value here","is_array":false,"required":false,"hidden":false,"readonly":false,"validated":false,"displayInChild":false,"properties":{"max":{"type":"number","description":"max","placeholder":"Put a value here","is_array":false,"required":true,"hidden":false,"readonly":false,"validated":false,"displayInChild":false},"min":{"type":"number","description":"min","placeholder":"Put a value here","is_array":false,"required":true,"hidden":false,"readonly":false,"validated":false,"displayInChild":false}}},"runtime_type":{"type":"string","description":"runtime type","placeholder":"Put a value here","is_array":false,"required":false,"hidden":false,"readonly":false,"validated":false,"displayInChild":false},"max_length":{"type":"number","description":"max length","placeholder":"Put a value here","is_array":false,"required":false,"hidden":false,"readonly":false,"validated":false,"displayInChild":false}}},"nullable":{"type":"bool","description":"type of the schema field","placeholder":"Put a value here","is_array":false,"required":false,"hidden":false,"readonly":false,"validated":false,"displayInChild":false},"type":{"type":"string","description":"type of the schema field","placeholder":"Put a value here","is_array":false,"required":true,"hidden":false,"readonly":false,"validated":false,"displayInChild":false}}},"type":{"type":"string","description":"type of the schema","placeholder":"Put a value here","is_array":false,"required":false,"hidden":false,"readonly":false,"validated":false,"displayInChild":false},"struct_types":{"type":"object","description":"struct types","placeholder":"Put a value here","is_array":false,"required":false,"hidden":false,"readonly":false,"validated":false,"displayInChild":false,"properties":{"{user-defined-property}":{"type":"object","description":"struct type","placeholder":"Put a value here","is_array":false,"required":false,"hidden":false,"readonly":false,"validated":false,"displayInChild":false,"properties":{"fields":{"type":"object","description":"fields of the schema","placeholder":"Put a value here","is_array":true,"required":true,"hidden":false,"readonly":false,"validated":false,"displayInChild":false,"properties":{"name":{"type":"string","description":"name of the schema field","placeholder":"Put a value here","is_array":false,"required":true,"hidden":false,"readonly":false,"validated":false,"displayInChild":false},"metadata":{"type":"object","description":"metadata of the schema field","placeholder":"Put a value here","is_array":false,"required":false,"hidden":false,"readonly":false,"validated":false,"displayInChild":false,"properties":{"measure":{"type":"string","description":"measure of the schema metadata","placeholder":"Put a value here","is_array":false,"required":true,"hidden":false,"readonly":false,"validated":false,"displayInChild":false,"values":["range","discrete","flag","set","ordered-set","typeless","collection","geospatial","default"]},"decimal_scale":{"type":"number","description":"decimal scale","placeholder":"Put a value here","is_array":false,"required":false,"hidden":false,"readonly":false,"validated":false,"displayInChild":false},"modeling_role":{"type":"string","description":"modeling role","placeholder":"Put a value here","is_array":false,"required":true,"hidden":false,"readonly":false,"validated":false,"displayInChild":false,"values":["input","target","both","none","partition","split","frequency","record-id"]},"values":{"type":"string","description":"values","placeholder":"Put a value here","is_array":true,"required":false,"hidden":false,"readonly":false,"validated":false,"displayInChild":false},"decimal_precision":{"type":"number","description":"decimal precision","placeholder":"Put a value here","is_array":false,"required":false,"hidden":false,"readonly":false,"validated":false,"displayInChild":false},"description":{"type":"string","description":"description of the schema metadata","placeholder":"Put a value here","is_array":false,"required":false,"hidden":false,"readonly":false,"validated":false,"displayInChild":false},"range":{"type":"object","description":"range","placeholder":"Put a value here","is_array":false,"required":false,"hidden":false,"readonly":false,"validated":false,"displayInChild":false,"properties":{"max":{"type":"number","description":"max","placeholder":"Put a value here","is_array":false,"required":true,"hidden":false,"readonly":false,"validated":false,"displayInChild":false},"min":{"type":"number","description":"min","placeholder":"Put a value here","is_array":false,"required":true,"hidden":false,"readonly":false,"validated":false,"displayInChild":false}}},"runtime_type":{"type":"string","description":"runtime type","placeholder":"Put a value here","is_array":false,"required":false,"hidden":false,"readonly":false,"validated":false,"displayInChild":false},"max_length":{"type":"number","description":"max length","placeholder":"Put a value here","is_array":false,"required":false,"hidden":false,"readonly":false,"validated":false,"displayInChild":false}}},"nullable":{"type":"bool","description":"type of the schema field","placeholder":"Put a value here","is_array":false,"required":false,"hidden":false,"readonly":false,"validated":false,"displayInChild":false},"type":{"type":"string","description":"type of the schema field","placeholder":"Put a value here","is_array":false,"required":true,"hidden":false,"readonly":false,"validated":false,"displayInChild":false}}}}}}}}},"input":{"type":"object","description":"input data schema","placeholder":"Put a value here","is_array":true,"required":true,"hidden":false,"readonly":false,"validated":false,"displayInChild":false,"properties":{"name":{"type":"string","description":"name of the schema","placeholder":"Put a value here","is_array":false,"required":false,"hidden":false,"readonly":false,"validated":false,"displayInChild":false},"id":{"type":"string","description":"id of the schema","placeholder":"Put a value here","is_array":false,"required":true,"hidden":false,"readonly":false,"validated":false,"displayInChild":false},"fields":{"type":"object","description":"fields of the schema","placeholder":"Put a value here","is_array":true,"required":false,"hidden":false,"readonly":false,"validated":false,"displayInChild":false,"properties":{"name":{"type":"string","description":"name of the schema field","placeholder":"Put a value here","is_array":false,"required":true,"hidden":false,"readonly":false,"validated":false,"displayInChild":false},"metadata":{"type":"object","description":"metadata of the schema field","placeholder":"Put a value here","is_array":false,"required":false,"hidden":false,"readonly":false,"validated":false,"displayInChild":false,"properties":{"measure":{"type":"string","description":"measure of the schema metadata","placeholder":"Put a value here","is_array":false,"required":true,"hidden":false,"readonly":false,"validated":false,"displayInChild":false,"values":["range","discrete","flag","set","ordered-set","typeless","collection","geospatial","default"]},"decimal_scale":{"type":"number","description":"decimal scale","placeholder":"Put a value here","is_array":false,"required":false,"hidden":false,"readonly":false,"validated":false,"displayInChild":false},"modeling_role":{"type":"string","description":"modeling role","placeholder":"Put a value here","is_array":false,"required":true,"hidden":false,"readonly":false,"validated":false,"displayInChild":false,"values":["input","target","both","none","partition","split","frequency","record-id"]},"values":{"type":"string","description":"values","placeholder":"Put a value here","is_array":true,"required":false,"hidden":false,"readonly":false,"validated":false,"displayInChild":false},"decimal_precision":{"type":"number","description":"decimal precision","placeholder":"Put a value here","is_array":false,"required":false,"hidden":false,"readonly":false,"validated":false,"displayInChild":false},"description":{"type":"string","description":"description of the schema metadata","placeholder":"Put a value here","is_array":false,"required":false,"hidden":false,"readonly":false,"validated":false,"displayInChild":false},"range":{"type":"object","description":"range","placeholder":"Put a value here","is_array":false,"required":false,"hidden":false,"readonly":false,"validated":false,"displayInChild":false,"properties":{"max":{"type":"number","description":"max","placeholder":"Put a value here","is_array":false,"required":true,"hidden":false,"readonly":false,"validated":false,"displayInChild":false},"min":{"type":"number","description":"min","placeholder":"Put a value here","is_array":false,"required":true,"hidden":false,"readonly":false,"validated":false,"displayInChild":false}}},"runtime_type":{"type":"string","description":"runtime type","placeholder":"Put a value here","is_array":false,"required":false,"hidden":false,"readonly":false,"validated":false,"displayInChild":false},"max_length":{"type":"number","description":"max length","placeholder":"Put a value here","is_array":false,"required":false,"hidden":false,"readonly":false,"validated":false,"displayInChild":false}}},"nullable":{"type":"bool","description":"nullable of the schema field","placeholder":"Put a value here","is_array":false,"required":false,"hidden":false,"readonly":false,"validated":false,"displayInChild":false},"type":{"type":"string","description":"type of the schema field","placeholder":"Put a value here","is_array":false,"required":true,"hidden":false,"readonly":false,"validated":false,"displayInChild":false}}},"type":{"type":"string","description":"type of the schema","placeholder":"Put a value here","is_array":false,"required":false,"hidden":false,"readonly":false,"validated":false,"displayInChild":false},"struct_types":{"type":"object","description":"struct types","placeholder":"Put a value here","is_array":false,"required":false,"hidden":false,"readonly":false,"validated":false,"displayInChild":false,"properties":{"{user-defined-property}":{"type":"object","description":"struct type","placeholder":"Put a value here","is_array":false,"required":false,"hidden":false,"readonly":false,"validated":false,"displayInChild":false,"properties":{"fields":{"type":"object","description":"fields of the schema","placeholder":"Put a value here","is_array":true,"required":true,"hidden":false,"readonly":false,"validated":false,"displayInChild":false,"properties":{"name":{"type":"string","description":"name of the schema field","placeholder":"Put a value here","is_array":false,"required":true,"hidden":false,"readonly":false,"validated":false,"displayInChild":false},"metadata":{"type":"object","description":"metadata of the schema field","placeholder":"Put a value here","is_array":false,"required":false,"hidden":false,"readonly":false,"validated":false,"displayInChild":false,"properties":{"measure":{"type":"string","description":"measure of the schema metadata","placeholder":"Put a value here","is_array":false,"required":true,"hidden":false,"readonly":false,"validated":false,"displayInChild":false,"values":["range","discrete","flag","set","ordered-set","typeless","collection","geospatial","default"]},"decimal_scale":{"type":"number","description":"decimal scale","placeholder":"Put a value here","is_array":false,"required":false,"hidden":false,"readonly":false,"validated":false,"displayInChild":false},"modeling_role":{"type":"string","description":"modeling role","placeholder":"Put a value here","is_array":false,"required":true,"hidden":false,"readonly":false,"validated":false,"displayInChild":false,"values":["input","target","both","none","partition","split","frequency","record-id"]},"values":{"type":"string","description":"values","placeholder":"Put a value here","is_array":true,"required":false,"hidden":false,"readonly":false,"validated":false,"displayInChild":false},"decimal_precision":{"type":"number","description":"decimal precision","placeholder":"Put a value here","is_array":false,"required":false,"hidden":false,"readonly":false,"validated":false,"displayInChild":false},"description":{"type":"string","description":"description of the schema metadata","placeholder":"Put a value here","is_array":false,"required":false,"hidden":false,"readonly":false,"validated":false,"displayInChild":false},"range":{"type":"object","description":"range","placeholder":"Put a value here","is_array":false,"required":false,"hidden":false,"readonly":false,"validated":false,"displayInChild":false,"properties":{"max":{"type":"number","description":"max","placeholder":"Put a value here","is_array":false,"required":true,"hidden":false,"readonly":false,"validated":false,"displayInChild":false},"min":{"type":"number","description":"min","placeholder":"Put a value here","is_array":false,"required":true,"hidden":false,"readonly":false,"validated":false,"displayInChild":false}}},"runtime_type":{"type":"string","description":"runtime type","placeholder":"Put a value here","is_array":false,"required":false,"hidden":false,"readonly":false,"validated":false,"displayInChild":false},"max_length":{"type":"number","description":"max length","placeholder":"Put a value here","is_array":false,"required":false,"hidden":false,"readonly":false,"validated":false,"displayInChild":false}}},"nullable":{"type":"bool","description":"type of the schema field","placeholder":"Put a value here","is_array":false,"required":false,"hidden":false,"readonly":false,"validated":false,"displayInChild":false},"type":{"type":"string","description":"type of the schema field","placeholder":"Put a value here","is_array":false,"required":true,"hidden":false,"readonly":false,"validated":false,"displayInChild":false}}}}}}}}}}},"software_spec":{"type":"object","description":"software_spec of the function","placeholder":"Put a value here","is_array":false,"required":true,"hidden":false,"readonly":false,"validated":false,"displayInChild":false,"properties":{"name":{"type":"string","description":"software_spec name","placeholder":"Put a value here","is_array":false,"required":false,"hidden":false,"readonly":false,"validated":false,"displayInChild":false},"rev":{"type":"string","description":"software_spec rev","placeholder":"Put a value here","is_array":false,"required":false,"hidden":false,"readonly":false,"validated":false,"displayInChild":false},"id":{"type":"string","description":"software_spec id","placeholder":"Put a value here","is_array":false,"required":false,"hidden":false,"readonly":false,"validated":false,"displayInChild":false},"base_id":{"type":"string","description":"base software_spec id","placeholder":"Put a value here","is_array":false,"required":false,"hidden":true,"readonly":false,"validated":false,"displayInChild":false}}},"type":{"type":"string","description":"type of the function","placeholder":"Put a value here","is_array":false,"required":false,"hidden":false,"readonly":false,"validated":false,"displayInChild":false,"default_value":"python","values":["python"],"min_length":0,"max_length":100,"label":{"de":"Typ","default":"Type","en":"Type","es":"Tipo","fr":"Type","it":"Immettere","ja":"タイプ","ko":"유형","pt-BR":"Tipo","sv":"Ange","zh-Hans":"Type","zh-Hant":"類型"}}},"localized_metadata_attributes":{"name":{"de":"Function","default":"Function","en":"Function","es":"Función","fr":"Fonction","it":"Funzione","ja":"関数","ko":"함수","pt-BR":"Função","sv":"Funktion","zh-Hans":"函数","zh-Hant":"函數"}},"global_search_searchable":[],"attribute_only":false,"is_column_custom_attribute":false,"can_have_image":false,"version":1,"name":"wml_function","scope":"GLOBAL","allow_decorators":true}