{"metadata":{"asset_id":"dadec8a5-5115-4bb9-974c-890973a350bb","asset_attributes":["data_asset"],"name":"SalesPrice.csv","asset_type":"data_asset","created_at":"2021-02-15T01:53:47Z","description":"","origin_country":"us","owner_id":"IBMid-550003P291","project_id":"b09edf37-80f2-4de0-a54e-b890d28cbbfa","size":192762,"tags":[],"usage":{"last_update_time":1613354028360,"last_updated_at":"2021-02-15T01:53:48Z"}},"entity":{"data_asset":{"mime_type":"text/csv","dataset":false}},"attachments":[{"id":"a1abca6d-469a-4d26-af36-c7882ab82347","version":2,"asset_type":"data_asset","name":"SalesPrice.csv","mime":"text/csv","datasource_type":"193a97c1-4475-4a19-b90c-295c4fdc6517","object_key":"SalesPrice.csv","creator_id":"iam-ServiceId-f49c5558-c247-4983-a04f-7d3c7a3d55da","create_time":1613354028089,"size":192762,"is_remote":false,"is_managed":false,"is_referenced":true,"is_object_key_read_only":false,"is_user_provided_path_key":true,"transfer_complete":true,"is_partitioned":false,"complete_time_ticks":1613354028089,"user_data":{},"test_doc":0,"handle":{"bucket":"salesandoperationsplanning-donotdelete-pr-oldvibeto880jm","location":"us-geo","key":"SalesPrice.csv","upload_id":"done","max_part_num":1},"usage":{"access_count":0,"last_accessor_id":"iam-ServiceId-f49c5558-c247-4983-a04f-7d3c7a3d55da","last_access_time":1613354028089}}]}
