{"metadata":{"asset_id":"c6e393a1-0196-441e-a7b2-2261830cd87f","asset_attributes":["data_asset"],"name":"Plants.csv","asset_type":"data_asset","created_at":"2021-10-01T18:53:02Z","description":"","origin_country":"us","owner_id":"IBMid-550003P291","project_id":"d587bc79-5755-402a-a13e-6d585217def5","size":64,"tags":[],"usage":{"last_update_time":1633114383029,"last_updated_at":"2021-10-01T18:53:03Z"}},"entity":{"data_asset":{"mime_type":"text/csv","dataset":false}},"attachments":[{"id":"4b62beaa-2233-4c84-a43e-16a13ab899d7","version":2,"asset_type":"data_asset","name":"Plants.csv","mime":"text/csv","datasource_type":"193a97c1-4475-4a19-b90c-295c4fdc6517","object_key":"Plants.csv","creator_id":"iam-ServiceId-f49c5558-c247-4983-a04f-7d3c7a3d55da","create_time":1633114382798,"size":64,"is_remote":false,"is_managed":false,"is_referenced":true,"is_object_key_read_only":false,"is_user_provided_path_key":true,"transfer_complete":true,"is_partitioned":false,"complete_time_ticks":1633114382798,"user_data":{},"test_doc":0,"handle":{"bucket":"salesandoperationsplanning-donotdelete-pr-gkpbirirs3gks5","location":"us-geo","key":"Plants.csv","upload_id":"done","max_part_num":1},"usage":{"access_count":0,"last_accessor_id":"iam-ServiceId-f49c5558-c247-4983-a04f-7d3c7a3d55da","last_access_time":1633114382798}}]}
