{"metadata":{"asset_id":"a660dc3a-1234-492b-839e-8952df185622","asset_attributes":["data_asset"],"name":"InitialInventories.csv","asset_type":"data_asset","created_at":"2021-02-15T01:53:48Z","description":"","origin_country":"us","owner_id":"IBMid-550003P291","project_id":"b09edf37-80f2-4de0-a54e-b890d28cbbfa","size":5371,"tags":[],"usage":{"last_update_time":1613354029534,"last_updated_at":"2021-02-15T01:53:49Z"}},"entity":{"data_asset":{"mime_type":"text/csv","dataset":false}},"attachments":[{"id":"941912e0-8718-4dcf-a92b-5ab6c1da3bcb","version":2,"asset_type":"data_asset","name":"InitialInventories.csv","mime":"text/csv","datasource_type":"193a97c1-4475-4a19-b90c-295c4fdc6517","object_key":"InitialInventories.csv","creator_id":"iam-ServiceId-f49c5558-c247-4983-a04f-7d3c7a3d55da","create_time":1613354029372,"size":5371,"is_remote":false,"is_managed":false,"is_referenced":true,"is_object_key_read_only":false,"is_user_provided_path_key":true,"transfer_complete":true,"is_partitioned":false,"complete_time_ticks":1613354029372,"user_data":{},"test_doc":0,"handle":{"bucket":"salesandoperationsplanning-donotdelete-pr-oldvibeto880jm","location":"us-geo","key":"InitialInventories.csv","upload_id":"done","max_part_num":1},"usage":{"access_count":0,"last_accessor_id":"iam-ServiceId-f49c5558-c247-4983-a04f-7d3c7a3d55da","last_access_time":1613354029372}}]}
