{"metadata":{"asset_id":"448853ce-9529-4110-85e7-361eb6c1b4ae","asset_attributes":["data_asset","location_definition"],"name":"PlantProductMonthCapacities.csv","asset_type":"data_asset","created_at":"2025-05-05T09:36:53Z","description":"","origin_country":"us","owner_id":"IBMid-270006YQEG","project_id":"3ead9936-1957-4c98-acbb-2db4f27f3e80","size":131138,"tags":[],"usage":{"last_update_time":1746437814005,"last_updated_at":"2025-05-05T09:36:54Z"}},"entity":{"data_asset":{"mime_type":"text/csv","dataset":false},"location_definition":{"physical_location_code":"DAL","physical_location_code_assigned_by":"IBMid-270006YQEG","physical_location_code_rds_id":"c57cb90f-2126-3800-9c9f-9eab82021cdf","physical_location_code_rds_version":"20ed74f5-e315-4de9-b9e6-3282d11fc236_1","physical_location_code_assignment_method":"INFERRED","physical_location_code_added_on":"1746437805660"}},"attachments":[{"id":"8983becc-d865-490b-9103-7e25569361c9","version":2,"asset_type":"data_asset","name":"PlantProductMonthCapacities.csv","mime":"text/csv","datasource_type":"193a97c1-4475-4a19-b90c-295c4fdc6517","object_key":"PlantProductMonthCapacities.csv","creator_id":"IBMid-270006YQEG","create_time":1746437814004,"size":131138,"is_remote":false,"is_managed":false,"is_referenced":true,"is_object_key_read_only":true,"is_user_provided_path_key":true,"transfer_complete":true,"is_partitioned":false,"complete_time_ticks":1746437814004,"user_data":{},"test_doc":0,"handle":{"bucket":"salesandoperationsplanning-donotdelete-pr-sz4rx7ozdednbk","location":"us-south","type":"bluemix_cos","key":"PlantProductMonthCapacities.csv","upload_id":"done","max_part_num":1},"usage":{"access_count":0,"last_accessor_id":"IBMid-270006YQEG","last_access_time":1746437814004}}]}
