{"metadata":{"asset_id":"457f50f1-7189-41be-be0a-b997723dbb96","asset_attributes":["data_asset","location_definition"],"name":"Demands.csv","asset_type":"data_asset","created_at":"2023-11-30T09:20:19Z","description":"","origin_country":"us","owner_id":"IBMid-270006YQEG","project_id":"1c3651a4-15dd-45eb-b8d5-1f1d204e1117","size":185131,"tags":[],"usage":{"last_update_time":1701336020410,"last_updated_at":"2023-11-30T09:20:20Z"}},"entity":{"data_asset":{"mime_type":"text/csv","dataset":false},"location_definition":{"physical_location_code":"DAL","physical_location_code_assigned_by":"IBMid-310001VF6V","physical_location_code_rds_id":"c57cb90f-2126-3800-9c9f-9eab82021cdf","physical_location_code_rds_version":"00002022-0503-4032-8909-133297000000_2","physical_location_code_assignment_method":"INFERRED","physical_location_code_added_on":"1653586645965"}},"attachments":[{"id":"cef4cd70-6f1d-419d-8590-01d6fc52b9d7","version":2,"asset_type":"data_asset","name":"Demands.csv","mime":"text/csv","datasource_type":"193a97c1-4475-4a19-b90c-295c4fdc6517","object_key":"Demands.csv","creator_id":"iam-ServiceId-947d5b81-8bd3-42a6-844e-9dc008847612","create_time":1701336020292,"size":185131,"is_remote":false,"is_managed":false,"is_referenced":true,"is_object_key_read_only":true,"is_user_provided_path_key":true,"transfer_complete":true,"is_partitioned":false,"complete_time_ticks":1701336020292,"user_data":{},"test_doc":0,"handle":{"bucket":"salesandoperationsplanning-donotdelete-pr-hm5bwssb3xzl0n","location":"us-south","type":"bluemix_cos","key":"Demands.csv","upload_id":"done","max_part_num":1},"usage":{"access_count":0,"last_accessor_id":"iam-ServiceId-947d5b81-8bd3-42a6-844e-9dc008847612","last_access_time":1701336020292}}]}
