{"metadata":{"asset_id":"bec77980-88ea-4d1a-b93a-b586afbff242","asset_attributes":["data_asset"],"name":"PlantProductMonthCapacities.csv","asset_type":"data_asset","created_at":"2021-02-15T01:53:48Z","description":"","origin_country":"us","owner_id":"IBMid-550003P291","project_id":"b09edf37-80f2-4de0-a54e-b890d28cbbfa","size":131138,"tags":[],"usage":{"last_update_time":1613354029399,"last_updated_at":"2021-02-15T01:53:49Z"}},"entity":{"data_asset":{"mime_type":"text/csv","dataset":false}},"attachments":[{"id":"1abe31ff-3297-499d-bd1f-5c7975371964","version":2,"asset_type":"data_asset","name":"PlantProductMonthCapacities.csv","mime":"text/csv","datasource_type":"193a97c1-4475-4a19-b90c-295c4fdc6517","object_key":"PlantProductMonthCapacities.csv","creator_id":"iam-ServiceId-f49c5558-c247-4983-a04f-7d3c7a3d55da","create_time":1613354029288,"size":131138,"is_remote":false,"is_managed":false,"is_referenced":true,"is_object_key_read_only":false,"is_user_provided_path_key":true,"transfer_complete":true,"is_partitioned":false,"complete_time_ticks":1613354029288,"user_data":{},"test_doc":0,"handle":{"bucket":"salesandoperationsplanning-donotdelete-pr-oldvibeto880jm","location":"us-geo","key":"PlantProductMonthCapacities.csv","upload_id":"done","max_part_num":1},"usage":{"access_count":0,"last_accessor_id":"iam-ServiceId-f49c5558-c247-4983-a04f-7d3c7a3d55da","last_access_time":1613354029288}}]}
