{"metadata":{"asset_id":"4367816e-49bb-4158-b4bc-8e17474e6489","asset_attributes":["data_asset"],"name":"Products.csv","asset_type":"data_asset","created_at":"2021-02-15T01:53:48Z","description":"","origin_country":"us","owner_id":"IBMid-550003P291","project_id":"b09edf37-80f2-4de0-a54e-b890d28cbbfa","size":1166,"tags":[],"usage":{"last_update_time":1613354029382,"last_updated_at":"2021-02-15T01:53:49Z"}},"entity":{"data_asset":{"mime_type":"text/csv","dataset":false}},"attachments":[{"id":"7d4d47e5-ff74-4a87-b5c9-fa6582634384","version":2,"asset_type":"data_asset","name":"Products.csv","mime":"text/csv","datasource_type":"193a97c1-4475-4a19-b90c-295c4fdc6517","object_key":"Products.csv","creator_id":"iam-ServiceId-f49c5558-c247-4983-a04f-7d3c7a3d55da","create_time":1613354029281,"size":1166,"is_remote":false,"is_managed":false,"is_referenced":true,"is_object_key_read_only":false,"is_user_provided_path_key":true,"transfer_complete":true,"is_partitioned":false,"complete_time_ticks":1613354029281,"user_data":{},"test_doc":0,"handle":{"bucket":"salesandoperationsplanning-donotdelete-pr-oldvibeto880jm","location":"us-geo","key":"Products.csv","upload_id":"done","max_part_num":1},"usage":{"access_count":0,"last_accessor_id":"iam-ServiceId-f49c5558-c247-4983-a04f-7d3c7a3d55da","last_access_time":1613354029281}}]}
