{"metadata":{"asset_id":"a0b9e15e-9ffe-4209-b91a-d4b0e453d4aa","asset_attributes":["data_asset"],"name":"SalesPrice.csv","asset_type":"data_asset","created_at":"2021-10-01T18:53:02Z","description":"","origin_country":"us","owner_id":"IBMid-550003P291","project_id":"d587bc79-5755-402a-a13e-6d585217def5","size":192762,"tags":[],"usage":{"last_update_time":1633114383691,"last_updated_at":"2021-10-01T18:53:03Z"}},"entity":{"data_asset":{"mime_type":"text/csv","dataset":false}},"attachments":[{"id":"7896eb20-1c20-4dad-a8e8-7d11fe4bb40b","version":2,"asset_type":"data_asset","name":"SalesPrice.csv","mime":"text/csv","datasource_type":"193a97c1-4475-4a19-b90c-295c4fdc6517","object_key":"SalesPrice.csv","creator_id":"iam-ServiceId-f49c5558-c247-4983-a04f-7d3c7a3d55da","create_time":1633114383589,"size":192762,"is_remote":false,"is_managed":false,"is_referenced":true,"is_object_key_read_only":false,"is_user_provided_path_key":true,"transfer_complete":true,"is_partitioned":false,"complete_time_ticks":1633114383589,"user_data":{},"test_doc":0,"handle":{"bucket":"salesandoperationsplanning-donotdelete-pr-gkpbirirs3gks5","location":"us-geo","key":"SalesPrice.csv","upload_id":"done","max_part_num":1},"usage":{"access_count":0,"last_accessor_id":"iam-ServiceId-f49c5558-c247-4983-a04f-7d3c7a3d55da","last_access_time":1633114383589}}]}
