{"metadata":{"asset_id":"7ac045f9-e801-4291-8ce7-e0a5c4d12e07","asset_attributes":["data_asset"],"name":"Transportation.csv","asset_type":"data_asset","created_at":"2021-10-01T18:53:02Z","description":"","origin_country":"us","owner_id":"IBMid-550003P291","project_id":"d587bc79-5755-402a-a13e-6d585217def5","size":71471,"tags":[],"usage":{"last_update_time":1633114382859,"last_updated_at":"2021-10-01T18:53:02Z"}},"entity":{"data_asset":{"mime_type":"text/csv","dataset":false}},"attachments":[{"id":"bf2780cf-f6ac-4066-af44-fb101d9f9eb5","version":2,"asset_type":"data_asset","name":"Transportation.csv","mime":"text/csv","datasource_type":"193a97c1-4475-4a19-b90c-295c4fdc6517","object_key":"Transportation.csv","creator_id":"iam-ServiceId-f49c5558-c247-4983-a04f-7d3c7a3d55da","create_time":1633114382751,"size":71471,"is_remote":false,"is_managed":false,"is_referenced":true,"is_object_key_read_only":false,"is_user_provided_path_key":true,"transfer_complete":true,"is_partitioned":false,"complete_time_ticks":1633114382751,"user_data":{},"test_doc":0,"handle":{"bucket":"salesandoperationsplanning-donotdelete-pr-gkpbirirs3gks5","location":"us-geo","key":"Transportation.csv","upload_id":"done","max_part_num":1},"usage":{"access_count":0,"last_accessor_id":"iam-ServiceId-f49c5558-c247-4983-a04f-7d3c7a3d55da","last_access_time":1633114382751}}]}
