{"metadata":{"asset_id":"d4bb0a5c-4afb-46bd-b6da-337c8e7a6821","asset_attributes":["data_asset"],"name":"PlantMonthCapacities.csv","asset_type":"data_asset","created_at":"2020-12-09T17:13:33Z","description":"","origin_country":"us","owner_id":"IBMid-550003P291","project_id":"e4770087-6869-4d93-a575-f12a7a8558c8","size":3450,"tags":[],"usage":{"last_update_time":1607534014686,"last_updated_at":"2020-12-09T17:13:34Z"}},"entity":{"data_asset":{"mime_type":"text/csv","dataset":false}},"attachments":[{"id":"c9ecb2ce-4f26-4658-b25a-77949fe0f10c","version":2,"asset_type":"data_asset","name":"PlantMonthCapacities.csv","mime":"text/csv","datasource_type":"193a97c1-4475-4a19-b90c-295c4fdc6517","object_key":"PlantMonthCapacities.csv","creator_id":"iam-ServiceId-f49c5558-c247-4983-a04f-7d3c7a3d55da","create_time":1607534014554,"size":3450,"is_remote":false,"is_managed":false,"is_referenced":true,"is_object_key_read_only":false,"is_user_provided_path_key":true,"transfer_complete":true,"is_partitioned":false,"complete_time_ticks":1607534014554,"user_data":{},"test_doc":0,"handle":{"bucket":"salesandoperationsplanning-donotdelete-pr-zedg0w3lsgvcyx","location":"us-geo","key":"PlantMonthCapacities.csv","upload_id":"done","max_part_num":1},"usage":{"access_count":0,"last_accessor_id":"iam-ServiceId-f49c5558-c247-4983-a04f-7d3c7a3d55da","last_access_time":1607534014554}}]}
