{"metadata":{"asset_id":"e088c244-b046-4e49-a312-ab12420e718b","asset_attributes":["data_asset","location_definition"],"name":"Original_Datasets.png","asset_type":"data_asset","created_at":"2025-05-05T09:36:53Z","description":"","origin_country":"us","owner_id":"IBMid-270006YQEG","project_id":"3ead9936-1957-4c98-acbb-2db4f27f3e80","size":145507,"tags":[],"usage":{"last_update_time":1746437813999,"last_updated_at":"2025-05-05T09:36:53Z"}},"entity":{"data_asset":{"mime_type":"image/png","dataset":false},"location_definition":{"physical_location_code":"DAL","physical_location_code_assigned_by":"IBMid-270006YQEG","physical_location_code_rds_id":"c57cb90f-2126-3800-9c9f-9eab82021cdf","physical_location_code_rds_version":"20ed74f5-e315-4de9-b9e6-3282d11fc236_1","physical_location_code_assignment_method":"INFERRED","physical_location_code_added_on":"1746437805660"}},"attachments":[{"id":"189b5cdd-fc7b-4b52-9134-93b1c2c6199d","version":2,"asset_type":"data_asset","name":"Original_Datasets.png","mime":"image/png","datasource_type":"193a97c1-4475-4a19-b90c-295c4fdc6517","object_key":"Original_Datasets.png","creator_id":"IBMid-270006YQEG","create_time":1746437813998,"size":145507,"is_remote":false,"is_managed":false,"is_referenced":true,"is_object_key_read_only":true,"is_user_provided_path_key":true,"transfer_complete":true,"is_partitioned":false,"complete_time_ticks":1746437813998,"user_data":{},"test_doc":0,"handle":{"bucket":"salesandoperationsplanning-donotdelete-pr-sz4rx7ozdednbk","location":"us-south","type":"bluemix_cos","key":"Original_Datasets.png","upload_id":"done","max_part_num":1},"usage":{"access_count":0,"last_accessor_id":"IBMid-270006YQEG","last_access_time":1746437813998}}]}
