{"metadata":{"asset_id":"0e44e341-3a5b-4bfa-bf0d-a85c29587fa3","asset_attributes":["data_asset"],"name":"Original_Datasets.png","asset_type":"data_asset","created_at":"2020-12-09T17:13:32Z","description":"","origin_country":"us","owner_id":"IBMid-550003P291","project_id":"e4770087-6869-4d93-a575-f12a7a8558c8","size":145507,"tags":[],"usage":{"last_update_time":1607534013424,"last_updated_at":"2020-12-09T17:13:33Z"}},"entity":{"data_asset":{"mime_type":"image/png","dataset":false}},"attachments":[{"id":"a09b7c0f-3145-478b-8342-3dae8eb14b3b","version":2,"asset_type":"data_asset","name":"Original_Datasets.png","mime":"image/png","datasource_type":"193a97c1-4475-4a19-b90c-295c4fdc6517","object_key":"Original_Datasets.png","creator_id":"iam-ServiceId-f49c5558-c247-4983-a04f-7d3c7a3d55da","create_time":1607534013281,"size":145507,"is_remote":false,"is_managed":false,"is_referenced":true,"is_object_key_read_only":false,"is_user_provided_path_key":true,"transfer_complete":true,"is_partitioned":false,"complete_time_ticks":1607534013281,"user_data":{},"test_doc":0,"handle":{"bucket":"salesandoperationsplanning-donotdelete-pr-zedg0w3lsgvcyx","location":"us-geo","key":"Original_Datasets.png","upload_id":"done","max_part_num":1},"usage":{"access_count":0,"last_accessor_id":"iam-ServiceId-f49c5558-c247-4983-a04f-7d3c7a3d55da","last_access_time":1607534013281}}]}
