{"metadata":{"asset_id":"5f919860-26ee-4f0e-acc4-55f64759d637","asset_attributes":["data_asset"],"name":"Months.csv","asset_type":"data_asset","created_at":"2021-10-01T18:53:02Z","description":"","origin_country":"us","owner_id":"IBMid-550003P291","project_id":"d587bc79-5755-402a-a13e-6d585217def5","size":415,"tags":[],"usage":{"last_update_time":1633114382942,"last_updated_at":"2021-10-01T18:53:02Z"}},"entity":{"data_asset":{"mime_type":"text/csv","dataset":false}},"attachments":[{"id":"d9a1e061-f3e3-46c1-9f4e-45774e022906","version":2,"asset_type":"data_asset","name":"Months.csv","mime":"text/csv","datasource_type":"193a97c1-4475-4a19-b90c-295c4fdc6517","object_key":"Months.csv","creator_id":"iam-ServiceId-f49c5558-c247-4983-a04f-7d3c7a3d55da","create_time":1633114382804,"size":415,"is_remote":false,"is_managed":false,"is_referenced":true,"is_object_key_read_only":false,"is_user_provided_path_key":true,"transfer_complete":true,"is_partitioned":false,"complete_time_ticks":1633114382804,"user_data":{},"test_doc":0,"handle":{"bucket":"salesandoperationsplanning-donotdelete-pr-gkpbirirs3gks5","location":"us-geo","key":"Months.csv","upload_id":"done","max_part_num":1},"usage":{"access_count":0,"last_accessor_id":"iam-ServiceId-f49c5558-c247-4983-a04f-7d3c7a3d55da","last_access_time":1633114382804}}]}
