{"metadata":{"asset_id":"6804de28-957c-4877-acf4-a13fd02a09e9","asset_attributes":["data_asset","location_definition"],"name":"PlantProductCosts.csv","asset_type":"data_asset","created_at":"2023-11-30T09:20:20Z","description":"","origin_country":"us","owner_id":"IBMid-270006YQEG","project_id":"1c3651a4-15dd-45eb-b8d5-1f1d204e1117","size":4524,"tags":[],"usage":{"last_update_time":1701336021127,"last_updated_at":"2023-11-30T09:20:21Z"}},"entity":{"data_asset":{"mime_type":"text/csv","dataset":false},"location_definition":{"physical_location_code":"DAL","physical_location_code_assigned_by":"IBMid-310001VF6V","physical_location_code_rds_id":"c57cb90f-2126-3800-9c9f-9eab82021cdf","physical_location_code_rds_version":"00002022-0503-4032-8909-133297000000_2","physical_location_code_assignment_method":"INFERRED","physical_location_code_added_on":"1653586645965"}},"attachments":[{"id":"8fa18413-6fe2-4abe-8375-bc8a406d7648","version":2,"asset_type":"data_asset","name":"PlantProductCosts.csv","mime":"text/csv","datasource_type":"193a97c1-4475-4a19-b90c-295c4fdc6517","object_key":"PlantProductCosts.csv","creator_id":"iam-ServiceId-947d5b81-8bd3-42a6-844e-9dc008847612","create_time":1701336021044,"size":4524,"is_remote":false,"is_managed":false,"is_referenced":true,"is_object_key_read_only":true,"is_user_provided_path_key":true,"transfer_complete":true,"is_partitioned":false,"complete_time_ticks":1701336021044,"user_data":{},"test_doc":0,"handle":{"bucket":"salesandoperationsplanning-donotdelete-pr-hm5bwssb3xzl0n","location":"us-south","type":"bluemix_cos","key":"PlantProductCosts.csv","upload_id":"done","max_part_num":1},"usage":{"access_count":0,"last_accessor_id":"iam-ServiceId-947d5b81-8bd3-42a6-844e-9dc008847612","last_access_time":1701336021044}}]}
