{"metadata":{"asset_id":"94ed2d92-cd9d-470c-8a8e-75e8f47e3162","asset_attributes":["data_asset"],"name":"Original_Datasets.png","asset_type":"data_asset","created_at":"2021-02-15T01:53:47Z","description":"","origin_country":"us","owner_id":"IBMid-550003P291","project_id":"b09edf37-80f2-4de0-a54e-b890d28cbbfa","size":145507,"tags":[],"usage":{"last_update_time":1613354027929,"last_updated_at":"2021-02-15T01:53:47Z"}},"entity":{"data_asset":{"mime_type":"image/png","dataset":false}},"attachments":[{"id":"4616cb66-16ab-4d8f-ada5-b903f14c465c","version":2,"asset_type":"data_asset","name":"Original_Datasets.png","mime":"image/png","datasource_type":"193a97c1-4475-4a19-b90c-295c4fdc6517","object_key":"Original_Datasets.png","creator_id":"iam-ServiceId-f49c5558-c247-4983-a04f-7d3c7a3d55da","create_time":1613354027820,"size":145507,"is_remote":false,"is_managed":false,"is_referenced":true,"is_object_key_read_only":false,"is_user_provided_path_key":true,"transfer_complete":true,"is_partitioned":false,"complete_time_ticks":1613354027820,"user_data":{},"test_doc":0,"handle":{"bucket":"salesandoperationsplanning-donotdelete-pr-oldvibeto880jm","location":"us-geo","key":"Original_Datasets.png","upload_id":"done","max_part_num":1},"usage":{"access_count":0,"last_accessor_id":"iam-ServiceId-f49c5558-c247-4983-a04f-7d3c7a3d55da","last_access_time":1613354027820}}]}
