{"metadata":{"asset_id":"0a6cac39-0245-40fe-b710-e2637ecb3eea","asset_attributes":["data_asset"],"name":"PlantProductMonthCapacities.csv","asset_type":"data_asset","created_at":"2020-12-09T17:13:33Z","description":"","origin_country":"us","owner_id":"IBMid-550003P291","project_id":"e4770087-6869-4d93-a575-f12a7a8558c8","size":131138,"tags":[],"usage":{"last_update_time":1607534014992,"last_updated_at":"2020-12-09T17:13:34Z"}},"entity":{"data_asset":{"mime_type":"text/csv","dataset":false}},"attachments":[{"id":"12485eb8-758a-4e6e-8b1b-97fe49fa47a2","version":2,"asset_type":"data_asset","name":"PlantProductMonthCapacities.csv","mime":"text/csv","datasource_type":"193a97c1-4475-4a19-b90c-295c4fdc6517","object_key":"PlantProductMonthCapacities.csv","creator_id":"iam-ServiceId-f49c5558-c247-4983-a04f-7d3c7a3d55da","create_time":1607534014878,"size":131138,"is_remote":false,"is_managed":false,"is_referenced":true,"is_object_key_read_only":false,"is_user_provided_path_key":true,"transfer_complete":true,"is_partitioned":false,"complete_time_ticks":1607534014878,"user_data":{},"test_doc":0,"handle":{"bucket":"salesandoperationsplanning-donotdelete-pr-zedg0w3lsgvcyx","location":"us-geo","key":"PlantProductMonthCapacities.csv","upload_id":"done","max_part_num":1},"usage":{"access_count":0,"last_accessor_id":"iam-ServiceId-f49c5558-c247-4983-a04f-7d3c7a3d55da","last_access_time":1607534014878}}]}
