{"metadata":{"asset_id":"718e5d88-a387-4bd5-bdd0-ea35d6e509f4","asset_attributes":["data_asset"],"name":"Demands.csv","asset_type":"data_asset","created_at":"2021-10-01T18:53:02Z","description":"","origin_country":"us","owner_id":"IBMid-550003P291","project_id":"d587bc79-5755-402a-a13e-6d585217def5","size":185131,"tags":[],"usage":{"last_update_time":1633114383330,"last_updated_at":"2021-10-01T18:53:03Z"}},"entity":{"data_asset":{"mime_type":"text/csv","dataset":false}},"attachments":[{"id":"0c0e205b-b2b2-47bb-99f4-4dc4023a02ed","version":2,"asset_type":"data_asset","name":"Demands.csv","mime":"text/csv","datasource_type":"193a97c1-4475-4a19-b90c-295c4fdc6517","object_key":"Demands.csv","creator_id":"iam-ServiceId-f49c5558-c247-4983-a04f-7d3c7a3d55da","create_time":1633114383091,"size":185131,"is_remote":false,"is_managed":false,"is_referenced":true,"is_object_key_read_only":false,"is_user_provided_path_key":true,"transfer_complete":true,"is_partitioned":false,"complete_time_ticks":1633114383091,"user_data":{},"test_doc":0,"handle":{"bucket":"salesandoperationsplanning-donotdelete-pr-gkpbirirs3gks5","location":"us-geo","key":"Demands.csv","upload_id":"done","max_part_num":1},"usage":{"access_count":0,"last_accessor_id":"iam-ServiceId-f49c5558-c247-4983-a04f-7d3c7a3d55da","last_access_time":1633114383091}}]}
