{"metadata":{"asset_id":"9b95c8c7-d7ed-4533-8e6f-a1cd7250c8c0","asset_attributes":["data_asset"],"name":"Regions.csv","asset_type":"data_asset","created_at":"2020-12-09T17:13:32Z","description":"","origin_country":"us","owner_id":"IBMid-550003P291","project_id":"e4770087-6869-4d93-a575-f12a7a8558c8","size":24,"tags":[],"usage":{"last_update_time":1607534013354,"last_updated_at":"2020-12-09T17:13:33Z"}},"entity":{"data_asset":{"mime_type":"text/csv","dataset":false}},"attachments":[{"id":"ccd02650-3872-4d0e-b7dc-5b77abd648fd","version":2,"asset_type":"data_asset","name":"Regions.csv","mime":"text/csv","datasource_type":"193a97c1-4475-4a19-b90c-295c4fdc6517","object_key":"Regions.csv","creator_id":"iam-ServiceId-f49c5558-c247-4983-a04f-7d3c7a3d55da","create_time":1607534013233,"size":24,"is_remote":false,"is_managed":false,"is_referenced":true,"is_object_key_read_only":false,"is_user_provided_path_key":true,"transfer_complete":true,"is_partitioned":false,"complete_time_ticks":1607534013233,"user_data":{},"test_doc":0,"handle":{"bucket":"salesandoperationsplanning-donotdelete-pr-zedg0w3lsgvcyx","location":"us-geo","key":"Regions.csv","upload_id":"done","max_part_num":1},"usage":{"access_count":0,"last_accessor_id":"iam-ServiceId-f49c5558-c247-4983-a04f-7d3c7a3d55da","last_access_time":1607534013233}}]}
