[{"decision":{"name":"sales_production_planning","description":"","creator":"IBMid-550003P291","createdAt":1633114385000,"usage":{"lastModificationTime":1633114385000,"lastModifier":"iam-ServiceId-c2eabb5c-a2d7-4580-a867-9bb90f33e208"},"_id":"12e138ac-7d30-4382-b75e-4f29cc641d7f"},"scenarios":[{"qualifiers":[{"name":"modelType","value":"python"}],"name":"dashboard","description":"","category":"dashboard","readOnly":false,"creator":"IBMid-550003P291","createdAt":1633114392000,"usage":{"lastModificationTime":1633114392000,"lastModifier":"iam-ServiceId-c2eabb5c-a2d7-4580-a867-9bb90f33e208"},"dataUsagePerCategory":{"dashboard-file":{"lastModificationTime":1633114392506,"lastModifier":"IBMid-550003P291"}},"tables":[],"assets":[{"name":"dashboard.json","category":"dashboard-file","creator":"IBMid-550003P291","createdAt":1633114392506,"lastUpdater":"IBMid-550003P291","updatedAt":1633114392506,"size":3464,"attachmentKey":"7d2fb9fe-9f4d-4426-9df2-391d572cbbe5","contentType":"application/json"}],"_id":"a0957312-5963-4b60-9b55-401a579c08ef"},{"qualifiers":[{"name":"modelType","value":"python"}],"name":"Increased Plant Capacity","description":"","category":"scenario","readOnly":false,"creator":"IBMid-550003P291","createdAt":1633114396000,"usage":{"lastModificationTime":1633114396000,"lastModifier":"iam-ServiceId-c2eabb5c-a2d7-4580-a867-9bb90f33e208"},"dataUsagePerCategory":{"output":{"lastModificationTime":1633114396182,"lastModifier":"IBMid-550003P291"},"input":{"lastModificationTime":1633114396182,"lastModifier":"IBMid-550003P291"},"model":{"lastModificationTime":1633114396182,"lastModifier":"IBMid-550003P291"}},"tables":[{"name":"ProductTypes","category":"input","creator":"IBMid-550003P291","createdAt":1633114396182,"lastUpdater":"IBMid-550003P291","updatedAt":1633114396182,"size":36,"attachmentKey":"3be78df3-3ea7-47ad-89d1-947cb6b8b6e6","tableType":{"columns":[{"key":"name","dataType":"String"}]},"numberOfRows":4},{"name":"Products","category":"input","creator":"IBMid-550003P291","createdAt":1633114396182,"lastUpdater":"IBMid-550003P291","updatedAt":1633114396182,"size":1165,"attachmentKey":"69da54cc-ea01-48dd-8a88-356eac597129","tableType":{"columns":[{"key":"name","dataType":"String"},{"key":"type","dataType":"String"},{"key":"maturity","dataType":"String"},{"key":"priceLevel","dataType":"String"}]},"numberOfRows":29},{"name":"Years","category":"input","creator":"IBMid-550003P291","createdAt":1633114396182,"lastUpdater":"IBMid-550003P291","updatedAt":1633114396182,"size":12,"attachmentKey":"d664021e-fa61-4814-bc30-ac92584eae58","tableType":{"columns":[{"key":"name","dataType":"Number"}]},"numberOfRows":2},{"name":"Transportation","category":"input","creator":"IBMid-550003P291","createdAt":1633114396182,"lastUpdater":"IBMid-550003P291","updatedAt":1633114396182,"size":73672,"attachmentKey":"84863d19-bca5-4d21-b5eb-6d064c1b5614","tableType":{"columns":[{"key":"plant","dataType":"String"},{"key":"name","dataType":"String"},{"key":"region","dataType":"String"},{"key":"product","dataType":"String"},{"key":"value","dataType":"Number"}]},"numberOfRows":2233},{"name":"Months","category":"input","creator":"IBMid-550003P291","createdAt":1633114396182,"lastUpdater":"IBMid-550003P291","updatedAt":1633114396182,"size":423,"attachmentKey":"6883849d-cd5e-464f-b82f-6c4756bc811f","tableType":{"columns":[{"key":"id","dataType":"Number"},{"key":"name","dataType":"String"},{"key":"quarter","dataType":"String"}]},"numberOfRows":24},{"name":"Demands","category":"input","creator":"IBMid-550003P291","createdAt":1633114396182,"lastUpdater":"IBMid-550003P291","updatedAt":1633114396182,"size":192753,"attachmentKey":"4827e5ed-c109-4b70-a255-27a0668188ae","tableType":{"columns":[{"key":"product","dataType":"String"},{"key":"market","dataType":"String"},{"key":"month","dataType":"String"},{"key":"value","dataType":"Number"}]},"numberOfRows":7649},{"name":"PlantProductCosts","category":"input","creator":"IBMid-550003P291","createdAt":1633114396182,"lastUpdater":"IBMid-550003P291","updatedAt":1633114396182,"size":4707,"attachmentKey":"1f5101da-6aac-45d6-89d7-64e24e967572","tableType":{"columns":[{"key":"plant","dataType":"String"},{"key":"product","dataType":"String"},{"key":"value","dataType":"Number"}]},"numberOfRows":203},{"name":"InitialInventories","category":"input","creator":"IBMid-550003P291","createdAt":1633114396182,"lastUpdater":"IBMid-550003P291","updatedAt":1633114396182,"size":5668,"attachmentKey":"042d8274-ce92-4250-b16f-ef49af9bcd27","tableType":{"columns":[{"key":"product","dataType":"String"},{"key":"market","dataType":"String"},{"key":"value","dataType":"Number"}]},"numberOfRows":318},{"name":"production_output","category":"output","creator":"IBMid-550003P291","createdAt":1633114396182,"lastUpdater":"IBMid-550003P291","updatedAt":1633114396182,"size":1138,"attachmentKey":"7b6ded3b-9ba0-49de-818a-55d4978447fa","tableType":{"columns":[{"key":"month","dataType":"String"},{"key":"production","dataType":"Number"},{"key":"plant_month_capacity","dataType":"Number"},{"key":"utilization","dataType":"Number"}]},"numberOfRows":24},{"name":"Markets","category":"input","creator":"IBMid-550003P291","createdAt":1633114396182,"lastUpdater":"IBMid-550003P291","updatedAt":1633114396182,"size":151,"attachmentKey":"5819832b-e5ed-432f-89db-fa9e5feddebe","tableType":{"columns":[{"key":"name","dataType":"String"},{"key":"region","dataType":"String"}]},"numberOfRows":11},{"name":"Regions","category":"input","creator":"IBMid-550003P291","createdAt":1633114396182,"lastUpdater":"IBMid-550003P291","updatedAt":1633114396182,"size":22,"attachmentKey":"83501212-fc47-4be9-833f-27ab01a081f1","tableType":{"columns":[{"key":"name","dataType":"String"}]},"numberOfRows":3},{"name":"Plants","category":"input","creator":"IBMid-550003P291","createdAt":1633114396182,"lastUpdater":"IBMid-550003P291","updatedAt":1633114396182,"size":66,"attachmentKey":"dfddfeed-e4a4-4dd4-98ef-9cf06c1854e5","tableType":{"columns":[{"key":"name","dataType":"String"}]},"numberOfRows":7},{"name":"PlantMonthCapacities","category":"input","creator":"IBMid-550003P291","createdAt":1633114396182,"lastUpdater":"IBMid-550003P291","updatedAt":1633114396182,"size":3600,"attachmentKey":"f8d9675f-ec2e-490d-8ad7-dd6a33dfc216","tableType":{"columns":[{"key":"plant","dataType":"String"},{"key":"month","dataType":"String"},{"key":"value","dataType":"Number"}]},"numberOfRows":168},{"name":"SalesPrice","category":"input","creator":"IBMid-550003P291","createdAt":1633114396182,"lastUpdater":"IBMid-550003P291","updatedAt":1633114396182,"size":200391,"attachmentKey":"b5a12fa3-bc8e-443a-8a56-96a3d56a117c","tableType":{"columns":[{"key":"product","dataType":"String"},{"key":"market","dataType":"String"},{"key":"month","dataType":"String"},{"key":"value","dataType":"Number"}]},"numberOfRows":7656},{"name":"PlantProductMonthCapacities","category":"input","creator":"IBMid-550003P291","createdAt":1633114396182,"lastUpdater":"IBMid-550003P291","updatedAt":1633114396182,"size":135984,"attachmentKey":"c5b3f3f0-f164-48aa-bc24-5b982ac907c7","tableType":{"columns":[{"key":"plant","dataType":"String"},{"key":"product","dataType":"String"},{"key":"month","dataType":"String"},{"key":"value","dataType":"Number"}]},"numberOfRows":4872},{"name":"executedsales_output","category":"output","creator":"IBMid-550003P291","createdAt":1633114396182,"lastUpdater":"IBMid-550003P291","updatedAt":1633114396182,"size":1078,"attachmentKey":"5efb72fd-2181-43fb-8818-30206b7a530c","tableType":{"columns":[{"key":"month","dataType":"String"},{"key":"demand","dataType":"Number"},{"key":"executedsales","dataType":"Number"},{"key":"satisfied_demand","dataType":"Number"}]},"numberOfRows":24},{"name":"FirmSales","category":"input","creator":"IBMid-550003P291","createdAt":1633114396182,"lastUpdater":"IBMid-550003P291","updatedAt":1633114396182,"size":22023,"attachmentKey":"b39451c0-9cfc-42c6-869d-839c2baf7786","tableType":{"columns":[{"key":"product","dataType":"String"},{"key":"market","dataType":"String"},{"key":"month","dataType":"String"},{"key":"value","dataType":"Number"}]},"numberOfRows":902},{"name":"Quarters","category":"input","creator":"IBMid-550003P291","createdAt":1633114396182,"lastUpdater":"IBMid-550003P291","updatedAt":1633114396182,"size":104,"attachmentKey":"8d905b2e-fb6e-4026-8353-56aaf4c553ab","tableType":{"columns":[{"key":"name","dataType":"String"},{"key":"year","dataType":"Number"}]},"numberOfRows":8},{"name":"kpis","category":"output","creator":"IBMid-550003P291","createdAt":1633114396182,"lastUpdater":"IBMid-550003P291","updatedAt":1633114396182,"size":89,"attachmentKey":"96fbba96-2c3e-4173-bbeb-188e85703f4b","tableType":{"columns":[{"key":"NAME","dataType":"String"},{"key":"VALUE","dataType":"Number"}]},"numberOfRows":3}],"assets":[{"name":"model.py","category":"model","creator":"IBMid-550003P291","createdAt":1633114396182,"lastUpdater":"IBMid-550003P291","updatedAt":1633114396182,"size":25070,"attachmentKey":"227abd2b-8335-4c77-afb1-c845eef6163b","contentType":"application/octet-stream"},{"name":"log.txt","category":"output","creator":"IBMid-550003P291","createdAt":1633114396182,"lastUpdater":"IBMid-550003P291","updatedAt":1633114396182,"size":3220,"attachmentKey":"e446d22a-c24b-4a99-a5d2-1891027b79f9","contentType":"text/plain"}],"solveStatus":{"creationTime":1633114396182,"lastModificationTime":1633114396182,"state":"TERMINATED","solveConfig":{"containerId":"Increased Plant Capacity","solveParameters":{}},"jobDetails":{"id":"f8b8ff5f-66b2-437e-911f-c2a07b703beb","createdAt":1595953667638,"startedAt":1595953667816,"endedAt":1595953715012,"submittedAt":1595953667638,"details":{"PROGRESS_GAP":"0.0","KPI.Total_transportation_cost":"22804795","MODEL_DETAIL_NONZEROS":"139888","KPI.Total_production_cost":"79293671.5","MODEL_DETAIL_TYPE":"MILP","MODEL_DETAIL_CONTINUOUS_VARS":"0","MODEL_DETAIL_CONSTRAINTS":"13014","PROGRESS_CURRENT_OBJECTIVE":"286362628.5","MODEL_DETAIL_INTEGER_VARS":"73769","MODEL_DETAIL_KPIS":"[\"Total_production_cost\", \"Total_transportation_cost\", \"Revenue\"]","KPI.Revenue":"388461095","PROGRESS_CURRENT_OBJECTIVE.history":"[[1595953711.77, 286362628.5]]","MODEL_DETAIL_BOOLEAN_VARS":"0","PROGRESS_BEST_OBJECTIVE":"286362628.5"},"executionStatus":"PROCESSED","solveStatus":"OPTIMAL_SOLUTION","logTail":["[2020-07-28T16:28:28Z, INFO] WARNING: Number of workers has been reduced to 1 to comply with platform limitations.","[2020-07-28T16:28:28Z, INFO] CPXPARAM_Read_DataCheck                          1","[2020-07-28T16:28:28Z, INFO] CPXPARAM_Threads                                 1","[2020-07-28T16:28:28Z, INFO] CPXPARAM_TimeLimit                               60","[2020-07-28T16:28:28Z, INFO] Tried aggregator 2 times.","[2020-07-28T16:28:28Z, INFO] MIP Presolve eliminated 327 rows and 326 columns.","[2020-07-28T16:28:28Z, INFO] MIP Presolve modified 120 coefficients.","[2020-07-28T16:28:28Z, INFO] Aggregator did 7 substitutions.","[2020-07-28T16:28:28Z, INFO] Reduced MIP has 12680 rows, 73436 columns, and 138990 nonzeros.","[2020-07-28T16:28:28Z, INFO] Reduced MIP has 14 binaries, 73422 generals, 0 SOSs, and 0 indicators.","[2020-07-28T16:28:28Z, INFO] Presolve time = 0.23 sec. (89.17 ticks)","[2020-07-28T16:28:28Z, INFO] Found incumbent of value 7860768.500000 after 0.76 sec. (287.30 ticks)","[2020-07-28T16:28:28Z, INFO] Tried aggregator 1 time.","[2020-07-28T16:28:29Z, INFO] Reduced MIP has 12680 rows, 73436 columns, and 138990 nonzeros.","[2020-07-28T16:28:29Z, INFO] Reduced MIP has 14 binaries, 73422 generals, 0 SOSs, and 0 indicators.","[2020-07-28T16:28:29Z, INFO] Presolve time = 0.15 sec. (78.84 ticks)","[2020-07-28T16:28:29Z, INFO] Probing time = 0.00 sec. (1.05 ticks)","[2020-07-28T16:28:29Z, INFO] Clique table members: 1.","[2020-07-28T16:28:29Z, INFO] MIP emphasis: balance optimality and feasibility.","[2020-07-28T16:28:29Z, INFO] MIP search method: dynamic search.","[2020-07-28T16:28:29Z, INFO] Parallel mode: none, using 1 thread.","[2020-07-28T16:28:31Z, INFO] Root relaxation solution time = 2.26 sec. (2314.39 ticks)","[2020-07-28T16:28:31Z, INFO] ","[2020-07-28T16:28:31Z, INFO]         Nodes                                         Cuts/","[2020-07-28T16:28:31Z, INFO]    Node  Left     Objective  IInf  Best Integer    Best Bound    ItCnt     Gap","[2020-07-28T16:28:31Z, INFO] *     0+    0                      7860768.5000   4.20503e+08              ---","[2020-07-28T16:28:31Z, INFO] *     0     0      integral     0   2.86363e+08   2.86363e+08    29846    0.00%","[2020-07-28T16:28:31Z, INFO] Elapsed time = 3.27 sec. (2727.69 ticks, tree = 0.00 MB","[2020-07-28T16:28:31Z, INFO] , solutions = 2","[2020-07-28T16:28:31Z, INFO] )","[2020-07-28T16:28:31Z, INFO] ","[2020-07-28T16:28:31Z, INFO] Root node processing (before b&c):","[2020-07-28T16:28:31Z, INFO]   Real time             =    3.27 sec. (2730.36 ticks)","[2020-07-28T16:28:31Z, INFO] Sequential b&c:","[2020-07-28T16:28:31Z, INFO]   Real time             =    0.00 sec. (0.00 ticks)","[2020-07-28T16:28:31Z, INFO]                           ------------","[2020-07-28T16:28:31Z, INFO] Total (root+branch&cut) =    3.27 sec. (2730.36 ticks)","[2020-07-28T16:28:32Z, INFO] * model sales_and_operation_planning solved with objective = 286362628.500","[2020-07-28T16:28:32Z, INFO] *  KPI: Total_production_cost     = 79293671.500","[2020-07-28T16:28:32Z, INFO] *  KPI: Total_transportation_cost = 22804795.000","[2020-07-28T16:28:32Z, INFO] *  KPI: Revenue                   = 388461095.000","[2020-07-28T16:28:32Z, INFO] production_output.csv","[2020-07-28T16:28:32Z, INFO] executedsales_output.csv"]},"runtimeDetails":{"state":"STARTED"},"taskSetupMillis":2606,"taskSolveMillis":48094,"taskTearDownMillis":1,"jobId":"f8b8ff5f-66b2-437e-911f-c2a07b703beb","ping":1595953695050},"_id":"8d1b577f-bea4-43f3-828e-c602e02ee478"},{"qualifiers":[{"name":"modelType","value":"python"}],"name":"Baseline","description":"","category":"scenario","readOnly":false,"creator":"IBMid-550003P291","createdAt":1633114390000,"usage":{"lastModificationTime":1633114390000,"lastModifier":"iam-ServiceId-c2eabb5c-a2d7-4580-a867-9bb90f33e208"},"dataUsagePerCategory":{"output":{"lastModificationTime":1633114389929,"lastModifier":"IBMid-550003P291"},"input":{"lastModificationTime":1633114389929,"lastModifier":"IBMid-550003P291"},"model":{"lastModificationTime":1633114389929,"lastModifier":"IBMid-550003P291"}},"tables":[{"name":"ProductTypes","category":"input","creator":"IBMid-550003P291","createdAt":1633114389929,"lastUpdater":"IBMid-550003P291","updatedAt":1633114389929,"size":36,"attachmentKey":"2ed13c23-54c2-43ee-b703-464ec778226e","tableType":{"columns":[{"key":"name","dataType":"String"}]},"numberOfRows":4},{"name":"Products","category":"input","creator":"IBMid-550003P291","createdAt":1633114389929,"lastUpdater":"IBMid-550003P291","updatedAt":1633114389929,"size":1165,"attachmentKey":"dc862c23-82cd-48be-934f-c8c9b8d01c7a","tableType":{"columns":[{"key":"name","dataType":"String"},{"key":"type","dataType":"String"},{"key":"maturity","dataType":"String"},{"key":"priceLevel","dataType":"String"}]},"numberOfRows":29},{"name":"Transportation","category":"input","creator":"IBMid-550003P291","createdAt":1633114389929,"lastUpdater":"IBMid-550003P291","updatedAt":1633114389929,"size":73672,"attachmentKey":"5c3a4898-bec2-4d64-a302-495455ee3f34","tableType":{"columns":[{"key":"plant","dataType":"String"},{"key":"name","dataType":"String"},{"key":"region","dataType":"String"},{"key":"product","dataType":"String"},{"key":"value","dataType":"Number"}]},"numberOfRows":2233},{"name":"Months","category":"input","creator":"IBMid-550003P291","createdAt":1633114389929,"lastUpdater":"IBMid-550003P291","updatedAt":1633114389929,"size":423,"attachmentKey":"d392a3e2-e059-4b41-a18b-ca384dfe0b7c","tableType":{"columns":[{"key":"id","dataType":"Number"},{"key":"name","dataType":"String"},{"key":"quarter","dataType":"String"}]},"numberOfRows":24},{"name":"Demands","category":"input","creator":"IBMid-550003P291","createdAt":1633114389929,"lastUpdater":"IBMid-550003P291","updatedAt":1633114389929,"size":192753,"attachmentKey":"d00ba2d9-38a8-4953-abb0-74f1523763cd","tableType":{"columns":[{"key":"product","dataType":"String"},{"key":"market","dataType":"String"},{"key":"month","dataType":"String"},{"key":"value","dataType":"Number"}]},"numberOfRows":7649},{"name":"PlantProductCosts","category":"input","creator":"IBMid-550003P291","createdAt":1633114389929,"lastUpdater":"IBMid-550003P291","updatedAt":1633114389929,"size":4707,"attachmentKey":"61068fc2-55b2-4452-8379-9b4a78098411","tableType":{"columns":[{"key":"plant","dataType":"String"},{"key":"product","dataType":"String"},{"key":"value","dataType":"Number"}]},"numberOfRows":203},{"name":"InitialInventories","category":"input","creator":"IBMid-550003P291","createdAt":1633114389929,"lastUpdater":"IBMid-550003P291","updatedAt":1633114389929,"size":5668,"attachmentKey":"1501e07f-0fdf-4110-9ce0-83037be12f05","tableType":{"columns":[{"key":"product","dataType":"String"},{"key":"market","dataType":"String"},{"key":"value","dataType":"Number"}]},"numberOfRows":318},{"name":"production_output","category":"output","creator":"IBMid-550003P291","createdAt":1633114389929,"lastUpdater":"IBMid-550003P291","updatedAt":1633114389929,"size":720,"attachmentKey":"4a3d5dba-e21f-4247-91f3-7458bddac3be","tableType":{"columns":[{"key":"month","dataType":"String"},{"key":"production","dataType":"Number"},{"key":"plant_month_capacity","dataType":"Number"},{"key":"utilization","dataType":"Number"}]},"numberOfRows":24},{"name":"Markets","category":"input","creator":"IBMid-550003P291","createdAt":1633114389929,"lastUpdater":"IBMid-550003P291","updatedAt":1633114389929,"size":151,"attachmentKey":"6e30983d-2711-4a69-b5a0-46fa185233dd","tableType":{"columns":[{"key":"name","dataType":"String"},{"key":"region","dataType":"String"}]},"numberOfRows":11},{"name":"Regions","category":"input","creator":"IBMid-550003P291","createdAt":1633114389929,"lastUpdater":"IBMid-550003P291","updatedAt":1633114389929,"size":22,"attachmentKey":"4b78b184-64ca-4ff4-bfdf-0acf5ad2787c","tableType":{"columns":[{"key":"name","dataType":"String"}]},"numberOfRows":3},{"name":"Plants","category":"input","creator":"IBMid-550003P291","createdAt":1633114389929,"lastUpdater":"IBMid-550003P291","updatedAt":1633114389929,"size":66,"attachmentKey":"bca81c6e-498f-45e7-884b-c3940a394139","tableType":{"columns":[{"key":"name","dataType":"String"}]},"numberOfRows":7},{"name":"PlantMonthCapacities","category":"input","creator":"IBMid-550003P291","createdAt":1633114389929,"lastUpdater":"IBMid-550003P291","updatedAt":1633114389929,"size":3600,"attachmentKey":"c6a80838-cb48-4182-bf33-1c9706cb6c60","tableType":{"columns":[{"key":"plant","dataType":"String"},{"key":"month","dataType":"String"},{"key":"value","dataType":"Number"}]},"numberOfRows":168},{"name":"SalesPrice","category":"input","creator":"IBMid-550003P291","createdAt":1633114389929,"lastUpdater":"IBMid-550003P291","updatedAt":1633114389929,"size":200391,"attachmentKey":"430a1f19-3750-4d2c-86a4-480d677274ee","tableType":{"columns":[{"key":"product","dataType":"String"},{"key":"market","dataType":"String"},{"key":"month","dataType":"String"},{"key":"value","dataType":"Number"}]},"numberOfRows":7656},{"name":"PlantProductMonthCapacities","category":"input","creator":"IBMid-550003P291","createdAt":1633114389929,"lastUpdater":"IBMid-550003P291","updatedAt":1633114389929,"size":135984,"attachmentKey":"2d4905b6-d683-4bf3-b99d-bc37b16e7441","tableType":{"columns":[{"key":"plant","dataType":"String"},{"key":"product","dataType":"String"},{"key":"month","dataType":"String"},{"key":"value","dataType":"Number"}]},"numberOfRows":4872},{"name":"stats","category":"output","creator":"IBMid-550003P291","createdAt":1633114389929,"lastUpdater":"IBMid-550003P291","updatedAt":1633114389929,"size":290,"attachmentKey":"19b9c883-1471-466e-8279-90beee0d69da","tableType":{"columns":[{"key":"Name","dataType":"String"},{"key":"Value","dataType":"String"}]},"numberOfRows":8},{"name":"executedsales_output","category":"output","creator":"IBMid-550003P291","createdAt":1633114389929,"lastUpdater":"IBMid-550003P291","updatedAt":1633114389929,"size":1064,"attachmentKey":"acd16412-75f2-43c0-b0d6-70217bbae610","tableType":{"columns":[{"key":"month","dataType":"String"},{"key":"demand","dataType":"Number"},{"key":"executedsales","dataType":"Number"},{"key":"satisfied_demand","dataType":"Number"}]},"numberOfRows":24},{"name":"FirmSales","category":"input","creator":"IBMid-550003P291","createdAt":1633114389929,"lastUpdater":"IBMid-550003P291","updatedAt":1633114389929,"size":22023,"attachmentKey":"49c76d0c-fb8b-4781-87e8-4cfc7905f974","tableType":{"columns":[{"key":"product","dataType":"String"},{"key":"market","dataType":"String"},{"key":"month","dataType":"String"},{"key":"value","dataType":"Number"}]},"numberOfRows":902},{"name":"kpis","category":"output","creator":"IBMid-550003P291","createdAt":1633114389929,"lastUpdater":"IBMid-550003P291","updatedAt":1633114389929,"size":93,"attachmentKey":"930ca6bf-b95a-47ee-9fb7-a822eca37efa","tableType":{"columns":[{"key":"Name","dataType":"String"},{"key":"Value","dataType":"Number"}]},"numberOfRows":3}],"assets":[{"name":"model.py","category":"model","creator":"IBMid-550003P291","createdAt":1633114389929,"lastUpdater":"IBMid-550003P291","updatedAt":1633114389929,"size":24439,"attachmentKey":"eb79691b-3dfd-4992-ab13-0022e1aa3a5d","contentType":"application/octet-stream"},{"name":"log.txt","category":"output","creator":"IBMid-550003P291","createdAt":1633114389929,"lastUpdater":"IBMid-550003P291","updatedAt":1633114389929,"size":3314,"attachmentKey":"875f5133-d36c-44df-8e9c-55a2a638894f","contentType":"text/plain"}],"solveStatus":{"creationTime":1633114389929,"lastModificationTime":1633114389929,"state":"TERMINATED","solveConfig":{"containerId":"Baseline","solveParameters":{}},"jobDetails":{"id":"5d7d8b22-6939-4d3c-9303-e2a6d2af3dd6","createdAt":1601887397857,"startedAt":1601887420245,"endedAt":1601887472207,"submittedAt":1601887397857,"details":{"KPI.Revenue":"327654195.0","KPI.Total_production_cost":"62144913.0","KPI.Total_transportation_cost":"17798792.0","MODEL_DETAIL_BOOLEAN_VARS":"0","MODEL_DETAIL_CONSTRAINTS":"13014","MODEL_DETAIL_CONTINUOUS_VARS":"0","MODEL_DETAIL_INTEGER_VARS":"73769","MODEL_DETAIL_KPIS":"[\"Total_production_cost\", \"Total_transportation_cost\", \"Revenue\"]","MODEL_DETAIL_NONZEROS":"139888","MODEL_DETAIL_OBJECTIVE_SENSE":"maximize","MODEL_DETAIL_TYPE":"MILP","PROGRESS_BEST_OBJECTIVE":"247710490.0","PROGRESS_BEST_OBJECTIVE.history":"[[1601887469.49, 247710490.0]]","PROGRESS_CURRENT_OBJECTIVE":"247710490.0","PROGRESS_CURRENT_OBJECTIVE.history":"[[1601887469.49, 247710490.0]]","PROGRESS_GAP":"0.0","PROGRESS_GAP.history":"[[1601887469.49, 0.0]]","STAT.cplex.modelType":"MILP","STAT.cplex.size.booleanVariables":"0","STAT.cplex.size.constraints":"13014","STAT.cplex.size.continousVariables":"0","STAT.cplex.size.integerVariables":"73769","STAT.cplex.size.linearConstraints":"13014","STAT.cplex.size.quadraticConstraints":"0","STAT.cplex.size.variables":"73769"},"executionStatus":"PROCESSED","solveStatus":"OPTIMAL_SOLUTION","logTail":["[2020-10-05T08:44:25Z, INFO] WARNING: Number of workers has been reduced to 1 to comply with platform limitations.","[2020-10-05T08:44:25Z, INFO] Version identifier: 12.10.0.0 | 2020-01-09 | 0d94640","[2020-10-05T08:44:25Z, INFO] CPXPARAM_Read_DataCheck                          1","[2020-10-05T08:44:25Z, INFO] CPXPARAM_Threads                                 1","[2020-10-05T08:44:25Z, INFO] CPXPARAM_RandomSeed                              201903125","[2020-10-05T08:44:25Z, INFO] CPXPARAM_TimeLimit                               60","[2020-10-05T08:44:25Z, INFO] Tried aggregator 2 times.","[2020-10-05T08:44:25Z, INFO] MIP Presolve eliminated 319 rows and 326 columns.","[2020-10-05T08:44:25Z, INFO] Aggregator did 7 substitutions.","[2020-10-05T08:44:25Z, INFO] Reduced MIP has 12688 rows, 73436 columns, and 139222 nonzeros.","[2020-10-05T08:44:25Z, INFO] Reduced MIP has 14 binaries, 73422 generals, 0 SOSs, and 0 indicators.","[2020-10-05T08:44:25Z, INFO] Presolve time = 0.19 sec. (82.30 ticks)","[2020-10-05T08:44:26Z, INFO] Found incumbent of value 7197045.500000 after 1.20 sec. (454.29 ticks)","[2020-10-05T08:44:26Z, INFO] Tried aggregator 1 time.","[2020-10-05T08:44:26Z, INFO] Detecting symmetries...","[2020-10-05T08:44:26Z, INFO] Reduced MIP has 12688 rows, 73436 columns, and 139222 nonzeros.","[2020-10-05T08:44:26Z, INFO] Reduced MIP has 14 binaries, 73422 generals, 0 SOSs, and 0 indicators.","[2020-10-05T08:44:26Z, INFO] Presolve time = 0.16 sec. (78.46 ticks)","[2020-10-05T08:44:27Z, INFO] Probing time = 0.00 sec. (1.05 ticks)","[2020-10-05T08:44:27Z, INFO] Clique table members: 1.","[2020-10-05T08:44:27Z, INFO] MIP emphasis: balance optimality and feasibility.","[2020-10-05T08:44:27Z, INFO] MIP search method: dynamic search.","[2020-10-05T08:44:27Z, INFO] Parallel mode: none, using 1 thread.","[2020-10-05T08:44:29Z, INFO] Root relaxation solution time = 2.27 sec. (2007.84 ticks)","[2020-10-05T08:44:29Z, INFO] ","[2020-10-05T08:44:29Z, INFO]         Nodes                                         Cuts/","[2020-10-05T08:44:29Z, INFO]    Node  Left     Objective  IInf  Best Integer    Best Bound    ItCnt     Gap","[2020-10-05T08:44:29Z, INFO] *     0+    0                      7197045.5000   4.20503e+08              ---","[2020-10-05T08:44:29Z, INFO] *     0     0      integral     0   2.47710e+08   2.47710e+08    29784    0.00%","[2020-10-05T08:44:29Z, INFO] Elapsed time = 3.73 sec. (2587.82 ticks, tree = 0.00 MB, solutions = 2)","[2020-10-05T08:44:29Z, INFO] ","[2020-10-05T08:44:29Z, INFO] Root node processing (before b&c):","[2020-10-05T08:44:29Z, INFO]   Real time             =    3.74 sec. (2590.48 ticks)","[2020-10-05T08:44:29Z, INFO] Sequential b&c:","[2020-10-05T08:44:29Z, INFO]   Real time             =    0.00 sec. (0.00 ticks)","[2020-10-05T08:44:29Z, INFO]                           ------------","[2020-10-05T08:44:29Z, INFO] Total (root+branch&cut) =    3.74 sec. (2590.48 ticks)","[2020-10-05T08:44:29Z, INFO] * model sales_and_operation_planning solved with objective = 247710490.000","[2020-10-05T08:44:29Z, INFO] *  KPI: Total_production_cost     = 62144913.000","[2020-10-05T08:44:29Z, INFO] *  KPI: Total_transportation_cost = 17798792.000","[2020-10-05T08:44:29Z, INFO] *  KPI: Revenue                   = 327654195.000","[2020-10-05T08:44:29Z, INFO] production_output.csv","[2020-10-05T08:44:29Z, INFO] executedsales_output.csv"]},"runtimeDetails":{"state":"STARTED"},"taskSetupMillis":7102,"taskSolveMillis":74563,"taskTearDownMillis":1,"jobSpaceId":"1dc685ff-fcaf-4e4d-9ec6-74548e5b8dfa","jobId":"5d7d8b22-6939-4d3c-9303-e2a6d2af3dd6","ping":1601887451507},"_id":"5b5e9b4a-3015-4209-8b53-6f4edeb4c4f2"}]}]
