{"metadata":[{"decision":{"name":"sales_production_planning","description":"","spaceId":"aa2cb918-3f8e-41c7-b145-be65aa53d18f","environments":[],"extensions":[]},"scenarios":[{"dataUsagePerCategory":{"dashboard-file":{"lastModificationTime":1746437819730,"lastModifier":"IBMid-270006YQEG"}},"id":"17c4f056-f7d2-4f0c-8fef-000559f63605","qualifiers":[{"name":"modelType","value":"python"}],"name":"dashboard","description":"","category":"dashboard","readOnly":false,"creator":"IBMid-270006YQEG","createdAt":1746437819000,"usage":{"lastModificationTime":1746437819000,"lastModifier":"IBMid-270006YQEG"},"tables":[],"assets":[{"category":"dashboard-file","creator":"IBMid-270006YQEG","createdAt":1746437819730,"lastUpdater":"IBMid-270006YQEG","updatedAt":1746437819730,"size":3464,"attachmentKey":"7d2fb9fe-9f4d-4426-9df2-391d572cbbe5","name":"dashboard.json","contentType":"application/json"}]},{"dataUsagePerCategory":{"output":{"lastModificationTime":1746634692444,"lastModifier":"IBMid-270006YQEG"},"input":{"lastModificationTime":1746437826223,"lastModifier":"IBMid-270006YQEG"},"model":{"lastModificationTime":1746437826223,"lastModifier":"IBMid-270006YQEG"}},"id":"5f8756b3-1d6e-44d6-96c4-82a35820b83b","qualifiers":[{"name":"modelType","value":"python"}],"name":"Increased Plant Capacity","description":"","category":"scenario","readOnly":false,"creator":"IBMid-270006YQEG","createdAt":1746437826000,"usage":{"lastModificationTime":1746634695000,"lastModifier":"IBMid-270006YQEG"},"tables":[{"category":"input","creator":"IBMid-270006YQEG","createdAt":1746437826223,"lastUpdater":"IBMid-270006YQEG","updatedAt":1746437826223,"size":36,"attachmentKey":"3be78df3-3ea7-47ad-89d1-947cb6b8b6e6","name":"ProductTypes","tableType":{"columns":[{"key":"name","dataType":"String"}]},"numberOfRows":4},{"category":"input","creator":"IBMid-270006YQEG","createdAt":1746437826223,"lastUpdater":"IBMid-270006YQEG","updatedAt":1746437826223,"size":1165,"attachmentKey":"69da54cc-ea01-48dd-8a88-356eac597129","name":"Products","tableType":{"columns":[{"key":"name","dataType":"String"},{"key":"type","dataType":"String"},{"key":"maturity","dataType":"String"},{"key":"priceLevel","dataType":"String"}]},"numberOfRows":29},{"category":"input","creator":"IBMid-270006YQEG","createdAt":1746437826223,"lastUpdater":"IBMid-270006YQEG","updatedAt":1746437826223,"size":12,"attachmentKey":"d664021e-fa61-4814-bc30-ac92584eae58","name":"Years","tableType":{"columns":[{"key":"name","dataType":"Number"}]},"numberOfRows":2},{"category":"input","creator":"IBMid-270006YQEG","createdAt":1746437826223,"lastUpdater":"IBMid-270006YQEG","updatedAt":1746437826223,"size":73672,"attachmentKey":"84863d19-bca5-4d21-b5eb-6d064c1b5614","name":"Transportation","tableType":{"columns":[{"key":"plant","dataType":"String"},{"key":"name","dataType":"String"},{"key":"region","dataType":"String"},{"key":"product","dataType":"String"},{"key":"value","dataType":"Number"}]},"numberOfRows":2233},{"category":"input","creator":"IBMid-270006YQEG","createdAt":1746437826223,"lastUpdater":"IBMid-270006YQEG","updatedAt":1746437826223,"size":423,"attachmentKey":"6883849d-cd5e-464f-b82f-6c4756bc811f","name":"Months","tableType":{"columns":[{"key":"id","dataType":"Number"},{"key":"name","dataType":"String"},{"key":"quarter","dataType":"String"}]},"numberOfRows":24},{"category":"input","creator":"IBMid-270006YQEG","createdAt":1746437826223,"lastUpdater":"IBMid-270006YQEG","updatedAt":1746437826223,"size":192753,"attachmentKey":"4827e5ed-c109-4b70-a255-27a0668188ae","name":"Demands","tableType":{"columns":[{"key":"product","dataType":"String"},{"key":"market","dataType":"String"},{"key":"month","dataType":"String"},{"key":"value","dataType":"Number"}]},"numberOfRows":7649},{"category":"input","creator":"IBMid-270006YQEG","createdAt":1746437826223,"lastUpdater":"IBMid-270006YQEG","updatedAt":1746437826223,"size":4707,"attachmentKey":"1f5101da-6aac-45d6-89d7-64e24e967572","name":"PlantProductCosts","tableType":{"columns":[{"key":"plant","dataType":"String"},{"key":"product","dataType":"String"},{"key":"value","dataType":"Number"}]},"numberOfRows":203},{"category":"input","creator":"IBMid-270006YQEG","createdAt":1746437826223,"lastUpdater":"IBMid-270006YQEG","updatedAt":1746437826223,"size":5668,"attachmentKey":"042d8274-ce92-4250-b16f-ef49af9bcd27","name":"InitialInventories","tableType":{"columns":[{"key":"product","dataType":"String"},{"key":"market","dataType":"String"},{"key":"value","dataType":"Number"}]},"numberOfRows":318},{"category":"input","creator":"IBMid-270006YQEG","createdAt":1746437826223,"lastUpdater":"IBMid-270006YQEG","updatedAt":1746437826223,"size":151,"attachmentKey":"5819832b-e5ed-432f-89db-fa9e5feddebe","name":"Markets","tableType":{"columns":[{"key":"name","dataType":"String"},{"key":"region","dataType":"String"}]},"numberOfRows":11},{"category":"input","creator":"IBMid-270006YQEG","createdAt":1746437826223,"lastUpdater":"IBMid-270006YQEG","updatedAt":1746437826223,"size":22,"attachmentKey":"83501212-fc47-4be9-833f-27ab01a081f1","name":"Regions","tableType":{"columns":[{"key":"name","dataType":"String"}]},"numberOfRows":3},{"category":"input","creator":"IBMid-270006YQEG","createdAt":1746437826223,"lastUpdater":"IBMid-270006YQEG","updatedAt":1746437826223,"size":66,"attachmentKey":"dfddfeed-e4a4-4dd4-98ef-9cf06c1854e5","name":"Plants","tableType":{"columns":[{"key":"name","dataType":"String"}]},"numberOfRows":7},{"category":"input","creator":"IBMid-270006YQEG","createdAt":1746437826223,"lastUpdater":"IBMid-270006YQEG","updatedAt":1746437826223,"size":3600,"attachmentKey":"f8d9675f-ec2e-490d-8ad7-dd6a33dfc216","name":"PlantMonthCapacities","tableType":{"columns":[{"key":"plant","dataType":"String"},{"key":"month","dataType":"String"},{"key":"value","dataType":"Number"}]},"numberOfRows":168},{"category":"input","creator":"IBMid-270006YQEG","createdAt":1746437826223,"lastUpdater":"IBMid-270006YQEG","updatedAt":1746437826223,"size":200391,"attachmentKey":"b5a12fa3-bc8e-443a-8a56-96a3d56a117c","name":"SalesPrice","tableType":{"columns":[{"key":"product","dataType":"String"},{"key":"market","dataType":"String"},{"key":"month","dataType":"String"},{"key":"value","dataType":"Number"}]},"numberOfRows":7656},{"category":"input","creator":"IBMid-270006YQEG","createdAt":1746437826223,"lastUpdater":"IBMid-270006YQEG","updatedAt":1746437826223,"size":135984,"attachmentKey":"c5b3f3f0-f164-48aa-bc24-5b982ac907c7","name":"PlantProductMonthCapacities","tableType":{"columns":[{"key":"plant","dataType":"String"},{"key":"product","dataType":"String"},{"key":"month","dataType":"String"},{"key":"value","dataType":"Number"}]},"numberOfRows":4872},{"category":"input","creator":"IBMid-270006YQEG","createdAt":1746437826223,"lastUpdater":"IBMid-270006YQEG","updatedAt":1746437826223,"size":22023,"attachmentKey":"b39451c0-9cfc-42c6-869d-839c2baf7786","name":"FirmSales","tableType":{"columns":[{"key":"product","dataType":"String"},{"key":"market","dataType":"String"},{"key":"month","dataType":"String"},{"key":"value","dataType":"Number"}]},"numberOfRows":902},{"category":"input","creator":"IBMid-270006YQEG","createdAt":1746437826223,"lastUpdater":"IBMid-270006YQEG","updatedAt":1746437826223,"size":104,"attachmentKey":"8d905b2e-fb6e-4026-8353-56aaf4c553ab","name":"Quarters","tableType":{"columns":[{"key":"name","dataType":"String"},{"key":"year","dataType":"Number"}]},"numberOfRows":8},{"category":"output","creator":"IBMid-270006YQEG","createdAt":1746634692444,"lastUpdater":"IBMid-270006YQEG","updatedAt":1746634692444,"crc":2753215105,"size":418,"attachmentKey":"98d4840c-2ad0-4025-bf81-a9d50a7adf07/1746634692444","name":"stats","tableType":{"columns":[{"key":"Name","dataType":"String"},{"key":"Value","dataType":"String"}]},"numberOfRows":14},{"category":"output","creator":"IBMid-270006YQEG","createdAt":1746634692444,"lastUpdater":"IBMid-270006YQEG","updatedAt":1746634692444,"crc":485211271,"size":133,"attachmentKey":"14326605-f406-41df-9025-8140fa200244/1746634692444","name":"kpis","tableType":{"columns":[{"key":"Name","dataType":"String"},{"key":"Value","dataType":"Number"}]},"numberOfRows":4},{"category":"output","creator":"IBMid-270006YQEG","createdAt":1746634692444,"lastUpdater":"IBMid-270006YQEG","updatedAt":1746634692444,"crc":743332140,"size":1138,"attachmentKey":"9ab9255e-03f6-45f4-b5c5-0657546d5c9a/1746634692444","name":"production_output","tableType":{"columns":[{"key":"month","dataType":"String"},{"key":"production","dataType":"Number"},{"key":"plant_month_capacity","dataType":"Number"},{"key":"utilization","dataType":"Number"}]},"numberOfRows":24},{"category":"output","creator":"IBMid-270006YQEG","createdAt":1746634692444,"lastUpdater":"IBMid-270006YQEG","updatedAt":1746634692444,"crc":2175410059,"size":1077,"attachmentKey":"cf689004-696e-45e7-ae91-32053b82da8e/1746634692444","name":"executedsales_output","tableType":{"columns":[{"key":"month","dataType":"String"},{"key":"demand","dataType":"Number"},{"key":"executedsales","dataType":"Number"},{"key":"satisfied_demand","dataType":"Number"}]},"numberOfRows":24}],"assets":[{"category":"model","creator":"IBMid-270006YQEG","createdAt":1746437826223,"lastUpdater":"IBMid-270006YQEG","updatedAt":1746437826223,"crc":93212956,"size":25048,"attachmentKey":"82f515d8-0850-4ff7-b56d-325b1e4d3a9c/1699462098077","name":"model.py","contentType":"application/octet-stream"},{"category":"output","creator":"IBMid-270006YQEG","createdAt":1746634692444,"lastUpdater":"IBMid-270006YQEG","updatedAt":1746634692444,"crc":2573542316,"size":2716224,"attachmentKey":"3dd7e938-5aee-413b-b0fc-de71e38ab5db/1746634692444","name":"solution.json","contentType":"application/json"},{"category":"output","creator":"IBMid-270006YQEG","createdAt":1746634692444,"lastUpdater":"IBMid-270006YQEG","updatedAt":1746634692444,"crc":1789897167,"size":4514,"attachmentKey":"c8929fcf-f813-45d6-971a-4ccbe52e883a/1746634692444","name":"log.txt","contentType":"text/plain"}],"solveStatus":{"creationTime":1746634629849,"lastModificationTime":1746634695308,"state":"TERMINATED","solveConfig":{"containerId":"5f8756b3-1d6e-44d6-96c4-82a35820b83b","solveParameters":{}},"jobDetails":{"id":"dcfba40f-b6be-4fd0-b48e-3b12c3598f98","createdAt":1746634630812,"startedAt":1746634668403,"endedAt":1746634694240,"submittedAt":1746634630812,"details":{"KPI.PROGRESS_CURRENT_OBJECTIVE":"286362628.5","KPI.Revenue":"388461184.0","KPI.Total_production_cost":"79294448.5","KPI.Total_transportation_cost":"22804107.0","MODEL_DETAIL_BOOLEAN_VARS":"0","MODEL_DETAIL_CONSTRAINTS":"13014","MODEL_DETAIL_CONTINUOUS_VARS":"0","MODEL_DETAIL_INTEGER_VARS":"73769","MODEL_DETAIL_KPIS":"[\"Total_production_cost\", \"Total_transportation_cost\", \"Revenue\"]","MODEL_DETAIL_NONZEROS":"139888","MODEL_DETAIL_OBJECTIVE_SENSE":"maximize","MODEL_DETAIL_TYPE":"MILP","PROGRESS_BEST_OBJECTIVE":"286362628.5","PROGRESS_BEST_OBJECTIVE.history":"[[1746634687.53, 286362628.5]]","PROGRESS_CURRENT_OBJECTIVE":"286362628.5","PROGRESS_CURRENT_OBJECTIVE.history":"[[1746634687.53, 286362628.5]]","PROGRESS_GAP":"0.0","PROGRESS_GAP.history":"[[1746634687.53, 0.0]]","STAT.cplex.modelType":"MILP","STAT.cplex.size.booleanVariables":"0","STAT.cplex.size.constraints":"13014","STAT.cplex.size.continousVariables":"0","STAT.cplex.size.integerVariables":"73769","STAT.cplex.size.linearConstraints":"13014","STAT.cplex.size.quadraticConstraints":"0","STAT.cplex.size.semicontinuousVariables":"0","STAT.cplex.size.semiintegerVariables":"0","STAT.cplex.size.variables":"73769","STAT.job.coresCount":"1","STAT.job.inputsReadMs":"3436","STAT.job.memoryPeakKB":"295848","STAT.job.modelProcessingMs":"15365","STAT.job.outputsWriteMs":"2006","latestOutputUpload":"2025-05-07T16:18:14.232Z"},"executionStatus":"PROCESSED","solveStatus":"OPTIMAL_SOLUTION","logTail":["[2025-05-07T16:17:51.947Z, WARNING] DO Runtime 24.1 on Python 3.11 is used as default with pandas 2.1.1 libraries.","[2025-05-07T16:17:52.427Z, INFO] {'ProductTypes.csv': {'name': 'str'}, 'Products.csv': {'name': 'str', 'type': 'str', 'maturity': 'str', 'priceLevel': 'str'}, 'Transportation.csv': {'plant': 'str', 'name': 'str', 'region': 'str', 'product': 'str'}, 'Months.csv': {'name': 'str', 'quarter': 'str'}, 'Demands.csv': {'product': 'str', 'market': 'str', 'month': 'str'}, 'PlantProductCosts.csv': {'plant': 'str', 'product': 'str'}, 'InitialInventories.csv': {'product': 'str', 'market': 'str'}, 'Markets.csv': {'name': 'str', 'region': 'str'}, 'Regions.csv': {'name': 'str'}, 'Plants.csv': {'name': 'str'}, 'PlantMonthCapacities.csv': {'plant': 'str', 'month': 'str'}, 'SalesPrice.csv': {'product': 'str', 'market': 'str', 'month': 'str'}, 'PlantProductMonthCapacities.csv': {'plant': 'str', 'product': 'str', 'month': 'str'}, 'FirmSales.csv': {'product': 'str', 'market': 'str', 'month': 'str'}, 'Quarters.csv': {'name': 'str'}}","[2025-05-07T16:18:03.868Z, INFO] WARNING: Number of workers has been reduced to 1 to comply with platform limitations.","[2025-05-07T16:18:03.887Z, INFO] Version identifier: 22.1.2.0 | 2024-11-26 | 0edbb82fd","[2025-05-07T16:18:03.903Z, INFO] CPXPARAM_Read_DataCheck                          1","[2025-05-07T16:18:03.923Z, INFO] CPXPARAM_Threads                                 1","[2025-05-07T16:18:03.926Z, INFO] CPXPARAM_TimeLimit                               60","[2025-05-07T16:18:03.933Z, INFO] Legacy callback                                  i","[2025-05-07T16:18:04.386Z, INFO] Tried aggregator 2 times.","[2025-05-07T16:18:04.422Z, INFO] MIP Presolve eliminated 327 rows and 326 columns.","[2025-05-07T16:18:04.425Z, INFO] MIP Presolve modified 120 coefficients.","[2025-05-07T16:18:04.428Z, INFO] Aggregator did 7 substitutions.","[2025-05-07T16:18:04.444Z, INFO] Reduced MIP has 12680 rows, 73436 columns, and 138990 nonzeros.","[2025-05-07T16:18:04.447Z, INFO] Reduced MIP has 14 binaries, 73422 generals, 0 SOSs, and 0 indicators.","[2025-05-07T16:18:04.464Z, INFO] Presolve time = 0.57 sec. (88.41 ticks)","[2025-05-07T16:18:11.639Z, INFO] Found incumbent of value 7901062.000000 after 1.72 sec. (266.19 ticks)","[2025-05-07T16:18:11.873Z, INFO] Tried aggregator 1 time.","[2025-05-07T16:18:11.875Z, INFO] Detecting symmetries...","[2025-05-07T16:18:11.876Z, INFO] Reduced MIP has 12680 rows, 73436 columns, and 138990 nonzeros.","[2025-05-07T16:18:11.884Z, INFO] Reduced MIP has 14 binaries, 73422 generals, 0 SOSs, and 0 indicators.","[2025-05-07T16:18:11.886Z, INFO] Presolve time = 0.19 sec. (78.41 ticks)","[2025-05-07T16:18:11.887Z, INFO] Probing time = 0.00 sec. (1.05 ticks)","[2025-05-07T16:18:11.903Z, INFO] Clique table members: 1.","[2025-05-07T16:18:11.905Z, INFO] MIP emphasis: balance optimality and feasibility.","[2025-05-07T16:18:11.908Z, INFO] MIP search method: dynamic search.","[2025-05-07T16:18:11.910Z, INFO] Parallel mode: none, using 1 thread.","[2025-05-07T16:18:11.912Z, INFO] Root relaxation solution time = 1.67 sec. (2098.05 ticks)","[2025-05-07T16:18:11.923Z, INFO] ","[2025-05-07T16:18:11.925Z, INFO]         Nodes                                         Cuts/","[2025-05-07T16:18:11.927Z, INFO]    Node  Left     Objective  IInf  Best Integer    Best Bound    ItCnt     Gap","[2025-05-07T16:18:11.939Z, INFO] ","[2025-05-07T16:18:11.943Z, INFO] *     0+    0                      7901062.0000   4.20503e+08              --- ","[2025-05-07T16:18:11.947Z, INFO] *     0     0      integral     0   2.86363e+08   2.86363e+08    31783    0.00%","[2025-05-07T16:18:11.961Z, INFO] Elapsed time = 3.66 sec. (2489.02 ticks, tree = 0.00 MB, solutions = 2)","[2025-05-07T16:18:11.965Z, INFO] ","[2025-05-07T16:18:11.968Z, INFO] Root node processing (before b&c):","[2025-05-07T16:18:11.979Z, INFO]   Real time             =    3.67 sec. (2491.68 ticks)","[2025-05-07T16:18:11.986Z, INFO] Sequential b&c:","[2025-05-07T16:18:11.989Z, INFO]   Real time             =    0.00 sec. (0.00 ticks)","[2025-05-07T16:18:11.992Z, INFO]                           ------------","[2025-05-07T16:18:12.004Z, INFO] Total (root+branch&cut) =    3.67 sec. (2491.68 ticks)","[2025-05-07T16:18:12.089Z, INFO] * model sales_and_operation_planning solved with objective = 286362628.500","[2025-05-07T16:18:12.093Z, INFO] *  KPI: Total_production_cost     = 79294448.500","[2025-05-07T16:18:12.102Z, INFO] *  KPI: Total_transportation_cost = 22804107.000","[2025-05-07T16:18:12.105Z, INFO] *  KPI: Revenue                   = 388461184.000"]},"taskSetupTime":1746634630877,"taskSolveTime":1746634695308,"taskTearDownTime":1746634695308,"jobSpaceId":"aa2cb918-3f8e-41c7-b145-be65aa53d18f","jobDeploymentId":"67a287da-b886-4f57-8491-a1c6f314550d","jobId":"dcfba40f-b6be-4fd0-b48e-3b12c3598f98","ping":1746634690006}},{"dataUsagePerCategory":{"output":{"lastModificationTime":1746634810208,"lastModifier":"IBMid-270006YQEG"},"input":{"lastModificationTime":1746437822978,"lastModifier":"IBMid-270006YQEG"},"model":{"lastModificationTime":1746437822978,"lastModifier":"IBMid-270006YQEG"}},"id":"4a39fe18-a92b-4356-bcae-11c68f38ad86","qualifiers":[{"name":"modelType","value":"python"}],"name":"Baseline","description":"","category":"scenario","readOnly":false,"creator":"IBMid-270006YQEG","createdAt":1746437823000,"usage":{"lastModificationTime":1746634812000,"lastModifier":"IBMid-270006YQEG"},"tables":[{"category":"input","creator":"IBMid-270006YQEG","createdAt":1746437822978,"lastUpdater":"IBMid-270006YQEG","updatedAt":1746437822978,"size":36,"attachmentKey":"2ed13c23-54c2-43ee-b703-464ec778226e","name":"ProductTypes","tableType":{"columns":[{"key":"name","dataType":"String"}]},"numberOfRows":4},{"category":"input","creator":"IBMid-270006YQEG","createdAt":1746437822978,"lastUpdater":"IBMid-270006YQEG","updatedAt":1746437822978,"size":1165,"attachmentKey":"dc862c23-82cd-48be-934f-c8c9b8d01c7a","name":"Products","tableType":{"columns":[{"key":"name","dataType":"String"},{"key":"type","dataType":"String"},{"key":"maturity","dataType":"String"},{"key":"priceLevel","dataType":"String"}]},"numberOfRows":29},{"category":"input","creator":"IBMid-270006YQEG","createdAt":1746437822978,"lastUpdater":"IBMid-270006YQEG","updatedAt":1746437822978,"size":73672,"attachmentKey":"5c3a4898-bec2-4d64-a302-495455ee3f34","name":"Transportation","tableType":{"columns":[{"key":"plant","dataType":"String"},{"key":"name","dataType":"String"},{"key":"region","dataType":"String"},{"key":"product","dataType":"String"},{"key":"value","dataType":"Number"}]},"numberOfRows":2233},{"category":"input","creator":"IBMid-270006YQEG","createdAt":1746437822978,"lastUpdater":"IBMid-270006YQEG","updatedAt":1746437822978,"size":423,"attachmentKey":"d392a3e2-e059-4b41-a18b-ca384dfe0b7c","name":"Months","tableType":{"columns":[{"key":"id","dataType":"Number"},{"key":"name","dataType":"String"},{"key":"quarter","dataType":"String"}]},"numberOfRows":24},{"category":"input","creator":"IBMid-270006YQEG","createdAt":1746437822978,"lastUpdater":"IBMid-270006YQEG","updatedAt":1746437822978,"size":192753,"attachmentKey":"d00ba2d9-38a8-4953-abb0-74f1523763cd","name":"Demands","tableType":{"columns":[{"key":"product","dataType":"String"},{"key":"market","dataType":"String"},{"key":"month","dataType":"String"},{"key":"value","dataType":"Number"}]},"numberOfRows":7649},{"category":"input","creator":"IBMid-270006YQEG","createdAt":1746437822978,"lastUpdater":"IBMid-270006YQEG","updatedAt":1746437822978,"size":4707,"attachmentKey":"61068fc2-55b2-4452-8379-9b4a78098411","name":"PlantProductCosts","tableType":{"columns":[{"key":"plant","dataType":"String"},{"key":"product","dataType":"String"},{"key":"value","dataType":"Number"}]},"numberOfRows":203},{"category":"input","creator":"IBMid-270006YQEG","createdAt":1746437822978,"lastUpdater":"IBMid-270006YQEG","updatedAt":1746437822978,"size":5668,"attachmentKey":"1501e07f-0fdf-4110-9ce0-83037be12f05","name":"InitialInventories","tableType":{"columns":[{"key":"product","dataType":"String"},{"key":"market","dataType":"String"},{"key":"value","dataType":"Number"}]},"numberOfRows":318},{"category":"output","creator":"IBMid-270006YQEG","createdAt":1746437822978,"lastUpdater":"IBMid-270006YQEG","updatedAt":1746634810208,"crc":949434290,"size":720,"attachmentKey":"2b73eac0-432a-47a0-be50-3caada0e2aa6/1746634810208","name":"production_output","tableType":{"columns":[{"key":"month","dataType":"String"},{"key":"production","dataType":"Number"},{"key":"plant_month_capacity","dataType":"Number"},{"key":"utilization","dataType":"Number"}]},"numberOfRows":24},{"category":"input","creator":"IBMid-270006YQEG","createdAt":1746437822978,"lastUpdater":"IBMid-270006YQEG","updatedAt":1746437822978,"size":151,"attachmentKey":"6e30983d-2711-4a69-b5a0-46fa185233dd","name":"Markets","tableType":{"columns":[{"key":"name","dataType":"String"},{"key":"region","dataType":"String"}]},"numberOfRows":11},{"category":"input","creator":"IBMid-270006YQEG","createdAt":1746437822978,"lastUpdater":"IBMid-270006YQEG","updatedAt":1746437822978,"size":22,"attachmentKey":"4b78b184-64ca-4ff4-bfdf-0acf5ad2787c","name":"Regions","tableType":{"columns":[{"key":"name","dataType":"String"}]},"numberOfRows":3},{"category":"input","creator":"IBMid-270006YQEG","createdAt":1746437822978,"lastUpdater":"IBMid-270006YQEG","updatedAt":1746437822978,"size":66,"attachmentKey":"bca81c6e-498f-45e7-884b-c3940a394139","name":"Plants","tableType":{"columns":[{"key":"name","dataType":"String"}]},"numberOfRows":7},{"category":"input","creator":"IBMid-270006YQEG","createdAt":1746437822978,"lastUpdater":"IBMid-270006YQEG","updatedAt":1746437822978,"size":3600,"attachmentKey":"c6a80838-cb48-4182-bf33-1c9706cb6c60","name":"PlantMonthCapacities","tableType":{"columns":[{"key":"plant","dataType":"String"},{"key":"month","dataType":"String"},{"key":"value","dataType":"Number"}]},"numberOfRows":168},{"category":"input","creator":"IBMid-270006YQEG","createdAt":1746437822978,"lastUpdater":"IBMid-270006YQEG","updatedAt":1746437822978,"size":200391,"attachmentKey":"430a1f19-3750-4d2c-86a4-480d677274ee","name":"SalesPrice","tableType":{"columns":[{"key":"product","dataType":"String"},{"key":"market","dataType":"String"},{"key":"month","dataType":"String"},{"key":"value","dataType":"Number"}]},"numberOfRows":7656},{"category":"input","creator":"IBMid-270006YQEG","createdAt":1746437822978,"lastUpdater":"IBMid-270006YQEG","updatedAt":1746437822978,"size":135984,"attachmentKey":"2d4905b6-d683-4bf3-b99d-bc37b16e7441","name":"PlantProductMonthCapacities","tableType":{"columns":[{"key":"plant","dataType":"String"},{"key":"product","dataType":"String"},{"key":"month","dataType":"String"},{"key":"value","dataType":"Number"}]},"numberOfRows":4872},{"category":"output","creator":"IBMid-270006YQEG","createdAt":1746437822978,"lastUpdater":"IBMid-270006YQEG","updatedAt":1746634810208,"crc":1366020917,"size":417,"attachmentKey":"91765bdb-480d-4069-b334-c6632f16b90e/1746634810208","name":"stats","tableType":{"columns":[{"key":"Name","dataType":"String"},{"key":"Value","dataType":"String"}]},"numberOfRows":14},{"category":"output","creator":"IBMid-270006YQEG","createdAt":1746437822978,"lastUpdater":"IBMid-270006YQEG","updatedAt":1746634810208,"crc":2673404438,"size":1066,"attachmentKey":"c5ae02b8-5c86-4068-b894-641286f81ba0/1746634810208","name":"executedsales_output","tableType":{"columns":[{"key":"month","dataType":"String"},{"key":"demand","dataType":"Number"},{"key":"executedsales","dataType":"Number"},{"key":"satisfied_demand","dataType":"Number"}]},"numberOfRows":24},{"category":"input","creator":"IBMid-270006YQEG","createdAt":1746437822978,"lastUpdater":"IBMid-270006YQEG","updatedAt":1746437822978,"size":22023,"attachmentKey":"49c76d0c-fb8b-4781-87e8-4cfc7905f974","name":"FirmSales","tableType":{"columns":[{"key":"product","dataType":"String"},{"key":"market","dataType":"String"},{"key":"month","dataType":"String"},{"key":"value","dataType":"Number"}]},"numberOfRows":902},{"category":"output","creator":"IBMid-270006YQEG","createdAt":1746437822978,"lastUpdater":"IBMid-270006YQEG","updatedAt":1746634810208,"crc":1561841913,"size":133,"attachmentKey":"3d227128-a09d-4192-ad0e-2350b94abeb8/1746634810208","name":"kpis","tableType":{"columns":[{"key":"Name","dataType":"String"},{"key":"Value","dataType":"Number"}]},"numberOfRows":4}],"assets":[{"category":"model","creator":"IBMid-270006YQEG","createdAt":1746437822978,"lastUpdater":"IBMid-270006YQEG","updatedAt":1746437822978,"crc":2286068759,"size":24422,"attachmentKey":"052ee735-ab26-42d3-aa3f-99bcd044161e/1699462136905","name":"model.py","contentType":"application/octet-stream"},{"category":"output","creator":"IBMid-270006YQEG","createdAt":1746634810208,"lastUpdater":"IBMid-270006YQEG","updatedAt":1746634810208,"crc":2744665486,"size":2436768,"attachmentKey":"e9b8998e-030c-48fb-ab46-97af43abc226/1746634810208","name":"solution.json","contentType":"application/json"},{"category":"output","creator":"IBMid-270006YQEG","createdAt":1746634810208,"lastUpdater":"IBMid-270006YQEG","updatedAt":1746634810208,"crc":1703875141,"size":4408,"attachmentKey":"9ab4b183-6701-4839-9333-135ba07408b0/1746634810208","name":"log.txt","contentType":"text/plain"}],"solveStatus":{"creationTime":1746634792353,"lastModificationTime":1746634812783,"state":"TERMINATED","solveConfig":{"containerId":"4a39fe18-a92b-4356-bcae-11c68f38ad86","solveParameters":{}},"jobDetails":{"id":"24041c67-4560-479a-bfa8-222848250a4c","createdAt":1746634794238,"startedAt":1746634795623,"endedAt":1746634812018,"submittedAt":1746634794238,"details":{"KPI.PROGRESS_CURRENT_OBJECTIVE":"247710490.0","KPI.Revenue":"327651446.0","KPI.Total_production_cost":"62143171.0","KPI.Total_transportation_cost":"17797785.0","MODEL_DETAIL_BOOLEAN_VARS":"0","MODEL_DETAIL_CONSTRAINTS":"13014","MODEL_DETAIL_CONTINUOUS_VARS":"0","MODEL_DETAIL_INTEGER_VARS":"73769","MODEL_DETAIL_KPIS":"[\"Total_production_cost\", \"Total_transportation_cost\", \"Revenue\"]","MODEL_DETAIL_NONZEROS":"139888","MODEL_DETAIL_OBJECTIVE_SENSE":"maximize","MODEL_DETAIL_TYPE":"MILP","PROGRESS_BEST_OBJECTIVE":"247710490.0","PROGRESS_BEST_OBJECTIVE.history":"[[1746634809.56, 247710490.0]]","PROGRESS_CURRENT_OBJECTIVE":"247710490.0","PROGRESS_CURRENT_OBJECTIVE.history":"[[1746634809.56, 247710490.0]]","PROGRESS_GAP":"0.0","PROGRESS_GAP.history":"[[1746634809.56, 0.0]]","STAT.cplex.modelType":"MILP","STAT.cplex.size.booleanVariables":"0","STAT.cplex.size.constraints":"13014","STAT.cplex.size.continousVariables":"0","STAT.cplex.size.integerVariables":"73769","STAT.cplex.size.linearConstraints":"13014","STAT.cplex.size.quadraticConstraints":"0","STAT.cplex.size.semicontinuousVariables":"0","STAT.cplex.size.semiintegerVariables":"0","STAT.cplex.size.variables":"73769","STAT.job.coresCount":"1","STAT.job.inputsReadMs":"752","STAT.job.memoryPeakKB":"294348","STAT.job.modelProcessingMs":"13291","STAT.job.outputsWriteMs":"1908","latestOutputUpload":"2025-05-07T16:20:12.015Z"},"executionStatus":"PROCESSED","solveStatus":"OPTIMAL_SOLUTION","logTail":["[2025-05-07T16:19:56.407Z, WARNING] DO Runtime 24.1 on Python 3.11 is used as default with pandas 2.1.1 libraries.","[2025-05-07T16:19:56.526Z, INFO] {'ProductTypes.csv': {'name': 'str'}, 'Products.csv': {'name': 'str', 'type': 'str', 'maturity': 'str', 'priceLevel': 'str'}, 'Transportation.csv': {'plant': 'str', 'name': 'str', 'region': 'str', 'product': 'str'}, 'Months.csv': {'name': 'str', 'quarter': 'str'}, 'Demands.csv': {'product': 'str', 'market': 'str', 'month': 'str'}, 'PlantProductCosts.csv': {'plant': 'str', 'product': 'str'}, 'InitialInventories.csv': {'product': 'str', 'market': 'str'}, 'Markets.csv': {'name': 'str', 'region': 'str'}, 'Regions.csv': {'name': 'str'}, 'Plants.csv': {'name': 'str'}, 'PlantMonthCapacities.csv': {'plant': 'str', 'month': 'str'}, 'SalesPrice.csv': {'product': 'str', 'market': 'str', 'month': 'str'}, 'PlantProductMonthCapacities.csv': {'plant': 'str', 'product': 'str', 'month': 'str'}, 'FirmSales.csv': {'product': 'str', 'market': 'str', 'month': 'str'}}","[2025-05-07T16:20:06.769Z, INFO] WARNING: Number of workers has been reduced to 1 to comply with platform limitations.","[2025-05-07T16:20:06.771Z, INFO] Version identifier: 22.1.2.0 | 2024-11-26 | 0edbb82fd","[2025-05-07T16:20:06.772Z, INFO] CPXPARAM_Read_DataCheck                          1","[2025-05-07T16:20:06.772Z, INFO] CPXPARAM_Threads                                 1","[2025-05-07T16:20:06.773Z, INFO] CPXPARAM_TimeLimit                               60","[2025-05-07T16:20:06.778Z, INFO] Legacy callback                                  i","[2025-05-07T16:20:06.975Z, INFO] Tried aggregator 2 times.","[2025-05-07T16:20:06.987Z, INFO] MIP Presolve eliminated 319 rows and 326 columns.","[2025-05-07T16:20:06.991Z, INFO] Aggregator did 7 substitutions.","[2025-05-07T16:20:06.994Z, INFO] Reduced MIP has 12688 rows, 73436 columns, and 139222 nonzeros.","[2025-05-07T16:20:06.997Z, INFO] Reduced MIP has 14 binaries, 73422 generals, 0 SOSs, and 0 indicators.","[2025-05-07T16:20:06.999Z, INFO] Presolve time = 0.23 sec. (82.30 ticks)","[2025-05-07T16:20:07.383Z, INFO] Found incumbent of value 7901062.000000 after 0.63 sec. (260.19 ticks)","[2025-05-07T16:20:07.461Z, INFO] Tried aggregator 1 time.","[2025-05-07T16:20:07.496Z, INFO] Detecting symmetries...","[2025-05-07T16:20:07.535Z, INFO] Reduced MIP has 12688 rows, 73436 columns, and 139222 nonzeros.","[2025-05-07T16:20:07.539Z, INFO] Reduced MIP has 14 binaries, 73422 generals, 0 SOSs, and 0 indicators.","[2025-05-07T16:20:07.542Z, INFO] Presolve time = 0.15 sec. (78.46 ticks)","[2025-05-07T16:20:07.581Z, INFO] Probing time = 0.00 sec. (1.05 ticks)","[2025-05-07T16:20:07.585Z, INFO] Clique table members: 1.","[2025-05-07T16:20:07.606Z, INFO] MIP emphasis: balance optimality and feasibility.","[2025-05-07T16:20:07.608Z, INFO] MIP search method: dynamic search.","[2025-05-07T16:20:07.611Z, INFO] Parallel mode: none, using 1 thread.","[2025-05-07T16:20:09.485Z, INFO] Root relaxation solution time = 1.88 sec. (2471.76 ticks)","[2025-05-07T16:20:09.487Z, INFO] ","[2025-05-07T16:20:09.489Z, INFO]         Nodes                                         Cuts/","[2025-05-07T16:20:09.493Z, INFO]    Node  Left     Objective  IInf  Best Integer    Best Bound    ItCnt     Gap","[2025-05-07T16:20:09.498Z, INFO] ","[2025-05-07T16:20:09.503Z, INFO] *     0+    0                      7901062.0000   4.20503e+08              --- ","[2025-05-07T16:20:09.505Z, INFO] *     0     0      integral     0   2.47710e+08   2.47710e+08    30980    0.00%","[2025-05-07T16:20:09.508Z, INFO] Elapsed time = 2.74 sec. (2856.79 ticks, tree = 0.00 MB, solutions = 2)","[2025-05-07T16:20:09.511Z, INFO] ","[2025-05-07T16:20:09.518Z, INFO] Root node processing (before b&c):","[2025-05-07T16:20:09.519Z, INFO]   Real time             =    2.76 sec. (2859.45 ticks)","[2025-05-07T16:20:09.523Z, INFO] Sequential b&c:","[2025-05-07T16:20:09.526Z, INFO]   Real time             =    0.00 sec. (0.00 ticks)","[2025-05-07T16:20:09.528Z, INFO]                           ------------","[2025-05-07T16:20:09.531Z, INFO] Total (root+branch&cut) =    2.76 sec. (2859.45 ticks)","[2025-05-07T16:20:09.729Z, INFO] * model sales_and_operation_planning solved with objective = 247710490.000","[2025-05-07T16:20:09.731Z, INFO] *  KPI: Total_production_cost     = 62143171.000","[2025-05-07T16:20:09.734Z, INFO] *  KPI: Total_transportation_cost = 17797785.000","[2025-05-07T16:20:09.737Z, INFO] *  KPI: Revenue                   = 327651446.000"]},"taskSetupTime":1746634794283,"taskSolveTime":1746634812783,"taskTearDownTime":1746634812783,"jobSpaceId":"aa2cb918-3f8e-41c7-b145-be65aa53d18f","jobDeploymentId":"67a287da-b886-4f57-8491-a1c6f314550d","jobId":"24041c67-4560-479a-bfa8-222848250a4c","ping":1746634792353}}]}],"attachments":["do_scenario_asset/7d2fb9fe-9f4d-4426-9df2-391d572cbbe5","do_scenario_asset/82f515d8-0850-4ff7-b56d-325b1e4d3a9c/1699462098077","do_scenario_asset/3dd7e938-5aee-413b-b0fc-de71e38ab5db/1746634692444","do_scenario_asset/c8929fcf-f813-45d6-971a-4ccbe52e883a/1746634692444","do_scenario_asset/3be78df3-3ea7-47ad-89d1-947cb6b8b6e6","do_scenario_asset/69da54cc-ea01-48dd-8a88-356eac597129","do_scenario_asset/d664021e-fa61-4814-bc30-ac92584eae58","do_scenario_asset/84863d19-bca5-4d21-b5eb-6d064c1b5614","do_scenario_asset/6883849d-cd5e-464f-b82f-6c4756bc811f","do_scenario_asset/4827e5ed-c109-4b70-a255-27a0668188ae","do_scenario_asset/1f5101da-6aac-45d6-89d7-64e24e967572","do_scenario_asset/042d8274-ce92-4250-b16f-ef49af9bcd27","do_scenario_asset/5819832b-e5ed-432f-89db-fa9e5feddebe","do_scenario_asset/83501212-fc47-4be9-833f-27ab01a081f1","do_scenario_asset/dfddfeed-e4a4-4dd4-98ef-9cf06c1854e5","do_scenario_asset/f8d9675f-ec2e-490d-8ad7-dd6a33dfc216","do_scenario_asset/b5a12fa3-bc8e-443a-8a56-96a3d56a117c","do_scenario_asset/c5b3f3f0-f164-48aa-bc24-5b982ac907c7","do_scenario_asset/b39451c0-9cfc-42c6-869d-839c2baf7786","do_scenario_asset/8d905b2e-fb6e-4026-8353-56aaf4c553ab","do_scenario_asset/98d4840c-2ad0-4025-bf81-a9d50a7adf07/1746634692444","do_scenario_asset/14326605-f406-41df-9025-8140fa200244/1746634692444","do_scenario_asset/9ab9255e-03f6-45f4-b5c5-0657546d5c9a/1746634692444","do_scenario_asset/cf689004-696e-45e7-ae91-32053b82da8e/1746634692444","do_scenario_asset/052ee735-ab26-42d3-aa3f-99bcd044161e/1699462136905","do_scenario_asset/e9b8998e-030c-48fb-ab46-97af43abc226/1746634810208","do_scenario_asset/9ab4b183-6701-4839-9333-135ba07408b0/1746634810208","do_scenario_asset/2ed13c23-54c2-43ee-b703-464ec778226e","do_scenario_asset/dc862c23-82cd-48be-934f-c8c9b8d01c7a","do_scenario_asset/5c3a4898-bec2-4d64-a302-495455ee3f34","do_scenario_asset/d392a3e2-e059-4b41-a18b-ca384dfe0b7c","do_scenario_asset/d00ba2d9-38a8-4953-abb0-74f1523763cd","do_scenario_asset/61068fc2-55b2-4452-8379-9b4a78098411","do_scenario_asset/1501e07f-0fdf-4110-9ce0-83037be12f05","do_scenario_asset/2b73eac0-432a-47a0-be50-3caada0e2aa6/1746634810208","do_scenario_asset/6e30983d-2711-4a69-b5a0-46fa185233dd","do_scenario_asset/4b78b184-64ca-4ff4-bfdf-0acf5ad2787c","do_scenario_asset/bca81c6e-498f-45e7-884b-c3940a394139","do_scenario_asset/c6a80838-cb48-4182-bf33-1c9706cb6c60","do_scenario_asset/430a1f19-3750-4d2c-86a4-480d677274ee","do_scenario_asset/2d4905b6-d683-4bf3-b99d-bc37b16e7441","do_scenario_asset/91765bdb-480d-4069-b334-c6632f16b90e/1746634810208","do_scenario_asset/c5ae02b8-5c86-4068-b894-641286f81ba0/1746634810208","do_scenario_asset/49c76d0c-fb8b-4781-87e8-4cfc7905f974","do_scenario_asset/3d227128-a09d-4192-ad0e-2350b94abeb8/1746634810208"]}
