{"metadata":[{"decision":{"name":"sales_production_planning","description":"","spaceId":"3cbe2d44-0bc4-43c9-939a-7e089e6fe1a8","environments":[],"extensions":[]},"scenarios":[{"id":"5120b024-2374-4d22-ae65-cd4e1960816b","qualifiers":[{"name":"modelType","value":"python"}],"name":"dashboard","description":"","category":"dashboard","readOnly":false,"creator":"IBMid-270006YQEG","createdAt":1701336025000,"usage":{"lastModificationTime":1701336025000,"lastModifier":"iam-ServiceId-0a7d5c39-b02b-4b94-a0fc-7f8073bbc263"},"tables":[],"assets":[{"category":"dashboard-file","creator":"IBMid-270006YQEG","createdAt":1701336025680,"lastUpdater":"IBMid-270006YQEG","updatedAt":1701336025680,"size":3464,"attachmentKey":"7d2fb9fe-9f4d-4426-9df2-391d572cbbe5","name":"dashboard.json","contentType":"application/json"}],"dataUsagePerCategory":{"dashboard-file":{"lastModificationTime":1701336025680,"lastModifier":"IBMid-270006YQEG"}}},{"id":"5b5b2670-403b-4836-9a0a-1a3591aeed32","qualifiers":[{"name":"modelType","value":"python"}],"name":"Increased Plant Capacity","description":"","category":"scenario","readOnly":false,"creator":"IBMid-270006YQEG","createdAt":1701336029000,"usage":{"lastModificationTime":1704795705000,"lastModifier":"IBMid-270006YQEG"},"tables":[{"category":"input","creator":"IBMid-270006YQEG","createdAt":1701336029953,"lastUpdater":"IBMid-270006YQEG","updatedAt":1701336029953,"size":36,"attachmentKey":"3be78df3-3ea7-47ad-89d1-947cb6b8b6e6","name":"ProductTypes","tableType":{"columns":[{"key":"name","dataType":"String"}]},"numberOfRows":4},{"category":"input","creator":"IBMid-270006YQEG","createdAt":1701336029953,"lastUpdater":"IBMid-270006YQEG","updatedAt":1701336029953,"size":1165,"attachmentKey":"69da54cc-ea01-48dd-8a88-356eac597129","name":"Products","tableType":{"columns":[{"key":"name","dataType":"String"},{"key":"type","dataType":"String"},{"key":"maturity","dataType":"String"},{"key":"priceLevel","dataType":"String"}]},"numberOfRows":29},{"category":"input","creator":"IBMid-270006YQEG","createdAt":1701336029953,"lastUpdater":"IBMid-270006YQEG","updatedAt":1701336029953,"size":12,"attachmentKey":"d664021e-fa61-4814-bc30-ac92584eae58","name":"Years","tableType":{"columns":[{"key":"name","dataType":"Number"}]},"numberOfRows":2},{"category":"input","creator":"IBMid-270006YQEG","createdAt":1701336029953,"lastUpdater":"IBMid-270006YQEG","updatedAt":1701336029953,"size":73672,"attachmentKey":"84863d19-bca5-4d21-b5eb-6d064c1b5614","name":"Transportation","tableType":{"columns":[{"key":"plant","dataType":"String"},{"key":"name","dataType":"String"},{"key":"region","dataType":"String"},{"key":"product","dataType":"String"},{"key":"value","dataType":"Number"}]},"numberOfRows":2233},{"category":"input","creator":"IBMid-270006YQEG","createdAt":1701336029953,"lastUpdater":"IBMid-270006YQEG","updatedAt":1701336029953,"size":423,"attachmentKey":"6883849d-cd5e-464f-b82f-6c4756bc811f","name":"Months","tableType":{"columns":[{"key":"id","dataType":"Number"},{"key":"name","dataType":"String"},{"key":"quarter","dataType":"String"}]},"numberOfRows":24},{"category":"input","creator":"IBMid-270006YQEG","createdAt":1701336029953,"lastUpdater":"IBMid-270006YQEG","updatedAt":1701336029953,"size":192753,"attachmentKey":"4827e5ed-c109-4b70-a255-27a0668188ae","name":"Demands","tableType":{"columns":[{"key":"product","dataType":"String"},{"key":"market","dataType":"String"},{"key":"month","dataType":"String"},{"key":"value","dataType":"Number"}]},"numberOfRows":7649},{"category":"input","creator":"IBMid-270006YQEG","createdAt":1701336029953,"lastUpdater":"IBMid-270006YQEG","updatedAt":1701336029953,"size":4707,"attachmentKey":"1f5101da-6aac-45d6-89d7-64e24e967572","name":"PlantProductCosts","tableType":{"columns":[{"key":"plant","dataType":"String"},{"key":"product","dataType":"String"},{"key":"value","dataType":"Number"}]},"numberOfRows":203},{"category":"input","creator":"IBMid-270006YQEG","createdAt":1701336029953,"lastUpdater":"IBMid-270006YQEG","updatedAt":1701336029953,"size":5668,"attachmentKey":"042d8274-ce92-4250-b16f-ef49af9bcd27","name":"InitialInventories","tableType":{"columns":[{"key":"product","dataType":"String"},{"key":"market","dataType":"String"},{"key":"value","dataType":"Number"}]},"numberOfRows":318},{"category":"output","creator":"IBMid-270006YQEG","createdAt":1701336029953,"lastUpdater":"IBMid-270006YQEG","updatedAt":1704795697987,"crc":743332140,"size":1138,"attachmentKey":"3cc2847c-ab16-4bd5-815c-93619b5f7eb9/1704795697987","name":"production_output","tableType":{"columns":[{"key":"month","dataType":"String"},{"key":"production","dataType":"Number"},{"key":"plant_month_capacity","dataType":"Number"},{"key":"utilization","dataType":"Number"}]},"numberOfRows":24},{"category":"input","creator":"IBMid-270006YQEG","createdAt":1701336029953,"lastUpdater":"IBMid-270006YQEG","updatedAt":1701336029953,"size":151,"attachmentKey":"5819832b-e5ed-432f-89db-fa9e5feddebe","name":"Markets","tableType":{"columns":[{"key":"name","dataType":"String"},{"key":"region","dataType":"String"}]},"numberOfRows":11},{"category":"input","creator":"IBMid-270006YQEG","createdAt":1701336029953,"lastUpdater":"IBMid-270006YQEG","updatedAt":1701336029953,"size":22,"attachmentKey":"83501212-fc47-4be9-833f-27ab01a081f1","name":"Regions","tableType":{"columns":[{"key":"name","dataType":"String"}]},"numberOfRows":3},{"category":"input","creator":"IBMid-270006YQEG","createdAt":1701336029953,"lastUpdater":"IBMid-270006YQEG","updatedAt":1701336029953,"size":66,"attachmentKey":"dfddfeed-e4a4-4dd4-98ef-9cf06c1854e5","name":"Plants","tableType":{"columns":[{"key":"name","dataType":"String"}]},"numberOfRows":7},{"category":"input","creator":"IBMid-270006YQEG","createdAt":1701336029953,"lastUpdater":"IBMid-270006YQEG","updatedAt":1701336029953,"size":3600,"attachmentKey":"f8d9675f-ec2e-490d-8ad7-dd6a33dfc216","name":"PlantMonthCapacities","tableType":{"columns":[{"key":"plant","dataType":"String"},{"key":"month","dataType":"String"},{"key":"value","dataType":"Number"}]},"numberOfRows":168},{"category":"input","creator":"IBMid-270006YQEG","createdAt":1701336029953,"lastUpdater":"IBMid-270006YQEG","updatedAt":1701336029953,"size":200391,"attachmentKey":"b5a12fa3-bc8e-443a-8a56-96a3d56a117c","name":"SalesPrice","tableType":{"columns":[{"key":"product","dataType":"String"},{"key":"market","dataType":"String"},{"key":"month","dataType":"String"},{"key":"value","dataType":"Number"}]},"numberOfRows":7656},{"category":"input","creator":"IBMid-270006YQEG","createdAt":1701336029953,"lastUpdater":"IBMid-270006YQEG","updatedAt":1701336029953,"size":135984,"attachmentKey":"c5b3f3f0-f164-48aa-bc24-5b982ac907c7","name":"PlantProductMonthCapacities","tableType":{"columns":[{"key":"plant","dataType":"String"},{"key":"product","dataType":"String"},{"key":"month","dataType":"String"},{"key":"value","dataType":"Number"}]},"numberOfRows":4872},{"category":"output","creator":"IBMid-270006YQEG","createdAt":1701336029953,"lastUpdater":"IBMid-270006YQEG","updatedAt":1704795697987,"crc":879187539,"size":345,"attachmentKey":"da1831f9-83cd-4622-bd81-9ee266299a52/1704795697987","name":"stats","tableType":{"columns":[{"key":"Name","dataType":"String"},{"key":"Value","dataType":"String"}]},"numberOfRows":12},{"category":"output","creator":"IBMid-270006YQEG","createdAt":1701336029953,"lastUpdater":"IBMid-270006YQEG","updatedAt":1704795697987,"crc":2175410059,"size":1077,"attachmentKey":"0b2db653-a5b2-4c86-9f13-61e696ffbd2d/1704795697987","name":"executedsales_output","tableType":{"columns":[{"key":"month","dataType":"String"},{"key":"demand","dataType":"Number"},{"key":"executedsales","dataType":"Number"},{"key":"satisfied_demand","dataType":"Number"}]},"numberOfRows":24},{"category":"input","creator":"IBMid-270006YQEG","createdAt":1701336029953,"lastUpdater":"IBMid-270006YQEG","updatedAt":1701336029953,"size":22023,"attachmentKey":"b39451c0-9cfc-42c6-869d-839c2baf7786","name":"FirmSales","tableType":{"columns":[{"key":"product","dataType":"String"},{"key":"market","dataType":"String"},{"key":"month","dataType":"String"},{"key":"value","dataType":"Number"}]},"numberOfRows":902},{"category":"input","creator":"IBMid-270006YQEG","createdAt":1701336029953,"lastUpdater":"IBMid-270006YQEG","updatedAt":1701336029953,"size":104,"attachmentKey":"8d905b2e-fb6e-4026-8353-56aaf4c553ab","name":"Quarters","tableType":{"columns":[{"key":"name","dataType":"String"},{"key":"year","dataType":"Number"}]},"numberOfRows":8},{"category":"output","creator":"IBMid-270006YQEG","createdAt":1701336029953,"lastUpdater":"IBMid-270006YQEG","updatedAt":1704795697987,"crc":485211271,"size":133,"attachmentKey":"93f62eb8-8bc0-4eab-afa2-4c22361521a8/1704795697987","name":"kpis","tableType":{"columns":[{"key":"Name","dataType":"String"},{"key":"Value","dataType":"Number"}]},"numberOfRows":4}],"assets":[{"category":"model","creator":"IBMid-270006YQEG","createdAt":1701336029953,"lastUpdater":"IBMid-270006YQEG","updatedAt":1701336029953,"crc":93212956,"size":25048,"attachmentKey":"82f515d8-0850-4ff7-b56d-325b1e4d3a9c/1699462098077","name":"model.py","contentType":"application/octet-stream"},{"category":"output","creator":"IBMid-270006YQEG","createdAt":1704795697987,"lastUpdater":"IBMid-270006YQEG","updatedAt":1704795697987,"crc":2573542316,"size":2716224,"attachmentKey":"04a8140a-0e7b-4559-a00a-dd5b38a5f163/1704795697987","name":"solution.json","contentType":"application/json"},{"category":"output","creator":"IBMid-270006YQEG","createdAt":1704795697987,"lastUpdater":"IBMid-270006YQEG","updatedAt":1704795697987,"crc":329458,"size":4495,"attachmentKey":"9b909edf-cd8e-4ef7-8579-b1208d655552/1704795697987","name":"log.txt","contentType":"text/plain"}],"solveStatus":{"creationTime":1704795668973,"lastModificationTime":1704795703452,"state":"TERMINATED","solveConfig":{"containerId":"Increased Plant Capacity","solveParameters":{}},"jobDetails":{"id":"c70d6a7a-3736-42a5-8290-1efa4241ddf3","createdAt":1704795676147,"startedAt":1704795676936,"endedAt":1704795699259,"submittedAt":1704795676147,"details":{"KPI.PROGRESS_CURRENT_OBJECTIVE":"286362628.5","KPI.Revenue":"388461184.0","KPI.Total_production_cost":"79294448.5","KPI.Total_transportation_cost":"22804107.0","MODEL_DETAIL_BOOLEAN_VARS":"0","MODEL_DETAIL_CONSTRAINTS":"13014","MODEL_DETAIL_CONTINUOUS_VARS":"0","MODEL_DETAIL_INTEGER_VARS":"73769","MODEL_DETAIL_KPIS":"[\"Total_production_cost\", \"Total_transportation_cost\", \"Revenue\"]","MODEL_DETAIL_NONZEROS":"139888","MODEL_DETAIL_OBJECTIVE_SENSE":"maximize","MODEL_DETAIL_TYPE":"MILP","PROGRESS_BEST_OBJECTIVE":"286362628.5","PROGRESS_BEST_OBJECTIVE.history":"[[1704795697.35, 286362628.5]]","PROGRESS_CURRENT_OBJECTIVE":"286362628.5","PROGRESS_CURRENT_OBJECTIVE.history":"[[1704795697.35, 286362628.5]]","PROGRESS_GAP":"0.0","PROGRESS_GAP.history":"[[1704795697.35, 0.0]]","STAT.cplex.modelType":"MILP","STAT.cplex.size.booleanVariables":"0","STAT.cplex.size.constraints":"13014","STAT.cplex.size.continousVariables":"0","STAT.cplex.size.integerVariables":"73769","STAT.cplex.size.linearConstraints":"13014","STAT.cplex.size.quadraticConstraints":"0","STAT.cplex.size.variables":"73769","STAT.job.coresCount":"1","STAT.job.inputsReadMs":"1517","STAT.job.memoryPeakKB":"292192","STAT.job.modelProcessingMs":"19076","STAT.job.outputsWriteMs":"1334","latestOutputUpload":"2024-01-09T10:21:39.255Z"},"executionStatus":"PROCESSED","solveStatus":"OPTIMAL_SOLUTION","logTail":["[2024-01-09T10:21:18.494Z, WARNING] Python 3.10 is used as default with pandas 1.5.3 libraries.","[2024-01-09T10:21:18.556Z, INFO] {'ProductTypes.csv': {'name': 'str'}, 'Products.csv': {'name': 'str', 'type': 'str', 'maturity': 'str', 'priceLevel': 'str'}, 'Transportation.csv': {'plant': 'str', 'name': 'str', 'region': 'str', 'product': 'str'}, 'Months.csv': {'name': 'str', 'quarter': 'str'}, 'Demands.csv': {'product': 'str', 'market': 'str', 'month': 'str'}, 'PlantProductCosts.csv': {'plant': 'str', 'product': 'str'}, 'InitialInventories.csv': {'product': 'str', 'market': 'str'}, 'Markets.csv': {'name': 'str', 'region': 'str'}, 'Regions.csv': {'name': 'str'}, 'Plants.csv': {'name': 'str'}, 'PlantMonthCapacities.csv': {'plant': 'str', 'month': 'str'}, 'SalesPrice.csv': {'product': 'str', 'market': 'str', 'month': 'str'}, 'PlantProductMonthCapacities.csv': {'plant': 'str', 'product': 'str', 'month': 'str'}, 'FirmSales.csv': {'product': 'str', 'market': 'str', 'month': 'str'}, 'Quarters.csv': {'name': 'str'}}","[2024-01-09T10:21:34.991Z, INFO] WARNING: Number of workers has been reduced to 1 to comply with platform limitations.","[2024-01-09T10:21:34.993Z, INFO] Version identifier: 22.1.1.0 | 2023-06-15 | d64d5bd77","[2024-01-09T10:21:34.994Z, INFO] CPXPARAM_Read_DataCheck                          1","[2024-01-09T10:21:34.995Z, INFO] CPXPARAM_Threads                                 1","[2024-01-09T10:21:34.996Z, INFO] CPXPARAM_TimeLimit                               60","[2024-01-09T10:21:34.996Z, INFO] Legacy callback                                  i","[2024-01-09T10:21:35.198Z, INFO] Tried aggregator 2 times.","[2024-01-09T10:21:35.210Z, INFO] MIP Presolve eliminated 327 rows and 326 columns.","[2024-01-09T10:21:35.211Z, INFO] MIP Presolve modified 120 coefficients.","[2024-01-09T10:21:35.212Z, INFO] Aggregator did 7 substitutions.","[2024-01-09T10:21:35.213Z, INFO] Reduced MIP has 12680 rows, 73436 columns, and 138990 nonzeros.","[2024-01-09T10:21:35.214Z, INFO] Reduced MIP has 14 binaries, 73422 generals, 0 SOSs, and 0 indicators.","[2024-01-09T10:21:35.215Z, INFO] Presolve time = 0.22 sec. (88.41 ticks)","[2024-01-09T10:21:35.552Z, INFO] Found incumbent of value 7901062.000000 after 0.58 sec. (266.19 ticks)","[2024-01-09T10:21:35.621Z, INFO] Tried aggregator 1 time.","[2024-01-09T10:21:35.655Z, INFO] Detecting symmetries...","[2024-01-09T10:21:35.680Z, INFO] Reduced MIP has 12680 rows, 73436 columns, and 138990 nonzeros.","[2024-01-09T10:21:35.681Z, INFO] Reduced MIP has 14 binaries, 73422 generals, 0 SOSs, and 0 indicators.","[2024-01-09T10:21:35.682Z, INFO] Presolve time = 0.12 sec. (78.41 ticks)","[2024-01-09T10:21:35.720Z, INFO] Probing time = 0.00 sec. (1.05 ticks)","[2024-01-09T10:21:35.724Z, INFO] Clique table members: 1.","[2024-01-09T10:21:35.744Z, INFO] MIP emphasis: balance optimality and feasibility.","[2024-01-09T10:21:35.745Z, INFO] MIP search method: dynamic search.","[2024-01-09T10:21:35.746Z, INFO] Parallel mode: none, using 1 thread.","[2024-01-09T10:21:37.266Z, INFO] Root relaxation solution time = 1.52 sec. (2098.05 ticks)","[2024-01-09T10:21:37.268Z, INFO] ","[2024-01-09T10:21:37.269Z, INFO]         Nodes                                         Cuts/","[2024-01-09T10:21:37.270Z, INFO]    Node  Left     Objective  IInf  Best Integer    Best Bound    ItCnt     Gap","[2024-01-09T10:21:37.272Z, INFO] ","[2024-01-09T10:21:37.274Z, INFO] *     0+    0                      7901062.0000   4.20503e+08              --- ","[2024-01-09T10:21:37.276Z, INFO] *     0     0      integral     0   2.86363e+08   2.86363e+08    31783    0.00%","[2024-01-09T10:21:37.277Z, INFO] Elapsed time = 2.30 sec. (2489.02 ticks, tree = 0.00 MB, solutions = 2)","[2024-01-09T10:21:37.278Z, INFO] ","[2024-01-09T10:21:37.279Z, INFO] Root node processing (before b&c):","[2024-01-09T10:21:37.281Z, INFO]   Real time             =    2.30 sec. (2491.68 ticks)","[2024-01-09T10:21:37.286Z, INFO] Sequential b&c:","[2024-01-09T10:21:37.287Z, INFO]   Real time             =    0.00 sec. (0.00 ticks)","[2024-01-09T10:21:37.288Z, INFO]                           ------------","[2024-01-09T10:21:37.289Z, INFO] Total (root+branch&cut) =    2.30 sec. (2491.68 ticks)","[2024-01-09T10:21:37.568Z, INFO] * model sales_and_operation_planning solved with objective = 286362628.500","[2024-01-09T10:21:37.571Z, INFO] *  KPI: Total_production_cost     = 79294448.500","[2024-01-09T10:21:37.580Z, INFO] *  KPI: Total_transportation_cost = 22804107.000","[2024-01-09T10:21:37.582Z, INFO] *  KPI: Revenue                   = 388461184.000"]},"taskSetupTime":1704795676181,"taskSolveTime":1704795702347,"taskTearDownTime":1704795703452,"jobSpaceId":"3cbe2d44-0bc4-43c9-939a-7e089e6fe1a8","jobDeploymentId":"38e8600a-59b7-4d5b-b693-5ca2fb5509bf","jobId":"c70d6a7a-3736-42a5-8290-1efa4241ddf3","ping":1704795699201},"dataUsagePerCategory":{"output":{"lastModificationTime":1704795697987,"lastModifier":"IBMid-270006YQEG"},"input":{"lastModificationTime":1701336029953,"lastModifier":"IBMid-270006YQEG"},"model":{"lastModificationTime":1701336029953,"lastModifier":"IBMid-270006YQEG"}}},{"id":"9c6eaff6-e657-4f76-9efe-f5e1df1640df","qualifiers":[{"name":"modelType","value":"python"}],"name":"Baseline","description":"","category":"scenario","readOnly":false,"creator":"IBMid-270006YQEG","createdAt":1701336027000,"usage":{"lastModificationTime":1704795656000,"lastModifier":"IBMid-270006YQEG"},"tables":[{"category":"input","creator":"IBMid-270006YQEG","createdAt":1701336027859,"lastUpdater":"IBMid-270006YQEG","updatedAt":1701336027859,"size":36,"attachmentKey":"2ed13c23-54c2-43ee-b703-464ec778226e","name":"ProductTypes","tableType":{"columns":[{"key":"name","dataType":"String"}]},"numberOfRows":4},{"category":"input","creator":"IBMid-270006YQEG","createdAt":1701336027859,"lastUpdater":"IBMid-270006YQEG","updatedAt":1701336027859,"size":1165,"attachmentKey":"dc862c23-82cd-48be-934f-c8c9b8d01c7a","name":"Products","tableType":{"columns":[{"key":"name","dataType":"String"},{"key":"type","dataType":"String"},{"key":"maturity","dataType":"String"},{"key":"priceLevel","dataType":"String"}]},"numberOfRows":29},{"category":"input","creator":"IBMid-270006YQEG","createdAt":1701336027859,"lastUpdater":"IBMid-270006YQEG","updatedAt":1701336027859,"size":73672,"attachmentKey":"5c3a4898-bec2-4d64-a302-495455ee3f34","name":"Transportation","tableType":{"columns":[{"key":"plant","dataType":"String"},{"key":"name","dataType":"String"},{"key":"region","dataType":"String"},{"key":"product","dataType":"String"},{"key":"value","dataType":"Number"}]},"numberOfRows":2233},{"category":"input","creator":"IBMid-270006YQEG","createdAt":1701336027859,"lastUpdater":"IBMid-270006YQEG","updatedAt":1701336027859,"size":423,"attachmentKey":"d392a3e2-e059-4b41-a18b-ca384dfe0b7c","name":"Months","tableType":{"columns":[{"key":"id","dataType":"Number"},{"key":"name","dataType":"String"},{"key":"quarter","dataType":"String"}]},"numberOfRows":24},{"category":"input","creator":"IBMid-270006YQEG","createdAt":1701336027859,"lastUpdater":"IBMid-270006YQEG","updatedAt":1701336027859,"size":192753,"attachmentKey":"d00ba2d9-38a8-4953-abb0-74f1523763cd","name":"Demands","tableType":{"columns":[{"key":"product","dataType":"String"},{"key":"market","dataType":"String"},{"key":"month","dataType":"String"},{"key":"value","dataType":"Number"}]},"numberOfRows":7649},{"category":"input","creator":"IBMid-270006YQEG","createdAt":1701336027859,"lastUpdater":"IBMid-270006YQEG","updatedAt":1701336027859,"size":4707,"attachmentKey":"61068fc2-55b2-4452-8379-9b4a78098411","name":"PlantProductCosts","tableType":{"columns":[{"key":"plant","dataType":"String"},{"key":"product","dataType":"String"},{"key":"value","dataType":"Number"}]},"numberOfRows":203},{"category":"input","creator":"IBMid-270006YQEG","createdAt":1701336027859,"lastUpdater":"IBMid-270006YQEG","updatedAt":1701336027859,"size":5668,"attachmentKey":"1501e07f-0fdf-4110-9ce0-83037be12f05","name":"InitialInventories","tableType":{"columns":[{"key":"product","dataType":"String"},{"key":"market","dataType":"String"},{"key":"value","dataType":"Number"}]},"numberOfRows":318},{"category":"output","creator":"IBMid-270006YQEG","createdAt":1701336027859,"lastUpdater":"IBMid-270006YQEG","updatedAt":1704795649548,"crc":949434290,"size":720,"attachmentKey":"2b73eac0-432a-47a0-be50-3caada0e2aa6/1704795649548","name":"production_output","tableType":{"columns":[{"key":"month","dataType":"String"},{"key":"production","dataType":"Number"},{"key":"plant_month_capacity","dataType":"Number"},{"key":"utilization","dataType":"Number"}]},"numberOfRows":24},{"category":"input","creator":"IBMid-270006YQEG","createdAt":1701336027859,"lastUpdater":"IBMid-270006YQEG","updatedAt":1701336027859,"size":151,"attachmentKey":"6e30983d-2711-4a69-b5a0-46fa185233dd","name":"Markets","tableType":{"columns":[{"key":"name","dataType":"String"},{"key":"region","dataType":"String"}]},"numberOfRows":11},{"category":"input","creator":"IBMid-270006YQEG","createdAt":1701336027859,"lastUpdater":"IBMid-270006YQEG","updatedAt":1701336027859,"size":22,"attachmentKey":"4b78b184-64ca-4ff4-bfdf-0acf5ad2787c","name":"Regions","tableType":{"columns":[{"key":"name","dataType":"String"}]},"numberOfRows":3},{"category":"input","creator":"IBMid-270006YQEG","createdAt":1701336027859,"lastUpdater":"IBMid-270006YQEG","updatedAt":1701336027859,"size":66,"attachmentKey":"bca81c6e-498f-45e7-884b-c3940a394139","name":"Plants","tableType":{"columns":[{"key":"name","dataType":"String"}]},"numberOfRows":7},{"category":"input","creator":"IBMid-270006YQEG","createdAt":1701336027859,"lastUpdater":"IBMid-270006YQEG","updatedAt":1701336027859,"size":3600,"attachmentKey":"c6a80838-cb48-4182-bf33-1c9706cb6c60","name":"PlantMonthCapacities","tableType":{"columns":[{"key":"plant","dataType":"String"},{"key":"month","dataType":"String"},{"key":"value","dataType":"Number"}]},"numberOfRows":168},{"category":"input","creator":"IBMid-270006YQEG","createdAt":1701336027859,"lastUpdater":"IBMid-270006YQEG","updatedAt":1701336027859,"size":200391,"attachmentKey":"430a1f19-3750-4d2c-86a4-480d677274ee","name":"SalesPrice","tableType":{"columns":[{"key":"product","dataType":"String"},{"key":"market","dataType":"String"},{"key":"month","dataType":"String"},{"key":"value","dataType":"Number"}]},"numberOfRows":7656},{"category":"input","creator":"IBMid-270006YQEG","createdAt":1701336027859,"lastUpdater":"IBMid-270006YQEG","updatedAt":1701336027859,"size":135984,"attachmentKey":"2d4905b6-d683-4bf3-b99d-bc37b16e7441","name":"PlantProductMonthCapacities","tableType":{"columns":[{"key":"plant","dataType":"String"},{"key":"product","dataType":"String"},{"key":"month","dataType":"String"},{"key":"value","dataType":"Number"}]},"numberOfRows":4872},{"category":"output","creator":"IBMid-270006YQEG","createdAt":1701336027859,"lastUpdater":"IBMid-270006YQEG","updatedAt":1704795649548,"crc":1133524644,"size":344,"attachmentKey":"91765bdb-480d-4069-b334-c6632f16b90e/1704795649548","name":"stats","tableType":{"columns":[{"key":"Name","dataType":"String"},{"key":"Value","dataType":"String"}]},"numberOfRows":12},{"category":"output","creator":"IBMid-270006YQEG","createdAt":1701336027859,"lastUpdater":"IBMid-270006YQEG","updatedAt":1704795649548,"crc":2673404438,"size":1066,"attachmentKey":"c5ae02b8-5c86-4068-b894-641286f81ba0/1704795649548","name":"executedsales_output","tableType":{"columns":[{"key":"month","dataType":"String"},{"key":"demand","dataType":"Number"},{"key":"executedsales","dataType":"Number"},{"key":"satisfied_demand","dataType":"Number"}]},"numberOfRows":24},{"category":"input","creator":"IBMid-270006YQEG","createdAt":1701336027859,"lastUpdater":"IBMid-270006YQEG","updatedAt":1701336027859,"size":22023,"attachmentKey":"49c76d0c-fb8b-4781-87e8-4cfc7905f974","name":"FirmSales","tableType":{"columns":[{"key":"product","dataType":"String"},{"key":"market","dataType":"String"},{"key":"month","dataType":"String"},{"key":"value","dataType":"Number"}]},"numberOfRows":902},{"category":"output","creator":"IBMid-270006YQEG","createdAt":1701336027859,"lastUpdater":"IBMid-270006YQEG","updatedAt":1704795649548,"crc":1561841913,"size":133,"attachmentKey":"3d227128-a09d-4192-ad0e-2350b94abeb8/1704795649548","name":"kpis","tableType":{"columns":[{"key":"Name","dataType":"String"},{"key":"Value","dataType":"Number"}]},"numberOfRows":4}],"assets":[{"category":"model","creator":"IBMid-270006YQEG","createdAt":1701336027859,"lastUpdater":"IBMid-270006YQEG","updatedAt":1701336027859,"crc":2286068759,"size":24422,"attachmentKey":"052ee735-ab26-42d3-aa3f-99bcd044161e/1699462136905","name":"model.py","contentType":"application/octet-stream"},{"category":"output","creator":"IBMid-270006YQEG","createdAt":1704795649548,"lastUpdater":"IBMid-270006YQEG","updatedAt":1704795649548,"crc":2744665486,"size":2436768,"attachmentKey":"bcdc8a87-3f67-4b13-8350-5348b7ea3511/1704795649548","name":"solution.json","contentType":"application/json"},{"category":"output","creator":"IBMid-270006YQEG","createdAt":1704795649548,"lastUpdater":"IBMid-270006YQEG","updatedAt":1704795649548,"crc":83509833,"size":4389,"attachmentKey":"e55d6526-426c-4f67-8677-61867fd652ed/1704795649548","name":"log.txt","contentType":"text/plain"}],"solveStatus":{"creationTime":1704795619927,"lastModificationTime":1704795654421,"state":"TERMINATED","solveConfig":{"containerId":"Baseline","solveParameters":{}},"jobDetails":{"id":"a439eb30-75de-4fd4-90b6-3d629b419cca","createdAt":1704795627618,"startedAt":1704795630566,"endedAt":1704795651212,"submittedAt":1704795627618,"details":{"KPI.PROGRESS_CURRENT_OBJECTIVE":"247710490.0","KPI.Revenue":"327651446.0","KPI.Total_production_cost":"62143171.0","KPI.Total_transportation_cost":"17797785.0","MODEL_DETAIL_BOOLEAN_VARS":"0","MODEL_DETAIL_CONSTRAINTS":"13014","MODEL_DETAIL_CONTINUOUS_VARS":"0","MODEL_DETAIL_INTEGER_VARS":"73769","MODEL_DETAIL_KPIS":"[\"Total_production_cost\", \"Total_transportation_cost\", \"Revenue\"]","MODEL_DETAIL_NONZEROS":"139888","MODEL_DETAIL_OBJECTIVE_SENSE":"maximize","MODEL_DETAIL_TYPE":"MILP","PROGRESS_BEST_OBJECTIVE":"247710490.0","PROGRESS_BEST_OBJECTIVE.history":"[[1704795648.92, 247710490.0]]","PROGRESS_CURRENT_OBJECTIVE":"247710490.0","PROGRESS_CURRENT_OBJECTIVE.history":"[[1704795648.92, 247710490.0]]","PROGRESS_GAP":"0.0","PROGRESS_GAP.history":"[[1704795648.92, 0.0]]","STAT.cplex.modelType":"MILP","STAT.cplex.size.booleanVariables":"0","STAT.cplex.size.constraints":"13014","STAT.cplex.size.continousVariables":"0","STAT.cplex.size.integerVariables":"73769","STAT.cplex.size.linearConstraints":"13014","STAT.cplex.size.quadraticConstraints":"0","STAT.cplex.size.variables":"73769","STAT.job.coresCount":"1","STAT.job.inputsReadMs":"927","STAT.job.memoryPeakKB":"290848","STAT.job.modelProcessingMs":"17659","STAT.job.outputsWriteMs":"1733","latestOutputUpload":"2024-01-09T10:20:51.210Z"},"executionStatus":"PROCESSED","solveStatus":"OPTIMAL_SOLUTION","logTail":["[2024-01-09T10:20:31.506Z, WARNING] Python 3.10 is used as default with pandas 1.5.3 libraries.","[2024-01-09T10:20:31.561Z, INFO] {'ProductTypes.csv': {'name': 'str'}, 'Products.csv': {'name': 'str', 'type': 'str', 'maturity': 'str', 'priceLevel': 'str'}, 'Transportation.csv': {'plant': 'str', 'name': 'str', 'region': 'str', 'product': 'str'}, 'Months.csv': {'name': 'str', 'quarter': 'str'}, 'Demands.csv': {'product': 'str', 'market': 'str', 'month': 'str'}, 'PlantProductCosts.csv': {'plant': 'str', 'product': 'str'}, 'InitialInventories.csv': {'product': 'str', 'market': 'str'}, 'Markets.csv': {'name': 'str', 'region': 'str'}, 'Regions.csv': {'name': 'str'}, 'Plants.csv': {'name': 'str'}, 'PlantMonthCapacities.csv': {'plant': 'str', 'month': 'str'}, 'SalesPrice.csv': {'product': 'str', 'market': 'str', 'month': 'str'}, 'PlantProductMonthCapacities.csv': {'plant': 'str', 'product': 'str', 'month': 'str'}, 'FirmSales.csv': {'product': 'str', 'market': 'str', 'month': 'str'}}","[2024-01-09T10:20:46.370Z, INFO] WARNING: Number of workers has been reduced to 1 to comply with platform limitations.","[2024-01-09T10:20:46.388Z, INFO] Version identifier: 22.1.1.0 | 2023-06-15 | d64d5bd77","[2024-01-09T10:20:46.391Z, INFO] CPXPARAM_Read_DataCheck                          1","[2024-01-09T10:20:46.394Z, INFO] CPXPARAM_Threads                                 1","[2024-01-09T10:20:46.398Z, INFO] CPXPARAM_TimeLimit                               60","[2024-01-09T10:20:46.400Z, INFO] Legacy callback                                  i","[2024-01-09T10:20:46.536Z, INFO] Tried aggregator 2 times.","[2024-01-09T10:20:46.548Z, INFO] MIP Presolve eliminated 319 rows and 326 columns.","[2024-01-09T10:20:46.551Z, INFO] Aggregator did 7 substitutions.","[2024-01-09T10:20:46.553Z, INFO] Reduced MIP has 12688 rows, 73436 columns, and 139222 nonzeros.","[2024-01-09T10:20:46.555Z, INFO] Reduced MIP has 14 binaries, 73422 generals, 0 SOSs, and 0 indicators.","[2024-01-09T10:20:46.557Z, INFO] Presolve time = 0.20 sec. (82.30 ticks)","[2024-01-09T10:20:46.891Z, INFO] Found incumbent of value 7901062.000000 after 0.55 sec. (260.19 ticks)","[2024-01-09T10:20:46.971Z, INFO] Tried aggregator 1 time.","[2024-01-09T10:20:47.038Z, INFO] Detecting symmetries...","[2024-01-09T10:20:47.098Z, INFO] Reduced MIP has 12688 rows, 73436 columns, and 139222 nonzeros.","[2024-01-09T10:20:47.100Z, INFO] Reduced MIP has 14 binaries, 73422 generals, 0 SOSs, and 0 indicators.","[2024-01-09T10:20:47.102Z, INFO] Presolve time = 0.20 sec. (78.46 ticks)","[2024-01-09T10:20:47.148Z, INFO] Probing time = 0.00 sec. (1.05 ticks)","[2024-01-09T10:20:47.152Z, INFO] Clique table members: 1.","[2024-01-09T10:20:47.172Z, INFO] MIP emphasis: balance optimality and feasibility.","[2024-01-09T10:20:47.174Z, INFO] MIP search method: dynamic search.","[2024-01-09T10:20:47.175Z, INFO] Parallel mode: none, using 1 thread.","[2024-01-09T10:20:48.851Z, INFO] Root relaxation solution time = 1.68 sec. (2471.76 ticks)","[2024-01-09T10:20:48.853Z, INFO] ","[2024-01-09T10:20:48.854Z, INFO]         Nodes                                         Cuts/","[2024-01-09T10:20:48.855Z, INFO]    Node  Left     Objective  IInf  Best Integer    Best Bound    ItCnt     Gap","[2024-01-09T10:20:48.857Z, INFO] ","[2024-01-09T10:20:48.859Z, INFO] *     0+    0                      7901062.0000   4.20503e+08              --- ","[2024-01-09T10:20:48.860Z, INFO] *     0     0      integral     0   2.47710e+08   2.47710e+08    30980    0.00%","[2024-01-09T10:20:48.861Z, INFO] Elapsed time = 2.52 sec. (2856.79 ticks, tree = 0.00 MB, solutions = 2)","[2024-01-09T10:20:48.867Z, INFO] ","[2024-01-09T10:20:48.869Z, INFO] Root node processing (before b&c):","[2024-01-09T10:20:48.870Z, INFO]   Real time             =    2.52 sec. (2859.45 ticks)","[2024-01-09T10:20:48.871Z, INFO] Sequential b&c:","[2024-01-09T10:20:48.872Z, INFO]   Real time             =    0.00 sec. (0.00 ticks)","[2024-01-09T10:20:48.873Z, INFO]                           ------------","[2024-01-09T10:20:48.874Z, INFO] Total (root+branch&cut) =    2.52 sec. (2859.45 ticks)","[2024-01-09T10:20:49.147Z, INFO] * model sales_and_operation_planning solved with objective = 247710490.000","[2024-01-09T10:20:49.149Z, INFO] *  KPI: Total_production_cost     = 62143171.000","[2024-01-09T10:20:49.158Z, INFO] *  KPI: Total_transportation_cost = 17797785.000","[2024-01-09T10:20:49.159Z, INFO] *  KPI: Revenue                   = 327651446.000"]},"taskSetupTime":1704795627726,"taskSolveTime":1704795653278,"taskTearDownTime":1704795654421,"jobSpaceId":"3cbe2d44-0bc4-43c9-939a-7e089e6fe1a8","jobDeploymentId":"38e8600a-59b7-4d5b-b693-5ca2fb5509bf","jobId":"a439eb30-75de-4fd4-90b6-3d629b419cca","ping":1704795650499},"dataUsagePerCategory":{"output":{"lastModificationTime":1704795649548,"lastModifier":"IBMid-270006YQEG"},"input":{"lastModificationTime":1701336027859,"lastModifier":"IBMid-270006YQEG"},"model":{"lastModificationTime":1701336027859,"lastModifier":"IBMid-270006YQEG"}}}]}],"attachments":["do_scenario_asset/7d2fb9fe-9f4d-4426-9df2-391d572cbbe5","do_scenario_asset/82f515d8-0850-4ff7-b56d-325b1e4d3a9c/1699462098077","do_scenario_asset/04a8140a-0e7b-4559-a00a-dd5b38a5f163/1704795697987","do_scenario_asset/9b909edf-cd8e-4ef7-8579-b1208d655552/1704795697987","do_scenario_asset/3be78df3-3ea7-47ad-89d1-947cb6b8b6e6","do_scenario_asset/69da54cc-ea01-48dd-8a88-356eac597129","do_scenario_asset/d664021e-fa61-4814-bc30-ac92584eae58","do_scenario_asset/84863d19-bca5-4d21-b5eb-6d064c1b5614","do_scenario_asset/6883849d-cd5e-464f-b82f-6c4756bc811f","do_scenario_asset/4827e5ed-c109-4b70-a255-27a0668188ae","do_scenario_asset/1f5101da-6aac-45d6-89d7-64e24e967572","do_scenario_asset/042d8274-ce92-4250-b16f-ef49af9bcd27","do_scenario_asset/3cc2847c-ab16-4bd5-815c-93619b5f7eb9/1704795697987","do_scenario_asset/5819832b-e5ed-432f-89db-fa9e5feddebe","do_scenario_asset/83501212-fc47-4be9-833f-27ab01a081f1","do_scenario_asset/dfddfeed-e4a4-4dd4-98ef-9cf06c1854e5","do_scenario_asset/f8d9675f-ec2e-490d-8ad7-dd6a33dfc216","do_scenario_asset/b5a12fa3-bc8e-443a-8a56-96a3d56a117c","do_scenario_asset/c5b3f3f0-f164-48aa-bc24-5b982ac907c7","do_scenario_asset/da1831f9-83cd-4622-bd81-9ee266299a52/1704795697987","do_scenario_asset/0b2db653-a5b2-4c86-9f13-61e696ffbd2d/1704795697987","do_scenario_asset/b39451c0-9cfc-42c6-869d-839c2baf7786","do_scenario_asset/8d905b2e-fb6e-4026-8353-56aaf4c553ab","do_scenario_asset/93f62eb8-8bc0-4eab-afa2-4c22361521a8/1704795697987","do_scenario_asset/052ee735-ab26-42d3-aa3f-99bcd044161e/1699462136905","do_scenario_asset/bcdc8a87-3f67-4b13-8350-5348b7ea3511/1704795649548","do_scenario_asset/e55d6526-426c-4f67-8677-61867fd652ed/1704795649548","do_scenario_asset/2ed13c23-54c2-43ee-b703-464ec778226e","do_scenario_asset/dc862c23-82cd-48be-934f-c8c9b8d01c7a","do_scenario_asset/5c3a4898-bec2-4d64-a302-495455ee3f34","do_scenario_asset/d392a3e2-e059-4b41-a18b-ca384dfe0b7c","do_scenario_asset/d00ba2d9-38a8-4953-abb0-74f1523763cd","do_scenario_asset/61068fc2-55b2-4452-8379-9b4a78098411","do_scenario_asset/1501e07f-0fdf-4110-9ce0-83037be12f05","do_scenario_asset/2b73eac0-432a-47a0-be50-3caada0e2aa6/1704795649548","do_scenario_asset/6e30983d-2711-4a69-b5a0-46fa185233dd","do_scenario_asset/4b78b184-64ca-4ff4-bfdf-0acf5ad2787c","do_scenario_asset/bca81c6e-498f-45e7-884b-c3940a394139","do_scenario_asset/c6a80838-cb48-4182-bf33-1c9706cb6c60","do_scenario_asset/430a1f19-3750-4d2c-86a4-480d677274ee","do_scenario_asset/2d4905b6-d683-4bf3-b99d-bc37b16e7441","do_scenario_asset/91765bdb-480d-4069-b334-c6632f16b90e/1704795649548","do_scenario_asset/c5ae02b8-5c86-4068-b894-641286f81ba0/1704795649548","do_scenario_asset/49c76d0c-fb8b-4781-87e8-4cfc7905f974","do_scenario_asset/3d227128-a09d-4192-ad0e-2350b94abeb8/1704795649548"]}
