{"metadata":{"asset_id":"ddbe6441-a9aa-41c6-a1a7-3515e6ad8d1f","asset_attributes":["notebook"],"name":"Model_Building","asset_type":"notebook","created_at":"2021-10-01T18:53:05Z","description":"","origin_country":"us","owner_id":"iam-ServiceId-9e68bc5f-c5f6-4f6f-8bcf-e57f47b9d1b1","project_id":"d587bc79-5755-402a-a13e-6d585217def5","size":56021,"tags":["notebook"],"usage":{"last_update_time":1633118251384,"last_updated_at":"2021-10-01T19:57:31Z"}},"entity":{"notebook":{"kernel":{"name":"python3","display_name":"Python 3.8","language":"python"},"originates_from":{"type":"file"},"runtime":{"environment":"premium2py38-d587bc79-5755-402a-a13e-6d585217def5"}}},"attachments":[{"id":"1000244e-fda7-4395-85c6-38d98a1dd751","version":2,"asset_type":"notebook","name":"attachment for notebook ddbe6441-a9aa-41c6-a1a7-3515e6ad8d1f","description":"attachment for notebook ddbe6441-a9aa-41c6-a1a7-3515e6ad8d1f","mime":"application/json","datasource_type":"193a97c1-4475-4a19-b90c-295c4fdc6517","object_key":"notebook/Model_Building_JtB210ymo.ipynb","creator_id":"IBMid-550003P291","create_time":1633114386254,"size":56021,"is_remote":false,"is_managed":false,"is_referenced":true,"is_object_key_read_only":false,"is_user_provided_path_key":true,"transfer_complete":true,"is_partitioned":false,"complete_time_ticks":1633114386254,"user_data":{},"test_doc":0,"handle":{"bucket":"salesandoperationsplanning-donotdelete-pr-gkpbirirs3gks5","location":"us-geo","key":"notebook/Model_Building_JtB210ymo.ipynb","upload_id":"done","max_part_num":1},"usage":{"access_count":0,"last_accessor_id":"IBMid-550003P291","last_access_time":1633114386254}}]}
