{"metadata":{"asset_id":"24c13014-1bc0-4491-9812-3d82a28e268e","asset_attributes":["notebook"],"name":"Model_Building","asset_type":"notebook","created_at":"2021-02-15T01:53:50Z","description":"","origin_country":"us","owner_id":"iam-ServiceId-aa2183a6-ed8d-4fca-aa0a-b136ed2eef19","project_id":"b09edf37-80f2-4de0-a54e-b890d28cbbfa","size":56524,"tags":["notebook"],"usage":{"last_update_time":1613354820852,"last_updated_at":"2021-02-15T02:07:00Z"}},"entity":{"notebook":{"kernel":{"name":"python3","display_name":"Python 3.7","language":"python"},"originates_from":{"type":"file"},"runtime":{"environment":"premium2py37-b09edf37-80f2-4de0-a54e-b890d28cbbfa"}}},"attachments":[{"id":"ea658a50-65e1-40b8-9fec-8daa02add4ce","version":2,"asset_type":"notebook","name":"attachment for notebook 24c13014-1bc0-4491-9812-3d82a28e268e","description":"attachment for notebook 24c13014-1bc0-4491-9812-3d82a28e268e","mime":"application/json","datasource_type":"193a97c1-4475-4a19-b90c-295c4fdc6517","object_key":"notebook/Model_Building_JtB210ymo.ipynb","creator_id":"IBMid-550003P291","create_time":1613354031279,"size":56524,"is_remote":false,"is_managed":false,"is_referenced":true,"is_object_key_read_only":false,"is_user_provided_path_key":true,"transfer_complete":true,"is_partitioned":false,"complete_time_ticks":1613354031279,"user_data":{},"test_doc":0,"handle":{"bucket":"salesandoperationsplanning-donotdelete-pr-oldvibeto880jm","location":"us-geo","key":"notebook/Model_Building_JtB210ymo.ipynb","upload_id":"done","max_part_num":1},"usage":{"access_count":0,"last_accessor_id":"IBMid-550003P291","last_access_time":1613354031279}}]}
