{"metadata":{"asset_id":"08273e53-0b05-41f9-b37e-038f0b6fdac3","asset_attributes":["notebook"],"name":"Data_Manipulation","asset_type":"notebook","created_at":"2020-12-09T17:13:35Z","description":"","origin_country":"us","owner_id":"iam-ServiceId-9e68bc5f-c5f6-4f6f-8bcf-e57f47b9d1b1","project_id":"e4770087-6869-4d93-a575-f12a7a8558c8","size":39569,"tags":["notebook"],"usage":{"last_update_time":1607534430719,"last_updated_at":"2020-12-09T17:20:30Z"}},"entity":{"notebook":{"kernel":{"name":"python3","display_name":"Python 3.7","language":"python"},"originates_from":{"type":"file"},"runtime":{"environment":"conda2py37-e4770087-6869-4d93-a575-f12a7a8558c8"}}},"attachments":[{"id":"6b248795-6df6-4f57-89f8-23d9445d2c9b","version":2,"asset_type":"notebook","name":"attachment for notebook 08273e53-0b05-41f9-b37e-038f0b6fdac3","description":"attachment for notebook 08273e53-0b05-41f9-b37e-038f0b6fdac3","mime":"application/json","datasource_type":"193a97c1-4475-4a19-b90c-295c4fdc6517","object_key":"notebook/Data_Manipulation_1XjhAvtmW.ipynb","creator_id":"IBMid-550003P291","create_time":1607534016029,"size":39569,"is_remote":false,"is_managed":false,"is_referenced":true,"is_object_key_read_only":false,"is_user_provided_path_key":true,"transfer_complete":true,"is_partitioned":false,"complete_time_ticks":1607534016029,"user_data":{},"test_doc":0,"handle":{"bucket":"salesandoperationsplanning-donotdelete-pr-zedg0w3lsgvcyx","location":"us-geo","key":"notebook/Data_Manipulation_1XjhAvtmW.ipynb","upload_id":"done","max_part_num":1},"usage":{"access_count":0,"last_accessor_id":"IBMid-550003P291","last_access_time":1607534016029}}]}
