{"metadata":{"asset_id":"32202e8e-ff65-40ba-b540-5c291ecbdba6","asset_attributes":["notebook","location_definition"],"name":"Data_Manipulation","asset_type":"notebook","created_at":"2025-05-05T09:36:55Z","description":"","origin_country":"us","owner_id":"IBMid-270006YQEG","project_id":"3ead9936-1957-4c98-acbb-2db4f27f3e80","size":48176,"tags":["notebook"],"usage":{"last_update_time":1746635129840,"last_updated_at":"2025-05-07T16:25:29Z"}},"entity":{"notebook":{"kernel":{"name":"python3","display_name":"Python 3.11","language":"python"},"originates_from":{"type":"file"},"runtime":{"environment":"rt241pys1-3ead9936-1957-4c98-acbb-2db4f27f3e80"}},"location_definition":{"physical_location_code":"DAL","physical_location_code_assigned_by":"IBMid-270006YQEG","physical_location_code_rds_id":"c57cb90f-2126-3800-9c9f-9eab82021cdf","physical_location_code_rds_version":"20ed74f5-e315-4de9-b9e6-3282d11fc236_1","physical_location_code_assignment_method":"INFERRED","physical_location_code_added_on":"1746437805660"}},"attachments":[{"id":"9b70b5b1-239d-4a89-9aa2-b9b73636df97","version":2,"asset_type":"notebook","name":"attachment for notebook 32202e8e-ff65-40ba-b540-5c291ecbdba6","description":"attachment for notebook 32202e8e-ff65-40ba-b540-5c291ecbdba6","mime":"application/json","datasource_type":"193a97c1-4475-4a19-b90c-295c4fdc6517","object_key":"notebook/Data_Manipulation_1XjhAvtmW.ipynb","creator_id":"IBMid-270006YQEG","create_time":1746437816170,"size":48176,"is_remote":false,"is_managed":false,"is_referenced":true,"is_object_key_read_only":false,"is_user_provided_path_key":true,"transfer_complete":true,"is_partitioned":false,"complete_time_ticks":1746437816170,"user_data":{},"test_doc":0,"handle":{"bucket":"salesandoperationsplanning-donotdelete-pr-sz4rx7ozdednbk","location":"us-south","type":"bluemix_cos","key":"notebook/Data_Manipulation_1XjhAvtmW.ipynb","upload_id":"done","max_part_num":1},"usage":{"access_count":6,"last_accessor_id":"IBMid-270006YQEG","last_access_time":1746635129839,"last_updater_id":"IBMid-270006YQEG","last_update_time":1746635129839}}]}
