{"metadata":{"asset_id":"7410ffe7-f13d-459b-8840-bdaba94ac6fe","asset_attributes":["notebook","location_definition"],"name":"Model_Building","asset_type":"notebook","created_at":"2025-05-05T09:36:55Z","description":"","origin_country":"us","owner_id":"IBMid-270006YQEG","project_id":"3ead9936-1957-4c98-acbb-2db4f27f3e80","size":67633,"tags":["notebook"],"usage":{"last_update_time":1746781823489,"last_updated_at":"2025-05-09T09:10:23Z"}},"entity":{"notebook":{"kernel":{"name":"python3","display_name":"Python 3.11","language":"python"},"originates_from":{"type":"file"},"runtime":{"environment":"rt241xcs2-3ead9936-1957-4c98-acbb-2db4f27f3e80"}},"location_definition":{"physical_location_code":"DAL","physical_location_code_assigned_by":"IBMid-270006YQEG","physical_location_code_rds_id":"c57cb90f-2126-3800-9c9f-9eab82021cdf","physical_location_code_rds_version":"20ed74f5-e315-4de9-b9e6-3282d11fc236_1","physical_location_code_assignment_method":"INFERRED","physical_location_code_added_on":"1746437805660"}},"attachments":[{"id":"c852d417-04e1-4530-a25f-c325b46dbaa3","version":2,"asset_type":"notebook","name":"attachment for notebook 7410ffe7-f13d-459b-8840-bdaba94ac6fe","description":"attachment for notebook 7410ffe7-f13d-459b-8840-bdaba94ac6fe","mime":"application/json","datasource_type":"193a97c1-4475-4a19-b90c-295c4fdc6517","object_key":"notebook/Model_Building_JtB210ymo.ipynb","creator_id":"IBMid-270006YQEG","create_time":1746437815953,"size":67633,"is_remote":false,"is_managed":false,"is_referenced":true,"is_object_key_read_only":false,"is_user_provided_path_key":true,"transfer_complete":true,"is_partitioned":false,"complete_time_ticks":1746437815953,"user_data":{},"test_doc":0,"handle":{"bucket":"salesandoperationsplanning-donotdelete-pr-sz4rx7ozdednbk","location":"us-south","type":"bluemix_cos","key":"notebook/Model_Building_JtB210ymo.ipynb","upload_id":"done","max_part_num":1},"usage":{"access_count":12,"last_accessor_id":"IBMid-270006YQEG","last_access_time":1746781823488,"last_updater_id":"IBMid-270006YQEG","last_update_time":1746781823488}}]}
