{"metadata":{"asset_id":"bb50deda-54af-4776-b337-42990c5308b3","asset_attributes":["notebook"],"name":"Data_Manipulation","asset_type":"notebook","created_at":"2023-11-30T09:20:21Z","description":"","origin_country":"us","owner_id":"IBMid-270006YQEG","project_id":"1c3651a4-15dd-45eb-b8d5-1f1d204e1117","size":46993,"tags":["notebook"],"usage":{"last_update_time":1704794599050,"last_updated_at":"2024-01-09T10:03:19Z"}},"entity":{"notebook":{"kernel":{"name":"python3","display_name":"Python 3.10","language":"python"},"originates_from":{"type":"file"},"runtime":{"environment":"rt231pys1-1c3651a4-15dd-45eb-b8d5-1f1d204e1117"}},"location_definition":{"physical_location_code":"DAL","physical_location_code_assigned_by":"IBMid-270006YQEG","physical_location_code_rds_id":"c57cb90f-2126-3800-9c9f-9eab82021cdf","physical_location_code_rds_version":"20ed74f5-e315-4de9-b9e6-3282d11fc236_1","physical_location_code_assignment_method":"INFERRED","physical_location_code_added_on":"1701336012908"}},"attachments":[{"id":"b809cfef-bba4-429d-a5fc-d59ae5cdccb2","version":2,"asset_type":"notebook","name":"attachment for notebook bb50deda-54af-4776-b337-42990c5308b3","description":"attachment for notebook bb50deda-54af-4776-b337-42990c5308b3","mime":"application/json","datasource_type":"193a97c1-4475-4a19-b90c-295c4fdc6517","object_key":"notebook/Data_Manipulation_1XjhAvtmW.ipynb","creator_id":"IBMid-270006YQEG","create_time":1701336022253,"size":46993,"is_remote":false,"is_managed":false,"is_referenced":true,"is_object_key_read_only":false,"is_user_provided_path_key":true,"transfer_complete":true,"is_partitioned":false,"complete_time_ticks":1701336022253,"user_data":{},"test_doc":0,"handle":{"bucket":"salesandoperationsplanning-donotdelete-pr-hm5bwssb3xzl0n","location":"us-south","type":"bluemix_cos","key":"notebook/Data_Manipulation_1XjhAvtmW.ipynb","upload_id":"done","max_part_num":1},"usage":{"access_count":7,"last_accessor_id":"IBMid-270006YQEG","last_access_time":1704794597196,"last_updater_id":"IBMid-270006YQEG","last_update_time":1704794597196}}]}
