{"metadata":{"asset_id":"c34596dc-a88b-4090-851e-4bcbea6a6843","asset_attributes":["notebook"],"name":"Data_Manipulation","asset_type":"notebook","created_at":"2021-10-01T18:53:03Z","description":"","origin_country":"us","owner_id":"iam-ServiceId-9e68bc5f-c5f6-4f6f-8bcf-e57f47b9d1b1","project_id":"d587bc79-5755-402a-a13e-6d585217def5","size":39611,"tags":["notebook"],"usage":{"last_update_time":1633118184411,"last_updated_at":"2021-10-01T19:56:24Z"}},"entity":{"notebook":{"kernel":{"name":"python3","display_name":"Python 3.8","language":"python"},"originates_from":{"type":"file"},"runtime":{"environment":"conda2py38-d587bc79-5755-402a-a13e-6d585217def5"}}},"attachments":[{"id":"f9b4c442-3e50-4793-9200-18a995b40f1c","version":2,"asset_type":"notebook","name":"attachment for notebook c34596dc-a88b-4090-851e-4bcbea6a6843","description":"attachment for notebook c34596dc-a88b-4090-851e-4bcbea6a6843","mime":"application/json","datasource_type":"193a97c1-4475-4a19-b90c-295c4fdc6517","object_key":"notebook/Data_Manipulation_1XjhAvtmW.ipynb","creator_id":"IBMid-550003P291","create_time":1633114384292,"size":39611,"is_remote":false,"is_managed":false,"is_referenced":true,"is_object_key_read_only":false,"is_user_provided_path_key":true,"transfer_complete":true,"is_partitioned":false,"complete_time_ticks":1633114384292,"user_data":{},"test_doc":0,"handle":{"bucket":"salesandoperationsplanning-donotdelete-pr-gkpbirirs3gks5","location":"us-geo","key":"notebook/Data_Manipulation_1XjhAvtmW.ipynb","upload_id":"done","max_part_num":1},"usage":{"access_count":0,"last_accessor_id":"IBMid-550003P291","last_access_time":1633114384292}}]}
