{"metadata":{"asset_id":"f4cd5b6e-1ac3-4184-816f-13f1350f6057","asset_attributes":["data_asset"],"name":"sample_application.zip","asset_type":"data_asset","created_at":"2021-07-21T20:58:41Z","description":"","origin_country":"us","owner_id":"IBMid-550003P291","project_id":"6d66a632-565d-48a3-b9d5-8ab4fca9d8e5","size":60984,"tags":[],"usage":{"last_update_time":1626901122755,"last_updated_at":"2021-07-21T20:58:42Z"}},"entity":{"data_asset":{"mime_type":"application/zip","dataset":false}},"attachments":[{"id":"8caf8c7d-682d-4af1-aeab-29f6d5b5810b","version":2,"asset_type":"data_asset","name":"sample_application.zip","mime":"application/zip","datasource_type":"193a97c1-4475-4a19-b90c-295c4fdc6517","object_key":"sample_application.zip","creator_id":"iam-ServiceId-f49c5558-c247-4983-a04f-7d3c7a3d55da","create_time":1626901122644,"size":60984,"is_remote":false,"is_managed":false,"is_referenced":true,"is_object_key_read_only":false,"is_user_provided_path_key":true,"transfer_complete":true,"is_partitioned":false,"complete_time_ticks":1626901122644,"user_data":{},"test_doc":0,"handle":{"bucket":"intelligentmaintenace-donotdelete-pr-oig7f6npdagctl","location":"us-geo","key":"sample_application.zip","upload_id":"done","max_part_num":1},"usage":{"access_count":0,"last_accessor_id":"iam-ServiceId-f49c5558-c247-4983-a04f-7d3c7a3d55da","last_access_time":1626901122644}}]}
