{"metadata":{"asset_id":"4d4f1ba6-ea56-4847-9b02-24420101fcd2","asset_attributes":["data_asset","data_profile_uda"],"name":"Intelligent Maintenance.pdf","asset_type":"data_asset","created_at":"2021-08-03T18:44:33Z","description":"","origin_country":"us","owner_id":"IBMid-550003P291","project_id":"6d66a632-565d-48a3-b9d5-8ab4fca9d8e5","size":261135,"tags":[],"usage":{"last_update_time":1628016275132,"last_updated_at":"2021-08-03T18:44:35Z"}},"entity":{"data_asset":{"mime_type":"application/pdf","dataset":false},"data_profile_uda":{"status":"processing"}},"attachments":[{"id":"5a584365-3ab3-46ca-a436-294ac51f74aa","version":2,"asset_type":"data_asset","name":"Intelligent Maintenance.pdf","mime":"application/pdf","datasource_type":"193a97c1-4475-4a19-b90c-295c4fdc6517","object_key":"Intelligent Maintenance.pdf","creator_id":"IBMid-550003P291","create_time":1628016274023,"size":261135,"is_remote":false,"is_managed":false,"is_referenced":true,"is_object_key_read_only":true,"is_user_provided_path_key":true,"transfer_complete":true,"is_partitioned":false,"complete_time_ticks":1628016274023,"user_data":{},"test_doc":0,"handle":{"bucket":"intelligentmaintenace-donotdelete-pr-oig7f6npdagctl","location":"us-geo","key":"Intelligent Maintenance.pdf","upload_id":"done","max_part_num":1},"usage":{"access_count":0,"last_accessor_id":"IBMid-550003P291","last_access_time":1628016274023}}]}
