{"metadata":{"asset_id":"bd3a25fc-1e12-416d-b9a2-84752d411065","asset_attributes":["data_asset"],"name":"planned_production.csv","asset_type":"data_asset","created_at":"2021-07-21T20:58:41Z","description":"","origin_country":"us","owner_id":"IBMid-550003P291","project_id":"6d66a632-565d-48a3-b9d5-8ab4fca9d8e5","size":1260,"tags":[],"usage":{"last_update_time":1626901123732,"last_updated_at":"2021-07-21T20:58:43Z"}},"entity":{"data_asset":{"mime_type":"text/csv","dataset":false}},"attachments":[{"id":"8d6f4f51-1b48-4e91-ac1a-42ec42c7703f","version":2,"asset_type":"data_asset","name":"planned_production.csv","mime":"text/csv","datasource_type":"193a97c1-4475-4a19-b90c-295c4fdc6517","object_key":"planned_production.csv","creator_id":"iam-ServiceId-f49c5558-c247-4983-a04f-7d3c7a3d55da","create_time":1626901121822,"size":1260,"is_remote":false,"is_managed":false,"is_referenced":true,"is_object_key_read_only":false,"is_user_provided_path_key":true,"transfer_complete":true,"is_partitioned":false,"complete_time_ticks":1626901121822,"user_data":{},"test_doc":0,"handle":{"bucket":"intelligentmaintenace-donotdelete-pr-oig7f6npdagctl","location":"us-geo","key":"planned_production.csv","upload_id":"done","max_part_num":1},"usage":{"access_count":0,"last_accessor_id":"iam-ServiceId-f49c5558-c247-4983-a04f-7d3c7a3d55da","last_access_time":1626901121822}}]}
