{"metadata":{"asset_id":"60095b64-9f95-432e-9094-13fe6107ff96","asset_attributes":["data_asset"],"name":"historical.csv","asset_type":"data_asset","created_at":"2021-07-21T20:58:40Z","description":"","origin_country":"us","owner_id":"IBMid-550003P291","project_id":"6d66a632-565d-48a3-b9d5-8ab4fca9d8e5","size":55693,"tags":[],"usage":{"last_update_time":1626901342064,"last_updated_at":"2021-07-21T21:02:22Z"}},"entity":{"data_asset":{"mime_type":"text/csv","dataset":false}},"attachments":[{"id":"41f1ea5d-2bc1-4e6f-a602-07c69afb34ad","version":2,"asset_type":"data_asset","name":"historical.csv","mime":"text/csv","datasource_type":"193a97c1-4475-4a19-b90c-295c4fdc6517","object_key":"historical.csv","creator_id":"iam-ServiceId-f49c5558-c247-4983-a04f-7d3c7a3d55da","create_time":1626901120980,"size":55693,"is_remote":false,"is_managed":false,"is_referenced":true,"is_object_key_read_only":false,"is_user_provided_path_key":true,"transfer_complete":true,"is_partitioned":false,"complete_time_ticks":1626901120980,"user_data":{},"test_doc":0,"handle":{"bucket":"intelligentmaintenace-donotdelete-pr-oig7f6npdagctl","location":"us-geo","key":"historical.csv","upload_id":"done","max_part_num":1},"usage":{"access_count":1,"last_accessor_id":"5aed55bb-db50-4f33-9ed5-342d3951e793","last_access_time":1626901342063,"last_updater_id":"5aed55bb-db50-4f33-9ed5-342d3951e793","last_update_time":1626901342063}}]}
