{"metadata":{"asset_id":"a8dd96e8-5817-46bb-8f35-8180f2cbb177","asset_attributes":["data_asset"],"name":"intelligent-maintenance-cloud-terms.csv","asset_type":"data_asset","created_at":"2021-07-21T20:58:40Z","description":"","origin_country":"us","owner_id":"IBMid-550003P291","project_id":"6d66a632-565d-48a3-b9d5-8ab4fca9d8e5","size":7721,"tags":[],"usage":{"last_update_time":1626901120944,"last_updated_at":"2021-07-21T20:58:40Z"}},"entity":{"data_asset":{"mime_type":"text/csv","dataset":false}},"attachments":[{"id":"07273e82-9475-41fc-84a3-053656e5c02f","version":2,"asset_type":"data_asset","name":"intelligent-maintenance-cloud-terms.csv","mime":"text/csv","datasource_type":"193a97c1-4475-4a19-b90c-295c4fdc6517","object_key":"intelligent-maintenance-cloud-terms.csv","creator_id":"iam-ServiceId-f49c5558-c247-4983-a04f-7d3c7a3d55da","create_time":1626901120815,"size":7721,"is_remote":false,"is_managed":false,"is_referenced":true,"is_object_key_read_only":false,"is_user_provided_path_key":true,"transfer_complete":true,"is_partitioned":false,"complete_time_ticks":1626901120815,"user_data":{},"test_doc":0,"handle":{"bucket":"intelligentmaintenace-donotdelete-pr-oig7f6npdagctl","location":"us-geo","key":"intelligent-maintenance-cloud-terms.csv","upload_id":"done","max_part_num":1},"usage":{"access_count":0,"last_accessor_id":"iam-ServiceId-f49c5558-c247-4983-a04f-7d3c7a3d55da","last_access_time":1626901120815}}]}
