[{"decision":{"name":"PredictiveMaintenance","description":"","spaceId":"647c4c2b-a83e-447f-b617-462806bf1ba5","creator":"IBMid-550003P291","createdAt":1627531378000,"usage":{"lastModificationTime":1627531390000,"lastModifier":"IBMid-550003P291"},"_id":"c18a913c-d9a6-481e-b575-49fe2d7e5947"},"scenarios":[{"qualifiers":[{"name":"modelType","value":"python"},{"name":"modelMetadata","value":"{\"creationTime\":1619459664231}"}],"name":"Scenario 1","description":"","category":"scenario","readOnly":false,"creator":"IBMid-550003P291","createdAt":1626901126000,"usage":{"lastModificationTime":1626901126000,"lastModifier":"iam-ServiceId-c2eabb5c-a2d7-4580-a867-9bb90f33e208"},"dataUsagePerCategory":{"output":{"lastModificationTime":1626901125851,"lastModifier":"IBMid-550003P291"},"input":{"lastModificationTime":1626901125851,"lastModifier":"IBMid-550003P291"},"model":{"lastModificationTime":1626901125851,"lastModifier":"IBMid-550003P291"}},"tables":[{"name":"production","category":"output","creator":"IBMid-550003P291","createdAt":1626901125851,"lastUpdater":"IBMid-550003P291","updatedAt":1626901125851,"checksum":"4B67285477CA7C2A145C98E1683AC2AB","attachmentKey":"b27f9d6f-e935-4b66-9fa2-e98bb7ce8d29","tableType":{"columns":[{"key":"production","dataType":"Number"},{"key":"machine","dataType":"String"},{"key":"day","dataType":"String"}]},"numberOfRows":75},{"name":"cost_maintenance","category":"output","creator":"IBMid-550003P291","createdAt":1626901125851,"lastUpdater":"IBMid-550003P291","updatedAt":1626901125851,"checksum":"E669D389C5AB29C0C8AD62106D557548","attachmentKey":"0959df56-5065-4e23-bfe5-6cec881ea7c0","tableType":{"columns":[{"key":"machine","dataType":"String"},{"key":"day","dataType":"String"},{"key":"cost_maintenance","dataType":"Number"}]},"numberOfRows":75},{"name":"maint_kpis","category":"output","creator":"IBMid-550003P291","createdAt":1626901125851,"lastUpdater":"IBMid-550003P291","updatedAt":1626901125851,"checksum":"D581677AC2BEA97176045DEE4FBAF166","attachmentKey":"34eb7053-9a28-4bef-895e-56262e135c0d","tableType":{"columns":[{"key":"kpi","dataType":"String"},{"key":"value","dataType":"Number"}]},"numberOfRows":5},{"name":"cumul_failure","category":"output","creator":"IBMid-550003P291","createdAt":1626901125851,"lastUpdater":"IBMid-550003P291","updatedAt":1626901125851,"checksum":"275CE01E55CBF6ECC10C9536FC0FBB79","attachmentKey":"2aedb86e-d4c4-498e-b58f-eec77a1fe103","tableType":{"columns":[{"key":"failure","dataType":"Number"},{"key":"machine","dataType":"String"},{"key":"day","dataType":"String"}]},"numberOfRows":75},{"name":"fixed_maintenance","category":"input","creator":"IBMid-550003P291","createdAt":1626901125851,"lastUpdater":"IBMid-550003P291","updatedAt":1626901125851,"checksum":"EC54824149AAA199E14F4C41A4C3EDA0","attachmentKey":"5517198b-8258-4450-9634-0f4a441631f8","tableType":{"columns":[{"key":"machine","dataType":"String"},{"key":"day","dataType":"String"},{"key":"maintenance","dataType":"Number"}]},"numberOfRows":75},{"name":"predicted_failure","category":"input","creator":"IBMid-550003P291","createdAt":1626901125851,"lastUpdater":"IBMid-550003P291","updatedAt":1626901125851,"checksum":"F33EEA2D4178B438B9A4E65AFE174BEE","attachmentKey":"ddfa1792-9d21-427c-8bc9-1ca2d612c053","tableType":{"columns":[{"key":"machine","dataType":"String"},{"key":"day","dataType":"String"},{"key":"failure","dataType":"Number"}]},"numberOfRows":75},{"name":"planned_production","category":"input","creator":"IBMid-550003P291","createdAt":1626901125851,"lastUpdater":"IBMid-550003P291","updatedAt":1626901125851,"checksum":"D1432263E64F5547DEBB09E4318A0681","attachmentKey":"4465dac9-444b-4b2b-b5ef-6dcc462d3a3e","tableType":{"columns":[{"key":"machine","dataType":"String"},{"key":"day","dataType":"String"},{"key":"production","dataType":"Number"}]},"numberOfRows":75},{"name":"stats","category":"output","creator":"IBMid-550003P291","createdAt":1626901125851,"lastUpdater":"IBMid-550003P291","updatedAt":1626901125851,"checksum":"436CFCFD63CC229CCAAAF7DE4A6AC893","attachmentKey":"88d06d04-ebed-478c-b994-8a3b7f21c554","tableType":{"columns":[{"key":"Name","dataType":"String"},{"key":"Value","dataType":"String"}]},"numberOfRows":8},{"name":"machine","category":"input","creator":"IBMid-550003P291","createdAt":1626901125851,"lastUpdater":"IBMid-550003P291","updatedAt":1626901125851,"checksum":"490D342D4846AEAF6F7DA4B2668D1217","attachmentKey":"bec08128-92c3-4d4f-8752-1a2dc25b2b17","tableType":{"columns":[{"key":"id","dataType":"String"},{"key":"capacity","dataType":"Number"},{"key":"remaining life","dataType":"Number"},{"key":"cost of maintenance","dataType":"Number"},{"key":"maintenance loss","dataType":"Number"},{"key":"cost of repair","dataType":"Number"},{"key":"repair loss","dataType":"Number"},{"key":"loss per life day","dataType":"Number"},{"key":"production value unit","dataType":"Number"}]},"numberOfRows":5},{"name":"resource_load","category":"output","creator":"IBMid-550003P291","createdAt":1626901125851,"lastUpdater":"IBMid-550003P291","updatedAt":1626901125851,"checksum":"647F5F50C41CC79AD2304A05E77FF56F","attachmentKey":"e19d9f45-5672-443b-b640-abd465c79673","tableType":{"columns":[{"key":"day","dataType":"String"},{"key":"load","dataType":"Number"}]},"numberOfRows":15},{"name":"production_shortage","category":"output","creator":"IBMid-550003P291","createdAt":1626901125851,"lastUpdater":"IBMid-550003P291","updatedAt":1626901125851,"checksum":"BB7A946A1486FCDA532C88C4287C4759","attachmentKey":"f7240966-e9ea-4aac-85e8-b7413b62c1d4","tableType":{"columns":[{"key":"machine","dataType":"String"},{"key":"day","dataType":"String"},{"key":"production_shortage","dataType":"Number"}]},"numberOfRows":75},{"name":"kpis","category":"output","creator":"IBMid-550003P291","createdAt":1626901125851,"lastUpdater":"IBMid-550003P291","updatedAt":1626901125851,"checksum":"F5C7D4A551C3AB3C434CB211790AC620","attachmentKey":"0d3b5aab-a81f-43a9-aa69-505263693519","tableType":{"columns":[{"key":"kpi","dataType":"String"},{"key":"value","dataType":"Number"}]},"numberOfRows":3},{"name":"maintenance","category":"output","creator":"IBMid-550003P291","createdAt":1626901125851,"lastUpdater":"IBMid-550003P291","updatedAt":1626901125851,"checksum":"31F36F4B54FA7E193C7CB4FCF6E36E5D","attachmentKey":"8f0393f2-b0ae-419c-b0b3-c17e84ece3c7","tableType":{"columns":[{"key":"maintenance","dataType":"Number"},{"key":"machine","dataType":"String"},{"key":"day","dataType":"String"}]},"numberOfRows":75},{"name":"parameters","category":"input","creator":"IBMid-550003P291","createdAt":1626901125851,"lastUpdater":"IBMid-550003P291","updatedAt":1626901125851,"checksum":"183EB72B1A6F77465F2C582E77D2F60C","attachmentKey":"b1da4d07-3ab2-46b0-9439-aef1325c5592","tableType":{"columns":[{"key":"id","dataType":"String"},{"key":"value","dataType":"Number"}]},"numberOfRows":3},{"name":"day","category":"input","creator":"IBMid-550003P291","createdAt":1626901125851,"lastUpdater":"IBMid-550003P291","updatedAt":1626901125851,"checksum":"70A80C1779A0428FDF56126DFED6D651","attachmentKey":"a4325333-364e-4c80-993d-99326a7962c4","tableType":{"columns":[{"key":"id","dataType":"String"}]},"numberOfRows":15},{"name":"maintenance_cost_detail","category":"output","creator":"IBMid-550003P291","createdAt":1626901125851,"lastUpdater":"IBMid-550003P291","updatedAt":1626901125851,"checksum":"691A35545B6F7A4C85C8B7AF3120385A","attachmentKey":"a801b823-96ac-4d56-840a-5f4daf08dc29","tableType":{"columns":[{"key":"machine","dataType":"String"},{"key":"day","dataType":"String"},{"key":"fail_prod_cost","dataType":"Number"},{"key":"repair_cost","dataType":"Number"},{"key":"maint_cost","dataType":"Number"},{"key":"prod_cost","dataType":"Number"},{"key":"early_maint_cost","dataType":"Number"}]},"numberOfRows":5}],"assets":[{"name":"model.py","category":"model","creator":"IBMid-550003P291","createdAt":1626901125851,"lastUpdater":"IBMid-550003P291","updatedAt":1626901125851,"checksum":"AA06BB505B61AC14CC2CCCFBBCF2BBA0","attachmentKey":"3e22aa1c-3035-4c05-bfec-9975e392d257"},{"name":"log.txt","category":"output","creator":"IBMid-550003P291","createdAt":1626901125851,"lastUpdater":"IBMid-550003P291","updatedAt":1626901125851,"checksum":"D929CE00BD781B706DF567EA0F1E6879","attachmentKey":"925e9c4b-7579-4037-85ce-fed1eddb7a97"}],"solveStatus":{"creationTime":1626901125851,"lastModificationTime":1626901125851,"state":"TERMINATED","solveConfig":{"containerId":"Scenario 1","solveParameters":{}},"jobDetails":{"id":"b754baac-274c-43bf-8449-56a860ae51f0","createdAt":1604050667348,"startedAt":1604050688604,"endedAt":1604050696961,"submittedAt":1604050667348,"details":{"KPI.Cost":"2556.1","KPI.Total Planned Production":"7257","KPI.Total Production":"7105.0","MODEL_DETAIL_BOOLEAN_VARS":"75","MODEL_DETAIL_CONSTRAINTS":"100","MODEL_DETAIL_CONTINUOUS_VARS":"75","MODEL_DETAIL_INTEGER_VARS":"0","MODEL_DETAIL_KPIS":"[\"Cost\", \"Total Planned Production\", \"Total Production\"]","MODEL_DETAIL_NONZEROS":"305","MODEL_DETAIL_OBJECTIVE_SENSE":"minimize","MODEL_DETAIL_TYPE":"MILP","PROGRESS_BEST_OBJECTIVE":"2556.1","PROGRESS_BEST_OBJECTIVE.history":"[[1604050693.15, 2556.1]]","PROGRESS_CURRENT_OBJECTIVE":"2556.1","PROGRESS_CURRENT_OBJECTIVE.history":"[[1604050693.15, 2556.1]]","PROGRESS_GAP":"0.0","PROGRESS_GAP.history":"[[1604050693.15, 0.0]]","STAT.cplex.modelType":"MILP","STAT.cplex.size.booleanVariables":"75","STAT.cplex.size.constraints":"100","STAT.cplex.size.continousVariables":"75","STAT.cplex.size.integerVariables":"0","STAT.cplex.size.linearConstraints":"100","STAT.cplex.size.quadraticConstraints":"0","STAT.cplex.size.variables":"150"},"executionStatus":"PROCESSED","solveStatus":"OPTIMAL_SOLUTION","logTail":["[2020-10-30T09:38:12Z, INFO] * system is: Linux 64bit","[2020-10-30T09:38:12Z, INFO] * Python version 3.6.12, located at: /opt/conda/envs/py36/bin/python","[2020-10-30T09:38:12Z, INFO] * docplex is present, version is 2.15.194","[2020-10-30T09:38:12Z, INFO] * CPLEX library is present, version is 12.10.0.0, located at: /opt/ibm/wlp/usr/shared/resources/workers/docplex_v1210/lib/envs/py36/cplex","[2020-10-30T09:38:12Z, INFO] * pandas is present, version is 0.24.1","[2020-10-30T09:38:13Z, INFO] WARNING: Number of workers has been reduced to 1 to comply with platform limitations.","[2020-10-30T09:38:13Z, INFO] Version identifier: 12.10.0.0 | 2020-01-09 | 0d94640","[2020-10-30T09:38:13Z, INFO] CPXPARAM_Read_DataCheck                          1","[2020-10-30T09:38:13Z, INFO] CPXPARAM_Threads                                 1","[2020-10-30T09:38:13Z, INFO] CPXPARAM_RandomSeed                              201903125","[2020-10-30T09:38:13Z, INFO] Found incumbent of value 2556.100000 after 0.00 sec. (0.01 ticks)","[2020-10-30T09:38:13Z, INFO] Tried aggregator 1 time.","[2020-10-30T09:38:13Z, INFO] MIP Presolve eliminated 100 rows and 150 columns.","[2020-10-30T09:38:13Z, INFO] All rows and columns eliminated.","[2020-10-30T09:38:13Z, INFO] Presolve time = 0.00 sec. (0.07 ticks)","[2020-10-30T09:38:13Z, INFO] ","[2020-10-30T09:38:13Z, INFO] Root node processing (before b&c):","[2020-10-30T09:38:13Z, INFO]   Real time             =    0.00 sec. (0.09 ticks)","[2020-10-30T09:38:13Z, INFO] Sequential b&c:","[2020-10-30T09:38:13Z, INFO]   Real time             =    0.00 sec. (0.00 ticks)","[2020-10-30T09:38:13Z, INFO]                           ------------","[2020-10-30T09:38:13Z, INFO] Total (root+branch&cut) =    0.00 sec. (0.09 ticks)","[2020-10-30T09:38:13Z, INFO] * model PredictiveMaintenance solved with objective = 2556.100","[2020-10-30T09:38:13Z, INFO] *  KPI: Cost                     = 2556.100","[2020-10-30T09:38:13Z, INFO] *  KPI: Total Planned Production = 7257.000","[2020-10-30T09:38:13Z, INFO] *  KPI: Total Production         = 7105.000","[2020-10-30T09:38:13Z, INFO]                         kpi   value","[2020-10-30T09:38:13Z, INFO] 0                      Cost  2556.1","[2020-10-30T09:38:13Z, INFO] 1  Total Planned Production  7257.0","[2020-10-30T09:38:13Z, INFO] 2          Total Production  7105.0","[2020-10-30T09:38:13Z, INFO] cost_maintenance.csv","[2020-10-30T09:38:13Z, INFO] cumul_failure.csv","[2020-10-30T09:38:13Z, INFO] kpis.csv","[2020-10-30T09:38:13Z, INFO] maint_kpis.csv","[2020-10-30T09:38:13Z, INFO] maintenance.csv","[2020-10-30T09:38:13Z, INFO] production.csv","[2020-10-30T09:38:13Z, INFO] production_shortage.csv","[2020-10-30T09:38:13Z, INFO] resource_load.csv","[2020-10-30T09:38:13Z, INFO] maintenance_cost_detail.csv"]},"runtimeDetails":{"state":"STARTED"},"taskSetupMillis":6531,"taskSolveMillis":29423,"taskTearDownMillis":1,"jobSpaceId":"64b63982-ed8f-4aea-b6cc-8c02436288ec","jobId":"b754baac-274c-43bf-8449-56a860ae51f0","ping":1604050691493},"_id":"a566d4de-1a6d-45e9-8685-6832cf5c71e1"},{"qualifiers":[{"name":"modelType","value":"python"},{"name":"modelMetadata","value":"{\"creationTime\":1619459665679}"}],"name":"dashboard","description":"","category":"dashboard","readOnly":false,"creator":"IBMid-550003P291","createdAt":1626901128000,"usage":{"lastModificationTime":1626901129000,"lastModifier":"iam-ServiceId-c2eabb5c-a2d7-4580-a867-9bb90f33e208"},"dataUsagePerCategory":{"dashboard-file":{"lastModificationTime":1626901128407,"lastModifier":"IBMid-550003P291"}},"tables":[],"assets":[{"name":"dashboard.json","category":"dashboard-file","creator":"IBMid-550003P291","createdAt":1626901128407,"lastUpdater":"IBMid-550003P291","updatedAt":1626901128407,"checksum":"AA1EC95016315F6070B34DC6468D1DE0","attachmentKey":"7ca483ef-e425-4315-b803-c9973f23e903","contentType":"application/json"}],"_id":"ee43b2a3-76c9-402d-8e46-d766310306e6"},{"qualifiers":[{"name":"modelType","value":"python"},{"name":"modelMetadata","value":"{\"creationTime\":1619459662654}"}],"name":"Manual","description":"","category":"scenario","readOnly":false,"creator":"IBMid-550003P291","createdAt":1626901130000,"usage":{"lastModificationTime":1626901130000,"lastModifier":"iam-ServiceId-c2eabb5c-a2d7-4580-a867-9bb90f33e208"},"dataUsagePerCategory":{"output":{"lastModificationTime":1626901130506,"lastModifier":"IBMid-550003P291"},"input":{"lastModificationTime":1626901130506,"lastModifier":"IBMid-550003P291"},"model":{"lastModificationTime":1626901130506,"lastModifier":"IBMid-550003P291"}},"tables":[{"name":"production","category":"output","creator":"IBMid-550003P291","createdAt":1626901130506,"lastUpdater":"IBMid-550003P291","updatedAt":1626901130506,"checksum":"7DD4A9CCCA80C3DD6EC1659338D75223","attachmentKey":"435d860f-5ac4-4197-b961-7429b34fd09b","tableType":{"columns":[{"key":"production","dataType":"Number"},{"key":"machine","dataType":"String"},{"key":"day","dataType":"String"}]},"numberOfRows":75},{"name":"cost_maintenance","category":"output","creator":"IBMid-550003P291","createdAt":1626901130506,"lastUpdater":"IBMid-550003P291","updatedAt":1626901130506,"checksum":"5ECD9520D1D1F716082D8BF7AF675DE2","attachmentKey":"f2749c20-3581-47ea-bf56-34ccc7535e87","tableType":{"columns":[{"key":"machine","dataType":"String"},{"key":"day","dataType":"String"},{"key":"cost_maintenance","dataType":"Number"}]},"numberOfRows":75},{"name":"maint_kpis","category":"output","creator":"IBMid-550003P291","createdAt":1626901130506,"lastUpdater":"IBMid-550003P291","updatedAt":1626901130506,"checksum":"AF1EA293D0CADC39E4BB5502D6441317","attachmentKey":"816f2096-5c60-47fb-ad81-7e2526dc5da1","tableType":{"columns":[{"key":"kpi","dataType":"String"},{"key":"value","dataType":"Number"}]},"numberOfRows":5},{"name":"cumul_failure","category":"output","creator":"IBMid-550003P291","createdAt":1626901130506,"lastUpdater":"IBMid-550003P291","updatedAt":1626901130506,"checksum":"5BD74901C8088A8FF2701EBE8863A66B","attachmentKey":"b838ba52-ae33-4ded-a1c7-42c3faf06f77","tableType":{"columns":[{"key":"failure","dataType":"Number"},{"key":"machine","dataType":"String"},{"key":"day","dataType":"String"}]},"numberOfRows":75},{"name":"fixed_maintenance","category":"input","creator":"IBMid-550003P291","createdAt":1626901130506,"lastUpdater":"IBMid-550003P291","updatedAt":1626901130506,"checksum":"302B205986E466F423D72D76E1B29C9E","attachmentKey":"76e36f55-51e1-4a70-820c-5ae9c34762df","tableType":{"columns":[{"key":"machine","dataType":"String"},{"key":"day","dataType":"String"},{"key":"maintenance","dataType":"Number"}]},"numberOfRows":75},{"name":"predicted_failure","category":"input","creator":"IBMid-550003P291","createdAt":1626901130506,"lastUpdater":"IBMid-550003P291","updatedAt":1626901130506,"checksum":"8508652D3393FED479277CE95860703D","attachmentKey":"8eb951e9-d8e7-46b5-a259-9fab16f604d6","tableType":{"columns":[{"key":"machine","dataType":"String"},{"key":"day","dataType":"String"},{"key":"failure","dataType":"Number"}]},"numberOfRows":75},{"name":"planned_production","category":"input","creator":"IBMid-550003P291","createdAt":1626901130506,"lastUpdater":"IBMid-550003P291","updatedAt":1626901130506,"checksum":"D1432263E64F5547DEBB09E4318A0681","attachmentKey":"279c340c-4266-451a-a922-12da88a80a07","tableType":{"columns":[{"key":"machine","dataType":"String"},{"key":"day","dataType":"String"},{"key":"production","dataType":"Number"}]},"numberOfRows":75},{"name":"machine","category":"input","creator":"IBMid-550003P291","createdAt":1626901130506,"lastUpdater":"IBMid-550003P291","updatedAt":1626901130506,"checksum":"490D342D4846AEAF6F7DA4B2668D1217","attachmentKey":"b545bd94-e6eb-41a3-9200-d21a8cc4c025","tableType":{"columns":[{"key":"id","dataType":"String"},{"key":"capacity","dataType":"Number"},{"key":"remaining life","dataType":"Number"},{"key":"cost of maintenance","dataType":"Number"},{"key":"maintenance loss","dataType":"Number"},{"key":"cost of repair","dataType":"Number"},{"key":"repair loss","dataType":"Number"},{"key":"loss per life day","dataType":"Number"},{"key":"production value unit","dataType":"Number"}]},"numberOfRows":5},{"name":"production_shortage","category":"output","creator":"IBMid-550003P291","createdAt":1626901130506,"lastUpdater":"IBMid-550003P291","updatedAt":1626901130506,"checksum":"9CF0020F33CB310231E09A59562F2FDF","attachmentKey":"e0fdeeb9-ab08-4a86-9f00-e05971eda148","tableType":{"columns":[{"key":"machine","dataType":"String"},{"key":"day","dataType":"String"},{"key":"production_shortage","dataType":"Number"}]},"numberOfRows":75},{"name":"resource_load","category":"output","creator":"IBMid-550003P291","createdAt":1626901130506,"lastUpdater":"IBMid-550003P291","updatedAt":1626901130506,"checksum":"9D4A34E200779C0746C8E8E3270BE971","attachmentKey":"e328b617-d79b-4728-91e2-957a68cbde5b","tableType":{"columns":[{"key":"day","dataType":"String"},{"key":"load","dataType":"Number"}]},"numberOfRows":15},{"name":"kpis","category":"output","creator":"IBMid-550003P291","createdAt":1626901130506,"lastUpdater":"IBMid-550003P291","updatedAt":1626901130506,"checksum":"04312437431F97FD6CD63264F0C3A33E","attachmentKey":"15b2fb67-e489-4201-87a8-4a13445019b5","tableType":{"columns":[{"key":"kpi","dataType":"String"},{"key":"value","dataType":"Number"}]},"numberOfRows":3},{"name":"maintenance","category":"output","creator":"IBMid-550003P291","createdAt":1626901130506,"lastUpdater":"IBMid-550003P291","updatedAt":1626901130506,"checksum":"C025528D02AFA4ABACCCAF4F8884B947","attachmentKey":"2be99106-2a7e-4cd6-9d3c-1ec0aa3cd5a9","tableType":{"columns":[{"key":"maintenance","dataType":"Number"},{"key":"machine","dataType":"String"},{"key":"day","dataType":"String"}]},"numberOfRows":75},{"name":"parameters","category":"input","creator":"IBMid-550003P291","createdAt":1626901130506,"lastUpdater":"IBMid-550003P291","updatedAt":1626901130506,"checksum":"183EB72B1A6F77465F2C582E77D2F60C","attachmentKey":"f6de9edc-3f05-43a2-86be-3f172cfc3574","tableType":{"columns":[{"key":"id","dataType":"String"},{"key":"value","dataType":"Number"}]},"numberOfRows":3},{"name":"day","category":"input","creator":"IBMid-550003P291","createdAt":1626901130506,"lastUpdater":"IBMid-550003P291","updatedAt":1626901130506,"checksum":"70A80C1779A0428FDF56126DFED6D651","attachmentKey":"d84e5b4c-fd1c-44a5-9b1b-36c3eb7161ac","tableType":{"columns":[{"key":"id","dataType":"String"}]},"numberOfRows":15},{"name":"maintenance_cost_detail","category":"output","creator":"IBMid-550003P291","createdAt":1626901130506,"lastUpdater":"IBMid-550003P291","updatedAt":1626901130506,"checksum":"274EA952BD22942D30BEC1B039995F21","attachmentKey":"417b90e4-813f-4158-93fb-70b23a25d152","tableType":{"columns":[{"key":"machine","dataType":"String"},{"key":"day","dataType":"String"},{"key":"fail_prod_cost","dataType":"Number"},{"key":"repair_cost","dataType":"Number"},{"key":"maint_cost","dataType":"Number"},{"key":"prod_cost","dataType":"Number"},{"key":"early_maint_cost","dataType":"Number"}]},"numberOfRows":5}],"assets":[{"name":"model.py","category":"model","creator":"IBMid-550003P291","createdAt":1626901130506,"lastUpdater":"IBMid-550003P291","updatedAt":1626901130506,"checksum":"C5803A4993723A1F947514FB218089E9","attachmentKey":"59834e50-412f-4aa3-9a00-944bf3e77549"},{"name":"log.txt","category":"output","creator":"IBMid-550003P291","createdAt":1626901130506,"lastUpdater":"IBMid-550003P291","updatedAt":1626901130506,"checksum":"104819CF1174C5611C0729898AE9F4BE","attachmentKey":"bc360cee-ff8b-4be6-a8cf-a43cd2a4003d"}],"solveStatus":{"creationTime":1626901130506,"lastModificationTime":1626901130506,"state":"TERMINATED","solveConfig":{"containerId":"Manual","solveParameters":{"oaas.logAttachmentName":"log.txt"}},"jobDetails":{"id":"job.9f6ea3be-9c2c-41a5-9a3e-62bf927d3a0c","createdAt":1523327647641,"startedAt":1523327647740,"endedAt":1523327655074,"submittedAt":1523327647641,"updatedAt":1523327655074,"applicationVersionUsed":"1.0-R1-b4010","details":{"MODEL_DETAIL_BOOLEAN_VARS":"75","MODEL_DETAIL_KPIS":"[\"Cost\", \"Total Planned Production\", \"Total Production\"]","MODEL_DETAIL_CONTINUOUS_VARS":"75","MODEL_DETAIL_CONSTRAINTS":"100","MODEL_DETAIL_INTEGER_VARS":"0","MODEL_DETAIL_TYPE":"MILP","MODEL_DETAIL_NONZEROS":"305","PROGRESS_GAP":"0.0","PROGRESS_BEST_OBJECTIVE":"2667.0"},"systemDetails":{"worker.process.max.memory":"29360128","worker.cores.total":"32","worker.cores.default":"4","worker.process.cpu.set":"0,1,2,3,4,5,6,7,8,9,10,11,12,13,14,15,16,17,18,19","worker.heap.max":"262144","worker.data.read.bytes":"18464","worker.data.write.duration":"226","worker.processing.duration":"7317","worker.process.peak.swap":"0","worker.log.write.duration":"2","worker.process.processing.duration":"6852","worker.data.read.duration":"70","worker.jms.write.chars":"41875","worker.log.write.chars":"1054","worker.data.write.bytes":"8221","worker.heap.used":"123491","worker.process.peak.memory":"100856","worker.setup.duration":"24","worker.jms.write.duration":"25"},"executionStatus":"PROCESSED","solveStatus":"OPTIMAL_SOLUTION"},"taskSetupMillis":123,"taskSolveMillis":7525,"taskTearDownMillis":1,"jobId":"job.9f6ea3be-9c2c-41a5-9a3e-62bf927d3a0c","ping":0},"_id":"63c628ae-92ed-4ba2-8b5f-f375cbf336f0"},{"qualifiers":[{"name":"modelType","value":"python"},{"name":"modelMetadata","value":"{\"creationTime\":1619459653007}"}],"name":"Optimized","description":"","category":"scenario","readOnly":false,"creator":"IBMid-550003P291","createdAt":1626901132000,"usage":{"lastModificationTime":1626901132000,"lastModifier":"iam-ServiceId-c2eabb5c-a2d7-4580-a867-9bb90f33e208"},"dataUsagePerCategory":{"output":{"lastModificationTime":1626901132026,"lastModifier":"IBMid-550003P291"},"input":{"lastModificationTime":1626901132026,"lastModifier":"IBMid-550003P291"},"model":{"lastModificationTime":1626901132026,"lastModifier":"IBMid-550003P291"}},"tables":[{"name":"production","category":"output","creator":"IBMid-550003P291","createdAt":1626901132026,"lastUpdater":"IBMid-550003P291","updatedAt":1626901132026,"checksum":"C1E91C05E9177A24298D619F19809195","attachmentKey":"1553702a-07ba-4cec-a957-db0612fbbae1","tableType":{"columns":[{"key":"production","dataType":"Number"},{"key":"machine","dataType":"String"},{"key":"day","dataType":"String"}]},"numberOfRows":75},{"name":"cost_maintenance","category":"output","creator":"IBMid-550003P291","createdAt":1626901132026,"lastUpdater":"IBMid-550003P291","updatedAt":1626901132026,"checksum":"5ECD9520D1D1F716082D8BF7AF675DE2","attachmentKey":"ef6c5e4d-60c9-494d-a240-cce2afa8db0b","tableType":{"columns":[{"key":"machine","dataType":"String"},{"key":"day","dataType":"String"},{"key":"cost_maintenance","dataType":"Number"}]},"numberOfRows":75},{"name":"maint_kpis","category":"output","creator":"IBMid-550003P291","createdAt":1626901132026,"lastUpdater":"IBMid-550003P291","updatedAt":1626901132026,"checksum":"C2946D49089680975A5E01994A653291","attachmentKey":"b6c937ae-cd79-4fc4-bfff-65f8cd2a0f5f","tableType":{"columns":[{"key":"kpi","dataType":"String"},{"key":"value","dataType":"Number"}]},"numberOfRows":5},{"name":"cumul_failure","category":"output","creator":"IBMid-550003P291","createdAt":1626901132026,"lastUpdater":"IBMid-550003P291","updatedAt":1626901132026,"checksum":"5BD74901C8088A8FF2701EBE8863A66B","attachmentKey":"bd7bff41-fb99-4888-b4f6-76ad08dc329e","tableType":{"columns":[{"key":"failure","dataType":"Number"},{"key":"machine","dataType":"String"},{"key":"day","dataType":"String"}]},"numberOfRows":75},{"name":"fixed_maintenance","category":"input","creator":"IBMid-550003P291","createdAt":1626901132026,"lastUpdater":"IBMid-550003P291","updatedAt":1626901132026,"checksum":"0688FB2BC8FE4E32F56134E688993718","attachmentKey":"2af95e14-ddfa-48ff-ab51-d1f9464b3580","tableType":{"columns":[{"key":"machine","dataType":"String"},{"key":"day","dataType":"String"},{"key":"maintenance","dataType":"Number"}]},"numberOfRows":75},{"name":"predicted_failure","category":"input","creator":"IBMid-550003P291","createdAt":1626901132026,"lastUpdater":"IBMid-550003P291","updatedAt":1626901132026,"checksum":"8508652D3393FED479277CE95860703D","attachmentKey":"5b0b5b4c-c648-485e-9e98-70ad4728c768","tableType":{"columns":[{"key":"machine","dataType":"String"},{"key":"day","dataType":"String"},{"key":"failure","dataType":"Number"}]},"numberOfRows":75},{"name":"planned_production","category":"input","creator":"IBMid-550003P291","createdAt":1626901132026,"lastUpdater":"IBMid-550003P291","updatedAt":1626901132026,"checksum":"D1432263E64F5547DEBB09E4318A0681","attachmentKey":"33fc8483-d7db-46fc-a2c1-d856b9013a5f","tableType":{"columns":[{"key":"machine","dataType":"String"},{"key":"day","dataType":"String"},{"key":"production","dataType":"Number"}]},"numberOfRows":75},{"name":"machine","category":"input","creator":"IBMid-550003P291","createdAt":1626901132026,"lastUpdater":"IBMid-550003P291","updatedAt":1626901132026,"checksum":"490D342D4846AEAF6F7DA4B2668D1217","attachmentKey":"1df5a482-3e94-4059-ade5-ea79bad0e517","tableType":{"columns":[{"key":"id","dataType":"String"},{"key":"capacity","dataType":"Number"},{"key":"remaining life","dataType":"Number"},{"key":"cost of maintenance","dataType":"Number"},{"key":"maintenance loss","dataType":"Number"},{"key":"cost of repair","dataType":"Number"},{"key":"repair loss","dataType":"Number"},{"key":"loss per life day","dataType":"Number"},{"key":"production value unit","dataType":"Number"}]},"numberOfRows":5},{"name":"production_shortage","category":"output","creator":"IBMid-550003P291","createdAt":1626901132026,"lastUpdater":"IBMid-550003P291","updatedAt":1626901132026,"checksum":"B7B427B0E3031DBE34C81D7AD3391726","attachmentKey":"85c83d65-4d6f-4fd6-8f9c-7d762e4d0e1d","tableType":{"columns":[{"key":"machine","dataType":"String"},{"key":"day","dataType":"String"},{"key":"production_shortage","dataType":"Number"}]},"numberOfRows":75},{"name":"resource_load","category":"output","creator":"IBMid-550003P291","createdAt":1626901132026,"lastUpdater":"IBMid-550003P291","updatedAt":1626901132026,"checksum":"78DD0EF19D531FB7C1A223A50CCDB632","attachmentKey":"ebd51ea1-ef4f-444c-b184-d196f14f3f0d","tableType":{"columns":[{"key":"day","dataType":"String"},{"key":"load","dataType":"Number"}]},"numberOfRows":15},{"name":"maintenance","category":"output","creator":"IBMid-550003P291","createdAt":1626901132026,"lastUpdater":"IBMid-550003P291","updatedAt":1626901132026,"checksum":"20411BA918B1BB75FA4CD291E36E625E","attachmentKey":"4c6f9126-2cfd-47e8-8f3b-a7d7f8fd3a89","tableType":{"columns":[{"key":"maintenance","dataType":"Number"},{"key":"machine","dataType":"String"},{"key":"day","dataType":"String"}]},"numberOfRows":75},{"name":"kpis","category":"output","creator":"IBMid-550003P291","createdAt":1626901132026,"lastUpdater":"IBMid-550003P291","updatedAt":1626901132026,"checksum":"B5CA612FA3913CDE6E2CE65B16D0FA40","attachmentKey":"8d71f3b4-ce03-488f-890d-3fdf8e9e70aa","tableType":{"columns":[{"key":"kpi","dataType":"String"},{"key":"value","dataType":"Number"}]},"numberOfRows":3},{"name":"parameters","category":"input","creator":"IBMid-550003P291","createdAt":1626901132026,"lastUpdater":"IBMid-550003P291","updatedAt":1626901132026,"checksum":"BC28C8FBF49190BAADC4496AE079A8BE","attachmentKey":"3f1f3c97-05aa-4826-9c7e-e0c8772111e2","tableType":{"columns":[{"key":"id","dataType":"String"},{"key":"value","dataType":"Number"}]},"numberOfRows":3},{"name":"day","category":"input","creator":"IBMid-550003P291","createdAt":1626901132026,"lastUpdater":"IBMid-550003P291","updatedAt":1626901132026,"checksum":"70A80C1779A0428FDF56126DFED6D651","attachmentKey":"f4b0620c-d9c1-482e-8926-5bec21a0cfde","tableType":{"columns":[{"key":"id","dataType":"String"}]},"numberOfRows":15},{"name":"maintenance_cost_detail","category":"output","creator":"IBMid-550003P291","createdAt":1626901132026,"lastUpdater":"IBMid-550003P291","updatedAt":1626901132026,"checksum":"4D0ABDAFE90FFD4ACBBD5BCBAC4D7DDD","attachmentKey":"04bb6757-e4c1-4548-b49b-a38079977f2a","tableType":{"columns":[{"key":"machine","dataType":"String"},{"key":"day","dataType":"String"},{"key":"fail_prod_cost","dataType":"Number"},{"key":"repair_cost","dataType":"Number"},{"key":"maint_cost","dataType":"Number"},{"key":"prod_cost","dataType":"Number"},{"key":"early_maint_cost","dataType":"Number"}]},"numberOfRows":5}],"assets":[{"name":"model.py","category":"model","creator":"IBMid-550003P291","createdAt":1626901132026,"lastUpdater":"IBMid-550003P291","updatedAt":1626901132026,"checksum":"C5803A4993723A1F947514FB218089E9","attachmentKey":"2132dd03-4a58-4cd1-809f-f10358835fad"},{"name":"log.txt","category":"output","creator":"IBMid-550003P291","createdAt":1626901132026,"lastUpdater":"IBMid-550003P291","updatedAt":1626901132026,"checksum":"EFBED335A6B46C61F76CFA816A74FD73","attachmentKey":"7af94849-c98b-42a6-a604-22a465708465"}],"solveStatus":{"creationTime":1626901132026,"lastModificationTime":1626901132026,"state":"TERMINATED","solveConfig":{"containerId":"Optimized","solveParameters":{"oaas.logAttachmentName":"log.txt"}},"jobDetails":{"id":"job.2da3d796-a83e-42f1-842f-ca19247ac033","createdAt":1523327818362,"startedAt":1523327818466,"endedAt":1523327825518,"submittedAt":1523327818362,"updatedAt":1523327825518,"applicationVersionUsed":"1.0-R1-b4010","details":{"MODEL_DETAIL_BOOLEAN_VARS":"75","MODEL_DETAIL_KPIS":"[\"Cost\", \"Total Planned Production\", \"Total Production\"]","MODEL_DETAIL_CONTINUOUS_VARS":"75","MODEL_DETAIL_CONSTRAINTS":"95","MODEL_DETAIL_INTEGER_VARS":"0","PROGRESS_CURRENT_OBJECTIVE":"2256.7","KPI.Total Production":"7135.0","KPI.Total Planned Production":"7257","KPI._time":"0.008408069610595703","KPI.Cost":"2256.7","MODEL_DETAIL_TYPE":"MILP","MODEL_DETAIL_NONZEROS":"300","PROGRESS_GAP":"0.0","PROGRESS_BEST_OBJECTIVE":"2256.7"},"systemDetails":{"worker.process.max.memory":"29360128","worker.cores.total":"32","worker.cores.default":"4","worker.process.cpu.set":"0,1,2,3,4,5,6,7,8,9,10,11,12,13,14,15,16,17,18,19","worker.heap.max":"262144","worker.data.read.bytes":"18464","worker.data.write.duration":"271","worker.processing.duration":"7032","worker.process.peak.swap":"0","worker.log.write.duration":"2","worker.process.processing.duration":"6517","worker.data.read.duration":"56","worker.jms.write.chars":"41954","worker.log.write.chars":"1054","worker.data.write.bytes":"9395","worker.heap.used":"122634","worker.process.peak.memory":"98352","worker.setup.duration":"32","worker.jms.write.duration":"24"},"executionStatus":"PROCESSED","solveStatus":"OPTIMAL_SOLUTION"},"taskSetupMillis":117,"taskSolveMillis":7272,"taskTearDownMillis":0,"jobId":"job.2da3d796-a83e-42f1-842f-ca19247ac033","ping":0},"_id":"5c4ab455-90f8-4906-a28a-e3a658d9bf60"},{"qualifiers":[{"name":"modelType","value":"python"},{"name":"modelMetadata","value":"{\"creationTime\":1619459664231}"}],"name":"Optimized - NB","description":"","category":"scenario","lineage":"Scenario 1","readOnly":false,"creator":"IBMid-550003P291","createdAt":1626906593000,"usage":{"lastModificationTime":1626906606000,"lastModifier":"IBMid-550003P291"},"dataUsagePerCategory":{"output":{"lastModificationTime":1626906606051,"lastModifier":"IBMid-550003P291"},"input":{"lastModificationTime":1626906602429,"lastModifier":"IBMid-550003P291"},"model":{"lastModificationTime":1626901125851,"lastModifier":"IBMid-550003P291"}},"tables":[{"name":"fixed_maintenance","category":"input","creator":"IBMid-550003P291","createdAt":1626901125851,"lastUpdater":"IBMid-550003P291","updatedAt":1626906602429,"checksum":"0688FB2BC8FE4E32F56134E688993718","attachmentKey":"e9028865-852f-4a85-b02d-b1b5aeb0a1dd","tableType":{"columns":[{"key":"machine","dataType":"String"},{"key":"day","dataType":"String"},{"key":"maintenance","dataType":"Number"}]},"numberOfRows":75},{"name":"predicted_failure","category":"input","creator":"IBMid-550003P291","createdAt":1626901125851,"lastUpdater":"IBMid-550003P291","updatedAt":1626906599363,"checksum":"076A7DA11565BDC3E1E17E3B9EA9AD56","attachmentKey":"4fb1f993-1d28-4059-b5b0-0f8ff10f4ded","tableType":{"columns":[{"key":"machine","dataType":"String"},{"key":"day","dataType":"String"},{"key":"failure","dataType":"Number"}]},"numberOfRows":75},{"name":"planned_production","category":"input","creator":"IBMid-550003P291","createdAt":1626901125851,"lastUpdater":"IBMid-550003P291","updatedAt":1626906600776,"checksum":"D1432263E64F5547DEBB09E4318A0681","attachmentKey":"42dce462-a7b5-41cc-941a-4849a0beda37","tableType":{"columns":[{"key":"machine","dataType":"String"},{"key":"day","dataType":"String"},{"key":"production","dataType":"Number"}]},"numberOfRows":75},{"name":"machine","category":"input","creator":"IBMid-550003P291","createdAt":1626901125851,"lastUpdater":"IBMid-550003P291","updatedAt":1626906597767,"checksum":"490D342D4846AEAF6F7DA4B2668D1217","attachmentKey":"4dd5f269-a422-461e-a811-ea5eb5037f2e","tableType":{"columns":[{"key":"id","dataType":"String"},{"key":"capacity","dataType":"Number"},{"key":"remaining life","dataType":"Number"},{"key":"cost of maintenance","dataType":"Number"},{"key":"maintenance loss","dataType":"Number"},{"key":"cost of repair","dataType":"Number"},{"key":"repair loss","dataType":"Number"},{"key":"loss per life day","dataType":"Number"},{"key":"production value unit","dataType":"Number"}]},"numberOfRows":5},{"name":"parameters","category":"input","creator":"IBMid-550003P291","createdAt":1626901125851,"lastUpdater":"IBMid-550003P291","updatedAt":1626906601557,"checksum":"BC28C8FBF49190BAADC4496AE079A8BE","attachmentKey":"2f112efe-5f74-4ca7-8157-3f4992d6f71c","tableType":{"columns":[{"key":"id","dataType":"String"},{"key":"value","dataType":"Number"}]},"numberOfRows":3},{"name":"day","category":"input","creator":"IBMid-550003P291","createdAt":1626901125851,"lastUpdater":"IBMid-550003P291","updatedAt":1626906596926,"checksum":"70A80C1779A0428FDF56126DFED6D651","attachmentKey":"3d858f05-8d02-4bf3-b0b3-98b1d49eac90","tableType":{"columns":[{"key":"id","dataType":"String"}]},"numberOfRows":15}],"assets":[{"name":"model.py","category":"model","creator":"IBMid-550003P291","createdAt":1626901125851,"lastUpdater":"IBMid-550003P291","updatedAt":1626901125851,"checksum":"AA06BB505B61AC14CC2CCCFBBCF2BBA0","attachmentKey":"9a87066b-59cb-407a-bfb5-db81b1d96e94/2623e0cc-132a-4c06-8567-72563fffd936"}],"solveStatus":{"creationTime":1626906603155,"lastModificationTime":1626906606230,"state":"FAILED","error":"Unable to submit job for scenario Optimized - NB: Undefined WML space for container  ","solveConfig":{"containerId":"Optimized - NB","solveParameters":{}},"runtimeDetails":{"state":"FAILED","message":"Cannot deploy model to WML"},"taskSetupMillis":0,"taskSolveMillis":0,"taskTearDownMillis":0,"ping":1626906604060},"_id":"9a87066b-59cb-407a-bfb5-db81b1d96e94"},{"qualifiers":[{"name":"modelType","value":"python"},{"name":"modelMetadata","value":"{\"creationTime\":1619459664231}"}],"name":"Predicted-30-15-03-1","description":"","category":"scenario","lineage":"Scenario 1","readOnly":false,"creator":"IBMid-550003P291","createdAt":1626906919000,"usage":{"lastModificationTime":1626906984000,"lastModifier":"IBMid-550003P291"},"dataUsagePerCategory":{"output":{"lastModificationTime":1626906978721,"lastModifier":"IBMid-550003P291"},"input":{"lastModificationTime":1626906968862,"lastModifier":"IBMid-550003P291"},"model":{"lastModificationTime":1626901125851,"lastModifier":"IBMid-550003P291"}},"tables":[{"name":"fixed_maintenance","category":"input","creator":"IBMid-550003P291","createdAt":1626901125851,"lastUpdater":"IBMid-550003P291","updatedAt":1626906968862,"checksum":"B3FC14AFF895B4E659851FF6CAC35DBC","attachmentKey":"456e30aa-a765-45ea-81d1-7dba8e956923","tableType":{"columns":[{"key":"machine","dataType":"String"},{"key":"day","dataType":"String"},{"key":"maintenance","dataType":"Number"}]},"numberOfRows":450},{"name":"predicted_failure","category":"input","creator":"IBMid-550003P291","createdAt":1626901125851,"lastUpdater":"IBMid-550003P291","updatedAt":1626906941791,"checksum":"CA69E1C14F9FB5494B7530322AB745F8","attachmentKey":"f35a05e5-61eb-41c9-9029-abbe02bfe8f9","tableType":{"columns":[{"key":"machine","dataType":"String"},{"key":"day","dataType":"String"},{"key":"failure","dataType":"Number"}]},"numberOfRows":450},{"name":"planned_production","category":"input","creator":"IBMid-550003P291","createdAt":1626901125851,"lastUpdater":"IBMid-550003P291","updatedAt":1626906953621,"checksum":"A39CEF23CA3DFA5BFEAAC382AB25833A","attachmentKey":"309b9e8f-29da-4222-a465-9c5e8b3746bd","tableType":{"columns":[{"key":"machine","dataType":"String"},{"key":"day","dataType":"String"},{"key":"production","dataType":"Number"}]},"numberOfRows":450},{"name":"machine","category":"input","creator":"IBMid-550003P291","createdAt":1626901125851,"lastUpdater":"IBMid-550003P291","updatedAt":1626906930918,"checksum":"C8B9780D606BAB6641E253C357BDB50A","attachmentKey":"1870b06e-4e39-40ec-97bd-befd3a67797f","tableType":{"columns":[{"key":"id","dataType":"String"},{"key":"capacity","dataType":"Number"},{"key":"remaining life","dataType":"Number"},{"key":"cost of maintenance","dataType":"Number"},{"key":"maintenance loss","dataType":"Number"},{"key":"cost of repair","dataType":"Number"},{"key":"repair loss","dataType":"Number"},{"key":"loss per life day","dataType":"Number"},{"key":"production value unit","dataType":"Number"}]},"numberOfRows":30},{"name":"parameters","category":"input","creator":"IBMid-550003P291","createdAt":1626901125851,"lastUpdater":"IBMid-550003P291","updatedAt":1626906964313,"checksum":"C15AD49AA39A7B3445EE8C4886DBDAEC","attachmentKey":"4c85d7b0-f090-43f4-bf4a-cc835283fb15","tableType":{"columns":[{"key":"id","dataType":"String"},{"key":"value","dataType":"Number"}]},"numberOfRows":3},{"name":"day","category":"input","creator":"IBMid-550003P291","createdAt":1626901125851,"lastUpdater":"IBMid-550003P291","updatedAt":1626906929316,"checksum":"70A80C1779A0428FDF56126DFED6D651","attachmentKey":"0f76c372-d333-465a-972e-9d7f8f1e9e8e","tableType":{"columns":[{"key":"id","dataType":"String"}]},"numberOfRows":15}],"assets":[{"name":"model.py","category":"model","creator":"IBMid-550003P291","createdAt":1626901125851,"lastUpdater":"IBMid-550003P291","updatedAt":1626901125851,"checksum":"AA06BB505B61AC14CC2CCCFBBCF2BBA0","attachmentKey":"e8f99d75-5d93-4fdc-9768-519e28d7fe58/a8717604-418b-4097-b627-2e68b7bf0c03"}],"solveStatus":{"creationTime":1626906976599,"lastModificationTime":1626906981035,"state":"FAILED","error":"Unable to submit job for scenario Predicted-30-15-03-1: Undefined WML space for container  ","solveConfig":{"containerId":"Predicted-30-15-03-1","solveParameters":{}},"runtimeDetails":{"state":"FAILED","message":"Cannot deploy model to WML"},"taskSetupMillis":0,"taskSolveMillis":0,"taskTearDownMillis":0,"ping":1626906977421},"_id":"e8f99d75-5d93-4fdc-9768-519e28d7fe58"},{"qualifiers":[{"name":"modelType","value":"python"},{"name":"modelMetadata","value":"{\"creationTime\":1619459664231}"}],"name":"Manual - NB","description":"","category":"scenario","lineage":"Scenario 1","readOnly":false,"creator":"IBMid-550003P291","createdAt":1626906575000,"usage":{"lastModificationTime":1626906588000,"lastModifier":"IBMid-550003P291"},"dataUsagePerCategory":{"output":{"lastModificationTime":1626906587480,"lastModifier":"IBMid-550003P291"},"input":{"lastModificationTime":1626906584601,"lastModifier":"IBMid-550003P291"},"model":{"lastModificationTime":1626901125851,"lastModifier":"IBMid-550003P291"}},"tables":[{"name":"fixed_maintenance","category":"input","creator":"IBMid-550003P291","createdAt":1626901125851,"lastUpdater":"IBMid-550003P291","updatedAt":1626906584601,"checksum":"25EEA2F387BC3BB594D3C1E43758F7DD","attachmentKey":"785fd5e6-279f-411d-b323-382c4cd09d2e","tableType":{"columns":[{"key":"machine","dataType":"String"},{"key":"day","dataType":"String"},{"key":"maintenance","dataType":"Number"}]},"numberOfRows":75},{"name":"predicted_failure","category":"input","creator":"IBMid-550003P291","createdAt":1626901125851,"lastUpdater":"IBMid-550003P291","updatedAt":1626906580247,"checksum":"076A7DA11565BDC3E1E17E3B9EA9AD56","attachmentKey":"ea5f327f-a494-42cc-b585-32786e8fed5f","tableType":{"columns":[{"key":"machine","dataType":"String"},{"key":"day","dataType":"String"},{"key":"failure","dataType":"Number"}]},"numberOfRows":75},{"name":"planned_production","category":"input","creator":"IBMid-550003P291","createdAt":1626901125851,"lastUpdater":"IBMid-550003P291","updatedAt":1626906580974,"checksum":"D1432263E64F5547DEBB09E4318A0681","attachmentKey":"7f1a6ffa-592d-4ba6-84a2-848e0c36fb1e","tableType":{"columns":[{"key":"machine","dataType":"String"},{"key":"day","dataType":"String"},{"key":"production","dataType":"Number"}]},"numberOfRows":75},{"name":"machine","category":"input","creator":"IBMid-550003P291","createdAt":1626901125851,"lastUpdater":"IBMid-550003P291","updatedAt":1626906579355,"checksum":"490D342D4846AEAF6F7DA4B2668D1217","attachmentKey":"ce717a4e-2ec3-408d-9dfd-e9b76c2d52ba","tableType":{"columns":[{"key":"id","dataType":"String"},{"key":"capacity","dataType":"Number"},{"key":"remaining life","dataType":"Number"},{"key":"cost of maintenance","dataType":"Number"},{"key":"maintenance loss","dataType":"Number"},{"key":"cost of repair","dataType":"Number"},{"key":"repair loss","dataType":"Number"},{"key":"loss per life day","dataType":"Number"},{"key":"production value unit","dataType":"Number"}]},"numberOfRows":5},{"name":"parameters","category":"input","creator":"IBMid-550003P291","createdAt":1626901125851,"lastUpdater":"IBMid-550003P291","updatedAt":1626906581897,"checksum":"183EB72B1A6F77465F2C582E77D2F60C","attachmentKey":"6c8db8ac-14c7-4ca3-bd50-4da17bf65542","tableType":{"columns":[{"key":"id","dataType":"String"},{"key":"value","dataType":"Number"}]},"numberOfRows":3},{"name":"day","category":"input","creator":"IBMid-550003P291","createdAt":1626901125851,"lastUpdater":"IBMid-550003P291","updatedAt":1626906578473,"checksum":"70A80C1779A0428FDF56126DFED6D651","attachmentKey":"0730ecec-6586-4f61-95aa-e34820c12328","tableType":{"columns":[{"key":"id","dataType":"String"}]},"numberOfRows":15}],"assets":[{"name":"model.py","category":"model","creator":"IBMid-550003P291","createdAt":1626901125851,"lastUpdater":"IBMid-550003P291","updatedAt":1626901125851,"checksum":"AA06BB505B61AC14CC2CCCFBBCF2BBA0","attachmentKey":"6653b632-6d6b-4b1e-befb-244b37feab7f/497a5911-8944-462e-9edd-033bc8a8b285"}],"solveStatus":{"creationTime":1626906585103,"lastModificationTime":1626906587845,"state":"FAILED","error":"Unable to submit job for scenario Manual - NB: Undefined WML space for container  ","solveConfig":{"containerId":"Manual - NB","solveParameters":{}},"runtimeDetails":{"state":"FAILED","message":"Cannot deploy model to WML"},"taskSetupMillis":0,"taskSolveMillis":0,"taskTearDownMillis":0,"ping":1626906585745},"_id":"6653b632-6d6b-4b1e-befb-244b37feab7f"},{"qualifiers":[{"name":"modelType","value":"python"},{"name":"modelMetadata","value":"{\"creationTime\":1619459664231}"}],"name":"Predicted-30-15-03-2","description":"","category":"scenario","lineage":"Scenario 1","readOnly":false,"creator":"IBMid-550003P291","createdAt":1626906994000,"usage":{"lastModificationTime":1626907002000,"lastModifier":"IBMid-550003P291"},"dataUsagePerCategory":{"output":{"lastModificationTime":1626907002586,"lastModifier":"IBMid-550003P291"},"input":{"lastModificationTime":1626907000364,"lastModifier":"IBMid-550003P291"},"model":{"lastModificationTime":1626901125851,"lastModifier":"IBMid-550003P291"}},"tables":[{"name":"fixed_maintenance","category":"input","creator":"IBMid-550003P291","createdAt":1626901125851,"lastUpdater":"IBMid-550003P291","updatedAt":1626907000364,"checksum":"B3FC14AFF895B4E659851FF6CAC35DBC","attachmentKey":"56239362-281b-4cd1-805c-bf7da942053d","tableType":{"columns":[{"key":"machine","dataType":"String"},{"key":"day","dataType":"String"},{"key":"maintenance","dataType":"Number"}]},"numberOfRows":450},{"name":"predicted_failure","category":"input","creator":"IBMid-550003P291","createdAt":1626901125851,"lastUpdater":"IBMid-550003P291","updatedAt":1626906998027,"checksum":"CA69E1C14F9FB5494B7530322AB745F8","attachmentKey":"14a0866d-28cf-40f8-9f0a-5c0060ad793d","tableType":{"columns":[{"key":"machine","dataType":"String"},{"key":"day","dataType":"String"},{"key":"failure","dataType":"Number"}]},"numberOfRows":450},{"name":"planned_production","category":"input","creator":"IBMid-550003P291","createdAt":1626901125851,"lastUpdater":"IBMid-550003P291","updatedAt":1626906998768,"checksum":"A39CEF23CA3DFA5BFEAAC382AB25833A","attachmentKey":"72429d0e-30cd-4d61-aace-addf3ebf7226","tableType":{"columns":[{"key":"machine","dataType":"String"},{"key":"day","dataType":"String"},{"key":"production","dataType":"Number"}]},"numberOfRows":450},{"name":"machine","category":"input","creator":"IBMid-550003P291","createdAt":1626901125851,"lastUpdater":"IBMid-550003P291","updatedAt":1626906997333,"checksum":"C8B9780D606BAB6641E253C357BDB50A","attachmentKey":"ae6e1f5f-8cf9-446c-aac7-3db3108900b6","tableType":{"columns":[{"key":"id","dataType":"String"},{"key":"capacity","dataType":"Number"},{"key":"remaining life","dataType":"Number"},{"key":"cost of maintenance","dataType":"Number"},{"key":"maintenance loss","dataType":"Number"},{"key":"cost of repair","dataType":"Number"},{"key":"repair loss","dataType":"Number"},{"key":"loss per life day","dataType":"Number"},{"key":"production value unit","dataType":"Number"}]},"numberOfRows":30},{"name":"parameters","category":"input","creator":"IBMid-550003P291","createdAt":1626901125851,"lastUpdater":"IBMid-550003P291","updatedAt":1626906999603,"checksum":"9BF506F7ABD4046BEF7A03A85A98E53C","attachmentKey":"9af80792-08d8-4126-bc37-8189a8b0ec17","tableType":{"columns":[{"key":"id","dataType":"String"},{"key":"value","dataType":"Number"}]},"numberOfRows":3},{"name":"day","category":"input","creator":"IBMid-550003P291","createdAt":1626901125851,"lastUpdater":"IBMid-550003P291","updatedAt":1626906996601,"checksum":"70A80C1779A0428FDF56126DFED6D651","attachmentKey":"8ed86cba-b773-4f1f-b413-ef2c36227ece","tableType":{"columns":[{"key":"id","dataType":"String"}]},"numberOfRows":15}],"assets":[{"name":"model.py","category":"model","creator":"IBMid-550003P291","createdAt":1626901125851,"lastUpdater":"IBMid-550003P291","updatedAt":1626901125851,"checksum":"AA06BB505B61AC14CC2CCCFBBCF2BBA0","attachmentKey":"a536d037-e9a0-40e0-844d-1377b104d98c/b0219dfb-5b33-454a-9cd3-ee79fbf04001"}],"solveStatus":{"creationTime":1626907000915,"lastModificationTime":1626907002710,"state":"FAILED","error":"Unable to submit job for scenario Predicted-30-15-03-2: Undefined WML space for container  ","solveConfig":{"containerId":"Predicted-30-15-03-2","solveParameters":{}},"runtimeDetails":{"state":"FAILED","message":"Cannot deploy model to WML"},"taskSetupMillis":0,"taskSolveMillis":0,"taskTearDownMillis":0,"ping":1626907001660},"_id":"a536d037-e9a0-40e0-844d-1377b104d98c"},{"qualifiers":[{"name":"modelType","value":"python"},{"name":"modelMetadata","value":"{\"creationTime\":1619459664231}"}],"name":"Predicted-30-15-02-2","description":"","category":"scenario","lineage":"Scenario 1","readOnly":false,"creator":"IBMid-550003P291","createdAt":1626906843000,"usage":{"lastModificationTime":1626906888000,"lastModifier":"IBMid-550003P291"},"dataUsagePerCategory":{"output":{"lastModificationTime":1626906870460,"lastModifier":"IBMid-550003P291"},"input":{"lastModificationTime":1626906859101,"lastModifier":"IBMid-550003P291"},"model":{"lastModificationTime":1626901125851,"lastModifier":"IBMid-550003P291"}},"tables":[{"name":"fixed_maintenance","category":"input","creator":"IBMid-550003P291","createdAt":1626901125851,"lastUpdater":"IBMid-550003P291","updatedAt":1626906859101,"checksum":"B3FC14AFF895B4E659851FF6CAC35DBC","attachmentKey":"e52c00a9-c6c4-4da4-9662-5375ff4a66bf","tableType":{"columns":[{"key":"machine","dataType":"String"},{"key":"day","dataType":"String"},{"key":"maintenance","dataType":"Number"}]},"numberOfRows":450},{"name":"predicted_failure","category":"input","creator":"IBMid-550003P291","createdAt":1626901125851,"lastUpdater":"IBMid-550003P291","updatedAt":1626906847240,"checksum":"CA69E1C14F9FB5494B7530322AB745F8","attachmentKey":"d1eeaf49-34a0-4563-8020-dfb712ecaa95","tableType":{"columns":[{"key":"machine","dataType":"String"},{"key":"day","dataType":"String"},{"key":"failure","dataType":"Number"}]},"numberOfRows":450},{"name":"planned_production","category":"input","creator":"IBMid-550003P291","createdAt":1626901125851,"lastUpdater":"IBMid-550003P291","updatedAt":1626906853543,"checksum":"A39CEF23CA3DFA5BFEAAC382AB25833A","attachmentKey":"903f2464-80ba-42e9-9a8f-85fb02fb29db","tableType":{"columns":[{"key":"machine","dataType":"String"},{"key":"day","dataType":"String"},{"key":"production","dataType":"Number"}]},"numberOfRows":450},{"name":"machine","category":"input","creator":"IBMid-550003P291","createdAt":1626901125851,"lastUpdater":"IBMid-550003P291","updatedAt":1626906846300,"checksum":"C8B9780D606BAB6641E253C357BDB50A","attachmentKey":"ffab313c-f9be-4e4c-97b3-2ba1c60536d8","tableType":{"columns":[{"key":"id","dataType":"String"},{"key":"capacity","dataType":"Number"},{"key":"remaining life","dataType":"Number"},{"key":"cost of maintenance","dataType":"Number"},{"key":"maintenance loss","dataType":"Number"},{"key":"cost of repair","dataType":"Number"},{"key":"repair loss","dataType":"Number"},{"key":"loss per life day","dataType":"Number"},{"key":"production value unit","dataType":"Number"}]},"numberOfRows":30},{"name":"parameters","category":"input","creator":"IBMid-550003P291","createdAt":1626901125851,"lastUpdater":"IBMid-550003P291","updatedAt":1626906856876,"checksum":"9411410488E52A6DB9916906036F44CE","attachmentKey":"a183bd77-d1da-437e-b917-2381e4a758d5","tableType":{"columns":[{"key":"id","dataType":"String"},{"key":"value","dataType":"Number"}]},"numberOfRows":3},{"name":"day","category":"input","creator":"IBMid-550003P291","createdAt":1626901125851,"lastUpdater":"IBMid-550003P291","updatedAt":1626906845558,"checksum":"70A80C1779A0428FDF56126DFED6D651","attachmentKey":"f7f032a7-a923-4af9-9602-59a3af238627","tableType":{"columns":[{"key":"id","dataType":"String"}]},"numberOfRows":15}],"assets":[{"name":"model.py","category":"model","creator":"IBMid-550003P291","createdAt":1626901125851,"lastUpdater":"IBMid-550003P291","updatedAt":1626901125851,"checksum":"AA06BB505B61AC14CC2CCCFBBCF2BBA0","attachmentKey":"d110345e-5641-4046-9227-1db544e4757f/1bb060d6-e03d-4a06-b883-cb2ef21ff70c"}],"solveStatus":{"creationTime":1626906861871,"lastModificationTime":1626906878349,"state":"FAILED","error":"Unable to submit job for scenario Predicted-30-15-02-2: Undefined WML space for container  ","solveConfig":{"containerId":"Predicted-30-15-02-2","solveParameters":{}},"runtimeDetails":{"state":"FAILED","message":"Cannot deploy model to WML"},"taskSetupMillis":0,"taskSolveMillis":0,"taskTearDownMillis":0,"ping":1626906866747},"_id":"d110345e-5641-4046-9227-1db544e4757f"},{"qualifiers":[{"name":"modelType","value":"python"},{"name":"modelMetadata","value":"{\"creationTime\":1619459664231}"}],"name":"Predicted-30-15-02-1","description":"","category":"scenario","lineage":"Scenario 1","readOnly":false,"creator":"IBMid-550003P291","createdAt":1626906830000,"usage":{"lastModificationTime":1626906839000,"lastModifier":"IBMid-550003P291"},"dataUsagePerCategory":{"output":{"lastModificationTime":1626906839411,"lastModifier":"IBMid-550003P291"},"input":{"lastModificationTime":1626906837433,"lastModifier":"IBMid-550003P291"},"model":{"lastModificationTime":1626901125851,"lastModifier":"IBMid-550003P291"}},"tables":[{"name":"fixed_maintenance","category":"input","creator":"IBMid-550003P291","createdAt":1626901125851,"lastUpdater":"IBMid-550003P291","updatedAt":1626906837433,"checksum":"B3FC14AFF895B4E659851FF6CAC35DBC","attachmentKey":"eca9dd44-d10c-4f64-90e5-d5d059c7f8ad","tableType":{"columns":[{"key":"machine","dataType":"String"},{"key":"day","dataType":"String"},{"key":"maintenance","dataType":"Number"}]},"numberOfRows":450},{"name":"predicted_failure","category":"input","creator":"IBMid-550003P291","createdAt":1626901125851,"lastUpdater":"IBMid-550003P291","updatedAt":1626906835019,"checksum":"CA69E1C14F9FB5494B7530322AB745F8","attachmentKey":"9021d19e-c5c7-46b3-9545-9fc8b961fd6e","tableType":{"columns":[{"key":"machine","dataType":"String"},{"key":"day","dataType":"String"},{"key":"failure","dataType":"Number"}]},"numberOfRows":450},{"name":"planned_production","category":"input","creator":"IBMid-550003P291","createdAt":1626901125851,"lastUpdater":"IBMid-550003P291","updatedAt":1626906835765,"checksum":"A39CEF23CA3DFA5BFEAAC382AB25833A","attachmentKey":"190c525f-807d-4cc8-a224-9f46039162f2","tableType":{"columns":[{"key":"machine","dataType":"String"},{"key":"day","dataType":"String"},{"key":"production","dataType":"Number"}]},"numberOfRows":450},{"name":"machine","category":"input","creator":"IBMid-550003P291","createdAt":1626901125851,"lastUpdater":"IBMid-550003P291","updatedAt":1626906834200,"checksum":"C8B9780D606BAB6641E253C357BDB50A","attachmentKey":"99385e2d-a801-4103-94ab-1aede102cb33","tableType":{"columns":[{"key":"id","dataType":"String"},{"key":"capacity","dataType":"Number"},{"key":"remaining life","dataType":"Number"},{"key":"cost of maintenance","dataType":"Number"},{"key":"maintenance loss","dataType":"Number"},{"key":"cost of repair","dataType":"Number"},{"key":"repair loss","dataType":"Number"},{"key":"loss per life day","dataType":"Number"},{"key":"production value unit","dataType":"Number"}]},"numberOfRows":30},{"name":"parameters","category":"input","creator":"IBMid-550003P291","createdAt":1626901125851,"lastUpdater":"IBMid-550003P291","updatedAt":1626906836584,"checksum":"4D474864D395CD7BF3A9007A9C1770AB","attachmentKey":"4f1b9a34-d2e9-4fa9-84cc-cd3c57f8f42f","tableType":{"columns":[{"key":"id","dataType":"String"},{"key":"value","dataType":"Number"}]},"numberOfRows":3},{"name":"day","category":"input","creator":"IBMid-550003P291","createdAt":1626901125851,"lastUpdater":"IBMid-550003P291","updatedAt":1626906833396,"checksum":"70A80C1779A0428FDF56126DFED6D651","attachmentKey":"3bbc5d2b-26d4-4816-a4f0-e56ec86b6222","tableType":{"columns":[{"key":"id","dataType":"String"}]},"numberOfRows":15}],"assets":[{"name":"model.py","category":"model","creator":"IBMid-550003P291","createdAt":1626901125851,"lastUpdater":"IBMid-550003P291","updatedAt":1626901125851,"checksum":"AA06BB505B61AC14CC2CCCFBBCF2BBA0","attachmentKey":"43347dec-ca0f-4d1e-8c5a-0f793f56787f/7df6b408-2e98-4913-9e37-219afe976f05"}],"solveStatus":{"creationTime":1626906837952,"lastModificationTime":1626906839719,"state":"FAILED","error":"Unable to submit job for scenario Predicted-30-15-02-1: Undefined WML space for container  ","solveConfig":{"containerId":"Predicted-30-15-02-1","solveParameters":{}},"runtimeDetails":{"state":"FAILED","message":"Cannot deploy model to WML"},"taskSetupMillis":0,"taskSolveMillis":0,"taskTearDownMillis":0,"ping":1626906838649},"_id":"43347dec-ca0f-4d1e-8c5a-0f793f56787f"}]}]
