{"metadata":{"asset_id":"19cbde71-993e-48c9-b0e6-8d35c9b99083","asset_attributes":["notebook"],"name":"0-PrepareHistorical","asset_type":"notebook","created_at":"2021-07-21T20:58:44Z","description":"","origin_country":"us","owner_id":"iam-ServiceId-9e68bc5f-c5f6-4f6f-8bcf-e57f47b9d1b1","project_id":"6d66a632-565d-48a3-b9d5-8ab4fca9d8e5","size":29992,"tags":["notebook"],"usage":{"last_update_time":1628011078413,"last_updated_at":"2021-08-03T17:17:58Z"}},"entity":{"notebook":{"kernel":{"name":"python3","display_name":"Python 3.7","language":"python"},"originates_from":{"type":"file"},"runtime":{"environment":"conda2py37oce-6d66a632-565d-48a3-b9d5-8ab4fca9d8e5"}}},"attachments":[{"id":"fe2d2f33-efdb-4c81-9e0f-133c216de76b","version":2,"asset_type":"notebook","name":"attachment for notebook 19cbde71-993e-48c9-b0e6-8d35c9b99083","description":"attachment for notebook 19cbde71-993e-48c9-b0e6-8d35c9b99083","mime":"application/json","datasource_type":"193a97c1-4475-4a19-b90c-295c4fdc6517","object_key":"notebook/0-PrepareHistorical_hejwUMLeH.ipynb","creator_id":"IBMid-550003P291","create_time":1626901125402,"size":29992,"is_remote":false,"is_managed":false,"is_referenced":true,"is_object_key_read_only":false,"is_user_provided_path_key":true,"transfer_complete":true,"is_partitioned":false,"complete_time_ticks":1626901125402,"user_data":{},"test_doc":0,"handle":{"bucket":"intelligentmaintenace-donotdelete-pr-oig7f6npdagctl","location":"us-geo","key":"notebook/0-PrepareHistorical_hejwUMLeH.ipynb","upload_id":"done","max_part_num":1},"usage":{"access_count":0,"last_accessor_id":"IBMid-550003P291","last_access_time":1626901125402}}]}
