{"metadata":{"asset_id":"1152388f-5ab8-422e-920c-6f4b731eb983","asset_attributes":["notebook"],"name":"2-CompareManualVsOptimizedNB","asset_type":"notebook","created_at":"2021-07-21T20:58:44Z","description":"","origin_country":"us","owner_id":"iam-ServiceId-9e68bc5f-c5f6-4f6f-8bcf-e57f47b9d1b1","project_id":"6d66a632-565d-48a3-b9d5-8ab4fca9d8e5","size":14456,"tags":["notebook"],"usage":{"last_update_time":1628011123306,"last_updated_at":"2021-08-03T17:18:43Z"}},"entity":{"notebook":{"kernel":{"name":"python3","display_name":"Python 3.7","language":"python"},"originates_from":{"type":"file"},"runtime":{"environment":"conda2py37oce-6d66a632-565d-48a3-b9d5-8ab4fca9d8e5"}}},"attachments":[{"id":"d3250136-1dc5-4efc-8e77-c1b008c218a7","version":2,"asset_type":"notebook","name":"attachment for notebook 1152388f-5ab8-422e-920c-6f4b731eb983","description":"attachment for notebook 1152388f-5ab8-422e-920c-6f4b731eb983","mime":"application/json","datasource_type":"193a97c1-4475-4a19-b90c-295c4fdc6517","object_key":"notebook/2-CompareManualVsOptimizedNB_iTX0_9k5Y.ipynb","creator_id":"IBMid-550003P291","create_time":1626901125833,"size":14456,"is_remote":false,"is_managed":false,"is_referenced":true,"is_object_key_read_only":false,"is_user_provided_path_key":true,"transfer_complete":true,"is_partitioned":false,"complete_time_ticks":1626901125833,"user_data":{},"test_doc":0,"handle":{"bucket":"intelligentmaintenace-donotdelete-pr-oig7f6npdagctl","location":"us-geo","key":"notebook/2-CompareManualVsOptimizedNB_iTX0_9k5Y.ipynb","upload_id":"done","max_part_num":1},"usage":{"access_count":0,"last_accessor_id":"IBMid-550003P291","last_access_time":1626901125833}}]}
