{"metadata":{"asset_id":"f7bd296a-d363-4683-9417-8545524fa4bf","asset_attributes":["notebook"],"name":"1-SolveNB","asset_type":"notebook","created_at":"2021-07-21T20:58:44Z","description":"","origin_country":"us","owner_id":"iam-ServiceId-9e68bc5f-c5f6-4f6f-8bcf-e57f47b9d1b1","project_id":"6d66a632-565d-48a3-b9d5-8ab4fca9d8e5","size":29557,"tags":["notebook"],"usage":{"last_update_time":1628010876926,"last_updated_at":"2021-08-03T17:14:36Z"}},"entity":{"notebook":{"kernel":{"name":"python3","display_name":"Python 3.7","language":"python"},"originates_from":{"type":"file"},"runtime":{"environment":"conda2py37oce-6d66a632-565d-48a3-b9d5-8ab4fca9d8e5"}}},"attachments":[{"id":"7559d86c-b021-4821-aa55-1fec3154b567","version":2,"asset_type":"notebook","name":"attachment for notebook f7bd296a-d363-4683-9417-8545524fa4bf","description":"attachment for notebook f7bd296a-d363-4683-9417-8545524fa4bf","mime":"application/json","datasource_type":"193a97c1-4475-4a19-b90c-295c4fdc6517","object_key":"notebook/1-SolveNB_4xUvePdW-.ipynb","creator_id":"IBMid-550003P291","create_time":1626901124559,"size":29557,"is_remote":false,"is_managed":false,"is_referenced":true,"is_object_key_read_only":false,"is_user_provided_path_key":true,"transfer_complete":true,"is_partitioned":false,"complete_time_ticks":1626901124559,"user_data":{},"test_doc":0,"handle":{"bucket":"intelligentmaintenace-donotdelete-pr-oig7f6npdagctl","location":"us-geo","key":"notebook/1-SolveNB_4xUvePdW-.ipynb","upload_id":"done","max_part_num":1},"usage":{"access_count":0,"last_accessor_id":"IBMid-550003P291","last_access_time":1626901124559}}]}
