{"metadata":{"asset_id":"1c3f147c-6aed-4915-902d-8920b219da29","asset_attributes":["wml_model"],"name":"Scenario1","asset_type":"wml_model","created_at":"2021-07-21T20:58:43Z","description":"","origin_country":"us","owner_id":"IBMid-550003P291","project_id":"6d66a632-565d-48a3-b9d5-8ab4fca9d8e5","sandbox_id":"6d66a632-565d-48a3-b9d5-8ab4fca9d8e5","size":6424,"tags":[],"usage":{"last_update_time":1626901124516,"last_updated_at":"2021-07-21T20:58:44Z"}},"entity":{"wml_model":{"software_spec":{"base_id":"9100fd72-8159-4eb9-8a0b-a87e12eefa36","name":"do_12.10"},"ml_version":"4.0.1","type":"do-docplex_12.10","schemas":{"input":[{"fields":[{"name":"id","type":"string"}],"id":"day.csv"},{"fields":[{"name":"machine","type":"string"},{"name":"day","type":"string"},{"name":"failure","type":"double"}],"id":"predicted_failure.csv"},{"fields":[{"name":"id","type":"string"},{"name":"value","type":"double"}],"id":"parameters.csv"},{"fields":[{"name":"id","type":"string"},{"name":"capacity","type":"double"},{"name":"remaining life","type":"double"},{"name":"cost of maintenance","type":"double"},{"name":"maintenance loss","type":"double"},{"name":"cost of repair","type":"double"},{"name":"repair loss","type":"double"},{"name":"loss per life day","type":"double"},{"name":"production value unit","type":"double"}],"id":"machine.csv"},{"fields":[{"name":"machine","type":"string"},{"name":"day","type":"string"},{"name":"production","type":"double"}],"id":"planned_production.csv"},{"fields":[{"name":"machine","type":"string"},{"name":"day","type":"string"},{"name":"maintenance","type":"double"}],"id":"fixed_maintenance.csv"}],"output":[{"fields":[{"name":"machine","type":"string"},{"name":"day","type":"string"},{"name":"cost_maintenance","type":"double"}],"id":"cost_maintenance.csv"},{"fields":[{"name":"machine","type":"string"},{"name":"day","type":"string"},{"name":"fail_prod_cost","type":"double"},{"name":"repair_cost","type":"double"},{"name":"maint_cost","type":"double"},{"name":"prod_cost","type":"double"},{"name":"early_maint_cost","type":"double"}],"id":"maintenance_cost_detail.csv"},{"fields":[{"name":"day","type":"string"},{"name":"load","type":"double"}],"id":"resource_load.csv"},{"fields":[{"name":"machine","type":"string"},{"name":"day","type":"string"},{"name":"production_shortage","type":"double"}],"id":"production_shortage.csv"},{"fields":[{"name":"kpi","type":"string"},{"name":"value","type":"double"}],"id":"kpis.csv"},{"fields":[{"name":"maintenance","type":"double"},{"name":"machine","type":"string"},{"name":"day","type":"string"}],"id":"maintenance.csv"},{"fields":[{"name":"failure","type":"double"},{"name":"machine","type":"string"},{"name":"day","type":"string"}],"id":"cumul_failure.csv"},{"fields":[{"name":"kpi","type":"string"},{"name":"value","type":"double"}],"id":"maint_kpis.csv"},{"fields":[{"name":"production","type":"double"},{"name":"machine","type":"string"},{"name":"day","type":"string"}],"id":"production.csv"}]}}},"attachments":[{"id":"53b7b1c5-3346-4ec3-b630-951023393382","version":2,"asset_type":"wml_model","datasource_type":"193a97c1-4475-4a19-b90c-295c4fdc6517","object_key":"abba9c96-b833-4b8b-a754-a7133df3e61d/ce357114-0042-4f18-9d94-9f5ae9993f6a/62e929e9-58ac-48ca-952f-e1283fb3aad9","creator_id":"iam-ServiceId-f49c5558-c247-4983-a04f-7d3c7a3d55da","create_time":1626901124393,"size":6424,"is_remote":false,"is_managed":false,"is_referenced":true,"is_object_key_read_only":false,"is_user_provided_path_key":true,"transfer_complete":true,"is_partitioned":false,"complete_time_ticks":1626901124393,"user_data":{"content_format":"native"},"test_doc":0,"handle":{"bucket":"intelligentmaintenace-donotdelete-pr-oig7f6npdagctl","location":"us-geo","key":"abba9c96-b833-4b8b-a754-a7133df3e61d/ce357114-0042-4f18-9d94-9f5ae9993f6a/62e929e9-58ac-48ca-952f-e1283fb3aad9","upload_id":"done","max_part_num":1},"usage":{"access_count":0,"last_accessor_id":"iam-ServiceId-f49c5558-c247-4983-a04f-7d3c7a3d55da","last_access_time":1626901124393}}]}
