{"metadata":{"asset_id":"e9d67692-1d38-42a8-bae2-8a623cd4b1fe","asset_attributes":["wml_model"],"name":"Predict Failure","asset_type":"wml_model","created_at":"2021-07-21T20:58:43Z","description":"","origin_country":"us","owner_id":"IBMid-550003P291","project_id":"6d66a632-565d-48a3-b9d5-8ab4fca9d8e5","sandbox_id":"6d66a632-565d-48a3-b9d5-8ab4fca9d8e5","size":161929,"tags":[],"usage":{"last_update_time":1626901124497,"last_updated_at":"2021-07-21T20:58:44Z"}},"entity":{"wml_model":{"software_spec":{"base_id":"687eddc9-028a-4117-b9dd-e57b36f1efa5","name":"spss-modeler_18.2"},"ml_version":"4.0.9","type":"spss-modeler_18.2","schemas":{"input":[{"fields":[{"metadata":{},"name":"life","nullable":true,"type":"integer"},{"metadata":{},"name":"Day-01","nullable":true,"type":"integer"},{"metadata":{},"name":"Day-02","nullable":true,"type":"integer"},{"metadata":{},"name":"Day-03","nullable":true,"type":"integer"},{"metadata":{},"name":"Day-04","nullable":true,"type":"integer"},{"metadata":{},"name":"Day-05","nullable":true,"type":"integer"},{"metadata":{},"name":"Day-06","nullable":true,"type":"integer"},{"metadata":{},"name":"Day-07","nullable":true,"type":"integer"},{"metadata":{},"name":"Day-08","nullable":true,"type":"integer"},{"metadata":{},"name":"Day-09","nullable":true,"type":"integer"},{"metadata":{},"name":"Day-10","nullable":true,"type":"integer"},{"metadata":{},"name":"Day-11","nullable":true,"type":"integer"},{"metadata":{},"name":"Day-12","nullable":true,"type":"integer"},{"metadata":{},"name":"Day-13","nullable":true,"type":"integer"},{"metadata":{},"name":"Day-14","nullable":true,"type":"integer"},{"metadata":{},"name":"Day-15","nullable":true,"type":"integer"},{"metadata":{},"name":"mid","nullable":true,"type":"integer"}],"id":"id5PXUDW3FFHQ","name":"historical.csv","type":"struct"}],"output":[{"fields":[{"metadata":{},"name":"Prediction","nullable":true,"type":"double"}],"id":"id32UV81C7FVQ","name":"Predict Failure","type":"struct"}]}}},"attachments":[{"id":"cd0b831e-967d-4d49-b7a5-d082a5d90575","version":2,"asset_type":"wml_model","datasource_type":"193a97c1-4475-4a19-b90c-295c4fdc6517","object_key":"7111390d-d918-4410-ad67-0595b6802a4a/f75a9d8f-2d3a-4d5b-8f99-a5b555c7b602/abb16d96-8a55-4797-bf04-29296f9ffd34","creator_id":"iam-ServiceId-f49c5558-c247-4983-a04f-7d3c7a3d55da","create_time":1626901124307,"size":161929,"is_remote":false,"is_managed":false,"is_referenced":true,"is_object_key_read_only":false,"is_user_provided_path_key":true,"transfer_complete":true,"is_partitioned":false,"complete_time_ticks":1626901124307,"user_data":{"content_format":"native"},"test_doc":0,"handle":{"bucket":"intelligentmaintenace-donotdelete-pr-oig7f6npdagctl","location":"us-geo","key":"7111390d-d918-4410-ad67-0595b6802a4a/f75a9d8f-2d3a-4d5b-8f99-a5b555c7b602/abb16d96-8a55-4797-bf04-29296f9ffd34","upload_id":"done","max_part_num":1},"usage":{"access_count":0,"last_accessor_id":"iam-ServiceId-f49c5558-c247-4983-a04f-7d3c7a3d55da","last_access_time":1626901124307}}]}
