{"metadata":{"asset_id":"98083c1c-d9b7-401d-9f5f-f3c985d98559","asset_attributes":["data_asset","location_definition"],"name":"insurance claim suggested next steps test data.csv","asset_type":"data_asset","created_at":"2023-11-13T12:55:49Z","origin_country":"us","owner_id":"IBMid-120000KXW9","project_id":"fed08c18-05b5-407c-83f2-0d63c96ac57c","size":16661,"usage":{"last_update_time":1699880149798,"last_updated_at":"2023-11-13T12:55:49Z"}},"entity":{"data_asset":{"mime_type":"text/csv","dataset":false},"location_definition":{"physical_location_code":"DAL","physical_location_code_assigned_by":"IBMid-501RWAYC7P","physical_location_code_rds_id":"c57cb90f-2126-3800-9c9f-9eab82021cdf","physical_location_code_rds_version":"00002023-0210-4141-8913-025823000000_3","physical_location_code_assignment_method":"INFERRED","physical_location_code_added_on":"1699642358863"}},"attachments":[{"id":"3c7ecf91-12fe-46c9-86cf-f5aa0f3f56b5","version":2,"asset_type":"data_asset","name":"insurance claim suggested next steps test data.csv","mime":"text/csv","datasource_type":"193a97c1-4475-4a19-b90c-295c4fdc6517","object_key":"insurance claim suggested next steps test data.csv","creator_id":"iam-ServiceId-f49c5558-c247-4983-a04f-7d3c7a3d55da","create_time":1699880149680,"size":16661,"is_remote":false,"is_managed":false,"is_referenced":true,"is_object_key_read_only":false,"is_user_provided_path_key":true,"transfer_complete":true,"is_partitioned":false,"complete_time_ticks":1699880149680,"user_data":{},"test_doc":0,"handle":{"bucket":"watsonxgovernancefirststeps-donotdelete-pr-qwykhv5qad24i5","location":"us-south","type":"bluemix_cos","key":"insurance claim suggested next steps test data.csv","upload_id":"done","max_part_num":1},"usage":{"access_count":0,"last_accessor_id":"iam-ServiceId-f49c5558-c247-4983-a04f-7d3c7a3d55da","last_access_time":1699880149680}}]}
