{"metadata":{"asset_id":"b5b182e3-6a91-49ce-9bd9-5d9ce1a1db0a","asset_attributes":["data_asset","location_definition"],"name":"Insurance claim summarization test data.csv","asset_type":"data_asset","created_at":"2023-11-13T12:55:49Z","origin_country":"us","owner_id":"IBMid-120000KXW9","project_id":"fed08c18-05b5-407c-83f2-0d63c96ac57c","size":9177,"usage":{"last_update_time":1699880149558,"last_updated_at":"2023-11-13T12:55:49Z"}},"entity":{"data_asset":{"mime_type":"text/csv","dataset":false},"location_definition":{"physical_location_code":"DAL","physical_location_code_assigned_by":"IBMid-501RWAYC7P","physical_location_code_rds_id":"c57cb90f-2126-3800-9c9f-9eab82021cdf","physical_location_code_rds_version":"00002023-0210-4141-8913-025823000000_3","physical_location_code_assignment_method":"INFERRED","physical_location_code_added_on":"1699642358863"}},"attachments":[{"id":"d026124d-aeca-4ff8-b9aa-638279032153","version":2,"asset_type":"data_asset","name":"Insurance claim summarization test data.csv","mime":"text/csv","datasource_type":"193a97c1-4475-4a19-b90c-295c4fdc6517","object_key":"Insurance claim summarization test data.csv","creator_id":"iam-ServiceId-f49c5558-c247-4983-a04f-7d3c7a3d55da","create_time":1699880149473,"size":9177,"is_remote":false,"is_managed":false,"is_referenced":true,"is_object_key_read_only":false,"is_user_provided_path_key":true,"transfer_complete":true,"is_partitioned":false,"complete_time_ticks":1699880149473,"user_data":{},"test_doc":0,"handle":{"bucket":"watsonxgovernancefirststeps-donotdelete-pr-qwykhv5qad24i5","location":"us-south","type":"bluemix_cos","key":"Insurance claim summarization test data.csv","upload_id":"done","max_part_num":1},"usage":{"access_count":0,"last_accessor_id":"iam-ServiceId-f49c5558-c247-4983-a04f-7d3c7a3d55da","last_access_time":1699880149473}}]}
