{"metadata":{"asset_id":"397cc097-ccf3-4240-bb18-8459e3618ec3","asset_attributes":["wx_prompt","location_definition","modelfacts_system","modelfacts_user"],"name":"Insurance claim suggested next steps","asset_type":"wx_prompt","created_at":"2023-11-16T15:25:18Z","description":"","origin_country":"us","owner_id":"IBMid-120000KXW9","project_id":"91dc01c1-37f3-46eb-89a5-a2fc6912c316","size":7295,"usage":{"last_update_time":1701192439687,"last_updated_at":"2023-11-28T17:27:19Z"},"resource_key":"8015e32715de855d5f974155986f08dd2af7ba14a78d211db60f54b01cfc3cc9"},"entity":{"wx_prompt":{"task_ids":["generation"],"is_template":true,"prompt_variables":{"input":{"default_value":"The insured vehicle, a Ford RAM, was stolen from Boston on Dec 2nd 2022. The vehicle was parked in a secure parking lot, and all necessary precautions were taken, such as locking the doors and activating the alarm system. The insured immediately reported the theft to the police and obtained a police report. The vehicle had comprehensive insurance coverage, and the insured is filing a claim for the stolen vehicle, including its estimated value, accessories, and personal belongings that were inside the vehicle at the time of theft."}}},"location_definition":{"physical_location_code":"DAL","physical_location_code_assigned_by":"IBMid-501RWAYC7P","physical_location_code_rds_id":"c57cb90f-2126-3800-9c9f-9eab82021cdf","physical_location_code_rds_version":"00002023-0210-4141-8913-025823000000_3","physical_location_code_assignment_method":"INFERRED","physical_location_code_added_on":"1699642358863"},"modelfacts_system":{"model_information":{"model_type":"","model_description":"","input_type":"","algorithm":"","prediction_type":"","software_spec":"","software_spec_id":"","asset_type":"wx_prompt","label_column":""},"training_information":{"project_name":"Getting started with watsonx governance","training_data_references":[],"hyper_parameters":"","hybrid_pipeline":[],"features":0},"project_details":{"id":"91dc01c1-37f3-46eb-89a5-a2fc6912c316","environment_type":"development","is_environmenttype_openscale_value":false},"model_identity_information":{"model_identity_key":"8015e32715de855d5f974155986f08dd2af7ba14a78d211db60f54b01cfc3cc9"},"deployment_details":[],"modelentry_information":{}},"modelfacts_user":{}},"attachments":[{"id":"fcd2fc18-bb92-4c15-b618-73cdffa1f21e","version":2,"asset_type":"wx_prompt","name":"Insuranceclaimsuggestednextsteps.json","mime":"application/json","datasource_type":"193a97c1-4475-4a19-b90c-295c4fdc6517","object_key":"wx_prompt/Insuranceclaimsuggestednextsteps__da__nispr40vpf.json","creator_id":"IBMid-120000KXW9","create_time":1701192404790,"size":7295,"is_remote":false,"is_managed":false,"is_referenced":true,"is_object_key_read_only":false,"is_user_provided_path_key":true,"transfer_complete":true,"is_partitioned":false,"complete_time_ticks":1701192404790,"user_data":{},"test_doc":0,"handle":{"bucket":"gettingstartedwithwatsonxgovernan-donotdelete-pr-st1k3tel0azkae","location":"us-south","type":"bluemix_cos","key":"wx_prompt/Insuranceclaimsuggestednextsteps__da__nispr40vpf.json","upload_id":"done","max_part_num":1},"usage":{"access_count":0,"last_accessor_id":"IBMid-120000KXW9","last_access_time":1701192404790}}]}
