{"metadata":{"asset_id":"c2c54256-278a-40a6-a4f6-1751593fb81f","asset_attributes":["wx_prompt","location_definition","modelfacts_system","modelfacts_user"],"name":"Insurance claim summarization","asset_type":"wx_prompt","created_at":"2023-11-13T12:55:49Z","description":"","origin_country":"us","owner_id":"IBMid-120000KXW9","project_id":"fed08c18-05b5-407c-83f2-0d63c96ac57c","size":525,"usage":{"last_update_time":1699880153170,"last_updated_at":"2023-11-13T12:55:53Z"},"resource_key":"3dd901059def9c34e3b296d00fda2ce57a293f5dd88dfe82ec6852ef48e5def6"},"entity":{"wx_prompt":{"task_ids":["summarization"],"is_template":true,"prompt_variables":{"input":{"default_value":"On November 1st, 2023, at 11:00 am, my vehicle, a 2004 Honda Civic, was stolen from its parking spot in Lagos. I immediately reported the incident to the police and obtained a police report. The thief crashed my vehicle into a tree a few blocks away from the parking spot, causing significant damage to the front end. I have filed a claim for the damages and I am providing the police report as evidence of the theft and accident. The witnesses have also provided statements describing the incident."}}},"location_definition":{"physical_location_code":"DAL","physical_location_code_assigned_by":"IBMid-501RWAYC7P","physical_location_code_rds_id":"c57cb90f-2126-3800-9c9f-9eab82021cdf","physical_location_code_rds_version":"00002023-0210-4141-8913-025823000000_3","physical_location_code_assignment_method":"INFERRED","physical_location_code_added_on":"1699642358863"},"modelfacts_system":{"model_information":{"model_type":"","model_description":"","input_type":"","algorithm":"","prediction_type":"","software_spec":"","software_spec_id":"","asset_type":"wx_prompt","label_column":""},"training_information":{"project_name":"watsonx.governance-first-steps","training_data_references":[],"hyper_parameters":"","hybrid_pipeline":[],"features":0},"project_details":{"id":"fed08c18-05b5-407c-83f2-0d63c96ac57c","environment_type":"development","is_environmenttype_openscale_value":false},"model_identity_information":{"model_identity_key":"3dd901059def9c34e3b296d00fda2ce57a293f5dd88dfe82ec6852ef48e5def6"},"deployment_details":[]},"modelfacts_user":{}},"attachments":[{"id":"8d1ea902-db14-4019-8c65-603b8615b22c","version":2,"asset_type":"wx_prompt","name":"Insuranceclaimsummarization.json","mime":"application/json","datasource_type":"193a97c1-4475-4a19-b90c-295c4fdc6517","object_key":"wx_prompt/Insuranceclaimsummarization__da__y35xld3ndb.json","creator_id":"iam-ServiceId-f49c5558-c247-4983-a04f-7d3c7a3d55da","create_time":1699880150169,"size":525,"is_remote":false,"is_managed":false,"is_referenced":true,"is_object_key_read_only":false,"is_user_provided_path_key":true,"transfer_complete":true,"is_partitioned":false,"complete_time_ticks":1699880150169,"user_data":{},"test_doc":0,"handle":{"bucket":"watsonxgovernancefirststeps-donotdelete-pr-qwykhv5qad24i5","location":"us-south","type":"bluemix_cos","key":"wx_prompt/Insuranceclaimsummarization__da__y35xld3ndb.json","upload_id":"done","max_part_num":1},"usage":{"access_count":0,"last_accessor_id":"iam-ServiceId-f49c5558-c247-4983-a04f-7d3c7a3d55da","last_access_time":1699880150169}}]}
