{"metadata":{"asset_id":"999d852b-de5f-48e8-9493-f66b9bc6e4de","asset_attributes":["wx_prompt","location_definition","modelfacts_system","modelfacts_user"],"name":"Insurance claim suggested next steps","asset_type":"wx_prompt","created_at":"2023-11-13T12:55:49Z","description":"","origin_country":"us","owner_id":"IBMid-120000KXW9","project_id":"fed08c18-05b5-407c-83f2-0d63c96ac57c","size":7294,"usage":{"last_update_time":1699880151196,"last_updated_at":"2023-11-13T12:55:51Z"},"resource_key":"e94e9bec50150735defaff625d86009520d427c564cf0825529dd0a29fb751b3"},"entity":{"wx_prompt":{"task_ids":["generation"],"is_template":true,"prompt_variables":{"input":{"default_value":"The insured vehicle, a Ford RAM, was stolen from Boston on Dec 2nd 2022. The vehicle was parked in a secure parking lot, and all necessary precautions were taken, such as locking the doors and activating the alarm system. The insured immediately reported the theft to the police and obtained a police report. The vehicle had comprehensive insurance coverage, and the insured is filing a claim for the stolen vehicle, including its estimated value, accessories, and personal belongings that were inside the vehicle at the time of theft."}}},"location_definition":{"physical_location_code":"DAL","physical_location_code_assigned_by":"IBMid-501RWAYC7P","physical_location_code_rds_id":"c57cb90f-2126-3800-9c9f-9eab82021cdf","physical_location_code_rds_version":"00002023-0210-4141-8913-025823000000_3","physical_location_code_assignment_method":"INFERRED","physical_location_code_added_on":"1699642358863"},"modelfacts_system":{"model_information":{"model_type":"","model_description":"","input_type":"","algorithm":"","prediction_type":"","software_spec":"","software_spec_id":"","asset_type":"wx_prompt","label_column":""},"training_information":{"project_name":"watsonx.governance-first-steps","training_data_references":[],"hyper_parameters":"","hybrid_pipeline":[],"features":0},"project_details":{"id":"fed08c18-05b5-407c-83f2-0d63c96ac57c","environment_type":"development","is_environmenttype_openscale_value":false},"model_identity_information":{"model_identity_key":"e94e9bec50150735defaff625d86009520d427c564cf0825529dd0a29fb751b3"},"deployment_details":[]},"modelfacts_user":{}},"attachments":[{"id":"02b8c202-9654-4cf7-b705-6b18bf7f9f83","version":2,"asset_type":"wx_prompt","name":"Insuranceclaimsuggestednextsteps.json","mime":"application/json","datasource_type":"193a97c1-4475-4a19-b90c-295c4fdc6517","object_key":"wx_prompt/Insuranceclaimsuggestednextsteps__da__xni1ptucab.json","creator_id":"iam-ServiceId-f49c5558-c247-4983-a04f-7d3c7a3d55da","create_time":1699880150237,"size":7294,"is_remote":false,"is_managed":false,"is_referenced":true,"is_object_key_read_only":false,"is_user_provided_path_key":true,"transfer_complete":true,"is_partitioned":false,"complete_time_ticks":1699880150237,"user_data":{},"test_doc":0,"handle":{"bucket":"watsonxgovernancefirststeps-donotdelete-pr-qwykhv5qad24i5","location":"us-south","type":"bluemix_cos","key":"wx_prompt/Insuranceclaimsuggestednextsteps__da__xni1ptucab.json","upload_id":"done","max_part_num":1},"usage":{"access_count":0,"last_accessor_id":"iam-ServiceId-f49c5558-c247-4983-a04f-7d3c7a3d55da","last_access_time":1699880150237}}]}
