{"metadata":{"asset_id":"9a0c990f-9c93-4617-a2b4-5589bac1c7e7","asset_attributes":["wx_prompt","location_definition","modelfacts_system","modelfacts_user"],"name":"Insurance claim summarization","asset_type":"wx_prompt","created_at":"2023-11-16T15:25:18Z","description":"","origin_country":"us","owner_id":"IBMid-120000KXW9","project_id":"91dc01c1-37f3-46eb-89a5-a2fc6912c316","size":526,"usage":{"last_update_time":1701192436522,"last_updated_at":"2023-11-28T17:27:16Z"},"resource_key":"e1f9002dbd3da61bfd4af64d0df20b93a15a1238f3c11507c3c8059001ed310c"},"entity":{"wx_prompt":{"task_ids":["summarization"],"is_template":true,"prompt_variables":{"input":{"default_value":"On November 1st, 2023, at 11:00 am, my vehicle, a 2004 Honda Civic, was stolen from its parking spot in Lagos. I immediately reported the incident to the police and obtained a police report. The thief crashed my vehicle into a tree a few blocks away from the parking spot, causing significant damage to the front end. I have filed a claim for the damages and I am providing the police report as evidence of the theft and accident. The witnesses have also provided statements describing the incident."}}},"location_definition":{"physical_location_code":"DAL","physical_location_code_assigned_by":"IBMid-501RWAYC7P","physical_location_code_rds_id":"c57cb90f-2126-3800-9c9f-9eab82021cdf","physical_location_code_rds_version":"00002023-0210-4141-8913-025823000000_3","physical_location_code_assignment_method":"INFERRED","physical_location_code_added_on":"1699642358863"},"modelfacts_system":{"model_information":{"model_type":"","model_description":"","input_type":"","algorithm":"","prediction_type":"","software_spec":"","software_spec_id":"","asset_type":"wx_prompt","label_column":""},"training_information":{"project_name":"Getting started with watsonx governance","training_data_references":[],"hyper_parameters":"","hybrid_pipeline":[],"features":0},"project_details":{"id":"91dc01c1-37f3-46eb-89a5-a2fc6912c316","environment_type":"development","is_environmenttype_openscale_value":false},"model_identity_information":{"model_identity_key":"e1f9002dbd3da61bfd4af64d0df20b93a15a1238f3c11507c3c8059001ed310c"},"deployment_details":[],"modelentry_information":{}},"modelfacts_user":{}},"attachments":[{"id":"a156bc76-0288-4423-aae1-5669e9529473","version":2,"asset_type":"wx_prompt","name":"Insuranceclaimsummarization.json","mime":"application/json","datasource_type":"193a97c1-4475-4a19-b90c-295c4fdc6517","object_key":"wx_prompt/Insuranceclaimsummarization__da__189qpqtcox.json","creator_id":"IBMid-120000KXW9","create_time":1701192385031,"size":526,"is_remote":false,"is_managed":false,"is_referenced":true,"is_object_key_read_only":false,"is_user_provided_path_key":true,"transfer_complete":true,"is_partitioned":false,"complete_time_ticks":1701192385031,"user_data":{},"test_doc":0,"handle":{"bucket":"gettingstartedwithwatsonxgovernan-donotdelete-pr-st1k3tel0azkae","location":"us-south","type":"bluemix_cos","key":"wx_prompt/Insuranceclaimsummarization__da__189qpqtcox.json","upload_id":"done","max_part_num":1},"usage":{"access_count":0,"last_accessor_id":"IBMid-120000KXW9","last_access_time":1701192385031}}]}
