{"metadata":{"asset_id":"bdad6154-e6bc-4af8-abd7-1ee3d2b97fdd","asset_attributes":["data_asset"],"name":"mnist-keras-test.pkl","asset_type":"data_asset","created_at":"2020-11-19T20:00:37Z","description":"","origin_country":"us","owner_id":"1000330999","project_id":"0dbafb4a-588c-4be9-a2f2-c43ed489afe8","size":7850208,"tags":[],"usage":{"last_update_time":1605816038314,"last_updated_at":"2020-11-19T20:00:38Z"}},"entity":{"data_asset":{"mime_type":"application/octet-stream","dataset":false}},"attachments":[{"id":"b8e14645-7e30-467c-a418-86cae96980c6","version":2,"asset_type":"data_asset","name":"mnist-keras-test.pkl","mime":"application/octet-stream","datasource_type":"81bafdbd-b7c6-45c5-a4fd-6ec135f66f4e","object_key":"data_asset/mnist-keras-test.pkl","creator_id":"icp4d-dev","create_time":1605816037990,"size":7850208,"is_remote":false,"is_managed":false,"is_referenced":true,"is_object_key_read_only":false,"is_user_provided_path_key":true,"transfer_complete":true,"is_partitioned":false,"complete_time_ticks":1605816037990,"user_data":{},"test_doc":0,"handle":{"key":"data_asset/mnist-keras-test.pkl","upload_id":"done","max_part_num":1},"usage":{"access_count":0,"last_accessor_id":"icp4d-dev","last_access_time":1605816037990}}]}