{"metadata":{"asset_id":"7e695cdd-49bd-4723-8e3f-443beb9537a1","asset_attributes":["notebook"],"name":"MNIST-Party-CP4D","asset_type":"notebook","created_at":"2020-11-19T20:00:38Z","description":"","origin_country":"us","owner_id":"icp4d-dev","project_id":"0dbafb4a-588c-4be9-a2f2-c43ed489afe8","size":56373,"tags":["notebook"],"usage":{"last_update_time":1605829269388,"last_updated_at":"2020-11-19T23:41:09Z"}},"entity":{"notebook":{"kernel":{"name":"python3","display_name":"Python 3.7","language":"python"},"originates_from":{"type":"file"},"runtime":{"environment":"jupconda37-0dbafb4a-588c-4be9-a2f2-c43ed489afe8"}}},"attachments":[{"id":"b8543d42-dda0-486a-8b79-4f97e173806e","version":2,"asset_type":"notebook","name":"attachment for notebook 7e695cdd-49bd-4723-8e3f-443beb9537a1","description":"attachment for notebook 7e695cdd-49bd-4723-8e3f-443beb9537a1","mime":"application/json","datasource_type":"81bafdbd-b7c6-45c5-a4fd-6ec135f66f4e","object_key":"notebook/Keras-Party_rOXGt3jYr.ipynb","creator_id":"1000330999","create_time":1605816039064,"size":56373,"is_remote":false,"is_managed":false,"is_referenced":true,"is_object_key_read_only":false,"is_user_provided_path_key":true,"transfer_complete":true,"is_partitioned":false,"complete_time_ticks":1605816039064,"user_data":{},"test_doc":0,"handle":{"key":"notebook/Keras-Party_rOXGt3jYr.ipynb","upload_id":"done","max_part_num":1},"usage":{"access_count":0,"last_accessor_id":"1000330999","last_access_time":1605816039064}}]}