{"metadata":{"asset_id":"94734acf-a275-4282-8b0d-658038f7711b","asset_attributes":["notebook"],"name":"MNIST-Aggregator-CP4D","asset_type":"notebook","created_at":"2020-11-19T20:00:38Z","description":"","origin_country":"us","owner_id":"icp4d-dev","project_id":"0dbafb4a-588c-4be9-a2f2-c43ed489afe8","size":20974,"tags":["notebook"],"usage":{"last_update_time":1605829151787,"last_updated_at":"2020-11-19T23:39:11Z"}},"entity":{"notebook":{"kernel":{"name":"python3","display_name":"Python 3.7","language":"python"},"originates_from":{"type":"file"},"runtime":{"environment":"jupconda37-0dbafb4a-588c-4be9-a2f2-c43ed489afe8"}}},"attachments":[{"id":"440423e3-3652-4ffc-8f2c-6ee48808c38a","version":2,"asset_type":"notebook","name":"attachment for notebook 94734acf-a275-4282-8b0d-658038f7711b","description":"attachment for notebook 94734acf-a275-4282-8b0d-658038f7711b","mime":"application/json","datasource_type":"81bafdbd-b7c6-45c5-a4fd-6ec135f66f4e","object_key":"notebook/MNIST_Aggregator_CwCCY4hm1.ipynb","creator_id":"1000330999","create_time":1605816039118,"size":20974,"is_remote":false,"is_managed":false,"is_referenced":true,"is_object_key_read_only":false,"is_user_provided_path_key":true,"transfer_complete":true,"is_partitioned":false,"complete_time_ticks":1605816039118,"user_data":{},"test_doc":0,"handle":{"key":"notebook/MNIST_Aggregator_CwCCY4hm1.ipynb","upload_id":"done","max_part_num":1},"usage":{"access_count":0,"last_accessor_id":"1000330999","last_access_time":1605816039118}}]}