{"metadata":{"asset_id":"c6ae7d9d-3bd1-4259-8dc8-a588a13bb223","asset_attributes":["data_asset"],"name":"jfk_weather.csv","asset_type":"data_asset","created_at":"2021-08-24T21:06:29Z","description":"","origin_country":"us","owner_id":"IBMid-550005BRT0","project_id":"d80ee93f-198e-432a-95b7-213eb4680aea","size":29961606,"tags":[],"usage":{"last_update_time":1629839201278,"last_updated_at":"2021-08-24T21:06:41Z"}},"entity":{"data_asset":{"mime_type":"text/csv","dataset":false}},"attachments":[{"id":"99602a11-cf3f-4805-9bf2-bc9952380ed1","version":2,"asset_type":"data_asset","name":"jfk_weather.csv","mime":"text/csv","datasource_type":"193a97c1-4475-4a19-b90c-295c4fdc6517","object_key":"jfk_weather.csv","creator_id":"IBMid-550005BRT0","create_time":1629839201277,"size":29961606,"is_remote":false,"is_managed":false,"is_referenced":true,"is_object_key_read_only":true,"is_user_provided_path_key":true,"transfer_complete":true,"is_partitioned":false,"complete_time_ticks":1629839201277,"user_data":{},"test_doc":0,"handle":{"bucket":"effectivefarmingproject-donotdelete-pr-ghpaim9sj3vbpx","location":"us-geo","key":"jfk_weather.csv","upload_id":"done","max_part_num":1},"usage":{"access_count":0,"last_accessor_id":"IBMid-550005BRT0","last_access_time":1629839201277}}]}
