{"metadata":{"asset_id":"5a1a096f-8989-4774-85cb-d65b55f4f78b","asset_attributes":["data_asset"],"name":"effective-farming-monitor-crop-growth-dashboard.zip","asset_type":"data_asset","created_at":"2021-08-24T21:06:08Z","description":"","origin_country":"us","owner_id":"IBMid-550005BRT0","project_id":"d80ee93f-198e-432a-95b7-213eb4680aea","size":1419983,"tags":[],"usage":{"last_update_time":1629839168836,"last_updated_at":"2021-08-24T21:06:08Z"}},"entity":{"data_asset":{"mime_type":"application/zip","dataset":false}},"attachments":[{"id":"a6a5d879-aab8-4f87-9b66-51397ce8df5d","version":2,"asset_type":"data_asset","name":"effective-farming-monitor-crop-growth-dashboard.zip","mime":"application/zip","datasource_type":"193a97c1-4475-4a19-b90c-295c4fdc6517","object_key":"effective-farming-monitor-crop-growth-dashboard.zip","creator_id":"IBMid-550005BRT0","create_time":1629839168835,"size":1419983,"is_remote":false,"is_managed":false,"is_referenced":true,"is_object_key_read_only":true,"is_user_provided_path_key":true,"transfer_complete":true,"is_partitioned":false,"complete_time_ticks":1629839168835,"user_data":{},"test_doc":0,"handle":{"bucket":"effectivefarmingproject-donotdelete-pr-ghpaim9sj3vbpx","location":"us-geo","key":"effective-farming-monitor-crop-growth-dashboard.zip","upload_id":"done","max_part_num":1},"usage":{"access_count":0,"last_accessor_id":"IBMid-550005BRT0","last_access_time":1629839168835}}]}
