{"metadata":{"asset_id":"1e3177b1-de4a-405f-bc64-0f713f956d77","asset_attributes":["data_asset","data_profile_uda"],"name":"Effective Farming.pdf","asset_type":"data_asset","created_at":"2021-08-27T17:35:03Z","description":"","origin_country":"us","owner_id":"IBMid-550003P291","project_id":"d80ee93f-198e-432a-95b7-213eb4680aea","size":212434,"tags":[],"usage":{"last_update_time":1630085704870,"last_updated_at":"2021-08-27T17:35:04Z"}},"entity":{"data_asset":{"mime_type":"application/pdf","dataset":false},"data_profile_uda":{"status":"processing"}},"attachments":[{"id":"8f9a1a03-400e-4fe0-b28e-5cfdb6a10955","version":2,"asset_type":"data_asset","name":"Effective Farming.pdf","mime":"application/pdf","datasource_type":"193a97c1-4475-4a19-b90c-295c4fdc6517","object_key":"Effective Farming.pdf","creator_id":"IBMid-550003P291","create_time":1630085703703,"size":212434,"is_remote":false,"is_managed":false,"is_referenced":true,"is_object_key_read_only":true,"is_user_provided_path_key":true,"transfer_complete":true,"is_partitioned":false,"complete_time_ticks":1630085703703,"user_data":{},"test_doc":0,"handle":{"bucket":"effectivefarmingproject-donotdelete-pr-ghpaim9sj3vbpx","location":"us-geo","key":"Effective Farming.pdf","upload_id":"done","max_part_num":1},"usage":{"access_count":0,"last_accessor_id":"IBMid-550003P291","last_access_time":1630085703703}}]}
