{"metadata":{"asset_id":"d722b047-ffb7-4b19-9816-6afff74bc847","asset_attributes":["notebook"],"name":"Model Training and Visualizations","asset_type":"notebook","created_at":"2021-08-24T21:07:30Z","description":"Effective Farming - Monitor Crop Growth \nThe accelerator is created using Data Asset eXchange data to support effective farming by monitoring crop growth using crop guide and provide timely alert to farmers about weather change, possible development of crop disease, evaporation of fungicide, and efficient use of solar panels (agrivoltaics support).\n\nWhat's included?\nA structured business glossary of 90 business terms.\nSample data science assets\nHow does it work?\nThe glossary provides the informa","origin_country":"us","owner_id":"IBMid-550005BRT0","project_id":"d80ee93f-198e-432a-95b7-213eb4680aea","size":4661571,"tags":["notebook"],"usage":{"last_update_time":1629859396647,"last_updated_at":"2021-08-25T02:43:16Z"}},"entity":{"notebook":{"kernel":{"name":"python3","display_name":"Python 3.8","language":"python"},"originates_from":{"type":"blank"},"runtime":{"environment":"conda2py38-d80ee93f-198e-432a-95b7-213eb4680aea"}}},"attachments":[{"id":"e76c97bb-0d20-4602-baae-c48861dbdacf","version":2,"asset_type":"notebook","name":"attachment for notebook d722b047-ffb7-4b19-9816-6afff74bc847","description":"attachment for notebook d722b047-ffb7-4b19-9816-6afff74bc847","mime":"application/json","datasource_type":"193a97c1-4475-4a19-b90c-295c4fdc6517","object_key":"notebook/Model_Training_and_Visualizations_sQ1_Tcphk.ipynb","creator_id":"IBMid-550005BRT0","create_time":1629839251506,"size":4661571,"is_remote":false,"is_managed":false,"is_referenced":true,"is_object_key_read_only":false,"is_user_provided_path_key":true,"transfer_complete":true,"is_partitioned":false,"complete_time_ticks":1629839251506,"user_data":{},"test_doc":0,"handle":{"bucket":"effectivefarmingproject-donotdelete-pr-ghpaim9sj3vbpx","location":"us-geo","key":"notebook/Model_Training_and_Visualizations_sQ1_Tcphk.ipynb","upload_id":"done","max_part_num":1},"usage":{"access_count":0,"last_accessor_id":"IBMid-550005BRT0","last_access_time":1629839251506}}]}
