{"metadata":{"asset_id":"17b89227-6a74-432d-bc52-e28d3b3cca75","asset_attributes":["data_asset"],"name":"classification_model_rt22_1","asset_type":"data_asset","created_at":"2022-11-22T16:33:22Z","origin_country":"us","owner_id":"1000330999","project_id":"f31c3771-2273-4a99-9dde-6c6bfe94e892","size":38691,"usage":{"last_update_time":1669134802610,"last_updated_at":"2022-11-22T16:33:22Z"}},"entity":{"data_asset":{"mime_type":"application/binary","dataset":false}},"attachments":[{"id":"2736998e-11a6-483f-b40d-20385aa94d48","version":2,"asset_type":"data_asset","name":"classification_model.","mime":"application/binary","datasource_type":"81bafdbd-b7c6-45c5-a4fd-6ec135f66f4e","object_key":"data_asset/classification_model.","creator_id":"icp4d-dev","create_time":1669134802543,"size":38691,"is_remote":false,"is_managed":false,"is_referenced":true,"is_object_key_read_only":true,"is_user_provided_path_key":true,"transfer_complete":true,"is_partitioned":false,"complete_time_ticks":1669134802543,"user_data":{},"test_doc":0,"handle":{"type":"assetfiles","key":"data_asset/classification_model.","upload_id":"done","max_part_num":1},"usage":{"access_count":0,"last_accessor_id":"icp4d-dev","last_access_time":1669134802543}}]}