{"metadata":{"asset_id":"f28ca0a5-9376-4095-a1a5-e1fa776992b0","asset_attributes":["environment"],"name":"NLP Environment","asset_type":"environment","created_at":"2022-11-22T16:33:23Z","description":"","origin_country":"us","owner_id":"1000330999","project_id":"f31c3771-2273-4a99-9dde-6c6bfe94e892","sandbox_id":"f31c3771-2273-4a99-9dde-6c6bfe94e892","size":0,"tags":["dsx"],"usage":{"last_update_time":1669134803483,"last_updated_at":"2022-11-22T16:33:23Z"}},"entity":{"environment":{"sub_type":"notebook","display_name":"NLP Environment","hardware_specification":{"type":"referenced","guid":"061d418f-3050-4131-be8d-cb037158bcd1"},"software_specification":{"type":"referenced","guid":"12b83a17-24d8-5082-900f-0ab31fbfd3cb"},"tools_specification":{"supported_kernels":[{"name":"python3","language":"python","version":"3.9","display_name":"Python 3.9"}]},"runtime_definition":"jupyter-py39"}}}