{"metadata":{"asset_id":"061d418f-3050-4131-be8d-cb037158bcd1","asset_attributes":["hardware_specification"],"name":"NLP Environment","asset_type":"hardware_specification","created_at":"2022-11-22T16:33:22Z","description":"","origin_country":"us","owner_id":"1000330999","project_id":"f31c3771-2273-4a99-9dde-6c6bfe94e892","sandbox_id":"f31c3771-2273-4a99-9dde-6c6bfe94e892","size":0,"tags":["dsx"],"usage":{"last_update_time":1669134802422,"last_updated_at":"2022-11-22T16:33:22Z"}},"entity":{"hardware_specification":{"nodes":{"cpu":{"units":"1","model":""},"mem":{"size":"8Gi"}}}}}