{"metadata":{"asset_id":"10b83efa-7682-4654-ad0d-6a418b6718aa","asset_attributes":["notebook"],"name":"Complaint Classification","asset_type":"notebook","created_at":"2022-11-22T16:33:24Z","description":"","origin_country":"us","owner_id":"1000330999","project_id":"f31c3771-2273-4a99-9dde-6c6bfe94e892","size":131202,"tags":["notebook"],"usage":{"last_update_time":1669139323341,"last_updated_at":"2022-11-22T17:48:43Z"}},"entity":{"notebook":{"kernel":{"name":"python3","display_name":"Python 3.9","language":"python"},"originates_from":{"type":"file"},"runtime":{"environment":"cfce9d0f-b176-4b79-88cb-154b7638f7d1"}}},"attachments":[{"id":"18868bd3-b4d8-4213-8f3d-632d28a5c6db","version":2,"asset_type":"notebook","name":"attachment for notebook 10b83efa-7682-4654-ad0d-6a418b6718aa","description":"attachment for notebook 10b83efa-7682-4654-ad0d-6a418b6718aa","mime":"application/json","datasource_type":"81bafdbd-b7c6-45c5-a4fd-6ec135f66f4e","object_key":"notebook/Complaint_Classification_SHNRZMYzH.ipynb","creator_id":"1000330999","create_time":1669134804148,"size":131202,"is_remote":false,"is_managed":false,"is_referenced":true,"is_object_key_read_only":false,"is_user_provided_path_key":true,"transfer_complete":true,"is_partitioned":false,"complete_time_ticks":1669134804148,"user_data":{},"test_doc":0,"handle":{"type":"assetfiles","key":"notebook/Complaint_Classification_SHNRZMYzH.ipynb","upload_id":"done","max_part_num":1},"usage":{"access_count":7,"last_accessor_id":"1000330999","last_access_time":1669139246652,"last_updater_id":"1000330999","last_update_time":1669139246652}}]}