{"metadata":{"asset_id":"d1bb6975-1786-40ad-a3f6-e4f0ca1f679f","asset_attributes":["notebook"],"name":"Car Complaint Analysis","asset_type":"notebook","created_at":"2022-11-22T16:33:23Z","description":"","origin_country":"us","owner_id":"1000330999","project_id":"f31c3771-2273-4a99-9dde-6c6bfe94e892","size":3944798,"tags":["notebook"],"usage":{"last_update_time":1669139385046,"last_updated_at":"2022-11-22T17:49:45Z"}},"entity":{"notebook":{"kernel":{"name":"python3","display_name":"Python 3.9","language":"python"},"originates_from":{"type":"file"},"runtime":{"environment":"f28ca0a5-9376-4095-a1a5-e1fa776992b0"}}},"attachments":[{"id":"7aad6b02-eae4-4098-a1e3-a239e7057270","version":2,"asset_type":"notebook","name":"attachment for notebook d1bb6975-1786-40ad-a3f6-e4f0ca1f679f","description":"attachment for notebook d1bb6975-1786-40ad-a3f6-e4f0ca1f679f","mime":"application/json","datasource_type":"81bafdbd-b7c6-45c5-a4fd-6ec135f66f4e","object_key":"notebook/Car_Complaint_Analysis_p_I4EJOe6.ipynb","creator_id":"1000330999","create_time":1669134804053,"size":3944798,"is_remote":false,"is_managed":false,"is_referenced":true,"is_object_key_read_only":false,"is_user_provided_path_key":true,"transfer_complete":true,"is_partitioned":false,"complete_time_ticks":1669134804053,"user_data":{},"test_doc":0,"handle":{"type":"assetfiles","key":"notebook/Car_Complaint_Analysis_p_I4EJOe6.ipynb","upload_id":"done","max_part_num":1},"usage":{"access_count":5,"last_accessor_id":"1000330999","last_access_time":1669139354476,"last_updater_id":"1000330999","last_update_time":1669139354476}}]}