{"metadata":{"asset_id":"523ff2c6-80e2-42b5-b53a-e0fe40cf000d","asset_attributes":["notebook"],"name":"Deploy Pretrained Sentiment Model","asset_type":"notebook","created_at":"2022-11-22T16:33:24Z","description":"","origin_country":"us","owner_id":"1000330999","project_id":"f31c3771-2273-4a99-9dde-6c6bfe94e892","size":7876,"tags":["notebook"],"usage":{"last_update_time":1669135312052,"last_updated_at":"2022-11-22T16:41:52Z"}},"entity":{"notebook":{"kernel":{"name":"python3","display_name":"Python 3.9","language":"python"},"originates_from":{"type":"file"},"runtime":{"environment":"jupconda221-f31c3771-2273-4a99-9dde-6c6bfe94e892"}}},"attachments":[{"id":"2207c4fb-c4ed-4eae-9c60-76cd500cb1f7","version":2,"asset_type":"notebook","name":"attachment for notebook 523ff2c6-80e2-42b5-b53a-e0fe40cf000d","description":"attachment for notebook 523ff2c6-80e2-42b5-b53a-e0fe40cf000d","mime":"application/json","datasource_type":"81bafdbd-b7c6-45c5-a4fd-6ec135f66f4e","object_key":"notebook/Deploy_Pretrained_Sentiment_Model_TkuW0krXG.ipynb","creator_id":"1000330999","create_time":1669134804112,"size":7876,"is_remote":false,"is_managed":false,"is_referenced":true,"is_object_key_read_only":false,"is_user_provided_path_key":true,"transfer_complete":true,"is_partitioned":false,"complete_time_ticks":1669134804112,"user_data":{},"test_doc":0,"handle":{"type":"assetfiles","key":"notebook/Deploy_Pretrained_Sentiment_Model_TkuW0krXG.ipynb","upload_id":"done","max_part_num":1},"usage":{"access_count":1,"last_accessor_id":"1000330999","last_access_time":1669135311065,"last_updater_id":"1000330999","last_update_time":1669135311065}}]}