{"metadata":{"asset_id":"ccef89d3-5e0b-4e52-af4a-d06bdc27c00c","asset_attributes":["notebook"],"name":"Financial complaint analysis","asset_type":"notebook","created_at":"2022-11-22T16:33:24Z","description":"","origin_country":"us","owner_id":"1000330999","project_id":"f31c3771-2273-4a99-9dde-6c6bfe94e892","size":113375,"tags":["notebook"],"usage":{"last_update_time":1669137937595,"last_updated_at":"2022-11-22T17:25:37Z"}},"entity":{"notebook":{"kernel":{"name":"python3","display_name":"Python 3.9","language":"python"},"originates_from":{"type":"file"},"runtime":{"environment":"f28ca0a5-9376-4095-a1a5-e1fa776992b0"}}},"attachments":[{"id":"8be8800a-650c-4b86-8ce0-bb9d5614e98a","version":2,"asset_type":"notebook","name":"attachment for notebook ccef89d3-5e0b-4e52-af4a-d06bdc27c00c","description":"attachment for notebook ccef89d3-5e0b-4e52-af4a-d06bdc27c00c","mime":"application/json","datasource_type":"81bafdbd-b7c6-45c5-a4fd-6ec135f66f4e","object_key":"notebook/Financial_complaint_analysis_5t2Bsy-WV.ipynb","creator_id":"1000330999","create_time":1669134804154,"size":113375,"is_remote":false,"is_managed":false,"is_referenced":true,"is_object_key_read_only":false,"is_user_provided_path_key":true,"transfer_complete":true,"is_partitioned":false,"complete_time_ticks":1669134804154,"user_data":{},"test_doc":0,"handle":{"type":"assetfiles","key":"notebook/Financial_complaint_analysis_5t2Bsy-WV.ipynb","upload_id":"done","max_part_num":1},"usage":{"access_count":4,"last_accessor_id":"1000330999","last_access_time":1669137936795,"last_updater_id":"1000330999","last_update_time":1669137936795}}]}