{"metadata":{"asset_id":"3fa95a39-0899-4d8c-9224-e523d8644d18","asset_attributes":["notebook"],"name":"Hotel Review Analysis","asset_type":"notebook","created_at":"2022-11-22T16:33:23Z","description":"","origin_country":"us","owner_id":"1000330999","project_id":"f31c3771-2273-4a99-9dde-6c6bfe94e892","size":451810,"tags":["notebook"],"usage":{"last_update_time":1669138107133,"last_updated_at":"2022-11-22T17:28:27Z"}},"entity":{"notebook":{"kernel":{"name":"python3","display_name":"Python 3.9","language":"python"},"originates_from":{"type":"file"},"runtime":{"environment":"f28ca0a5-9376-4095-a1a5-e1fa776992b0"}}},"attachments":[{"id":"789c3199-f5e4-41d2-8874-06fe5b846261","version":2,"asset_type":"notebook","name":"attachment for notebook 3fa95a39-0899-4d8c-9224-e523d8644d18","description":"attachment for notebook 3fa95a39-0899-4d8c-9224-e523d8644d18","mime":"application/json","datasource_type":"81bafdbd-b7c6-45c5-a4fd-6ec135f66f4e","object_key":"notebook/Hotel_Review_Analysis_eUgX6iTob.ipynb","creator_id":"1000330999","create_time":1669134804073,"size":451810,"is_remote":false,"is_managed":false,"is_referenced":true,"is_object_key_read_only":false,"is_user_provided_path_key":true,"transfer_complete":true,"is_partitioned":false,"complete_time_ticks":1669134804073,"user_data":{},"test_doc":0,"handle":{"type":"assetfiles","key":"notebook/Hotel_Review_Analysis_eUgX6iTob.ipynb","upload_id":"done","max_part_num":1},"usage":{"access_count":3,"last_accessor_id":"1000330999","last_access_time":1669138106222,"last_updater_id":"1000330999","last_update_time":1669138106222}}]}