{"metadata":{"asset_id":"9d807245-e203-46be-bddc-201fa217379f","asset_attributes":["data_asset"],"name":"svm_model","asset_type":"data_asset","created_at":"2022-11-03T12:55:59Z","origin_country":"us","owner_id":"1000330999","project_id":"77f825aa-d9ff-4936-a88a-d046361578de","size":38535,"usage":{"last_update_time":1667480159091,"last_updated_at":"2022-11-03T12:55:59Z"}},"entity":{"data_asset":{"mime_type":"application/binary","dataset":false}},"attachments":[{"id":"9cb9517d-f78c-4dbb-bf9a-b84e3cfb27e7","version":2,"asset_type":"data_asset","name":"svm_model.","mime":"application/binary","datasource_type":"81bafdbd-b7c6-45c5-a4fd-6ec135f66f4e","object_key":"data_asset/svm_model.","creator_id":"1000330999","create_time":1667480159090,"size":38535,"is_remote":false,"is_managed":false,"is_referenced":true,"is_object_key_read_only":true,"is_user_provided_path_key":true,"transfer_complete":true,"is_partitioned":false,"complete_time_ticks":1667480159090,"user_data":{},"test_doc":0,"handle":{"type":"assetfiles","key":"data_asset/svm_model.","upload_id":"done","max_part_num":1},"usage":{"access_count":0,"last_accessor_id":"1000330999","last_access_time":1667480159090}}]}