{"metadata":{"asset_id":"20e6d02b-fc9e-4a5b-9225-7cab14ec0dc4","asset_attributes":["data_asset"],"name":"hotel_reviews.csv","asset_type":"data_asset","created_at":"2022-11-03T07:29:57Z","origin_country":"us","owner_id":"1000330999","project_id":"77f825aa-d9ff-4936-a88a-d046361578de","size":728488,"usage":{"last_update_time":1667460597606,"last_updated_at":"2022-11-03T07:29:57Z"}},"entity":{"data_asset":{"mime_type":"text/csv","dataset":false}},"attachments":[{"id":"0e7d5412-718a-4596-bb69-5481df6b2e0d","version":2,"asset_type":"data_asset","name":"hotel_reviews (1).csv","mime":"text/csv","datasource_type":"81bafdbd-b7c6-45c5-a4fd-6ec135f66f4e","object_key":"data_asset/hotel_reviews (1).csv","creator_id":"icp4d-dev","create_time":1667460597568,"size":728488,"is_remote":false,"is_managed":false,"is_referenced":true,"is_object_key_read_only":true,"is_user_provided_path_key":true,"transfer_complete":true,"is_partitioned":false,"complete_time_ticks":1667460597568,"user_data":{},"test_doc":0,"handle":{"type":"assetfiles","key":"data_asset/hotel_reviews (1).csv","upload_id":"done","max_part_num":1},"usage":{"access_count":0,"last_accessor_id":"icp4d-dev","last_access_time":1667460597568}}]}