{"metadata":{"asset_id":"09dcab67-f8fa-420c-868b-5b1e6c2df9f7","asset_attributes":["environment"],"name":"NLP Classification Training","asset_type":"environment","created_at":"2022-11-03T07:29:57Z","description":"","origin_country":"us","owner_id":"1000330999","project_id":"77f825aa-d9ff-4936-a88a-d046361578de","sandbox_id":"77f825aa-d9ff-4936-a88a-d046361578de","size":0,"tags":["dsx"],"usage":{"last_update_time":1667460598131,"last_updated_at":"2022-11-03T07:29:58Z"}},"entity":{"environment":{"sub_type":"notebook","display_name":"NLP Classification Training","hardware_specification":{"type":"referenced","guid":"22c4b46d-b522-4f6a-93e9-db957e0b3647"},"software_specification":{"type":"referenced","guid":"12b83a17-24d8-5082-900f-0ab31fbfd3cb"},"tools_specification":{"supported_kernels":[{"name":"python3","language":"python","version":"3.9","display_name":"Python 3.9"}]},"runtime_definition":"jupyter-py39"}}}