{"metadata":{"asset_id":"aa5683d9-8d7f-4fda-9ff1-2203ab8ea742","asset_attributes":["environment"],"name":"NLP Environment","asset_type":"environment","created_at":"2022-11-03T07:29:57Z","description":"","origin_country":"us","owner_id":"1000330999","project_id":"77f825aa-d9ff-4936-a88a-d046361578de","sandbox_id":"77f825aa-d9ff-4936-a88a-d046361578de","size":0,"tags":["dsx"],"usage":{"last_update_time":1667460597885,"last_updated_at":"2022-11-03T07:29:57Z"}},"entity":{"environment":{"sub_type":"notebook","display_name":"NLP Environment","hardware_specification":{"type":"referenced","guid":"8a8dcaf3-e727-4191-9cbd-9672a5df1e4a"},"software_specification":{"type":"referenced","guid":"12b83a17-24d8-5082-900f-0ab31fbfd3cb"},"tools_specification":{"supported_kernels":[{"name":"python3","language":"python","version":"3.9","display_name":"Python 3.9"}]},"runtime_definition":"jupyter-py39"}}}