{"metadata":{"asset_id":"8a8dcaf3-e727-4191-9cbd-9672a5df1e4a","asset_attributes":["hardware_specification"],"name":"NLP Environment","asset_type":"hardware_specification","created_at":"2022-11-03T07:29:57Z","description":"","origin_country":"us","owner_id":"1000330999","project_id":"77f825aa-d9ff-4936-a88a-d046361578de","sandbox_id":"77f825aa-d9ff-4936-a88a-d046361578de","size":0,"tags":["dsx"],"usage":{"last_update_time":1667460597534,"last_updated_at":"2022-11-03T07:29:57Z"}},"entity":{"hardware_specification":{"nodes":{"cpu":{"units":"1","model":""},"mem":{"size":"8Gi"}}}}}