{"metadata":{"asset_id":"22c4b46d-b522-4f6a-93e9-db957e0b3647","asset_attributes":["hardware_specification"],"name":"NLP Classification Training","asset_type":"hardware_specification","created_at":"2022-11-03T07:29:57Z","description":"","origin_country":"us","owner_id":"1000330999","project_id":"77f825aa-d9ff-4936-a88a-d046361578de","sandbox_id":"77f825aa-d9ff-4936-a88a-d046361578de","size":0,"tags":["dsx"],"usage":{"last_update_time":1667469277110,"last_updated_at":"2022-11-03T09:54:37Z"}},"entity":{"hardware_specification":{"nodes":{"cpu":{"units":"1","model":""},"mem":{"size":"12Gi"}}}}}