{"metadata":{"asset_id":"e4a2d940-2109-45df-88a3-a5ad61e4820c","asset_attributes":["notebook"],"name":"Deploy Custom Classification Model","asset_type":"notebook","created_at":"2022-11-03T12:21:15Z","description":"","origin_country":"us","owner_id":"1000330999","project_id":"77f825aa-d9ff-4936-a88a-d046361578de","size":9651,"tags":["notebook"],"usage":{"last_update_time":1667823373853,"last_updated_at":"2022-11-07T12:16:13Z"}},"entity":{"notebook":{"kernel":{"name":"python3","display_name":"Python 3.10","language":"python"},"originates_from":{"type":"notebook","guid":"68ab1f64-a2b0-4205-8cfb-7c3873372d1b"},"runtime":{"environment":"rt222py-77f825aa-d9ff-4936-a88a-d046361578de"}}},"attachments":[{"id":"93064afe-d77b-44cd-aedb-f7773c1e3b02","version":2,"asset_type":"notebook","name":"attachment for notebook e4a2d940-2109-45df-88a3-a5ad61e4820c","description":"attachment for notebook e4a2d940-2109-45df-88a3-a5ad61e4820c","mime":"application/json","datasource_type":"81bafdbd-b7c6-45c5-a4fd-6ec135f66f4e","object_key":"notebook/Deploy_Pretrained_Sentiment_Model_copy_Kj6bSDUOJ.ipynb","creator_id":"1000330999","create_time":1667478075346,"size":9651,"is_remote":false,"is_managed":false,"is_referenced":true,"is_object_key_read_only":false,"is_user_provided_path_key":true,"transfer_complete":true,"is_partitioned":false,"complete_time_ticks":1667478075346,"user_data":{},"test_doc":0,"handle":{"type":"assetfiles","key":"notebook/Deploy_Pretrained_Sentiment_Model_copy_Kj6bSDUOJ.ipynb","upload_id":"done","max_part_num":1},"usage":{"access_count":13,"last_accessor_id":"1000330999","last_access_time":1667823373387,"last_updater_id":"1000330999","last_update_time":1667823373387}}]}