{"metadata":{"asset_id":"fc58e246-caef-409e-b292-ff2a509ea944","asset_attributes":["notebook"],"name":"Entity extraction on financial complaints","asset_type":"notebook","created_at":"2022-11-03T07:29:58Z","description":"","origin_country":"us","owner_id":"1000330999","project_id":"77f825aa-d9ff-4936-a88a-d046361578de","size":145445,"tags":["notebook"],"usage":{"last_update_time":1667466002579,"last_updated_at":"2022-11-03T09:00:02Z"}},"entity":{"notebook":{"kernel":{"name":"python3","display_name":"Python 3.9","language":"python"},"originates_from":{"type":"file"},"runtime":{"environment":"aa5683d9-8d7f-4fda-9ff1-2203ab8ea742"}}},"attachments":[{"id":"bc5e8150-ca60-40ac-8c27-fa1a2e074e28","version":2,"asset_type":"notebook","name":"attachment for notebook fc58e246-caef-409e-b292-ff2a509ea944","description":"attachment for notebook fc58e246-caef-409e-b292-ff2a509ea944","mime":"application/json","datasource_type":"81bafdbd-b7c6-45c5-a4fd-6ec135f66f4e","object_key":"notebook/Entity_extraction_on_financial_complaints_yeNjtSv10.ipynb","creator_id":"1000330999","create_time":1667460598792,"size":145445,"is_remote":false,"is_managed":false,"is_referenced":true,"is_object_key_read_only":false,"is_user_provided_path_key":true,"transfer_complete":true,"is_partitioned":false,"complete_time_ticks":1667460598792,"user_data":{},"test_doc":0,"handle":{"type":"assetfiles","key":"notebook/Entity_extraction_on_financial_complaints_yeNjtSv10.ipynb","upload_id":"done","max_part_num":1},"usage":{"access_count":9,"last_accessor_id":"1000330999","last_access_time":1667465931216,"last_updater_id":"1000330999","last_update_time":1667465931216}}]}