{"metadata":{"asset_id":"a277cf48-45d3-4813-bc88-5b61bf360313","asset_attributes":["notebook"],"name":"Hotel Review Analysis","asset_type":"notebook","created_at":"2022-11-03T07:29:58Z","description":"","origin_country":"us","owner_id":"1000330999","project_id":"77f825aa-d9ff-4936-a88a-d046361578de","size":856716,"tags":["notebook"],"usage":{"last_update_time":1667485949058,"last_updated_at":"2022-11-03T14:32:29Z"}},"entity":{"notebook":{"kernel":{"name":"python3","display_name":"Python 3.9","language":"python"},"originates_from":{"type":"file"},"runtime":{"environment":"aa5683d9-8d7f-4fda-9ff1-2203ab8ea742"}}},"attachments":[{"id":"4e7d89f0-4712-4896-be1b-493c0e99f5d7","version":2,"asset_type":"notebook","name":"attachment for notebook a277cf48-45d3-4813-bc88-5b61bf360313","description":"attachment for notebook a277cf48-45d3-4813-bc88-5b61bf360313","mime":"application/json","datasource_type":"81bafdbd-b7c6-45c5-a4fd-6ec135f66f4e","object_key":"notebook/Hotel_Review_Analysis_eUgX6iTob.ipynb","creator_id":"1000330999","create_time":1667460598594,"size":856716,"is_remote":false,"is_managed":false,"is_referenced":true,"is_object_key_read_only":false,"is_user_provided_path_key":true,"transfer_complete":true,"is_partitioned":false,"complete_time_ticks":1667460598594,"user_data":{},"test_doc":0,"handle":{"type":"assetfiles","key":"notebook/Hotel_Review_Analysis_eUgX6iTob.ipynb","upload_id":"done","max_part_num":1},"usage":{"access_count":24,"last_accessor_id":"1000330999","last_access_time":1667485941097,"last_updater_id":"1000330999","last_update_time":1667485941097}}]}