{"metadata":{"asset_id":"bca6a3d7-c162-4b3a-8188-78c01013d8aa","asset_attributes":["notebook"],"name":"Car Complaint Analysis","asset_type":"notebook","created_at":"2022-11-03T07:29:58Z","description":"","origin_country":"us","owner_id":"1000330999","project_id":"77f825aa-d9ff-4936-a88a-d046361578de","size":832261,"tags":["notebook"],"usage":{"last_update_time":1667469200032,"last_updated_at":"2022-11-03T09:53:20Z"}},"entity":{"notebook":{"kernel":{"name":"python3","display_name":"Python 3.9","language":"python"},"originates_from":{"type":"file"},"runtime":{"environment":"aa5683d9-8d7f-4fda-9ff1-2203ab8ea742"}}},"attachments":[{"id":"ae1bf939-b2d4-4371-83e4-5ee36f565ebf","version":2,"asset_type":"notebook","name":"attachment for notebook bca6a3d7-c162-4b3a-8188-78c01013d8aa","description":"attachment for notebook bca6a3d7-c162-4b3a-8188-78c01013d8aa","mime":"application/json","datasource_type":"81bafdbd-b7c6-45c5-a4fd-6ec135f66f4e","object_key":"notebook/Car_Complaint_Analysis_p_I4EJOe6.ipynb","creator_id":"1000330999","create_time":1667460598629,"size":832261,"is_remote":false,"is_managed":false,"is_referenced":true,"is_object_key_read_only":false,"is_user_provided_path_key":true,"transfer_complete":true,"is_partitioned":false,"complete_time_ticks":1667460598629,"user_data":{},"test_doc":0,"handle":{"type":"assetfiles","key":"notebook/Car_Complaint_Analysis_p_I4EJOe6.ipynb","upload_id":"done","max_part_num":1},"usage":{"access_count":10,"last_accessor_id":"1000330999","last_access_time":1667469121753,"last_updater_id":"1000330999","last_update_time":1667469121753}}]}