{"metadata":{"asset_id":"4e2a2bbc-aeea-44a0-a95a-e8e90e2f6842","asset_attributes":["notebook"],"name":"Financial complaint analysis","asset_type":"notebook","created_at":"2022-11-03T07:29:58Z","description":"","origin_country":"us","owner_id":"1000330999","project_id":"77f825aa-d9ff-4936-a88a-d046361578de","size":111438,"tags":["notebook"],"usage":{"last_update_time":1667466270794,"last_updated_at":"2022-11-03T09:04:30Z"}},"entity":{"notebook":{"kernel":{"name":"python3","display_name":"Python 3.9","language":"python"},"originates_from":{"type":"file"},"runtime":{"environment":"aa5683d9-8d7f-4fda-9ff1-2203ab8ea742"}}},"attachments":[{"id":"85beabff-4432-4287-b55e-f71846a36650","version":2,"asset_type":"notebook","name":"attachment for notebook 4e2a2bbc-aeea-44a0-a95a-e8e90e2f6842","description":"attachment for notebook 4e2a2bbc-aeea-44a0-a95a-e8e90e2f6842","mime":"application/json","datasource_type":"81bafdbd-b7c6-45c5-a4fd-6ec135f66f4e","object_key":"notebook/Financial_complaint_analysis_5t2Bsy-WV.ipynb","creator_id":"1000330999","create_time":1667460598690,"size":111438,"is_remote":false,"is_managed":false,"is_referenced":true,"is_object_key_read_only":false,"is_user_provided_path_key":true,"transfer_complete":true,"is_partitioned":false,"complete_time_ticks":1667460598690,"user_data":{},"test_doc":0,"handle":{"type":"assetfiles","key":"notebook/Financial_complaint_analysis_5t2Bsy-WV.ipynb","upload_id":"done","max_part_num":1},"usage":{"access_count":6,"last_accessor_id":"1000330999","last_access_time":1667466269910,"last_updater_id":"1000330999","last_update_time":1667466269910}}]}