{"metadata":{"asset_id":"09a8cdb8-2687-4a58-b048-ad13c9d43d16","asset_attributes":["notebook"],"name":"Complaint Classification","asset_type":"notebook","created_at":"2022-11-03T07:29:58Z","description":"","origin_country":"us","owner_id":"1000330999","project_id":"77f825aa-d9ff-4936-a88a-d046361578de","size":131734,"tags":["notebook"],"usage":{"last_update_time":1667480167092,"last_updated_at":"2022-11-03T12:56:07Z"}},"entity":{"notebook":{"kernel":{"name":"python3","display_name":"Python 3.9","language":"python"},"originates_from":{"type":"file"},"runtime":{"environment":"09dcab67-f8fa-420c-868b-5b1e6c2df9f7"}}},"attachments":[{"id":"38035083-1cfa-43d7-aca3-ff91626db80e","version":2,"asset_type":"notebook","name":"attachment for notebook 09a8cdb8-2687-4a58-b048-ad13c9d43d16","description":"attachment for notebook 09a8cdb8-2687-4a58-b048-ad13c9d43d16","mime":"application/json","datasource_type":"81bafdbd-b7c6-45c5-a4fd-6ec135f66f4e","object_key":"notebook/Complaint_Classification_SHNRZMYzH.ipynb","creator_id":"1000330999","create_time":1667460598697,"size":131734,"is_remote":false,"is_managed":false,"is_referenced":true,"is_object_key_read_only":false,"is_user_provided_path_key":true,"transfer_complete":true,"is_partitioned":false,"complete_time_ticks":1667460598697,"user_data":{},"test_doc":0,"handle":{"type":"assetfiles","key":"notebook/Complaint_Classification_SHNRZMYzH.ipynb","upload_id":"done","max_part_num":1},"usage":{"access_count":11,"last_accessor_id":"1000330999","last_access_time":1667480166469,"last_updater_id":"1000330999","last_update_time":1667480166469}}]}