{"metadata":{"asset_id":"68ab1f64-a2b0-4205-8cfb-7c3873372d1b","asset_attributes":["notebook"],"name":"Deploy Pretrained Sentiment Model","asset_type":"notebook","created_at":"2022-11-03T10:08:39Z","description":"","origin_country":"us","owner_id":"1000330999","project_id":"77f825aa-d9ff-4936-a88a-d046361578de","size":7395,"tags":["notebook"],"usage":{"last_update_time":1667823251643,"last_updated_at":"2022-11-07T12:14:11Z"}},"entity":{"notebook":{"kernel":{"name":"python3","display_name":"Python 3.10","language":"python"},"originates_from":{"type":"blank"},"runtime":{"environment":"rt222py-77f825aa-d9ff-4936-a88a-d046361578de"}}},"attachments":[{"id":"847ca220-bd08-42b4-83e9-0d98b477fab6","version":2,"asset_type":"notebook","name":"attachment for notebook 68ab1f64-a2b0-4205-8cfb-7c3873372d1b","description":"attachment for notebook 68ab1f64-a2b0-4205-8cfb-7c3873372d1b","mime":"application/json","datasource_type":"81bafdbd-b7c6-45c5-a4fd-6ec135f66f4e","object_key":"notebook/Deploy_Pretrained_Sentiment_Model_TkuW0krXG.ipynb","creator_id":"1000330999","create_time":1667470119323,"size":7395,"is_remote":false,"is_managed":false,"is_referenced":true,"is_object_key_read_only":false,"is_user_provided_path_key":true,"transfer_complete":true,"is_partitioned":false,"complete_time_ticks":1667470119323,"user_data":{},"test_doc":0,"handle":{"type":"assetfiles","key":"notebook/Deploy_Pretrained_Sentiment_Model_TkuW0krXG.ipynb","upload_id":"done","max_part_num":1},"usage":{"access_count":87,"last_accessor_id":"1000330999","last_access_time":1667823251008,"last_updater_id":"1000330999","last_update_time":1667823251008}}]}