{"metadata":{"asset_id":"7dbee7a7-7449-4ec4-a802-bcbe97dfe9f6","asset_attributes":["data_asset","location_definition"],"name":"ibm-docs-SSYOK8.zip","asset_type":"data_asset","created_at":"2024-07-26T10:01:39Z","description":"A sample zip file comprising 1147 HTML pages related to the documentation of the watsonx.ai. This can be used as sample data to run the accelerator.","origin_country":"us","owner_id":"IBMid-550003B08R","project_id":"da272dc5-0c87-40d9-a3c8-db7d5b3b2924","size":3771370,"usage":{"last_update_time":1723197228667,"last_updated_at":"2024-08-09T09:53:48Z"}},"entity":{"data_asset":{"mime_type":"application/zip","dataset":false},"location_definition":{"physical_location_code":"FRA","physical_location_code_assigned_by":"IBMid-550003B08R","physical_location_code_rds_id":"c57cb90f-2126-3800-9c9f-9eab82021cdf","physical_location_code_rds_version":"00002024-0415-4090-8334-172904000000_4","physical_location_code_assignment_method":"INFERRED","physical_location_code_added_on":"1721737014444"}},"attachments":[{"id":"4e4cf975-e55e-48fd-9d43-2deaf6356dc0","version":2,"asset_type":"data_asset","name":"ibm-docs-SSYOK8.zip","mime":"application/zip","datasource_type":"193a97c1-4475-4a19-b90c-295c4fdc6517","object_key":"ibm-docs-SSYOK8.zip","creator_id":"iam-ServiceId-f49c5558-c247-4983-a04f-7d3c7a3d55da","create_time":1721988100503,"size":3771370,"is_remote":false,"is_managed":false,"is_referenced":true,"is_object_key_read_only":true,"is_user_provided_path_key":true,"transfer_complete":true,"is_partitioned":false,"complete_time_ticks":1721988100503,"user_data":{},"test_doc":0,"handle":{"bucket":"industryacceleratorretrievalaugme-donotdelete-pr-ulv7x7xdt61xw0","location":"eu-de","type":"bluemix_cos","key":"ibm-docs-SSYOK8.zip","upload_id":"done","max_part_num":1},"usage":{"access_count":1,"last_accessor_id":"IBMid-550003B08R","last_access_time":1723197228664,"last_updater_id":"IBMid-550003B08R","last_update_time":1723197228664}}]}
