{"metadata":{"asset_id":"938776bb-6f87-4d58-bd70-adbd51dd131f","asset_attributes":["job"],"name":"Process and Ingest data into vector DB Job","asset_type":"job","created_at":"2024-07-26T10:01:48Z","description":"Notebook job to process and ingest data into a vector database.","origin_country":"us","owner_id":"IBMid-550003B08R","project_id":"da272dc5-0c87-40d9-a3c8-db7d5b3b2924","size":0,"usage":{"last_update_time":1721988108943,"last_updated_at":"2024-07-26T10:01:48Z"}},"entity":{"job":{"asset_ref_type":"notebook","configuration":{"entrypoint":"","env_id":"rt231pys1-da272dc5-0c87-40d9-a3c8-db7d5b3b2924","env_type":"notebook","env_variables":["Env_Asset=ibm-docs-SSYOK8.zip"],"file_ref":"","run_results":"log_and_new_notebook"},"last_run_initiator":"deprecated field","last_run_time":"deprecated field","last_run_status":"deprecated field","last_run_status_timestamp":0,"future_scheduled_runs":[],"enable_notifications":true,"project_name":"IndustryAccelerator-Retrieval-Augmented-Generation_V1.2_WxaaS_GC3","asset_ref":"4c83b364-1f7d-4a3a-8835-24c46e77c59f","schedule_id":"","schedule_creator_id":""}}}
