{"metadata":{"name":"RAG template - LLAMA_2_13B_CHAT","description":"Llama Prompt Template for RAG.","asset_type":"wx_prompt","origin_country":"us","resource_key":"1658d1fe157115729658abc98cc226f8b88349e51778aa574f313839b900ab24"},"entity":{"wx_prompt":{"dataset":false,"mime_type":"application/json","input_mode":"freeform","prompt_variables":{"context":{"default_value":""},"question":{"default_value":""}},"is_template":true},"location_definition":{"physical_location_code":"FRA","physical_location_code_assigned_by":"IBMid-550003B08R","physical_location_code_rds_id":"c57cb90f-2126-3800-9c9f-9eab82021cdf","physical_location_code_rds_version":"00002024-0415-4090-8334-172904000000_4","physical_location_code_assignment_method":"INFERRED","physical_location_code_added_on":"1721736971784"}},"attachments":[{"id":"8ac0696e-6d15-4c58-b8a8-2a606d1dfab9","version":2,"asset_type":"wx_prompt","name":"RAGtemplate-LLAMA_2_13B_CHAT.json","mime":"application/json","datasource_type":"193a97c1-4475-4a19-b90c-295c4fdc6517","object_key":"wx_prompt/RAGtemplate-LLAMA_2_13B_CHAT__da__x8tsktjwrm.json","creator_id":"iam-ServiceId-f49c5558-c247-4983-a04f-7d3c7a3d55da","create_time":1721988101501,"size":1261,"is_remote":false,"is_managed":false,"is_referenced":true,"is_object_key_read_only":false,"is_user_provided_path_key":true,"transfer_complete":true,"is_partitioned":false,"complete_time_ticks":1721988101501,"user_data":{},"test_doc":0,"handle":{"bucket":"industryacceleratorretrievalaugme-donotdelete-pr-ulv7x7xdt61xw0","location":"eu-de","type":"bluemix_cos","key":"wx_prompt/RAGtemplate-LLAMA_2_13B_CHAT__da__x8tsktjwrm.json","upload_id":"done","max_part_num":1},"usage":{"access_count":0,"last_accessor_id":"iam-ServiceId-f49c5558-c247-4983-a04f-7d3c7a3d55da","last_access_time":1721988101501}}]}
