Order ID,Return ID,Return Date,Return Reason
O6798,R1432,2/5/20,Changed Mind
O6799,R1433,3/27/20,Long Delivery Time
O8053,R2687,4/8/20,Long Delivery Time
O6801,R1435,2/9/20,Changed Mind
O8204,R2838,4/2/20,Long Delivery Time
O6803,R1437,5/22/20,Wrong Item
O6804,R1438,5/19/20,Changed Mind
O6805,R1439,5/2/20,Long Delivery Time
O8266,R2900,4/18/20,Long Delivery Time
O8322,R2956,4/19/20,Long Delivery Time
O6808,R1442,3/4/20,Changed Mind
O6809,R1443,4/13/20,Wrong Size
O6810,R1444,3/4/20,Wrong Size
O8343,R2977,4/5/20,Long Delivery Time
O6812,R1446,3/6/20,Wrong Item
O6813,R1447,4/27/20,Wrong Size
O6814,R1448,4/13/20,Changed Mind
O6815,R1449,3/4/20,Wrong Item
O6816,R1450,2/11/20,Wrong Size
O6817,R1451,5/20/20,Wrong Item
O8411,R3045,3/24/20,Long Delivery Time
O6819,R1453,4/2/20,Long Delivery Time
O6820,R1454,4/15/20,Wrong Size
O6821,R1455,2/25/20,Changed Mind
O6822,R1456,2/1/20,Long Delivery Time
O8416,R3050,5/1/20,Long Delivery Time
O6824,R1458,2/12/20,Wrong Item
O6825,R1459,5/16/20,Long Delivery Time
O6826,R1460,3/17/20,Long Delivery Time
O6827,R1461,3/10/20,Wrong Size
O8463,R3097,1/22/20,Long Delivery Time
O8501,R3135,3/27/20,Long Delivery Time
O6830,R1464,3/24/20,Wrong Size
O6831,R1465,3/14/20,Changed Mind
O8562,R3196,4/8/20,Long Delivery Time
O6833,R1467,3/18/20,Changed Mind
O6834,R1468,4/11/20,Long Delivery Time
O6835,R1469,2/6/20,Long Delivery Time
O8620,R3254,2/24/20,Long Delivery Time
O8627,R3261,4/7/20,Long Delivery Time
O6838,R1472,2/26/20,Long Delivery Time
O6839,R1473,4/17/20,Wrong Item
O6840,R1474,3/20/20,Wrong Item
O8878,R3512,3/15/20,Long Delivery Time
O6842,R1476,3/29/20,Changed Mind
O6843,R1477,2/14/20,Wrong Item
O6844,R1478,4/18/20,Wrong Size
O6845,R1479,4/10/20,Changed Mind
O8949,R3583,2/16/20,Long Delivery Time
O6847,R1481,2/14/20,Wrong Item
O8981,R3615,2/4/20,Long Delivery Time
O8985,R3619,3/5/20,Long Delivery Time
O6850,R1484,4/9/20,Wrong Size
O9000,R3634,3/30/20,Long Delivery Time
O6852,R1486,4/13/20,Wrong Item
O9094,R3728,2/26/20,Long Delivery Time
O6854,R1488,3/24/20,Long Delivery Time
O6855,R1489,3/25/20,Long Delivery Time
O6856,R1490,2/18/20,Changed Mind
O9122,R3756,3/3/20,Long Delivery Time
O6858,R1492,2/15/20,Wrong Size
O9127,R3761,4/5/20,Long Delivery Time
O6860,R1494,4/5/20,Wrong Size
O9175,R3809,4/25/20,Long Delivery Time
O9248,R3882,2/21/20,Long Delivery Time
O6863,R1497,2/19/20,Long Delivery Time
O6864,R1498,4/22/20,Long Delivery Time
O6865,R1499,5/17/20,Long Delivery Time
O9270,R3904,1/16/20,Long Delivery Time
O6867,R1501,2/20/20,Changed Mind
O6868,R1502,5/11/20,Wrong Size
O6869,R1503,3/3/20,Changed Mind
O9282,R3916,4/8/20,Long Delivery Time
O9286,R3920,3/11/20,Long Delivery Time
O9345,R3979,3/25/20,Long Delivery Time
O9387,R4021,3/11/20,Long Delivery Time
O6874,R1508,3/29/20,Wrong Size
O6875,R1509,3/3/20,Long Delivery Time
O6876,R1510,5/8/20,Long Delivery Time
O6877,R1511,3/2/20,Long Delivery Time
O9391,R4025,4/2/20,Long Delivery Time
O6879,R1513,3/20/20,Changed Mind
O9438,R4072,2/23/20,Long Delivery Time
O9485,R4119,4/14/20,Long Delivery Time
O6882,R1516,3/17/20,Wrong Size
O6883,R1517,2/8/20,Wrong Size
O6884,R1518,2/28/20,Long Delivery Time
O9578,R4212,3/22/20,Long Delivery Time
O9618,R4252,4/17/20,Long Delivery Time
O9656,R4290,4/23/20,Long Delivery Time
O6888,R1522,4/5/20,Changed Mind
O6889,R1523,5/4/20,Changed Mind
O6890,R1524,4/20/20,Long Delivery Time
O6891,R1525,4/20/20,Long Delivery Time
O9683,R4317,2/29/20,Long Delivery Time
O6893,R1527,2/17/20,Long Delivery Time
O9802,R4436,2/4/20,Long Delivery Time
O6895,R1529,4/14/20,Wrong Item
O6896,R1530,4/24/20,Wrong Size
O6897,R1531,3/7/20,Changed Mind
O6898,R1532,4/13/20,Wrong Size
O9823,R4457,4/20/20,Long Delivery Time
O6904,R1538,2/21/20,Long Delivery Time
O6905,R1539,2/25/20,Long Delivery Time
O6906,R1540,3/7/20,Wrong Size
O6907,R1541,2/26/20,Changed Mind
O6908,R1542,2/22/20,Changed Mind
O6911,R1545,5/10/20,Long Delivery Time
O6912,R1546,4/19/20,Long Delivery Time
O6913,R1547,2/29/20,Wrong Item
O6914,R1548,3/19/20,Changed Mind
O6917,R1551,3/18/20,Changed Mind
O6920,R1554,2/10/20,Wrong Size
O6923,R1557,3/22/20,Changed Mind
O6924,R1558,2/27/20,Long Delivery Time
O6925,R1559,4/17/20,Wrong Item
O6926,R1560,4/21/20,Wrong Item
O6927,R1561,2/29/20,Wrong Item
O6928,R1562,4/10/20,Long Delivery Time
O6929,R1563,5/22/20,Long Delivery Time
O6930,R1564,1/30/20,Changed Mind
O6932,R1566,4/9/20,Wrong Size
O6933,R1567,3/9/20,Wrong Item
O6934,R1568,3/15/20,Changed Mind
O6935,R1569,3/16/20,Long Delivery Time
O6936,R1570,3/18/20,Wrong Item
O6937,R1571,3/3/20,Changed Mind
O6938,R1572,2/23/20,Wrong Item
O6940,R1574,4/24/20,Wrong Item
O6941,R1575,2/29/20,Long Delivery Time
O6944,R1578,1/28/20,Changed Mind
O6945,R1579,4/13/20,Long Delivery Time
O6946,R1580,4/14/20,Wrong Size
O6947,R1581,5/26/20,Changed Mind
O6948,R1582,3/11/20,Wrong Size
O6949,R1583,2/28/20,Changed Mind
O6950,R1584,3/21/20,Wrong Size
O6951,R1585,4/8/20,Long Delivery Time
O6952,R1586,4/20/20,Long Delivery Time
O6953,R1587,5/8/20,Wrong Item
O6954,R1588,3/24/20,Changed Mind
O6955,R1589,4/27/20,Changed Mind
O6956,R1590,2/7/20,Long Delivery Time
O6959,R1593,5/13/20,Changed Mind
O6960,R1594,3/2/20,Long Delivery Time
O6961,R1595,2/19/20,Wrong Item
O6962,R1596,2/20/20,Wrong Item
O6964,R1598,3/23/20,Changed Mind
O6967,R1601,2/4/20,Wrong Size
O6968,R1602,4/2/20,Wrong Size
O6969,R1603,2/26/20,Wrong Size
O6970,R1604,4/18/20,Changed Mind
O6971,R1605,4/1/20,Long Delivery Time
O6972,R1606,3/5/20,Wrong Item
O6973,R1607,3/12/20,Changed Mind
O6975,R1609,2/14/20,Changed Mind
O6978,R1612,5/15/20,Changed Mind
O6979,R1613,4/22/20,Long Delivery Time
O6980,R1614,3/9/20,Wrong Size
O6981,R1615,2/14/20,Wrong Item
O6982,R1616,4/22/20,Long Delivery Time
O6984,R1618,2/26/20,Wrong Item
O6985,R1619,5/2/20,Changed Mind
O6987,R1621,3/27/20,Wrong Size
O6989,R1623,4/13/20,Wrong Item
O6990,R1624,2/2/20,Wrong Item
O6991,R1625,3/1/20,Long Delivery Time
O6992,R1626,3/5/20,Wrong Item
O6995,R1629,3/19/20,Wrong Item
O6996,R1630,4/10/20,Long Delivery Time
O6997,R1631,3/14/20,Long Delivery Time
O7000,R1634,3/27/20,Long Delivery Time
O7004,R1638,5/2/20,Changed Mind
O7006,R1640,3/21/20,Wrong Size
O7007,R1641,2/14/20,Long Delivery Time
O7008,R1642,2/1/20,Wrong Size
O7009,R1643,2/10/20,Changed Mind
O7010,R1644,4/9/20,Wrong Item
O7011,R1645,2/26/20,Long Delivery Time
O7014,R1648,4/23/20,Wrong Item
O7016,R1650,3/6/20,Long Delivery Time
O7017,R1651,5/25/20,Long Delivery Time
O7018,R1652,3/24/20,Changed Mind
O7019,R1653,2/23/20,Wrong Item
O7020,R1654,3/29/20,Wrong Item
O7024,R1658,3/23/20,Long Delivery Time
O7025,R1659,3/7/20,Changed Mind
O7026,R1660,3/2/20,Long Delivery Time
O7027,R1661,3/4/20,Long Delivery Time
O7030,R1664,3/13/20,Changed Mind
O7031,R1665,5/3/20,Wrong Item
O7032,R1666,3/25/20,Wrong Item
O7033,R1667,4/5/20,Wrong Item
O7034,R1668,4/17/20,Long Delivery Time
O7037,R1671,5/23/20,Long Delivery Time
O7039,R1673,4/6/20,Long Delivery Time
O7040,R1674,4/14/20,Long Delivery Time
O7041,R1675,5/10/20,Changed Mind
O7042,R1676,4/24/20,Long Delivery Time
O7043,R1677,2/16/20,Long Delivery Time
O7044,R1678,1/31/20,Wrong Item
O7045,R1679,5/4/20,Long Delivery Time
O7046,R1680,3/14/20,Wrong Item
O7047,R1681,3/21/20,Long Delivery Time
O7049,R1683,5/4/20,Changed Mind
O7050,R1684,2/20/20,Long Delivery Time
O7051,R1685,3/2/20,Wrong Size
O7052,R1686,3/3/20,Wrong Size
O7053,R1687,3/6/20,Wrong Item
O7054,R1688,3/17/20,Changed Mind
O7056,R1690,3/5/20,Long Delivery Time
O7057,R1691,4/18/20,Long Delivery Time
O7058,R1692,2/18/20,Changed Mind
O7060,R1694,5/10/20,Changed Mind
O7062,R1696,3/16/20,Long Delivery Time
O7063,R1697,3/26/20,Long Delivery Time
O7066,R1700,3/9/20,Long Delivery Time
O7067,R1701,3/13/20,Wrong Size
O7068,R1702,4/6/20,Wrong Item
O7071,R1705,5/10/20,Wrong Item
O7072,R1706,3/25/20,Changed Mind
O7073,R1707,2/29/20,Changed Mind
O7075,R1709,4/4/20,Long Delivery Time
O7076,R1710,2/25/20,Wrong Size
O7078,R1712,3/31/20,Changed Mind
O7079,R1713,3/18/20,Wrong Item
O7080,R1714,3/10/20,Long Delivery Time
O7082,R1716,1/28/20,Wrong Item
O7083,R1717,2/17/20,Changed Mind
O7085,R1719,4/7/20,Wrong Item
O7087,R1721,2/20/20,Wrong Item
O7091,R1725,3/23/20,Wrong Item
O7093,R1727,3/27/20,Changed Mind
O7097,R1731,4/2/20,Wrong Size
O7098,R1732,2/24/20,Long Delivery Time
O7099,R1733,5/5/20,Long Delivery Time
O7101,R1735,3/28/20,Wrong Size
O7103,R1737,3/5/20,Changed Mind
O7105,R1739,2/27/20,Changed Mind
O7106,R1740,4/12/20,Long Delivery Time
O7108,R1742,5/25/20,Long Delivery Time
O7109,R1743,4/2/20,Long Delivery Time
O7110,R1744,3/24/20,Changed Mind
O7111,R1745,3/21/20,Wrong Size
O7112,R1746,3/9/20,Wrong Size
O7114,R1748,4/23/20,Changed Mind
O7115,R1749,3/15/20,Long Delivery Time
O7116,R1750,2/29/20,Changed Mind
O7118,R1752,4/24/20,Changed Mind
O7119,R1753,5/28/20,Wrong Size
O7120,R1754,4/24/20,Changed Mind
O7121,R1755,2/27/20,Long Delivery Time
O7122,R1756,3/28/20,Changed Mind
O7124,R1758,5/19/20,Changed Mind
O7128,R1762,2/15/20,Long Delivery Time
O7129,R1763,3/27/20,Long Delivery Time
O7133,R1767,4/1/20,Long Delivery Time
O7136,R1770,2/21/20,Long Delivery Time
O7137,R1771,5/11/20,Changed Mind
O7138,R1772,5/12/20,Changed Mind
O7139,R1773,2/9/20,Long Delivery Time
O7140,R1774,3/13/20,Wrong Item
O7141,R1775,4/4/20,Changed Mind
O7142,R1776,4/19/20,Wrong Size
O7143,R1777,4/26/20,Long Delivery Time
O7144,R1778,4/5/20,Long Delivery Time
O7145,R1779,3/11/20,Long Delivery Time
O7146,R1780,1/31/20,Long Delivery Time
O7148,R1782,2/28/20,Changed Mind
O7150,R1784,2/13/20,Long Delivery Time
O7151,R1785,4/29/20,Long Delivery Time
O7152,R1786,3/23/20,Long Delivery Time
O7153,R1787,4/30/20,Long Delivery Time
O7154,R1788,2/21/20,Long Delivery Time
O7155,R1789,4/13/20,Long Delivery Time
O7156,R1790,4/14/20,Long Delivery Time
O7158,R1792,2/23/20,Long Delivery Time
O7159,R1793,4/11/20,Wrong Size
O7161,R1795,3/13/20,Long Delivery Time
O7162,R1796,4/2/20,Long Delivery Time
O7165,R1799,3/16/20,Long Delivery Time
O7166,R1800,3/23/20,Wrong Item
O7167,R1801,3/31/20,Long Delivery Time
O7168,R1802,2/26/20,Long Delivery Time
O7170,R1804,4/5/20,Wrong Item
O7172,R1806,4/5/20,Changed Mind
O7173,R1807,5/17/20,Long Delivery Time
O7174,R1808,4/26/20,Long Delivery Time
O7176,R1810,3/4/20,Long Delivery Time
O7181,R1815,2/26/20,Long Delivery Time
O7182,R1816,3/9/20,Changed Mind
O7183,R1817,4/22/20,Changed Mind
O7184,R1818,4/15/20,Changed Mind
O7185,R1819,3/28/20,Wrong Item
O7186,R1820,4/23/20,Changed Mind
O7187,R1821,2/13/20,Long Delivery Time
O7188,R1822,2/25/20,Wrong Item
O7189,R1823,3/10/20,Long Delivery Time
O7190,R1824,5/9/20,Wrong Size
O7192,R1826,3/9/20,Long Delivery Time
O7193,R1827,2/26/20,Changed Mind
O7194,R1828,4/22/20,Changed Mind
O7195,R1829,2/6/20,Long Delivery Time
O7197,R1831,2/14/20,Long Delivery Time
O7198,R1832,4/4/20,Wrong Item
O7199,R1833,4/16/20,Long Delivery Time
O7201,R1835,4/12/20,Wrong Size
O7202,R1836,5/2/20,Wrong Item
O7204,R1838,3/15/20,Changed Mind
O7206,R1840,4/18/20,Changed Mind
O7207,R1841,4/6/20,Long Delivery Time
O7208,R1842,5/15/20,Changed Mind
O7209,R1843,5/6/20,Long Delivery Time
O7211,R1845,4/18/20,Long Delivery Time
O7212,R1846,2/26/20,Wrong Item
O7214,R1848,4/15/20,Long Delivery Time
O7215,R1849,4/11/20,Wrong Size
O7216,R1850,3/26/20,Long Delivery Time
O7217,R1851,4/7/20,Wrong Size
O7218,R1852,3/12/20,Long Delivery Time
O7219,R1853,4/16/20,Changed Mind
O7220,R1854,4/5/20,Long Delivery Time
O7223,R1857,2/24/20,Changed Mind
O7224,R1858,2/24/20,Changed Mind
O7226,R1860,4/20/20,Wrong Item
O7227,R1861,5/12/20,Changed Mind
O7228,R1862,4/14/20,Long Delivery Time
O7229,R1863,5/22/20,Wrong Item
O7230,R1864,5/11/20,Long Delivery Time
O7231,R1865,5/24/20,Wrong Item
O7233,R1867,5/14/20,Changed Mind
O7234,R1868,3/8/20,Long Delivery Time
O7235,R1869,5/3/20,Changed Mind
O7236,R1870,3/5/20,Long Delivery Time
O7237,R1871,2/19/20,Wrong Size
O7238,R1872,5/2/20,Wrong Item
O7239,R1873,4/30/20,Changed Mind
O7242,R1876,2/18/20,Changed Mind
O7243,R1877,5/27/20,Long Delivery Time
O7244,R1878,3/26/20,Wrong Item
O7245,R1879,4/9/20,Long Delivery Time
O7246,R1880,5/7/20,Long Delivery Time
O7247,R1881,4/15/20,Long Delivery Time
O7250,R1884,4/10/20,Long Delivery Time
O7251,R1885,5/9/20,Long Delivery Time
O7253,R1887,4/18/20,Changed Mind
O7254,R1888,2/18/20,Long Delivery Time
O7257,R1891,4/6/20,Changed Mind
O7258,R1892,3/29/20,Long Delivery Time
O7259,R1893,2/12/20,Long Delivery Time
O7260,R1894,2/18/20,Changed Mind
O7261,R1895,3/30/20,Changed Mind
O7264,R1898,5/11/20,Changed Mind
O5377,R11,3/16/20,Wrong Size
O5443,R77,3/12/20,Wrong Size
O7267,R1901,3/26/20,Long Delivery Time
O5524,R158,2/28/20,Wrong Size
O7269,R1903,1/19/20,Long Delivery Time
O7270,R1904,3/21/20,Long Delivery Time
O7271,R1905,4/15/20,Long Delivery Time
O5532,R166,4/13/20,Wrong Size
O7273,R1907,2/16/20,Long Delivery Time
O5570,R204,4/16/20,Wrong Size
O7275,R1909,5/4/20,Changed Mind
O5655,R289,3/2/20,Wrong Size
O5783,R417,4/16/20,Wrong Size
O7278,R1912,2/13/20,Changed Mind
O7279,R1913,3/29/20,Changed Mind
O7280,R1914,1/22/20,Changed Mind
O5805,R439,3/5/20,Wrong Item
O7282,R1916,4/19/20,Wrong Item
O7283,R1917,3/22/20,Wrong Item
O5839,R473,3/8/20,Wrong Item
O7285,R1919,2/14/20,Changed Mind
O5878,R512,2/9/20,Wrong Item
O7287,R1921,3/11/20,Wrong Item
O7288,R1922,1/20/20,Wrong Size
O7289,R1923,4/18/20,Changed Mind
O5929,R563,4/1/20,Wrong Size
O6160,R794,3/9/20,Wrong Size
O7292,R1926,3/13/20,Wrong Item
O6198,R832,2/6/20,Wrong Item
O6235,R869,2/26/20,Wrong Size
O7295,R1929,5/3/20,Long Delivery Time
O7296,R1930,1/24/20,Long Delivery Time
O7297,R1931,4/10/20,Changed Mind
O7298,R1932,2/27/20,Long Delivery Time
O7299,R1933,3/4/20,Wrong Size
O6397,R1031,3/18/20,Wrong Size
O7301,R1935,4/10/20,Changed Mind
O7302,R1936,4/11/20,Long Delivery Time
O7303,R1937,3/26/20,Wrong Item
O6465,R1099,5/18/20,Wrong Item
O6499,R1133,2/29/20,Wrong Item
O7306,R1940,3/29/20,Long Delivery Time
O7307,R1941,3/13/20,Wrong Size
O7308,R1942,4/14/20,Long Delivery Time
O6592,R1226,2/25/20,Wrong Size
O6612,R1246,3/30/20,Wrong Item
O7311,R1945,4/11/20,Changed Mind
O7312,R1946,4/12/20,Wrong Size
O6763,R1397,3/13/20,Wrong Size
O7314,R1948,3/18/20,Long Delivery Time
O7315,R1949,3/14/20,Changed Mind
O7316,R1950,4/29/20,Changed Mind
O7317,R1951,4/10/20,Long Delivery Time
O6818,R1452,2/20/20,Wrong Size
O7319,R1953,3/27/20,Wrong Size
O6836,R1470,4/8/20,Wrong Size
O7321,R1955,3/12/20,Changed Mind
O7322,R1956,5/17/20,Long Delivery Time
O7323,R1957,4/3/20,Changed Mind
O7324,R1958,2/9/20,Long Delivery Time
O7325,R1959,3/26/20,Changed Mind
O7326,R1960,3/29/20,Long Delivery Time
O7327,R1961,3/13/20,Long Delivery Time
O6873,R1507,3/8/20,Wrong Size
O7329,R1963,3/22/20,Long Delivery Time
O7330,R1964,4/12/20,Long Delivery Time
O7331,R1965,4/15/20,Long Delivery Time
O6878,R1512,4/10/20,Wrong Size
O7333,R1967,3/31/20,Changed Mind
O7334,R1968,3/30/20,Long Delivery Time
O7335,R1969,4/13/20,Long Delivery Time
O7336,R1970,4/22/20,Changed Mind
O7337,R1971,4/25/20,Long Delivery Time
O6892,R1526,1/29/20,Wrong Size
O6915,R1549,2/27/20,Wrong Size
O6921,R1555,5/3/20,Changed Mind
O7341,R1975,4/18/20,Changed Mind
O7342,R1976,4/16/20,Long Delivery Time
O6958,R1592,3/17/20,Wrong Item
O7344,R1978,5/11/20,Changed Mind
O7345,R1979,2/5/20,Long Delivery Time
O7346,R1980,3/10/20,Changed Mind
O7347,R1981,4/25/20,Wrong Size
O7348,R1982,2/27/20,Long Delivery Time
O7349,R1983,2/29/20,Long Delivery Time
O7012,R1646,4/5/20,Wrong Size
O7351,R1985,4/21/20,Changed Mind
O7352,R1986,5/9/20,Long Delivery Time
O7061,R1695,4/21/20,Changed Mind
O7354,R1988,3/10/20,Changed Mind
O7355,R1989,3/27/20,Changed Mind
O7107,R1741,1/27/20,Wrong Size
O7357,R1991,3/30/20,Long Delivery Time
O7358,R1992,3/8/20,Changed Mind
O7359,R1993,3/3/20,Changed Mind
O7360,R1994,2/6/20,Changed Mind
O7361,R1995,4/16/20,Long Delivery Time
O7362,R1996,4/6/20,Changed Mind
O7113,R1747,4/6/20,Changed Mind
O7364,R1998,2/15/20,Long Delivery Time
O7135,R1769,4/24/20,Changed Mind
O7366,R2000,2/7/20,Long Delivery Time
O7157,R1791,3/31/20,Changed Mind
O7368,R2002,5/16/20,Long Delivery Time
O7369,R2003,2/4/20,Long Delivery Time
O7370,R2004,4/24/20,Long Delivery Time
O7371,R2005,4/23/20,Long Delivery Time
O7372,R2006,2/17/20,Wrong Size
O7178,R1812,3/8/20,Wrong Size
O7374,R2008,5/17/20,Changed Mind
O7375,R2009,4/13/20,Long Delivery Time
O7200,R1834,1/20/20,Wrong Size
O7377,R2011,2/25/20,Wrong Item
O7276,R1910,2/22/20,Wrong Size
O7379,R2013,4/19/20,Long Delivery Time
O7380,R2014,4/4/20,Long Delivery Time
O7381,R2015,2/29/20,Wrong Item
O7382,R2020,4/8/20,Changed Mind
O7383,R2017,3/17/20,Wrong Size
O7384,R2018,3/17/20,Long Delivery Time
O7385,R2019,5/11/20,Changed Mind
O7454,R2088,2/16/20,Wrong Item
O7387,R2021,3/16/20,Long Delivery Time
O7388,R2022,3/19/20,Changed Mind
O7533,R2167,1/26/20,Wrong Item
O7390,R2024,3/27/20,Long Delivery Time
O7391,R2025,5/6/20,Long Delivery Time
O7392,R2026,2/20/20,Changed Mind
O7393,R2027,4/1/20,Long Delivery Time
O7394,R2028,3/19/20,Changed Mind
O7395,R2029,4/1/20,Long Delivery Time
O7576,R2210,3/22/20,Wrong Item
O7603,R2237,4/2/20,Changed Mind
O7618,R2252,2/12/20,Changed Mind
O7399,R2033,4/27/20,Long Delivery Time
O7400,R2034,3/19/20,Wrong Item
O7401,R2035,3/22/20,Changed Mind
O7402,R2036,2/24/20,Long Delivery Time
O7403,R2037,4/12/20,Wrong Item
O7672,R2306,5/2/20,Wrong Item
O7405,R2039,2/28/20,Changed Mind
O7724,R2358,2/8/20,Wrong Size
O7407,R2041,4/5/20,Wrong Size
O7408,R2042,3/18/20,Changed Mind
O7409,R2043,2/27/20,Wrong Item
O7745,R2379,1/27/20,Wrong Item
O7790,R2424,3/31/20,Wrong Item
O7810,R2444,2/24/20,Changed Mind
O7413,R2047,4/1/20,Long Delivery Time
O7414,R2048,3/11/20,Wrong Item
O7415,R2049,3/21/20,Wrong Item
O7416,R2050,4/24/20,Wrong Size
O7417,R2051,3/2/20,Changed Mind
O7418,R2052,3/21/20,Changed Mind
O7419,R2053,3/31/20,Changed Mind
O7420,R2054,4/5/20,Changed Mind
O7421,R2055,3/4/20,Long Delivery Time
O7422,R2056,5/2/20,Long Delivery Time
O7884,R2518,5/27/20,Changed Mind
O7424,R2058,2/25/20,Long Delivery Time
O7425,R2059,3/23/20,Long Delivery Time
O7426,R2060,2/25/20,Changed Mind
O7427,R2061,4/12/20,Changed Mind
O7428,R2062,4/22/20,Changed Mind
O7429,R2063,3/16/20,Long Delivery Time
O7430,R2064,3/9/20,Changed Mind
O7431,R2065,4/9/20,Changed Mind
O7432,R2066,3/29/20,Long Delivery Time
O7433,R2067,4/13/20,Changed Mind
O7434,R2068,3/23/20,Changed Mind
O7435,R2069,2/21/20,Long Delivery Time
O7965,R2599,2/25/20,Wrong Size
O7437,R2071,2/5/20,Changed Mind
O7438,R2072,3/23/20,Changed Mind
O7439,R2073,4/13/20,Wrong Item
O7440,R2074,3/24/20,Wrong Item
O8025,R2659,4/26/20,Changed Mind
O8036,R2670,2/27/20,Wrong Item
O7443,R2077,4/8/20,Changed Mind
O8047,R2681,3/27/20,Wrong Item
O7445,R2079,3/3/20,Changed Mind
O7446,R2080,3/24/20,Long Delivery Time
O7447,R2081,2/29/20,Long Delivery Time
O7448,R2082,3/2/20,Long Delivery Time
O8106,R2740,5/8/20,Wrong Item
O7450,R2084,5/4/20,Long Delivery Time
O7451,R2085,3/24/20,Wrong Item
O8112,R2746,2/25/20,Changed Mind
O8118,R2752,1/31/20,Changed Mind
O8119,R2753,2/20/20,Changed Mind
O7455,R2089,1/29/20,Long Delivery Time
O7456,R2090,4/15/20,Long Delivery Time
O7457,R2091,4/27/20,Long Delivery Time
O7458,R2092,2/13/20,Wrong Item
O7459,R2093,4/5/20,Long Delivery Time
O8139,R2773,5/7/20,Wrong Item
O7461,R2095,4/21/20,Long Delivery Time
O7462,R2096,3/26/20,Long Delivery Time
O7463,R2097,4/2/20,Long Delivery Time
O8246,R2880,3/17/20,Wrong Size
O8361,R2995,4/12/20,Wrong Item
O8365,R2999,4/22/20,Wrong Item
O7467,R2101,3/11/20,Wrong Size
O7468,R2102,2/18/20,Wrong Size
O7469,R2103,3/30/20,Long Delivery Time
O8438,R3072,4/17/20,Wrong Size
O7471,R2105,3/1/20,Long Delivery Time
O7472,R2106,3/21/20,Changed Mind
O7473,R2107,4/10/20,Changed Mind
O7474,R2108,3/7/20,Wrong Size
O8480,R3114,2/28/20,Changed Mind
O8492,R3126,3/27/20,Wrong Item
O8629,R3263,3/18/20,Wrong Size
O8631,R3265,3/8/20,Wrong Size
O8676,R3310,4/20/20,Changed Mind
O7480,R2114,5/2/20,Long Delivery Time
O7481,R2115,2/11/20,Long Delivery Time
O8682,R3316,3/8/20,Changed Mind
O7483,R2117,3/11/20,Changed Mind
O7484,R2118,3/5/20,Long Delivery Time
O7485,R2119,3/21/20,Wrong Size
O7486,R2120,2/18/20,Changed Mind
O7487,R2121,5/5/20,Wrong Size
