{"metadata":{"asset_id":"1a601b6c-9202-4cf3-b7f3-ac6d0a217b67","asset_attributes":["data_asset","location_definition"],"name":"sample_elastic_search_NESTED_template.json","asset_type":"data_asset","created_at":"2025-01-21T10:21:08Z","description":"NESTED template.","origin_country":"us","owner_id":"IBMid-550003B08R","project_id":"69ce1043-93e9-42f6-9185-8a540b7cc6d3","size":340,"usage":{"last_update_time":1737454868426,"last_updated_at":"2025-01-21T10:21:08Z"}},"entity":{"data_asset":{"dataset":false,"mime_type":"application/json"},"location_definition":{"physical_location_code_assignment_method":"INFERRED","physical_location_code":"DAL","physical_location_code_assigned_by":"IBMid-550003B08R","physical_location_code_added_on":"1737454791253","physical_location_code_rds_version":"a709c995-541b-4a2a-a7b8-6fc1f4e5ffe2_0","physical_location_code_rds_id":"c57cb90f-2126-3800-9c9f-9eab82021cdf"}},"attachments":[{"id":"1860339e-cdb3-462c-8d79-4db23dec9d20","version":2,"asset_type":"data_asset","name":"sample_elastic_search_NESTED_template.json","mime":"application/json","datasource_type":"193a97c1-4475-4a19-b90c-295c4fdc6517","object_key":"sample_elastic_search_NESTED_template.json","creator_id":"IBMid-550003B08R","create_time":1737454868779,"size":340,"is_remote":false,"is_managed":false,"is_referenced":true,"is_object_key_read_only":false,"is_user_provided_path_key":true,"transfer_complete":true,"is_partitioned":false,"complete_time_ticks":1737454868779,"user_data":{},"test_doc":0,"handle":{"bucket":"ragbuildprojectv15servingname-donotdelete-pr-y1eizimq1hkduf","location":"us-south","type":"bluemix_cos","key":"sample_elastic_search_NESTED_template.json","upload_id":"done","max_part_num":1},"usage":{"access_count":0,"last_accessor_id":"IBMid-550003B08R","last_access_time":1737454868779}}]}
