{"metadata":{"asset_id":"5929fb84-1f3f-4f24-bd51-87ca2b7cb60a","asset_attributes":["environment"],"name":"qna_template","asset_type":"environment","created_at":"2025-01-23T14:14:25Z","description":"","origin_country":"us","owner_id":"IBMid-550003B08R","project_id":"69ce1043-93e9-42f6-9185-8a540b7cc6d3","sandbox_id":"69ce1043-93e9-42f6-9185-8a540b7cc6d3","size":0,"tags":["dsx"],"usage":{"last_update_time":1737641672149,"last_updated_at":"2025-01-23T14:14:32Z"}},"entity":{"environment":{"sub_type":"notebook","display_name":"qna_template","hardware_specification":{"type":"referenced","guid":"f21f6865-172a-4059-87e3-09a07844a3f6"},"software_specification":{"type":"referenced","guid":"45f12dfe-aa78-5b8d-9f38-0ee223c47309"},"tools_specification":{"supported_kernels":[{"name":"python3","display_name":"Python 3.11","language":"python","version":"3.11"}],"notebook_extensions":["ipywidgets"]}}}}
