{"metadata":{"asset_id":"f21f6865-172a-4059-87e3-09a07844a3f6","asset_attributes":["hardware_specification"],"name":"qna_template","asset_type":"hardware_specification","created_at":"2025-01-23T14:14:25Z","description":"","origin_country":"us","owner_id":"IBMid-550003B08R","project_id":"69ce1043-93e9-42f6-9185-8a540b7cc6d3","sandbox_id":"69ce1043-93e9-42f6-9185-8a540b7cc6d3","size":0,"tags":["dsx"],"usage":{"last_update_time":1737641665684,"last_updated_at":"2025-01-23T14:14:25Z"}},"entity":{"hardware_specification":{"nodes":{"cpu":{"units":"2","model":""},"mem":{"size":"8Gi"}}}}}
