{"metadata":{"asset_id":"6cbb07ee-b0f8-42cb-b032-7aed3c84a4c8","asset_attributes":["job"],"name":"Create and Deploy QnA Python Function job","asset_type":"job","created_at":"2025-01-21T10:20:30Z","description":"Notebook job for the creation and deployment of the QnA python function for RAG.","origin_country":"us","owner_id":"IBMid-550003B08R","project_id":"69ce1043-93e9-42f6-9185-8a540b7cc6d3","size":0,"usage":{"last_update_time":1737454830958,"last_updated_at":"2025-01-21T10:20:30Z"}},"entity":{"job":{"asset_ref_type":"notebook","configuration":{"entrypoint":"","env_id":"rt241pys2-69ce1043-93e9-42f6-9185-8a540b7cc6d3","env_type":"notebook","env_variables":[],"file_ref":"","run_results":"log_and_new_notebook"},"last_run_initiator":"deprecated field","last_run_time":"deprecated field","last_run_status":"deprecated field","last_run_status_timestamp":0,"future_scheduled_runs":[],"enable_notifications":true,"task_credentials_support":{"task_credentials_enabled":true,"user_id":"IBMid-550003B08R","account_id":"6b9d4c596ded4fdab96f0edd3f2fa18a"},"project_name":"RAG-BUILD-PROJECT-V1.5-servingName","asset_ref":"2566cc62-53aa-4522-8dcd-404bb2d81381","schedule_id":"","schedule_creator_id":""}}}
