{"metadata":{"asset_id":"aa405631-50ae-455c-86d5-08ebdac1e951","asset_attributes":["job"],"name":"Process and Ingest data into vector DB Job","asset_type":"job","created_at":"2025-01-21T10:20:38Z","description":"Notebook job to process and ingest data into a vector database.","origin_country":"us","owner_id":"IBMid-550003B08R","project_id":"69ce1043-93e9-42f6-9185-8a540b7cc6d3","size":0,"usage":{"last_update_time":1737454838493,"last_updated_at":"2025-01-21T10:20:38Z"}},"entity":{"job":{"asset_ref_type":"notebook","configuration":{"entrypoint":"","env_id":"rt241pys2-69ce1043-93e9-42f6-9185-8a540b7cc6d3","env_type":"notebook","env_variables":["Env_Asset=ibm-docs-SSYOK8.zip"],"file_ref":"","run_results":"log_and_new_notebook"},"last_run_initiator":"deprecated field","last_run_time":"deprecated field","last_run_status":"deprecated field","last_run_status_timestamp":0,"future_scheduled_runs":[],"enable_notifications":true,"task_credentials_support":{"task_credentials_enabled":true,"user_id":"IBMid-550003B08R","account_id":"6b9d4c596ded4fdab96f0edd3f2fa18a"},"project_name":"RAG-BUILD-PROJECT-V1.5-servingName","asset_ref":"628ef331-0f85-4d0a-adf2-b4501552fd90","schedule_id":"","schedule_creator_id":""}}}
