{"metadata":{"asset_id":"e1cb07fb-49c2-4b44-8f74-0ac8781043e5","asset_attributes":["job"],"name":"QnA with RAG Pipeline Job","asset_type":"job","created_at":"2025-01-21T10:21:29Z","description":"Watson Pipeline job that executes the notebooks end to end in an automated method.","origin_country":"us","owner_id":"IBMid-550003B08R","project_id":"69ce1043-93e9-42f6-9185-8a540b7cc6d3","size":0,"usage":{"last_update_time":1737454889595,"last_updated_at":"2025-01-21T10:21:29Z"}},"entity":{"job":{"asset_ref_type":"orchestration_flow","configuration":{"env_id":"rt241pys2-69ce1043-93e9-42f6-9185-8a540b7cc6d3","env_type":"notebook","env_variables":[]},"last_run_initiator":"deprecated field","last_run_time":"deprecated field","last_run_status":"deprecated field","last_run_status_timestamp":0,"future_scheduled_runs":[],"enable_notifications":true,"task_credentials_support":{"task_credentials_enabled":true,"user_id":"IBMid-550003B08R","account_id":"6b9d4c596ded4fdab96f0edd3f2fa18a"},"project_name":"RAG-BUILD-PROJECT-V1.5-servingName","asset_ref":"2997a0b9-b49f-4479-8d9c-dbb62e6ed2bf","schedule_id":"","schedule_creator_id":""}}}
