{"metadata":{"asset_id":"b437080f-abc8-4213-8db5-1b6ecc8d7ec9","asset_attributes":["notebook","location_definition"],"name":"Analyze Log and Feedback notebook","asset_type":"notebook","created_at":"2025-01-21T10:20:47Z","description":"","origin_country":"us","owner_id":"IBMid-550003B08R","project_id":"69ce1043-93e9-42f6-9185-8a540b7cc6d3","size":37728,"tags":["notebook"],"usage":{"last_update_time":1737454850217,"last_updated_at":"2025-01-21T10:20:50Z"}},"entity":{"notebook":{"originates_from":{"type":"blank"},"runtime":{"environment":"rt241pys2-69ce1043-93e9-42f6-9185-8a540b7cc6d3"}},"location_definition":{"physical_location_code":"DAL","physical_location_code_assigned_by":"IBMid-550003B08R","physical_location_code_rds_id":"c57cb90f-2126-3800-9c9f-9eab82021cdf","physical_location_code_rds_version":"a709c995-541b-4a2a-a7b8-6fc1f4e5ffe2_0","physical_location_code_assignment_method":"INFERRED","physical_location_code_added_on":"1737454791253"}},"attachments":[{"id":"b5bc173d-a1a7-443d-9a48-40ba67ba45b5","version":2,"asset_type":"notebook","name":"attachment for notebook b437080f-abc8-4213-8db5-1b6ecc8d7ec9","description":"attachment for notebook b437080f-abc8-4213-8db5-1b6ecc8d7ec9","mime":"application/json","datasource_type":"193a97c1-4475-4a19-b90c-295c4fdc6517","object_key":"notebook/Analyze_Log_and_Feedback_xEkHfvn1U.ipynb","creator_id":"IBMid-550003B08R","create_time":1737454848289,"size":37728,"is_remote":false,"is_managed":false,"is_referenced":true,"is_object_key_read_only":false,"is_user_provided_path_key":true,"transfer_complete":true,"is_partitioned":false,"complete_time_ticks":1737454848289,"user_data":{},"test_doc":0,"handle":{"bucket":"ragbuildprojectv15servingname-donotdelete-pr-y1eizimq1hkduf","location":"us-south","type":"bluemix_cos","key":"notebook/Analyze_Log_and_Feedback_xEkHfvn1U.ipynb","upload_id":"done","max_part_num":1},"usage":{"access_count":0,"last_accessor_id":"IBMid-550003B08R","last_access_time":1737454848289}}]}
