{"metadata":{"asset_id":"3e15231c-e1b3-4d60-b954-be7d9d0ab034","asset_attributes":["notebook","location_definition"],"name":"QnA with RAG","asset_type":"notebook","created_at":"2025-01-21T10:20:42Z","description":"This notebook can be used to try out the deployed function by asking some questions, either by executing a notebook, or in a more interactive mode using an ipywidget.","origin_country":"us","owner_id":"IBMid-550003B08R","project_id":"69ce1043-93e9-42f6-9185-8a540b7cc6d3","size":9909,"tags":["notebook"],"usage":{"last_update_time":1737641694176,"last_updated_at":"2025-01-23T14:14:54Z"}},"entity":{"notebook":{"originates_from":{"type":"blank"},"kernel":{"name":"python3","display_name":"Python 3.11","language":"python"},"runtime":{"environment":"5929fb84-1f3f-4f24-bd51-87ca2b7cb60a"}},"location_definition":{"physical_location_code":"DAL","physical_location_code_assigned_by":"IBMid-550003B08R","physical_location_code_rds_id":"c57cb90f-2126-3800-9c9f-9eab82021cdf","physical_location_code_rds_version":"a709c995-541b-4a2a-a7b8-6fc1f4e5ffe2_0","physical_location_code_assignment_method":"INFERRED","physical_location_code_added_on":"1737454791253"}},"attachments":[{"id":"d1ce3529-dd94-411b-9fcb-ad27209f3dcc","version":2,"asset_type":"notebook","name":"attachment for notebook 3e15231c-e1b3-4d60-b954-be7d9d0ab034","description":"attachment for notebook 3e15231c-e1b3-4d60-b954-be7d9d0ab034","mime":"application/json","datasource_type":"193a97c1-4475-4a19-b90c-295c4fdc6517","object_key":"notebook/Q_A_with_RAG_2Qx7tsfv9.ipynb","creator_id":"IBMid-550003B08R","create_time":1737454842518,"size":9909,"is_remote":false,"is_managed":false,"is_referenced":true,"is_object_key_read_only":false,"is_user_provided_path_key":true,"transfer_complete":true,"is_partitioned":false,"complete_time_ticks":1737454842518,"user_data":{},"test_doc":0,"handle":{"bucket":"ragbuildprojectv15servingname-donotdelete-pr-y1eizimq1hkduf","location":"us-south","type":"bluemix_cos","key":"notebook/Q_A_with_RAG_2Qx7tsfv9.ipynb","upload_id":"done","max_part_num":1},"usage":{"access_count":0,"last_accessor_id":"IBMid-550003B08R","last_access_time":1737454842518}}]}
