{"metadata":{"asset_id":"2566cc62-53aa-4522-8dcd-404bb2d81381","asset_attributes":["notebook","location_definition"],"name":"Create and Deploy QnA Python Function","asset_type":"notebook","created_at":"2025-01-21T10:20:27Z","description":"This notebook creates the QnA RAG python function, and deploys the function, along with supporting assets to a deployment space.","origin_country":"us","owner_id":"IBMid-550003B08R","project_id":"69ce1043-93e9-42f6-9185-8a540b7cc6d3","size":89782,"tags":["notebook"],"usage":{"last_update_time":1737627405484,"last_updated_at":"2025-01-23T10:16:45Z"}},"entity":{"notebook":{"originates_from":{"type":"blank"},"kernel":{"display_name":"Python 3.11","language":"python","name":"python3"},"runtime":{"environment":"rt241pys2-69ce1043-93e9-42f6-9185-8a540b7cc6d3"}},"location_definition":{"physical_location_code":"DAL","physical_location_code_assigned_by":"IBMid-550003B08R","physical_location_code_rds_id":"c57cb90f-2126-3800-9c9f-9eab82021cdf","physical_location_code_rds_version":"a709c995-541b-4a2a-a7b8-6fc1f4e5ffe2_0","physical_location_code_assignment_method":"INFERRED","physical_location_code_added_on":"1737454791253"}},"attachments":[{"id":"8577283b-dd46-476a-8ff1-6071f92748ed","version":2,"asset_type":"notebook","name":"attachment for notebook 2566cc62-53aa-4522-8dcd-404bb2d81381","description":"attachment for notebook 2566cc62-53aa-4522-8dcd-404bb2d81381","mime":"application/json","datasource_type":"193a97c1-4475-4a19-b90c-295c4fdc6517","object_key":"notebook/Create_and_Deploy_QnA_Python_Function_ALsUEFBd4.ipynb","creator_id":"IBMid-550003B08R","create_time":1737454827578,"size":89782,"is_remote":false,"is_managed":false,"is_referenced":true,"is_object_key_read_only":false,"is_user_provided_path_key":true,"transfer_complete":true,"is_partitioned":false,"complete_time_ticks":1737454827578,"user_data":{},"test_doc":0,"handle":{"bucket":"ragbuildprojectv15servingname-donotdelete-pr-y1eizimq1hkduf","location":"us-south","type":"bluemix_cos","key":"notebook/Create_and_Deploy_QnA_Python_Function_ALsUEFBd4.ipynb","upload_id":"done","max_part_num":1},"usage":{"access_count":95,"last_accessor_id":"IBMid-550003B08R","last_access_time":1737627405482,"last_updater_id":"IBMid-550003B08R","last_update_time":1737627405482}}]}
