{"metadata":{"asset_id":"2997a0b9-b49f-4479-8d9c-dbb62e6ed2bf","name":"QnA with RAG pipeline","description":"","tags":null,"asset_type":"orchestration_flow","origin_country":"us","rov":{"mode":0},"owner_id":"IBMid-550003B08R","created_at":"2025-01-21T10:21:26Z","commit_info":{"previous_revision":1}},"entity":{"location_definition":{"physical_location_code":"DAL","physical_location_code_added_on":"1737454791253","physical_location_code_assigned_by":"IBMid-550003B08R","physical_location_code_assignment_method":"INFERRED","physical_location_code_rds_id":"c57cb90f-2126-3800-9c9f-9eab82021cdf","physical_location_code_rds_version":"a709c995-541b-4a2a-a7b8-6fc1f4e5ffe2_0"},"orchestration_flow":{"created_at":1737454886,"default_version":null,"default_version_id":"2997a0b9-b49f-4479-8d9c-dbb62e6ed2bf-1","deleted_versions":[],"status":"READY","version_code_source_url":"","version_created_at":1737454886,"version_name":"QnA with RAG pipeline","version_parameters":"","version_status":"VOLATILE"}},"attachments":[{"object_key":"orchestration_flow/2997a0b9-b49f-4479-8d9c-dbb62e6ed2bf-0"}],"scope":"cpd.__projects_69ce1043-93e9-42f6-9185-8a540b7cc6d3"}
