{"metadata":{"asset_id":"a64803ee-0595-4ab6-915f-c7fac3967d9a","asset_attributes":["data_asset"],"name":"Readme - RAG as watsonx Assistant extension.pdf","asset_type":"data_asset","created_at":"2024-11-04T11:01:49Z","description":"README file for RAG watsonx assistant extension.","origin_country":"us","owner_id":"IBMid-550002Q38X","project_id":"7aa97801-8ea7-4d41-a086-e86e7e93a272","size":5967221,"usage":{"last_update_time":1730718109462,"last_updated_at":"2024-11-04T11:01:49Z"}},"entity":{"data_asset":{"dataset":false,"mime_type":"application/pdf"},"location_definition":{"physical_location_code_assignment_method":"INFERRED","physical_location_code":"DAL","physical_location_code_assigned_by":"IBMid-550002Q38X","physical_location_code_added_on":"1730718039500","physical_location_code_rds_version":"a709c995-541b-4a2a-a7b8-6fc1f4e5ffe2_0","physical_location_code_rds_id":"c57cb90f-2126-3800-9c9f-9eab82021cdf"}},"attachments":[{"id":"d04e65be-e83a-4887-9626-513c8c24f08f","version":2,"asset_type":"data_asset","name":"Readme - RAG as watsonx Assistant extension.pdf","mime":"application/pdf","datasource_type":"193a97c1-4475-4a19-b90c-295c4fdc6517","object_key":"Readme - RAG as watsonx Assistant extension.pdf","creator_id":"IBMid-550002Q38X","create_time":1730718109506,"size":5967221,"is_remote":false,"is_managed":false,"is_referenced":true,"is_object_key_read_only":false,"is_user_provided_path_key":true,"transfer_complete":true,"is_partitioned":false,"complete_time_ticks":1730718109506,"user_data":{},"test_doc":0,"handle":{"bucket":"industryacceleratorragwxaasv14gc5-donotdelete-pr-tlpjejbkhnb2t4","location":"us-south","type":"bluemix_cos","key":"Readme - RAG as watsonx Assistant extension.pdf","upload_id":"done","max_part_num":1},"usage":{"access_count":0,"last_accessor_id":"IBMid-550002Q38X","last_access_time":1730718109506}}]}
