{"metadata":{"asset_id":"fdfb8a4c-80a1-4253-ba97-6d008fc1cb2a","asset_attributes":["data_asset","directory_asset"],"name":"rag_helper_functions.py","asset_type":"data_asset","created_at":"2024-11-04T12:55:23Z","origin_country":"us","owner_id":"IBMid-550002Q38X","project_id":"7aa97801-8ea7-4d41-a086-e86e7e93a272","size":9841,"usage":{"last_update_time":1730724923083,"last_updated_at":"2024-11-04T12:55:23Z"}},"entity":{"data_asset":{"mime_type":"text/x-script.python","dataset":false},"directory_asset":{"path":""},"location_definition":{"physical_location_code_assignment_method":"INFERRED","physical_location_code":"DAL","physical_location_code_assigned_by":"IBMid-550002Q38X","physical_location_code_added_on":"1730718039500","physical_location_code_rds_version":"a709c995-541b-4a2a-a7b8-6fc1f4e5ffe2_0","physical_location_code_rds_id":"c57cb90f-2126-3800-9c9f-9eab82021cdf"}},"attachments":[{"id":"edb498fc-8d99-48b2-b3d0-70bd4134f15f","version":2,"asset_type":"data_asset","name":"rag_helper_functions.py","mime":"text/x-script.python","datasource_type":"193a97c1-4475-4a19-b90c-295c4fdc6517","object_key":"rag_helper_functions.py","creator_id":"IBMid-550002Q38X","create_time":1730724923464,"size":9841,"is_remote":false,"is_managed":false,"is_referenced":true,"is_object_key_read_only":true,"is_user_provided_path_key":true,"transfer_complete":true,"is_partitioned":false,"complete_time_ticks":1730724923464,"user_data":{},"test_doc":0,"handle":{"bucket":"industryacceleratorragwxaasv14gc5-donotdelete-pr-tlpjejbkhnb2t4","location":"us-south","type":"bluemix_cos","key":"rag_helper_functions.py","upload_id":"done","max_part_num":1},"usage":{"access_count":0,"last_accessor_id":"IBMid-550002Q38X","last_access_time":1730724923464}}]}
