{"metadata":{"asset_id":"347df81e-6376-45c2-85de-f31773a763c9","asset_attributes":["environment"],"name":"qna_environment","asset_type":"environment","created_at":"2024-11-04T11:13:56Z","description":"","origin_country":"us","owner_id":"IBMid-550002Q38X","project_id":"7aa97801-8ea7-4d41-a086-e86e7e93a272","sandbox_id":"7aa97801-8ea7-4d41-a086-e86e7e93a272","size":0,"tags":["dsx"],"usage":{"last_update_time":1730718887877,"last_updated_at":"2024-11-04T11:14:47Z"}},"entity":{"environment":{"sub_type":"notebook","display_name":"qna_environment","hardware_specification":{"type":"referenced","guid":"ca496b5b-7dec-4e9c-8813-836db924e95e"},"software_specification":{"type":"referenced","guid":"906a8d43-0319-49bb-9f71-286b4d6be109"},"tools_specification":{"supported_kernels":[{"name":"python3","display_name":"Python 3.11","language":"python","version":"3.11"}],"notebook_extensions":["ipywidgets"]}}}}
