{"metadata":{"asset_id":"ca496b5b-7dec-4e9c-8813-836db924e95e","asset_attributes":["hardware_specification"],"name":"qna_environment","asset_type":"hardware_specification","created_at":"2024-11-04T11:13:56Z","description":"","origin_country":"us","owner_id":"IBMid-550002Q38X","project_id":"7aa97801-8ea7-4d41-a086-e86e7e93a272","sandbox_id":"7aa97801-8ea7-4d41-a086-e86e7e93a272","size":0,"tags":["dsx"],"usage":{"last_update_time":1730718836592,"last_updated_at":"2024-11-04T11:13:56Z"}},"entity":{"hardware_specification":{"nodes":{"cpu":{"units":"1","model":""},"mem":{"size":"4Gi"}}}}}
