{"metadata":{"asset_id":"28927454-0e4d-455c-9d1a-e9c568f4c139","asset_attributes":["job"],"name":"Create and Deploy QnA Python Function job","asset_type":"job","created_at":"2024-11-04T11:01:12Z","description":"Notebook job for the creation and deployment of the QnA python function for RAG.","origin_country":"us","owner_id":"IBMid-550002Q38X","project_id":"7aa97801-8ea7-4d41-a086-e86e7e93a272","size":0,"usage":{"last_update_time":1730718961497,"last_updated_at":"2024-11-04T11:16:01Z"}},"entity":{"job":{"asset_ref_type":"notebook","configuration":{"entrypoint":"","env_id":"rt241pys2-7aa97801-8ea7-4d41-a086-e86e7e93a272","env_type":"notebook","env_variables":[],"file_ref":"","run_results":"log_and_new_notebook"},"last_run_initiator":"deprecated field","last_run_time":"deprecated field","last_run_status":"deprecated field","last_run_status_timestamp":0,"future_scheduled_runs":[],"enable_notifications":true,"task_credentials_support":{"task_credentials_enabled":true,"user_id":"IBMid-550002Q38X","account_id":"6b9d4c596ded4fdab96f0edd3f2fa18a"},"project_name":"Industry-Accelerator-RAG-wxaas_v1.4_GC5","asset_ref":"b5894611-9fa5-446b-b1df-0c780f78db3f","schedule_id":"","schedule_creator_id":""}}}
