{"metadata":{"asset_id":"dbe1ee5b-d230-4ee8-9842-4e3c5770673c","asset_attributes":["job"],"name":"Process and Ingest data into vector DB Job","asset_type":"job","created_at":"2024-11-04T11:01:19Z","description":"Notebook job to process and ingest data into a vector database.","origin_country":"us","owner_id":"IBMid-550002Q38X","project_id":"7aa97801-8ea7-4d41-a086-e86e7e93a272","size":0,"usage":{"last_update_time":1730718941622,"last_updated_at":"2024-11-04T11:15:41Z"}},"entity":{"job":{"asset_ref_type":"notebook","configuration":{"entrypoint":"","env_id":"rt241pys2-7aa97801-8ea7-4d41-a086-e86e7e93a272","env_type":"notebook","env_variables":["Env_Asset=ibm-docs-SSYOK8.zip"],"file_ref":"","run_results":"log_and_new_notebook"},"last_run_initiator":"deprecated field","last_run_time":"deprecated field","last_run_status":"deprecated field","last_run_status_timestamp":0,"future_scheduled_runs":[],"enable_notifications":true,"task_credentials_support":{"task_credentials_enabled":true,"user_id":"IBMid-550002Q38X","account_id":"6b9d4c596ded4fdab96f0edd3f2fa18a"},"project_name":"Industry-Accelerator-RAG-wxaas_v1.4_GC5","asset_ref":"14631930-b56a-4da9-be3a-1cde2499438d","schedule_id":"","schedule_creator_id":""}}}
