{"metadata":{"asset_id":"00756c02-7f74-48c6-8c64-f6618b7fa100","asset_attributes":["job"],"name":"QnA with RAG Pipeline Job","asset_type":"job","created_at":"2024-11-04T11:01:54Z","description":"Watson Pipeline job that executes the notebooks end to end in an automated method.","origin_country":"us","owner_id":"IBMid-550002Q38X","project_id":"7aa97801-8ea7-4d41-a086-e86e7e93a272","size":0,"usage":{"last_update_time":1730718114114,"last_updated_at":"2024-11-04T11:01:54Z"}},"entity":{"job":{"asset_ref_type":"orchestration_flow","configuration":{"env_id":"rt231pys1-7aa97801-8ea7-4d41-a086-e86e7e93a272","env_type":"notebook","env_variables":[]},"last_run_initiator":"deprecated field","last_run_time":"deprecated field","last_run_status":"deprecated field","last_run_status_timestamp":0,"future_scheduled_runs":[],"enable_notifications":true,"task_credentials_support":{"task_credentials_enabled":true,"user_id":"IBMid-550002Q38X","account_id":"6b9d4c596ded4fdab96f0edd3f2fa18a"},"project_name":"Industry-Accelerator-RAG-wxaas_v1.4_GC5","asset_ref":"062a2451-572b-4046-b27f-281c9a23d3c6","schedule_id":"","schedule_creator_id":""}}}
