{"metadata":{"asset_id":"14631930-b56a-4da9-be3a-1cde2499438d","asset_attributes":["notebook"],"name":"Process and Ingest data into vector DB","asset_type":"notebook","created_at":"2024-11-04T11:01:15Z","description":"This notebook processes various types of data and convert data for subsequent ingestion into the vector index.","origin_country":"us","owner_id":"IBMid-550002Q38X","project_id":"7aa97801-8ea7-4d41-a086-e86e7e93a272","size":26623,"tags":["notebook"],"usage":{"last_update_time":1730724889649,"last_updated_at":"2024-11-04T12:54:49Z"}},"entity":{"notebook":{"originates_from":{"type":"blank"},"kernel":{"name":"python3","display_name":"Python 3.11","language":"python"},"runtime":{"environment":"rt241pys2-7aa97801-8ea7-4d41-a086-e86e7e93a272"}},"location_definition":{"physical_location_code":"DAL","physical_location_code_assigned_by":"IBMid-550002Q38X","physical_location_code_rds_id":"c57cb90f-2126-3800-9c9f-9eab82021cdf","physical_location_code_rds_version":"a709c995-541b-4a2a-a7b8-6fc1f4e5ffe2_0","physical_location_code_assignment_method":"INFERRED","physical_location_code_added_on":"1730718039500"}},"attachments":[{"id":"c09c24b5-b50c-49d9-9ed6-facdb4651968","version":2,"asset_type":"notebook","name":"attachment for notebook 14631930-b56a-4da9-be3a-1cde2499438d","description":"attachment for notebook 14631930-b56a-4da9-be3a-1cde2499438d","mime":"application/json","datasource_type":"193a97c1-4475-4a19-b90c-295c4fdc6517","object_key":"notebook/Process_and_ingest_data_into_vector_db_zxfY5OX4Q.ipynb","creator_id":"IBMid-550002Q38X","create_time":1730718076227,"size":26623,"is_remote":false,"is_managed":false,"is_referenced":true,"is_object_key_read_only":false,"is_user_provided_path_key":true,"transfer_complete":true,"is_partitioned":false,"complete_time_ticks":1730718076227,"user_data":{},"test_doc":0,"handle":{"bucket":"industryacceleratorragwxaasv14gc5-donotdelete-pr-tlpjejbkhnb2t4","location":"us-south","type":"bluemix_cos","key":"notebook/Process_and_ingest_data_into_vector_db_zxfY5OX4Q.ipynb","upload_id":"done","max_part_num":1},"usage":{"access_count":1,"last_accessor_id":"IBMid-550002Q38X","last_access_time":1730724889646,"last_updater_id":"IBMid-550002Q38X","last_update_time":1730724889646}}]}
