{"metadata":{"asset_id":"887d3068-ce56-4157-b392-aff885a4790d","asset_attributes":["notebook"],"name":"Analyze Log and Feedback notebook","asset_type":"notebook","created_at":"2024-11-04T11:01:26Z","description":"","origin_country":"us","owner_id":"IBMid-550002Q38X","project_id":"7aa97801-8ea7-4d41-a086-e86e7e93a272","size":39252,"tags":["notebook"],"usage":{"last_update_time":1730718353208,"last_updated_at":"2024-11-04T11:05:53Z"}},"entity":{"notebook":{"originates_from":{"type":"blank"},"kernel":{"name":"python3","display_name":"Python 3.11","language":"python"},"runtime":{"environment":"rt241pys2-7aa97801-8ea7-4d41-a086-e86e7e93a272"}},"location_definition":{"physical_location_code":"DAL","physical_location_code_assigned_by":"IBMid-550002Q38X","physical_location_code_rds_id":"c57cb90f-2126-3800-9c9f-9eab82021cdf","physical_location_code_rds_version":"a709c995-541b-4a2a-a7b8-6fc1f4e5ffe2_0","physical_location_code_assignment_method":"INFERRED","physical_location_code_added_on":"1730718039500"}},"attachments":[{"id":"e8eec0cb-09cd-4f27-9f22-8f908163f734","version":2,"asset_type":"notebook","name":"attachment for notebook 887d3068-ce56-4157-b392-aff885a4790d","description":"attachment for notebook 887d3068-ce56-4157-b392-aff885a4790d","mime":"application/json","datasource_type":"193a97c1-4475-4a19-b90c-295c4fdc6517","object_key":"notebook/Analyze_Log_and_Feedback_xEkHfvn1U.ipynb","creator_id":"IBMid-550002Q38X","create_time":1730718087064,"size":39252,"is_remote":false,"is_managed":false,"is_referenced":true,"is_object_key_read_only":false,"is_user_provided_path_key":true,"transfer_complete":true,"is_partitioned":false,"complete_time_ticks":1730718087064,"user_data":{},"test_doc":0,"handle":{"bucket":"industryacceleratorragwxaasv14gc5-donotdelete-pr-tlpjejbkhnb2t4","location":"us-south","type":"bluemix_cos","key":"notebook/Analyze_Log_and_Feedback_xEkHfvn1U.ipynb","upload_id":"done","max_part_num":1},"usage":{"access_count":0,"last_accessor_id":"IBMid-550002Q38X","last_access_time":1730718087064}}]}
