{"metadata":{"asset_id":"bc1cec2b-1c77-4538-b791-931a521208fa","asset_attributes":["notebook"],"name":"Test Queries for Vector Database","asset_type":"notebook","created_at":"2024-11-04T11:01:31Z","description":"","origin_country":"us","owner_id":"IBMid-550002Q38X","project_id":"7aa97801-8ea7-4d41-a086-e86e7e93a272","size":20578,"tags":["notebook"],"usage":{"last_update_time":1730718344353,"last_updated_at":"2024-11-04T11:05:44Z"}},"entity":{"notebook":{"originates_from":{"type":"blank"},"kernel":{"name":"python3","display_name":"Python 3.11","language":"python"},"runtime":{"environment":"rt241pys1-7aa97801-8ea7-4d41-a086-e86e7e93a272"}},"location_definition":{"physical_location_code":"DAL","physical_location_code_assigned_by":"IBMid-550002Q38X","physical_location_code_rds_id":"c57cb90f-2126-3800-9c9f-9eab82021cdf","physical_location_code_rds_version":"a709c995-541b-4a2a-a7b8-6fc1f4e5ffe2_0","physical_location_code_assignment_method":"INFERRED","physical_location_code_added_on":"1730718039500"}},"attachments":[{"id":"adff9eac-f3d8-4e86-b1a6-427e49398265","version":2,"asset_type":"notebook","name":"attachment for notebook bc1cec2b-1c77-4538-b791-931a521208fa","description":"attachment for notebook bc1cec2b-1c77-4538-b791-931a521208fa","mime":"application/json","datasource_type":"193a97c1-4475-4a19-b90c-295c4fdc6517","object_key":"notebook/Q_A_on_the_Vector_Database_3MHQRs4CX.ipynb","creator_id":"IBMid-550002Q38X","create_time":1730718091613,"size":20578,"is_remote":false,"is_managed":false,"is_referenced":true,"is_object_key_read_only":false,"is_user_provided_path_key":true,"transfer_complete":true,"is_partitioned":false,"complete_time_ticks":1730718091613,"user_data":{},"test_doc":0,"handle":{"bucket":"industryacceleratorragwxaasv14gc5-donotdelete-pr-tlpjejbkhnb2t4","location":"us-south","type":"bluemix_cos","key":"notebook/Q_A_on_the_Vector_Database_3MHQRs4CX.ipynb","upload_id":"done","max_part_num":1},"usage":{"access_count":0,"last_accessor_id":"IBMid-550002Q38X","last_access_time":1730718091613}}]}
