{"metadata":{"asset_id":"770b685c-8944-42a9-b7e3-f608e8b9289f","asset_attributes":["notebook"],"name":"QnA with RAG","asset_type":"notebook","created_at":"2024-11-04T11:01:22Z","description":"This notebook can be used to try out the deployed function by asking some questions, either by executing a notebook, or in a more interactive mode using an ipywidget.","origin_country":"us","owner_id":"IBMid-550002Q38X","project_id":"7aa97801-8ea7-4d41-a086-e86e7e93a272","size":10327,"tags":["notebook"],"usage":{"last_update_time":1730718372641,"last_updated_at":"2024-11-04T11:06:12Z"}},"entity":{"notebook":{"originates_from":{"type":"blank"},"kernel":{"name":"python3","display_name":"Python 3.11","language":"python"},"runtime":{"environment":"347df81e-6376-45c2-85de-f31773a763c9"}},"location_definition":{"physical_location_code":"DAL","physical_location_code_assigned_by":"IBMid-550002Q38X","physical_location_code_rds_id":"c57cb90f-2126-3800-9c9f-9eab82021cdf","physical_location_code_rds_version":"a709c995-541b-4a2a-a7b8-6fc1f4e5ffe2_0","physical_location_code_assignment_method":"INFERRED","physical_location_code_added_on":"1730718039500"}},"attachments":[{"id":"3755407f-b397-4d90-aa1a-e3bb88ce9338","version":2,"asset_type":"notebook","name":"attachment for notebook 770b685c-8944-42a9-b7e3-f608e8b9289f","description":"attachment for notebook 770b685c-8944-42a9-b7e3-f608e8b9289f","mime":"application/json","datasource_type":"193a97c1-4475-4a19-b90c-295c4fdc6517","object_key":"notebook/Q_A_with_RAG_2Qx7tsfv9.ipynb","creator_id":"IBMid-550002Q38X","create_time":1730718082425,"size":10327,"is_remote":false,"is_managed":false,"is_referenced":true,"is_object_key_read_only":false,"is_user_provided_path_key":true,"transfer_complete":true,"is_partitioned":false,"complete_time_ticks":1730718082425,"user_data":{},"test_doc":0,"handle":{"bucket":"industryacceleratorragwxaasv14gc5-donotdelete-pr-tlpjejbkhnb2t4","location":"us-south","type":"bluemix_cos","key":"notebook/Q_A_with_RAG_2Qx7tsfv9.ipynb","upload_id":"done","max_part_num":1},"usage":{"access_count":0,"last_accessor_id":"IBMid-550002Q38X","last_access_time":1730718082425}}]}
