{"metadata":{"asset_id":"b5894611-9fa5-446b-b1df-0c780f78db3f","asset_attributes":["notebook"],"name":"Create and Deploy QnA Python Function","asset_type":"notebook","created_at":"2024-11-04T11:01:08Z","description":"This notebook creates the QnA RAG python function, and deploys the function, along with supporting assets to a deployment space.","origin_country":"us","owner_id":"IBMid-550002Q38X","project_id":"7aa97801-8ea7-4d41-a086-e86e7e93a272","size":86311,"tags":["notebook"],"usage":{"last_update_time":1730718390511,"last_updated_at":"2024-11-04T11:06:30Z"}},"entity":{"notebook":{"originates_from":{"type":"blank"},"kernel":{"name":"python3","display_name":"Python 3.11","language":"python"},"runtime":{"environment":"rt241pys2-7aa97801-8ea7-4d41-a086-e86e7e93a272"}},"location_definition":{"physical_location_code":"DAL","physical_location_code_assigned_by":"IBMid-550002Q38X","physical_location_code_rds_id":"c57cb90f-2126-3800-9c9f-9eab82021cdf","physical_location_code_rds_version":"a709c995-541b-4a2a-a7b8-6fc1f4e5ffe2_0","physical_location_code_assignment_method":"INFERRED","physical_location_code_added_on":"1730718039500"}},"attachments":[{"id":"b56c7bf4-83f1-40db-9b8c-f4b02ec67753","version":2,"asset_type":"notebook","name":"attachment for notebook b5894611-9fa5-446b-b1df-0c780f78db3f","description":"attachment for notebook b5894611-9fa5-446b-b1df-0c780f78db3f","mime":"application/json","datasource_type":"193a97c1-4475-4a19-b90c-295c4fdc6517","object_key":"notebook/Create_and_Deploy_QnA_Python_Function_50MX3jBum.ipynb","creator_id":"IBMid-550002Q38X","create_time":1730718068998,"size":86311,"is_remote":false,"is_managed":false,"is_referenced":true,"is_object_key_read_only":false,"is_user_provided_path_key":true,"transfer_complete":true,"is_partitioned":false,"complete_time_ticks":1730718068998,"user_data":{},"test_doc":0,"handle":{"bucket":"industryacceleratorragwxaasv14gc5-donotdelete-pr-tlpjejbkhnb2t4","location":"us-south","type":"bluemix_cos","key":"notebook/Create_and_Deploy_QnA_Python_Function_50MX3jBum.ipynb","upload_id":"done","max_part_num":1},"usage":{"access_count":0,"last_accessor_id":"IBMid-550002Q38X","last_access_time":1730718068998}}]}
