{"metadata":{"asset_id":"062a2451-572b-4046-b27f-281c9a23d3c6","name":"QnA with RAG pipeline","description":"","tags":null,"asset_type":"orchestration_flow","origin_country":"us","rov":{"mode":0},"owner_id":"IBMid-550002Q38X","created_at":"2024-11-04T11:01:50Z","commit_info":{"previous_revision":1}},"entity":{"location_definition":{"physical_location_code":"DAL","physical_location_code_added_on":"1730718039500","physical_location_code_assigned_by":"IBMid-550002Q38X","physical_location_code_assignment_method":"INFERRED","physical_location_code_rds_id":"c57cb90f-2126-3800-9c9f-9eab82021cdf","physical_location_code_rds_version":"a709c995-541b-4a2a-a7b8-6fc1f4e5ffe2_0"},"orchestration_flow":{"created_at":1730718110,"default_version":null,"default_version_id":"062a2451-572b-4046-b27f-281c9a23d3c6-1","deleted_versions":[],"status":"READY","version_code_source_url":"","version_created_at":1730718110,"version_name":"QnA with RAG pipeline","version_parameters":"","version_status":"VOLATILE"}},"attachments":[{"object_key":"orchestration_flow/062a2451-572b-4046-b27f-281c9a23d3c6-0"}],"scope":"cpd.__projects_7aa97801-8ea7-4d41-a086-e86e7e93a272"}
