{"metadata":{"asset_id":"80a9838e-f6cb-4289-8f93-ba47505aceaf","asset_attributes":["package_extension"],"name":"Package Extension","asset_type":"package_extension","created_at":"2024-11-04T11:14:47Z","description":"Package Extensions created by environments-ui","origin_country":"us","owner_id":"IBMid-550002Q38X","project_id":"7aa97801-8ea7-4d41-a086-e86e7e93a272","sandbox_id":"7aa97801-8ea7-4d41-a086-e86e7e93a272","size":324,"tags":["dsx"],"usage":{"last_update_time":1730718889067,"last_updated_at":"2024-11-04T11:14:49Z"}},"entity":{"package_extension":{"type":"conda_yml","interpreter":"mamba","object_key":"package_extension/Package_Extension_ShT5R4fp4.yml"},"location_definition":{"physical_location_code":"DAL","physical_location_code_assigned_by":"IBMid-550002Q38X","physical_location_code_rds_id":"c57cb90f-2126-3800-9c9f-9eab82021cdf","physical_location_code_rds_version":"a709c995-541b-4a2a-a7b8-6fc1f4e5ffe2_0","physical_location_code_assignment_method":"INFERRED","physical_location_code_added_on":"1730718039500"}},"attachments":[{"id":"adb5a4d2-df78-4f3f-96f6-dbf17ae098eb","version":2,"asset_type":"package_extension","name":"attachment for package extension 80a9838e-f6cb-4289-8f93-ba47505aceaf","description":"attachment for package extension 80a9838e-f6cb-4289-8f93-ba47505aceaf","mime":"application/json","datasource_type":"193a97c1-4475-4a19-b90c-295c4fdc6517","object_key":"package_extension/Package_Extension_ShT5R4fp4.yml","creator_id":"IBMid-550002Q38X","create_time":1730718889066,"size":324,"is_remote":false,"is_managed":false,"is_referenced":true,"is_object_key_read_only":false,"is_user_provided_path_key":true,"transfer_complete":true,"is_partitioned":false,"complete_time_ticks":1730718889066,"user_data":{},"test_doc":0,"handle":{"bucket":"industryacceleratorragwxaasv14gc5-donotdelete-pr-tlpjejbkhnb2t4","location":"us-south","type":"bluemix_cos","key":"package_extension/Package_Extension_ShT5R4fp4.yml","upload_id":"done","max_part_num":1},"usage":{"access_count":0,"last_accessor_id":"IBMid-550002Q38X","last_access_time":1730718889066}}]}
