{"metadata":{"asset_id":"906a8d43-0319-49bb-9f71-286b4d6be109","asset_attributes":["software_specification"],"name":"qna_environment","asset_type":"software_specification","created_at":"2024-11-04T11:14:47Z","description":"","origin_country":"us","owner_id":"IBMid-550002Q38X","project_id":"7aa97801-8ea7-4d41-a086-e86e7e93a272","sandbox_id":"7aa97801-8ea7-4d41-a086-e86e7e93a272","size":0,"tags":["dsx"],"usage":{"last_update_time":1730718889447,"last_updated_at":"2024-11-04T11:14:49Z"}},"entity":{"software_specification":{"type":"derived","display_name":"qna_environment","base_software_specification":{"guid":"45f12dfe-aa78-5b8d-9f38-0ee223c47309","href":"/v2/software_specifications/45f12dfe-aa78-5b8d-9f38-0ee223c47309"},"package_extensions":[{"guid":"80a9838e-f6cb-4289-8f93-ba47505aceaf","href":"/v2/package_extensions/80a9838e-f6cb-4289-8f93-ba47505aceaf"}]}}}
