{"metadata":{"name":"RAG template - granite_7b_lab","description":"Granite Prompt Template for RAG.","asset_type":"wx_prompt","origin_country":"us","resource_key":"f078dbe7a71b0b6cd5442910932d583be80e9b97ca107eaa593c289db92ac153"},"entity":{"wx_prompt":{"dataset":false,"mime_type":"application/json","locked_by":"IBMid-550002Q38X","lock_type":"edit","input_mode":"freeform","prompt_variables":{"context":{"default_value":""},"question":{"default_value":""}},"is_template":true},"location_definition":{"physical_location_code":"DAL","physical_location_code_assigned_by":"IBMid-550002Q38X","physical_location_code_rds_id":"c57cb90f-2126-3800-9c9f-9eab82021cdf","physical_location_code_rds_version":"a709c995-541b-4a2a-a7b8-6fc1f4e5ffe2_0","physical_location_code_assignment_method":"INFERRED","physical_location_code_added_on":"1730718039500"},"modelfacts_system":{"model_information":{"fm_id":"ibm/granite-7b-lab"},"training_information":{},"project_details":{"environment_type":"development","is_environmenttype_openscale_value":false},"model_identity_information":{"model_identity_key":"f078dbe7a71b0b6cd5442910932d583be80e9b97ca107eaa593c289db92ac153"},"modelentry_information":{}},"modelfacts_user":{}},"attachments":[{"id":"2378bb1b-917a-4e6d-b267-11da072bbdf8","version":2,"asset_type":"wx_prompt","name":"RAGtemplate-granite_7b_lab.json","mime":"application/json","datasource_type":"193a97c1-4475-4a19-b90c-295c4fdc6517","object_key":"wx_prompt/RAGtemplate-granite_7b_lab__da__iatq8ghuk7.json","creator_id":"IBMid-550002Q38X","create_time":1730719109862,"size":870,"is_remote":false,"is_managed":false,"is_referenced":true,"is_object_key_read_only":false,"is_user_provided_path_key":true,"transfer_complete":true,"is_partitioned":false,"complete_time_ticks":1730719109862,"user_data":{},"test_doc":0,"handle":{"bucket":"industryacceleratorragwxaasv14gc5-donotdelete-pr-tlpjejbkhnb2t4","location":"us-south","type":"bluemix_cos","key":"wx_prompt/RAGtemplate-granite_7b_lab__da__iatq8ghuk7.json","upload_id":"done","max_part_num":1},"usage":{"access_count":0,"last_accessor_id":"IBMid-550002Q38X","last_access_time":1730719109862}}]}
