{"metadata":{"name":"RAG template - GRANITE_13B_CHAT_V2","description":"Granite Prompt Template for RAG.","asset_type":"wx_prompt","origin_country":"us","resource_key":"b079d77a53e66765a83082c0052d816db393b441c812fd25615cc80ebe963f0a"},"entity":{"wx_prompt":{"dataset":false,"mime_type":"application/json","locked_by":"IBMid-550002Q38X","lock_type":"edit","input_mode":"freeform","prompt_variables":{"context":{"default_value":""},"question":{"default_value":""}},"is_template":true},"location_definition":{"physical_location_code":"DAL","physical_location_code_assigned_by":"IBMid-550002Q38X","physical_location_code_rds_id":"c57cb90f-2126-3800-9c9f-9eab82021cdf","physical_location_code_rds_version":"a709c995-541b-4a2a-a7b8-6fc1f4e5ffe2_0","physical_location_code_assignment_method":"INFERRED","physical_location_code_added_on":"1730718039500"},"modelfacts_system":{"model_information":{"fm_id":"ibm/granite-13b-chat-v2"},"training_information":{},"project_details":{"environment_type":"development","is_environmenttype_openscale_value":false},"model_identity_information":{"model_identity_key":"b079d77a53e66765a83082c0052d816db393b441c812fd25615cc80ebe963f0a"},"modelentry_information":{}},"modelfacts_user":{}},"attachments":[{"id":"d0b4821d-6365-4bae-8b7c-a53644830f32","version":2,"asset_type":"wx_prompt","name":"RAGtemplate-GRANITE_13B_CHAT_V2.json","mime":"application/json","datasource_type":"193a97c1-4475-4a19-b90c-295c4fdc6517","object_key":"wx_prompt/RAGtemplate-GRANITE_13B_CHAT_V2__da__r6t15xz8h5.json","creator_id":"IBMid-550002Q38X","create_time":1730719136146,"size":861,"is_remote":false,"is_managed":false,"is_referenced":true,"is_object_key_read_only":false,"is_user_provided_path_key":true,"transfer_complete":true,"is_partitioned":false,"complete_time_ticks":1730719136146,"user_data":{},"test_doc":0,"handle":{"bucket":"industryacceleratorragwxaasv14gc5-donotdelete-pr-tlpjejbkhnb2t4","location":"us-south","type":"bluemix_cos","key":"wx_prompt/RAGtemplate-GRANITE_13B_CHAT_V2__da__r6t15xz8h5.json","upload_id":"done","max_part_num":1},"usage":{"access_count":0,"last_accessor_id":"IBMid-550002Q38X","last_access_time":1730719136146}}]}
