{"metadata":{"asset_id":"0a6a554e-82e4-49b4-a07d-d06e7996836c","asset_attributes":["data_asset","location_definition"],"name":"Readme - Retrieval Augmented Generation Industry Accelerator.pdf","asset_type":"data_asset","created_at":"2025-02-19T09:30:15Z","description":"Project README for SaaS release","origin_country":"us","owner_id":"IBMid-550003B08R","project_id":"f804dac6-b7f3-4a06-9b12-25b378d8e961","size":127097,"usage":{"last_update_time":1739957415595,"last_updated_at":"2025-02-19T09:30:15Z"}},"entity":{"data_asset":{"mime_type":"application/pdf","dataset":false},"location_definition":{"physical_location_code":"DAL","physical_location_code_assigned_by":"IBMid-550003B08R","physical_location_code_rds_id":"c57cb90f-2126-3800-9c9f-9eab82021cdf","physical_location_code_rds_version":"a709c995-541b-4a2a-a7b8-6fc1f4e5ffe2_0","physical_location_code_assignment_method":"INFERRED","physical_location_code_added_on":"1739957406055"}},"attachments":[{"id":"5034e546-6fd7-4914-a8fb-8a19e28679c7","version":2,"asset_type":"data_asset","name":"Readme - Retrieval Augmented Generation Industry Accelerator.pdf","mime":"application/pdf","datasource_type":"193a97c1-4475-4a19-b90c-295c4fdc6517","object_key":"Readme - Retrieval Augmented Generation Industry Accelerator.pdf","creator_id":"iam-ServiceId-f49c5558-c247-4983-a04f-7d3c7a3d55da","create_time":1739957415533,"size":127097,"is_remote":false,"is_managed":false,"is_referenced":true,"is_object_key_read_only":true,"is_user_provided_path_key":true,"transfer_complete":true,"is_partitioned":false,"complete_time_ticks":1739957415533,"user_data":{},"test_doc":0,"handle":{"bucket":"industryacceleratorragwxaas15gc7-donotdelete-pr-0gfcy7hpyt11cf","location":"us-south","type":"bluemix_cos","key":"Readme - Retrieval Augmented Generation Industry Accelerator.pdf","upload_id":"done","max_part_num":1},"usage":{"access_count":0,"last_accessor_id":"iam-ServiceId-f49c5558-c247-4983-a04f-7d3c7a3d55da","last_access_time":1739957415533}}]}
