{"metadata":{"asset_id":"d480f3dd-0337-41aa-ae37-55cad3079fff","asset_attributes":["data_asset","location_definition"],"name":"RAG-OpenAPI.json","asset_type":"data_asset","created_at":"2025-02-19T09:30:15Z","description":"OpenAPI json file to be used for watsonx assistant extension setup.","origin_country":"us","owner_id":"IBMid-550003B08R","project_id":"f804dac6-b7f3-4a06-9b12-25b378d8e961","size":10823,"usage":{"last_update_time":1739957415687,"last_updated_at":"2025-02-19T09:30:15Z"}},"entity":{"data_asset":{"mime_type":"application/json","dataset":false},"location_definition":{"physical_location_code":"DAL","physical_location_code_assigned_by":"IBMid-550003B08R","physical_location_code_rds_id":"c57cb90f-2126-3800-9c9f-9eab82021cdf","physical_location_code_rds_version":"a709c995-541b-4a2a-a7b8-6fc1f4e5ffe2_0","physical_location_code_assignment_method":"INFERRED","physical_location_code_added_on":"1739957406055"}},"attachments":[{"id":"f32bef2a-182d-49b0-b422-2d9847078673","version":2,"asset_type":"data_asset","name":"RAG-OpenAPI.json","mime":"application/json","datasource_type":"193a97c1-4475-4a19-b90c-295c4fdc6517","object_key":"RAG-OpenAPI.json","creator_id":"iam-ServiceId-f49c5558-c247-4983-a04f-7d3c7a3d55da","create_time":1739957415582,"size":10823,"is_remote":false,"is_managed":false,"is_referenced":true,"is_object_key_read_only":true,"is_user_provided_path_key":true,"transfer_complete":true,"is_partitioned":false,"complete_time_ticks":1739957415582,"user_data":{},"test_doc":0,"handle":{"bucket":"industryacceleratorragwxaas15gc7-donotdelete-pr-0gfcy7hpyt11cf","location":"us-south","type":"bluemix_cos","key":"RAG-OpenAPI.json","upload_id":"done","max_part_num":1},"usage":{"access_count":0,"last_accessor_id":"iam-ServiceId-f49c5558-c247-4983-a04f-7d3c7a3d55da","last_access_time":1739957415582}}]}
