{"metadata":{"asset_id":"81bd2858-77d3-4559-aede-0cd192e3698b","asset_attributes":["environment"],"name":"qna_template","asset_type":"environment","created_at":"2025-02-19T09:30:16Z","description":"","origin_country":"us","owner_id":"IBMid-550003B08R","project_id":"f804dac6-b7f3-4a06-9b12-25b378d8e961","sandbox_id":"f804dac6-b7f3-4a06-9b12-25b378d8e961","size":0,"tags":["dsx"],"usage":{"last_update_time":1739957416090,"last_updated_at":"2025-02-19T09:30:16Z"}},"entity":{"environment":{"sub_type":"notebook","display_name":"qna_template","hardware_specification":{"type":"referenced","guid":"8bc79cba-fcea-46e9-baa0-8c97880fe266"},"software_specification":{"type":"referenced","guid":"45f12dfe-aa78-5b8d-9f38-0ee223c47309"},"tools_specification":{"supported_kernels":[{"name":"python3","display_name":"Python 3.11","language":"python","version":"3.11"}],"notebook_extensions":["ipywidgets"]}}}}
