{"metadata":{"asset_id":"8bc79cba-fcea-46e9-baa0-8c97880fe266","asset_attributes":["hardware_specification"],"name":"qna_template","asset_type":"hardware_specification","created_at":"2025-02-19T09:30:15Z","description":"","origin_country":"us","owner_id":"IBMid-550003B08R","project_id":"f804dac6-b7f3-4a06-9b12-25b378d8e961","sandbox_id":"f804dac6-b7f3-4a06-9b12-25b378d8e961","size":0,"tags":["dsx"],"usage":{"last_update_time":1739957415470,"last_updated_at":"2025-02-19T09:30:15Z"}},"entity":{"hardware_specification":{"nodes":{"cpu":{"units":"2","model":""},"mem":{"size":"8Gi"}}}}}
