{"metadata":{"asset_id":"189dd77c-21ee-418a-8ab0-05f3729cc7fe","asset_attributes":["job"],"name":"Process and Ingest data into vector DB Job","asset_type":"job","created_at":"2025-02-19T09:30:22Z","description":"Notebook job to process and ingest data into a vector database.","origin_country":"us","owner_id":"IBMid-550003B08R","project_id":"f804dac6-b7f3-4a06-9b12-25b378d8e961","size":0,"usage":{"last_update_time":1739957422960,"last_updated_at":"2025-02-19T09:30:22Z"}},"entity":{"job":{"asset_ref_type":"notebook","configuration":{"entrypoint":"","env_id":"rt241pys2-f804dac6-b7f3-4a06-9b12-25b378d8e961","env_type":"notebook","env_variables":["Env_Asset=ibm-docs-SSYOK8.zip"],"file_ref":"","run_results":"log_and_new_notebook"},"last_run_initiator":"deprecated field","last_run_time":"deprecated field","last_run_status":"deprecated field","last_run_status_timestamp":0,"future_scheduled_runs":[],"enable_notifications":true,"project_name":"Industry-Accelerator-RAG-WXaaS-1.5-GC7","asset_ref":"cf6600c6-8d75-46a1-82ca-fe2fd334a1fe","schedule_id":"","schedule_creator_id":""}}}
