{"metadata":{"asset_id":"5e3e4583-fdda-42b2-bde2-ccdc18145b71","asset_attributes":["job"],"name":"QnA with RAG Pipeline Job","asset_type":"job","created_at":"2025-02-19T09:30:24Z","description":"Watson Pipeline job that executes the notebooks end to end in an automated method.","origin_country":"us","owner_id":"IBMid-550003B08R","project_id":"f804dac6-b7f3-4a06-9b12-25b378d8e961","size":0,"usage":{"last_update_time":1739957424587,"last_updated_at":"2025-02-19T09:30:24Z"}},"entity":{"job":{"asset_ref_type":"orchestration_flow","configuration":{"env_id":"rt241pys2-f804dac6-b7f3-4a06-9b12-25b378d8e961","env_type":"notebook","env_variables":[]},"last_run_initiator":"deprecated field","last_run_time":"deprecated field","last_run_status":"deprecated field","last_run_status_timestamp":0,"future_scheduled_runs":[],"enable_notifications":true,"project_name":"Industry-Accelerator-RAG-WXaaS-1.5-GC7","asset_ref":"86413df9-cbbc-4b09-999f-51fd826a45b3","schedule_id":"","schedule_creator_id":""}}}
