{"metadata":{"asset_id":"e80e2eb9-c45f-4a17-bbe6-f4fd2a954130","asset_attributes":["job"],"name":"Create and Deploy QnA Python Function job","asset_type":"job","created_at":"2025-02-19T09:30:22Z","description":"Notebook job for the creation and deployment of the QnA python function for RAG.","origin_country":"us","owner_id":"IBMid-550003B08R","project_id":"f804dac6-b7f3-4a06-9b12-25b378d8e961","size":0,"usage":{"last_update_time":1739957423173,"last_updated_at":"2025-02-19T09:30:23Z"}},"entity":{"job":{"asset_ref_type":"notebook","configuration":{"entrypoint":"","env_id":"rt241pys2-f804dac6-b7f3-4a06-9b12-25b378d8e961","env_type":"notebook","env_variables":[],"file_ref":"","run_results":"log_and_new_notebook"},"last_run_initiator":"deprecated field","last_run_time":"deprecated field","last_run_status":"deprecated field","last_run_status_timestamp":0,"future_scheduled_runs":[],"enable_notifications":true,"project_name":"Industry-Accelerator-RAG-WXaaS-1.5-GC7","asset_ref":"55960312-2b34-44d4-bcbe-e73aef282f5d","schedule_id":"","schedule_creator_id":""}}}
