{"metadata":{"asset_id":"fe41a9eb-ae92-41d2-98be-2e2fc3b898d3","asset_attributes":["notebook","location_definition"],"name":"Test Queries for Vector Database","asset_type":"notebook","created_at":"2025-02-19T09:30:16Z","description":"","origin_country":"us","owner_id":"IBMid-550003B08R","project_id":"f804dac6-b7f3-4a06-9b12-25b378d8e961","size":19290,"tags":["notebook"],"usage":{"last_update_time":1739957418296,"last_updated_at":"2025-02-19T09:30:18Z"}},"entity":{"notebook":{"originates_from":{"type":"file"},"runtime":{"environment":"rt241pys2-f804dac6-b7f3-4a06-9b12-25b378d8e961"}},"location_definition":{"physical_location_code":"DAL","physical_location_code_assigned_by":"IBMid-550003B08R","physical_location_code_rds_id":"c57cb90f-2126-3800-9c9f-9eab82021cdf","physical_location_code_rds_version":"a709c995-541b-4a2a-a7b8-6fc1f4e5ffe2_0","physical_location_code_assignment_method":"INFERRED","physical_location_code_added_on":"1739957406055"}},"attachments":[{"id":"3f6d950f-0dca-40ab-b474-cb53533be699","version":2,"asset_type":"notebook","name":"attachment for notebook fe41a9eb-ae92-41d2-98be-2e2fc3b898d3","description":"attachment for notebook fe41a9eb-ae92-41d2-98be-2e2fc3b898d3","mime":"application/json","datasource_type":"193a97c1-4475-4a19-b90c-295c4fdc6517","object_key":"notebook/Test_Queries_for_Vector_DB.ipynb","creator_id":"IBMid-550003B08R","create_time":1739957417040,"size":19290,"is_remote":false,"is_managed":false,"is_referenced":true,"is_object_key_read_only":false,"is_user_provided_path_key":true,"transfer_complete":true,"is_partitioned":false,"complete_time_ticks":1739957417040,"user_data":{},"test_doc":0,"handle":{"bucket":"industryacceleratorragwxaas15gc7-donotdelete-pr-0gfcy7hpyt11cf","location":"us-south","type":"bluemix_cos","key":"notebook/Test_Queries_for_Vector_DB.ipynb","upload_id":"done","max_part_num":1},"usage":{"access_count":0,"last_accessor_id":"IBMid-550003B08R","last_access_time":1739957417040}}]}
