{"metadata":{"asset_id":"e681e961-234c-4e93-9e4a-38e0243b3391","asset_attributes":["notebook","location_definition"],"name":"Ingest Expert Profile data to vector DB","asset_type":"notebook","created_at":"2025-02-19T09:30:16Z","description":"This notebook extracts the expert profile samples and indexes it into the vector db for search and retrieval.","origin_country":"us","owner_id":"IBMid-550003B08R","project_id":"f804dac6-b7f3-4a06-9b12-25b378d8e961","size":28765,"tags":["notebook"],"usage":{"last_update_time":1739957418059,"last_updated_at":"2025-02-19T09:30:18Z"}},"entity":{"notebook":{"originates_from":{"type":"file"},"runtime":{"environment":"rt241pys2-f804dac6-b7f3-4a06-9b12-25b378d8e961"}},"location_definition":{"physical_location_code":"DAL","physical_location_code_assigned_by":"IBMid-550003B08R","physical_location_code_rds_id":"c57cb90f-2126-3800-9c9f-9eab82021cdf","physical_location_code_rds_version":"a709c995-541b-4a2a-a7b8-6fc1f4e5ffe2_0","physical_location_code_assignment_method":"INFERRED","physical_location_code_added_on":"1739957406055"}},"attachments":[{"id":"6b20259b-6a45-4932-9084-bceefa40c5b4","version":2,"asset_type":"notebook","name":"attachment for notebook e681e961-234c-4e93-9e4a-38e0243b3391","description":"attachment for notebook e681e961-234c-4e93-9e4a-38e0243b3391","mime":"application/json","datasource_type":"193a97c1-4475-4a19-b90c-295c4fdc6517","object_key":"notebook/Ingestion_of_Expert_Profile_data_to_Vector_DB.ipynb","creator_id":"IBMid-550003B08R","create_time":1739957417026,"size":28765,"is_remote":false,"is_managed":false,"is_referenced":true,"is_object_key_read_only":false,"is_user_provided_path_key":true,"transfer_complete":true,"is_partitioned":false,"complete_time_ticks":1739957417026,"user_data":{},"test_doc":0,"handle":{"bucket":"industryacceleratorragwxaas15gc7-donotdelete-pr-0gfcy7hpyt11cf","location":"us-south","type":"bluemix_cos","key":"notebook/Ingestion_of_Expert_Profile_data_to_Vector_DB.ipynb","upload_id":"done","max_part_num":1},"usage":{"access_count":0,"last_accessor_id":"IBMid-550003B08R","last_access_time":1739957417026}}]}
