{"metadata":{"asset_id":"c1b77edd-1d59-4d75-8118-e6998e64eb92","asset_attributes":["notebook","location_definition"],"name":"QnA with RAG","asset_type":"notebook","created_at":"2025-02-19T09:30:16Z","description":"This notebook can be used to try out the deployed function by asking some questions, either by executing a notebook, or in a more interactive mode using an ipywidget.","origin_country":"us","owner_id":"IBMid-550003B08R","project_id":"f804dac6-b7f3-4a06-9b12-25b378d8e961","size":9909,"tags":["notebook"],"usage":{"last_update_time":1739957418266,"last_updated_at":"2025-02-19T09:30:18Z"}},"entity":{"notebook":{"kernel":{"name":"python3","display_name":"Python 3.11","language":"python"},"originates_from":{"type":"file"},"runtime":{"environment":"81bd2858-77d3-4559-aede-0cd192e3698b"}},"location_definition":{"physical_location_code":"DAL","physical_location_code_assigned_by":"IBMid-550003B08R","physical_location_code_rds_id":"c57cb90f-2126-3800-9c9f-9eab82021cdf","physical_location_code_rds_version":"a709c995-541b-4a2a-a7b8-6fc1f4e5ffe2_0","physical_location_code_assignment_method":"INFERRED","physical_location_code_added_on":"1739957406055"}},"attachments":[{"id":"496e6e7c-48e3-471c-9d0c-eb839fdb07eb","version":2,"asset_type":"notebook","name":"attachment for notebook c1b77edd-1d59-4d75-8118-e6998e64eb92","description":"attachment for notebook c1b77edd-1d59-4d75-8118-e6998e64eb92","mime":"application/json","datasource_type":"193a97c1-4475-4a19-b90c-295c4fdc6517","object_key":"notebook/QnA_with_RAG.ipynb","creator_id":"IBMid-550003B08R","create_time":1739957417102,"size":9909,"is_remote":false,"is_managed":false,"is_referenced":true,"is_object_key_read_only":false,"is_user_provided_path_key":true,"transfer_complete":true,"is_partitioned":false,"complete_time_ticks":1739957417102,"user_data":{},"test_doc":0,"handle":{"bucket":"industryacceleratorragwxaas15gc7-donotdelete-pr-0gfcy7hpyt11cf","location":"us-south","type":"bluemix_cos","key":"notebook/QnA_with_RAG.ipynb","upload_id":"done","max_part_num":1},"usage":{"access_count":0,"last_accessor_id":"IBMid-550003B08R","last_access_time":1739957417102}}]}
