{"metadata":{"asset_id":"cf6600c6-8d75-46a1-82ca-fe2fd334a1fe","asset_attributes":["notebook","location_definition"],"name":"Process and Ingest data into vector DB","asset_type":"notebook","created_at":"2025-02-19T09:30:16Z","description":"This notebook processes various types of data and convert data for subsequent ingestion into the vector index.","origin_country":"us","owner_id":"IBMid-550003B08R","project_id":"f804dac6-b7f3-4a06-9b12-25b378d8e961","size":25765,"tags":["notebook"],"usage":{"last_update_time":1739957418353,"last_updated_at":"2025-02-19T09:30:18Z"}},"entity":{"notebook":{"originates_from":{"type":"file"},"runtime":{"environment":"rt241pys2-f804dac6-b7f3-4a06-9b12-25b378d8e961"}},"location_definition":{"physical_location_code":"DAL","physical_location_code_assigned_by":"IBMid-550003B08R","physical_location_code_rds_id":"c57cb90f-2126-3800-9c9f-9eab82021cdf","physical_location_code_rds_version":"a709c995-541b-4a2a-a7b8-6fc1f4e5ffe2_0","physical_location_code_assignment_method":"INFERRED","physical_location_code_added_on":"1739957406055"}},"attachments":[{"id":"2ebe49c5-c7b3-406d-91dc-7b18747b235b","version":2,"asset_type":"notebook","name":"attachment for notebook cf6600c6-8d75-46a1-82ca-fe2fd334a1fe","description":"attachment for notebook cf6600c6-8d75-46a1-82ca-fe2fd334a1fe","mime":"application/json","datasource_type":"193a97c1-4475-4a19-b90c-295c4fdc6517","object_key":"notebook/Process_and_Ingest_Data_into_Vector_DB.ipynb","creator_id":"IBMid-550003B08R","create_time":1739957417112,"size":25765,"is_remote":false,"is_managed":false,"is_referenced":true,"is_object_key_read_only":false,"is_user_provided_path_key":true,"transfer_complete":true,"is_partitioned":false,"complete_time_ticks":1739957417112,"user_data":{},"test_doc":0,"handle":{"bucket":"industryacceleratorragwxaas15gc7-donotdelete-pr-0gfcy7hpyt11cf","location":"us-south","type":"bluemix_cos","key":"notebook/Process_and_Ingest_Data_into_Vector_DB.ipynb","upload_id":"done","max_part_num":1},"usage":{"access_count":0,"last_accessor_id":"IBMid-550003B08R","last_access_time":1739957417112}}]}
