{"metadata":{"asset_id":"86413df9-cbbc-4b09-999f-51fd826a45b3","name":"QnA with RAG pipeline","description":"","tags":null,"asset_type":"orchestration_flow","origin_country":"us","rov":{"mode":0},"owner_id":"IBMid-550003B08R","created_at":"2025-02-19T09:30:18Z","commit_info":{"previous_revision":1}},"entity":{"location_definition":{"physical_location_code":"DAL","physical_location_code_added_on":"1739957406055","physical_location_code_assigned_by":"IBMid-550003B08R","physical_location_code_assignment_method":"INFERRED","physical_location_code_rds_id":"c57cb90f-2126-3800-9c9f-9eab82021cdf","physical_location_code_rds_version":"a709c995-541b-4a2a-a7b8-6fc1f4e5ffe2_0"},"orchestration_flow":{"created_at":1739957418,"default_version_id":"86413df9-cbbc-4b09-999f-51fd826a45b3-1","deleted_versions":[],"status":"READY","version_code_source_url":"","version_created_at":1739957418,"version_name":"QnA with RAG pipeline","version_status":"VOLATILE"}},"attachments":[{"object_key":"orchestration_flow/86413df9-cbbc-4b09-999f-51fd826a45b3-0"}],"scope":"cpd.__projects_f804dac6-b7f3-4a06-9b12-25b378d8e961"}
