{"metadata":{"name":"RAG template - granite-3_2b_instruct","description":"Granite 3 2b Prompt Template for RAG.","asset_type":"wx_prompt","origin_country":"us","resource_key":"245723b01e822d3e3c19ea15f6bbc36affd771a7cb6f1233067c4ce4316d84f0"},"entity":{"wx_prompt":{"input_mode":"freeform","is_template":true,"prompt_variables":{"context":{"default_value":""},"question":{"default_value":""}}},"location_definition":{"physical_location_code":"DAL","physical_location_code_assigned_by":"IBMid-550003B08R","physical_location_code_rds_id":"c57cb90f-2126-3800-9c9f-9eab82021cdf","physical_location_code_rds_version":"a709c995-541b-4a2a-a7b8-6fc1f4e5ffe2_0","physical_location_code_assignment_method":"INFERRED","physical_location_code_added_on":"1739880676384"},"modelfacts_system":{"model_information":{"fm_id":"ibm/granite-3-2b-instruct"},"training_information":{},"project_details":{"environment_type":"development","is_environmenttype_openscale_value":false},"model_identity_information":{"model_identity_key":"245723b01e822d3e3c19ea15f6bbc36affd771a7cb6f1233067c4ce4316d84f0"},"modelentry_information":{},"deployment_details":[]},"modelfacts_user":{}},"attachments":[{"id":"510d3897-52d6-4a44-a662-4e1bdf9c37ec","version":2,"asset_type":"wx_prompt","name":"RAGtemplate-granite-3_2b_instruct.json","mime":"application/json","datasource_type":"193a97c1-4475-4a19-b90c-295c4fdc6517","object_key":"wx_prompt/RAGtemplate-granite-3_2b_instruct__da__ex2xweteyo.json","creator_id":"iam-ServiceId-f49c5558-c247-4983-a04f-7d3c7a3d55da","create_time":1739957416671,"size":1432,"is_remote":false,"is_managed":false,"is_referenced":true,"is_object_key_read_only":false,"is_user_provided_path_key":true,"transfer_complete":true,"is_partitioned":false,"complete_time_ticks":1739957416671,"user_data":{},"test_doc":0,"handle":{"bucket":"industryacceleratorragwxaas15gc7-donotdelete-pr-0gfcy7hpyt11cf","location":"us-south","type":"bluemix_cos","key":"wx_prompt/RAGtemplate-granite-3_2b_instruct__da__ex2xweteyo.json","upload_id":"done","max_part_num":1},"usage":{"access_count":0,"last_accessor_id":"iam-ServiceId-f49c5558-c247-4983-a04f-7d3c7a3d55da","last_access_time":1739957416671}}]}
