{"metadata":{"asset_id":"b890893e-5e07-4d9e-b0c2-bb8e34357a2f","asset_attributes":["data_asset"],"name":"comments_organizer_app.zip","asset_type":"data_asset","created_at":"2021-08-24T20:54:43Z","description":"","origin_country":"us","owner_id":"IBMid-550005BRT0","project_id":"54c9e7a6-6119-444c-b727-e2a12f8f1d03","size":172479,"tags":[],"usage":{"last_update_time":1629838484396,"last_updated_at":"2021-08-24T20:54:44Z"}},"entity":{"data_asset":{"mime_type":"application/zip","dataset":false}},"attachments":[{"id":"46ba7b9a-cd50-485c-9231-d71215778a1f","version":2,"asset_type":"data_asset","name":"comments_organizer_app.zip","mime":"application/zip","datasource_type":"193a97c1-4475-4a19-b90c-295c4fdc6517","object_key":"comments_organizer_app.zip","creator_id":"IBMid-550005BRT0","create_time":1629838484395,"size":172479,"is_remote":false,"is_managed":false,"is_referenced":true,"is_object_key_read_only":true,"is_user_provided_path_key":true,"transfer_complete":true,"is_partitioned":false,"complete_time_ticks":1629838484395,"user_data":{},"test_doc":0,"handle":{"bucket":"commentsorganizerproject-donotdelete-pr-vh94wqehyjzmfo","location":"us-geo","key":"comments_organizer_app.zip","upload_id":"done","max_part_num":1},"usage":{"access_count":0,"last_accessor_id":"IBMid-550005BRT0","last_access_time":1629838484395}}]}
