{"metadata":{"asset_id":"d4b56ebc-7ab7-4b0f-a786-d8e52a8e263f","asset_attributes":["data_asset","data_profile_uda"],"name":"Comments Organizer.pdf","asset_type":"data_asset","created_at":"2021-08-27T17:35:59Z","description":"","origin_country":"us","owner_id":"IBMid-550003P291","project_id":"54c9e7a6-6119-444c-b727-e2a12f8f1d03","size":215456,"tags":[],"usage":{"last_update_time":1630085794469,"last_updated_at":"2021-08-27T17:36:34Z"}},"entity":{"data_asset":{"mime_type":"application/pdf","dataset":false},"data_profile_uda":{"status":"completed"}},"attachments":[{"id":"57dff5b5-0c85-423b-82e6-3fe5606fa982","version":2,"asset_type":"data_asset","name":"Comments Organizer.pdf","mime":"application/pdf","datasource_type":"193a97c1-4475-4a19-b90c-295c4fdc6517","object_key":"Comments Organizer.pdf","creator_id":"IBMid-550003P291","create_time":1630085760283,"size":214292,"is_remote":false,"is_managed":false,"is_referenced":true,"is_object_key_read_only":true,"is_user_provided_path_key":true,"transfer_complete":true,"is_partitioned":false,"complete_time_ticks":1630085760283,"user_data":{},"test_doc":0,"handle":{"bucket":"commentsorganizerproject-donotdelete-pr-vh94wqehyjzmfo","location":"us-geo","key":"Comments Organizer.pdf","upload_id":"done","max_part_num":1},"usage":{"access_count":0,"last_accessor_id":"IBMid-550003P291","last_access_time":1630085760283}},{"id":"8357161b-c51d-49d5-bb7e-b6e4e13fdf41","version":2,"asset_type":"data_profile_uda","name":"uda_d4b56ebc-7ab7-4b0f-a786-d8e52a8e263f.json","mime":"application/json","datasource_type":"193a97c1-4475-4a19-b90c-295c4fdc6517","object_key":"data_profile_uda/2021-08-27-17_36_21-uda_d4b56ebc-7ab7-4b0f-a786-d8e52a8e263f.json","creator_id":"iam-ServiceId-5d9bb1d6-b10e-410d-a535-ad6b78e9773b","create_time":1630085782753,"size":582,"is_remote":false,"is_managed":false,"is_referenced":true,"is_object_key_read_only":false,"is_user_provided_path_key":true,"transfer_complete":true,"is_partitioned":false,"complete_time_ticks":1630085782753,"user_data":{},"test_doc":0,"handle":{"bucket":"commentsorganizerproject-donotdelete-pr-vh94wqehyjzmfo","location":"us-geo","key":"data_profile_uda/2021-08-27-17_36_21-uda_d4b56ebc-7ab7-4b0f-a786-d8e52a8e263f.json","upload_id":"done","max_part_num":1},"usage":{"access_count":0,"last_accessor_id":"iam-ServiceId-5d9bb1d6-b10e-410d-a535-ad6b78e9773b","last_access_time":1630085782753}},{"id":"a59215dd-3b6c-459f-9bea-f19dbe2663cd","version":2,"asset_type":"data_profile_uda","name":"uda_d4b56ebc-7ab7-4b0f-a786-d8e52a8e263f.json","mime":"application/json","datasource_type":"193a97c1-4475-4a19-b90c-295c4fdc6517","object_key":"data_profile_uda/2021-08-27-17_36_28-uda_d4b56ebc-7ab7-4b0f-a786-d8e52a8e263f.json","creator_id":"iam-ServiceId-5d9bb1d6-b10e-410d-a535-ad6b78e9773b","create_time":1630085794359,"size":582,"is_remote":false,"is_managed":false,"is_referenced":true,"is_object_key_read_only":false,"is_user_provided_path_key":true,"transfer_complete":true,"is_partitioned":false,"complete_time_ticks":1630085794359,"user_data":{},"test_doc":0,"handle":{"bucket":"commentsorganizerproject-donotdelete-pr-vh94wqehyjzmfo","location":"us-geo","key":"data_profile_uda/2021-08-27-17_36_28-uda_d4b56ebc-7ab7-4b0f-a786-d8e52a8e263f.json","upload_id":"done","max_part_num":1},"usage":{"access_count":0,"last_accessor_id":"iam-ServiceId-5d9bb1d6-b10e-410d-a535-ad6b78e9773b","last_access_time":1630085794359}}]}
