{"metadata":{"asset_id":"ae8fc059-149c-4e49-b814-78150f79d6d0","asset_attributes":["notebook"],"name":"Data Exploration and Model Training","asset_type":"notebook","created_at":"2021-08-24T21:00:46Z","description":"Customer Online Comments Organizer\nThe accelerator is created using Data Asset eXchange data to support retail industry. This application will allow companies to view customer reviews in a more organized manner. Reviews are grouped and sentiments are highlighted.\n\nWhat's included?\nA structured business glossary of more than 20 business terms.\nSample data science assets\nHow does it work?\nThe glossary provides the information architecture that you need to understand retail related business measure","origin_country":"us","owner_id":"IBMid-550005BRT0","project_id":"54c9e7a6-6119-444c-b727-e2a12f8f1d03","size":3677106,"tags":["notebook"],"usage":{"last_update_time":1629860314427,"last_updated_at":"2021-08-25T02:58:34Z"}},"entity":{"notebook":{"kernel":{"name":"python3","display_name":"Python 3.8","language":"python"},"originates_from":{"type":"blank"},"runtime":{"environment":"conda2py38-54c9e7a6-6119-444c-b727-e2a12f8f1d03"}}},"attachments":[{"id":"2f4ef9f1-adb6-4f9b-8d75-7178c94aebb7","version":2,"asset_type":"notebook","name":"attachment for notebook ae8fc059-149c-4e49-b814-78150f79d6d0","description":"attachment for notebook ae8fc059-149c-4e49-b814-78150f79d6d0","mime":"application/json","datasource_type":"193a97c1-4475-4a19-b90c-295c4fdc6517","object_key":"notebook/Data_Exploration_and_Model_Training_7Qu3B9woy.ipynb","creator_id":"IBMid-550005BRT0","create_time":1629838846744,"size":3677106,"is_remote":false,"is_managed":false,"is_referenced":true,"is_object_key_read_only":false,"is_user_provided_path_key":true,"transfer_complete":true,"is_partitioned":false,"complete_time_ticks":1629838846744,"user_data":{},"test_doc":0,"handle":{"bucket":"commentsorganizerproject-donotdelete-pr-vh94wqehyjzmfo","location":"us-geo","key":"notebook/Data_Exploration_and_Model_Training_7Qu3B9woy.ipynb","upload_id":"done","max_part_num":1},"usage":{"access_count":0,"last_accessor_id":"IBMid-550005BRT0","last_access_time":1629838846744}}]}
