ENCOUNTER_ID,PATIENT_NBR,RACE,GENDER,AGE,WEIGHT,ADMISSION_TYPE_ID,DISCHARGE_DISPOSITION_ID,ADMISSION_SOURCE_ID,TIME_IN_HOSPITAL,PAYER_CODE,MEDICAL_SPECIALTY,NUM_LAB_PROCEDURES,NUM_PROCEDURES,NUM_MEDICATIONS,NUMBER_OUTPATIENT,NUMBER_EMERGENCY,NUMBER_INPATIENT,DIAG_1,DIAG_2,DIAG_3,NUMBER_DIAGNOSES,MAX_GLU_SERUM,A1CRESULT,METFORMIN,REPAGLINIDE,NATEGLINIDE,CHLORPROPAMIDE,GLIMEPIRIDE,ACETOHEXAMIDE,GLIPIZIDE,GLYBURIDE,TOLBUTAMIDE,PIOGLITAZONE,ROSIGLITAZONE,ACARBOSE,MIGLITOL,TROGLITAZONE,TOLAZAMIDE,EXAMIDE,CITOGLIPTON,INSULIN,GLYBURIDE-METFORMIN,GLIPIZIDE-METFORMIN,GLIMEPIRIDE-PIOGLITAZONE,METFORMIN-ROSIGLITAZONE,METFORMIN-PIOGLITAZONE,CHANGE,DIABETESMED,READMITTED,FIRST_NAME,LAST_NAME,predicted_probability,predicted_class,LIME_Features
2278392,8222157,Caucasian,Female,[0-10),Unknown,Not Available,Unknown,Physician Referral,1,OTHER,Pediatrics-Endocrinology,41,0,1,0,0,0,"Endocrine, Nutritional And Metabolic",Infectious And Parasitic,Infectious And Parasitic,1,None,None,No,No,No,No,No,No,No,No,No,No,No,No,No,No,No,No,No,No,No,No,No,No,No,No,No,0,Ima,Labadie,0.017195516646192205,0,"[('NUMBER_DIAGNOSES', 0.008572339334708521), ('DISCHARGE_DISPOSITION_ID_Discharged to home', -0.00522516812203731), ('NUM_MEDICATIONS', 0.0011502244970309752), ('TIME_IN_HOSPITAL', 0.0007432222876647252), ('AGE_[0-10)', -0.0006019932044361537), ('DIAG_1_Endocrine, Nutritional And Metabolic', -0.0005584609676402597), ('PAYER_CODE_OTHER', 0.0005432533278385946), ('DIABETESMED_No', 0.0003458151347796706), ('DIAG_2_Infectious And Parasitic', -0.00029555069946764987), ('DISCHARGE_DISPOSITION_ID_Unknown', -0.00026178735398629674)]"
149190,55629189,Caucasian,Female,[10-20),Unknown,Emergency,Discharged to home,Emergency Room,3,OTHER,,59,0,18,0,0,0,"Endocrine, Nutritional And Metabolic","Endocrine, Nutritional And Metabolic","Endocrine, Nutritional And Metabolic",9,None,None,No,No,No,No,No,No,No,No,No,No,No,No,No,No,No,No,No,Up,No,No,No,No,No,Ch,Yes,0,Brycen,Hermiston,0.07250270502577727,0,"[('NUMBER_DIAGNOSES', 0.02237809829221687), ('DISCHARGE_DISPOSITION_ID_Discharged to home', -0.014889781191298947), ('NUM_MEDICATIONS', 0.004841327931250352), ('NUM_LAB_PROCEDURES', 0.0038986897225588932), ('PAYER_CODE_OTHER', 0.0015844177286241325), ('CHANGE_Ch', 0.0011859945447818664), ('DIAG_1_Endocrine, Nutritional And Metabolic', -0.0009719391769925134), ('CHANGE_No', -0.0007253367732266342), ('INSULIN_Up', 0.000637668113252901), ('AGE_[10-20)', -0.0003067100312574271)]"
500364,82442376,Caucasian,Male,[30-40),Unknown,Emergency,Discharged to home,Emergency Room,2,OTHER,,44,1,16,0,0,0,Infectious And Parasitic,"Endocrine, Nutritional And Metabolic",Circulatory System,7,None,None,No,No,No,No,No,No,No,No,No,No,No,No,No,No,No,No,No,Up,No,No,No,No,No,Ch,Yes,0,Leonor,Cummerata,0.02424042583181561,0,"[('NUMBER_DIAGNOSES', 0.020782826552267496), ('DISCHARGE_DISPOSITION_ID_Discharged to home', -0.013574144244176363), ('NUM_LAB_PROCEDURES', 0.005019116970183951), ('NUMBER_EMERGENCY', 0.002952768699385878), ('NUM_MEDICATIONS', 0.0028756850036440055), ('DIAG_1_Infectious And Parasitic', -0.0020147537438658047), ('TIME_IN_HOSPITAL', 0.0018005353342526625), ('AGE_[70-80)', 0.0011140670309716853), ('INSULIN_Steady', -0.000801071267481892), ('DIAG_3_Circulatory System', -0.000618569268461003)]"
16680,42519267,Caucasian,Male,[40-50),Unknown,Emergency,Discharged to home,Emergency Room,1,OTHER,,51,0,8,0,0,0,Neoplasms,Neoplasms,"Endocrine, Nutritional And Metabolic",5,None,None,No,No,No,No,No,No,Steady,No,No,No,No,No,No,No,No,No,No,Steady,No,No,No,No,No,Ch,Yes,0,Nicolas,Baumbach,0.011116494541700163,0,"[('NUMBER_DIAGNOSES', 0.01950482676386788), ('DISCHARGE_DISPOSITION_ID_Discharged to home', -0.0115949591018803), ('NUM_MEDICATIONS', 0.003486231807008903), ('NUM_LAB_PROCEDURES', 0.003096889369886917), ('TIME_IN_HOSPITAL', 0.0018283201309191187), ('DIAG_2_Circulatory System', 0.0015667821910237438), ('GLIPIZIDE_Steady', -0.0012782404874463321), ('DIAG_2_Neoplasms', -0.0009629118762626042), ('PAYER_CODE_OTHER', 0.00046624388136668707), ('AGE_[40-50)', 8.340466201687942e-05)]"
35754,82637451,Caucasian,Male,[50-60),Unknown,Urgent,Discharged to home,Clinic Referral,3,OTHER,,31,6,16,0,0,0,Circulatory System,Circulatory System,"Endocrine, Nutritional And Metabolic",9,None,None,No,No,No,No,No,No,No,No,No,No,No,No,No,No,No,No,No,Steady,No,No,No,No,No,No,Yes,0,Deshawn,Ryan,0.06631637559469633,0,"[('NUMBER_DIAGNOSES', 0.02176019801006265), ('DISCHARGE_DISPOSITION_ID_Discharged to home', -0.01338680135285686), ('NUM_MEDICATIONS', 0.005974880430174239), ('NUM_LAB_PROCEDURES', 0.0027938933606081514), ('DIAG_2_Circulatory System', -0.0014477198941519475), ('GENDER_Male', 0.001105197841382205), ('PAYER_CODE_OTHER', 0.0009714656328938352), ('NUM_PROCEDURES', 0.0009302502897553302), ('ADMISSION_TYPE_ID_Urgent', -0.0004836535604445288), ('ADMISSION_SOURCE_ID_Clinic Referral', -3.365415002652977e-05)]"
63768,114882984,Caucasian,Male,[70-80),Unknown,Emergency,Discharged to home,Emergency Room,5,OTHER,,73,0,12,0,0,0,Circulatory System,Respiratory System,"Endocrine, Nutritional And Metabolic",8,None,None,No,No,No,No,No,No,No,Steady,No,No,No,No,No,No,No,No,No,No,No,No,No,No,No,No,Yes,0,Jaime,Moore,0.047245322178513786,0,"[('NUMBER_DIAGNOSES', 0.02249750723992839), ('DISCHARGE_DISPOSITION_ID_Discharged to home', -0.015146052092620899), ('NUM_LAB_PROCEDURES', 0.002884350228034266), ('AGE_[60-70)', 0.0018879801188121752), ('TIME_IN_HOSPITAL', 0.0018325532953657802), ('INSULIN_No', -0.0013182826294827813), ('PAYER_CODE_OTHER', 0.0010412552720255723), ('DIAG_1_Circulatory System', 0.0008037469688493602), ('AGE_[70-80)', 0.000409397447450946), ('GLYBURIDE_No', -0.0004087243285496379)]"
28236,89869032,AfricanAmerican,Female,[40-50),Unknown,Emergency,Discharged to home,Emergency Room,9,OTHER,,47,2,17,0,0,0,"Endocrine, Nutritional And Metabolic",Circulatory System,Injury And Poisoning,9,None,None,No,No,No,No,No,No,No,No,No,No,No,No,No,No,No,No,No,Steady,No,No,No,No,No,No,Yes,0,Mandy,Reichert,0.06630931356785419,0,"[('NUMBER_DIAGNOSES', 0.018433494730470148), ('DISCHARGE_DISPOSITION_ID_Discharged to home', -0.011522934892451767), ('NUM_MEDICATIONS', 0.0037038898261904218), ('NUM_LAB_PROCEDURES', 0.003305159331890901), ('TIME_IN_HOSPITAL', 0.0017527348005677318), ('AGE_[60-70)', 0.0016502089162071048), ('ADMISSION_TYPE_ID_Urgent', 0.0015483956542488668), ('AGE_[40-50)', -0.0009653379062297223), ('CHANGE_No', -0.0009216082499763146), ('DIAG_1_Endocrine, Nutritional And Metabolic', -0.00014921353049785824)]"
76387002,85504905,Caucasian,Female,[40-50),Unknown,Emergency,Discharged/transferred to home with home health service,Emergency Room,9,OTHER,InfectiousDiseases,46,1,14,0,0,0,Musculoskeletal System And Connective Tissue,"Endocrine, Nutritional And Metabolic",Skin And Subcutaneous Tissue,9,None,Norm,No,No,No,No,No,No,No,No,No,No,No,No,No,No,No,No,No,Steady,No,No,No,No,No,No,Yes,0,Ana,Buckridge,0.10049686991727336,1,"[('NUMBER_DIAGNOSES', 0.021915624905405464), ('DISCHARGE_DISPOSITION_ID_Discharged to home', -0.013935831404742891), ('NUM_LAB_PROCEDURES', 0.003440647149200389), ('TIME_IN_HOSPITAL', 0.0029678415207805425), ('AGE_[50-60)', 0.00131234891492996), ('PAYER_CODE_OTHER', 0.00119925377679732), ('DIAG_3_Skin And Subcutaneous Tissue', -0.0009438806714309488), ('DIAG_3_Endocrine, Nutritional And Metabolic', 0.0008673230207669572), ('DISCHARGE_DISPOSITION_ID_Discharged/transferred to home with home health service', 0.00041955011481061645), ('DIAG_1_Musculoskeletal System And Connective Tissue', -7.416764823742317e-05)]"
84222,108662661,Caucasian,Female,[50-60),Unknown,Emergency,Discharged to home,Emergency Room,3,OTHER,Cardiology,29,0,11,0,0,0,Skin And Subcutaneous Tissue,Neoplasms,"Endocrine, Nutritional And Metabolic",3,None,None,No,No,No,No,No,No,No,Steady,No,No,No,No,No,No,No,No,No,No,No,No,No,No,No,No,Yes,0,Drew,Champlin,0.01131257447847141,0,"[('NUMBER_DIAGNOSES', 0.019150535222972293), ('DISCHARGE_DISPOSITION_ID_Discharged to home', -0.011636170918998252), ('NUM_MEDICATIONS', 0.002826436634712262), ('NUM_LAB_PROCEDURES', 0.002163613101989069), ('A1CRESULT_>8', -0.001255783594594645), ('INSULIN_No', -0.0006950198332976279), ('AGE_[50-60)', 0.0004293133694250204), ('DIAG_1_Skin And Subcutaneous Tissue', 0.00040828536288070073), ('DIAG_2_Neoplasms', 0.0002485153286772089), ('GLYBURIDE_No', -4.5252578627323715e-05)]"
221634,21861756,Other,Female,[50-60),Unknown,Emergency,Discharged to home,Emergency Room,1,OTHER,,33,0,7,0,0,0,Ill-Defined Conditions,Circulatory System,"Endocrine, Nutritional And Metabolic",3,None,None,Steady,No,No,No,No,No,No,No,No,No,No,No,No,No,No,No,No,No,No,No,No,No,No,No,Yes,0,Zetta,Borer,0.011116494541700163,0,"[('NUMBER_DIAGNOSES', 0.020788898717317494), ('DISCHARGE_DISPOSITION_ID_Discharged to home', -0.014346149107191977), ('NUM_LAB_PROCEDURES', 0.003826581035013972), ('NUM_MEDICATIONS', 0.0037785084808659086), ('TIME_IN_HOSPITAL', 0.0018685391375469827), ('RACE_Other', 0.00107991023353467), ('PAYER_CODE_OTHER', 0.0008011904412180105), ('RACE_Caucasian', 0.0005557145704832948), ('METFORMIN_Steady', 0.0002536549575687904), ('DIAG_1_Ill-Defined Conditions', 0.00023741799636809393)]"
325866,98427861,Caucasian,Female,[70-80),Unknown,Elective,Discharged to home,Clinic Referral,3,OTHER,,33,1,8,0,0,0,Neoplasms,Infectious And Parasitic,"Endocrine, Nutritional And Metabolic",5,None,None,No,No,No,No,No,No,No,No,No,No,No,No,No,No,No,No,No,Steady,No,No,No,No,No,No,Yes,0,Roberta,Champlin,0.01131257447847141,0,"[('NUMBER_DIAGNOSES', 0.018041732055120878), ('DISCHARGE_DISPOSITION_ID_Discharged to home', -0.010820500354814922), ('NUM_MEDICATIONS', 0.0035181647121845863), ('NUM_LAB_PROCEDURES', 0.002660889040001457), ('INSULIN_No', -0.0010741658707712567), ('DIAG_2_Infectious And Parasitic', -0.0010182878214931627), ('ADMISSION_SOURCE_ID_Clinic Referral', -0.0008934467383628466), ('GENDER_Male', 0.000852587212927799), ('PAYER_CODE_OTHER', 0.0007545573609005094), ('AGE_[70-80)', 0.000631193958882538)]"
197936334,112002975,Caucasian,Female,[70-80),Unknown,Emergency,Discharged to home,Emergency Room,4,MC,Family/GeneralPractice,51,0,14,0,0,0,Prenatal,"Endocrine, Nutritional And Metabolic","Endocrine, Nutritional And Metabolic",9,None,>8,Up,No,No,No,No,No,Steady,No,No,No,No,No,No,No,No,No,No,Steady,No,No,No,No,No,Ch,Yes,0,Karl,Abshire,0.05676972512625232,0,"[('NUMBER_DIAGNOSES', 0.020507071522968788), ('DISCHARGE_DISPOSITION_ID_Discharged to home', -0.013418719584556954), ('NUM_LAB_PROCEDURES', 0.0031045782660365524), ('ADMISSION_TYPE_ID_Emergency', 0.001561945914166339), ('GLIPIZIDE_Steady', -0.001202037024869414), ('INSULIN_Steady', -0.0011109862661657648), ('METFORMIN_Up', -0.0008029998366683572), ('GLIPIZIDE_No', 0.000726268985320057), ('A1CRESULT_None', 0.0006553648328339464), ('DIAG_1_Prenatal', 0.0006522671778312108)]"
377268,104672268,Caucasian,Male,[50-60),Unknown,Urgent,Discharged to home,Clinic Referral,1,OTHER,,44,1,15,0,0,0,Injury And Poisoning,Circulatory System,"Endocrine, Nutritional And Metabolic",9,None,None,No,No,No,No,No,No,No,No,No,No,No,No,No,No,No,No,No,Steady,No,No,No,No,No,No,Yes,0,Elissa,Corkery,0.08351346443338599,1,"[('NUMBER_DIAGNOSES', 0.021164507994586055), ('DISCHARGE_DISPOSITION_ID_Discharged to home', -0.012343121635527138), ('NUM_MEDICATIONS', 0.004859180851256987), ('TIME_IN_HOSPITAL', 0.00301190940864844), ('DIAG_1_Injury And Poisoning', 0.00168181613881002), ('AGE_[50-60)', 0.0013310859892439744), ('DIAG_2_Endocrine, Nutritional And Metabolic', 0.00084217835400945), ('INSULIN_Steady', 0.0008154397767174202), ('ADMISSION_SOURCE_ID_Clinic Referral', 0.0008106834245147243), ('DIAG_2_Circulatory System', 0.0004498519154733181)]"
464994,106936875,Caucasian,Female,[40-50),Unknown,Elective,Discharged to home,Clinic Referral,2,OTHER,,10,3,8,0,0,0,Genitourinary System,"Endocrine, Nutritional And Metabolic",Injury And Poisoning,5,None,None,No,No,No,No,No,No,No,No,No,No,No,No,No,No,No,No,No,Steady,No,No,No,No,No,No,Yes,0,Natasha,Willms,0.011116494541700163,0,"[('NUMBER_DIAGNOSES', 0.005447107209563776), ('DISCHARGE_DISPOSITION_ID_Discharged to home', -0.0033024082311018258), ('NUM_MEDICATIONS', 0.0011280555877771737), ('NUM_LAB_PROCEDURES', 0.0010839385147378637), ('ADMISSION_SOURCE_ID_Clinic Referral', -0.0008569087318523517), ('DIAG_3_Injury And Poisoning', -0.0008358127634282824), ('TIME_IN_HOSPITAL', 0.0005919032978194427), ('DIAG_1_Genitourinary System', -0.0005252292651451784), ('GENDER_Male', 0.00019978840474195691), ('ADMISSION_TYPE_ID_Elective', 2.8193455641343238e-05)]"
486156,86240259,Caucasian,Female,[70-80),Unknown,Elective,Discharged/transferred to another type of inpatient care institution,Transfer from a hospital,9,OTHER,InternalMedicine,25,3,16,0,0,2,Circulatory System,Circulatory System,"Endocrine, Nutritional And Metabolic",7,None,None,No,No,No,No,No,No,No,Steady,No,No,No,No,No,No,No,No,No,Down,No,No,No,No,No,Ch,Yes,1,Jonatan,Frami,0.759059829059829,1,"[('DISCHARGE_DISPOSITION_ID_Discharged/transferred to another type of inpatient care institution', 0.03286552204954817), ('ADMISSION_SOURCE_ID_Transfer from a hospital', 0.012042297460309163), ('GLYBURIDE_Steady', 0.006431726609859405), ('GLYBURIDE_No', -0.005851383494246785), ('INSULIN_Down', 0.005520714107755775), ('TIME_IN_HOSPITAL', 0.00491130704019675), ('DISCHARGE_DISPOSITION_ID_Discharged to home', -0.004880870555960211), ('AGE_[70-80)', 0.0042474711827687), ('ADMISSION_TYPE_ID_Elective', 0.0037739683186738884), ('NUMBER_DIAGNOSES', 0.0026844296555792787)]"
590346,37746639,AfricanAmerican,Female,[40-50),Unknown,Emergency,Discharged/transferred to home with home health service,Emergency Room,8,OTHER,,55,2,17,0,0,0,"Endocrine, Nutritional And Metabolic",Skin And Subcutaneous Tissue,Skin And Subcutaneous Tissue,9,None,None,No,No,No,No,No,No,No,No,No,No,No,No,No,No,No,No,No,Steady,No,No,No,No,No,No,Yes,0,Terrill,Dicki,0.21888005341748734,1,"[('NUMBER_DIAGNOSES', 0.02499241069094795), ('DISCHARGE_DISPOSITION_ID_Discharged to home', -0.01711006879244567), ('DIAG_3_Skin And Subcutaneous Tissue', 0.00629355946703385), ('NUM_LAB_PROCEDURES', 0.0049323291116788685), ('TIME_IN_HOSPITAL', 0.004380144456798675), ('NUM_MEDICATIONS', 0.004297034245054949), ('DISCHARGE_DISPOSITION_ID_Discharged/transferred to home with home health service', 0.00425730394669548), ('AGE_[40-50)', 0.0035936852244926863), ('DIAG_2_Skin And Subcutaneous Tissue', 0.0033932456589805746), ('RACE_Caucasian', -0.0024892209693897016)]"
623880,17928900,Caucasian,Female,[60-70),Unknown,Urgent,Discharged to home,Clinic Referral,6,OTHER,,58,3,14,0,0,0,Neoplasms,Blood Related/Diabetes,"Endocrine, Nutritional And Metabolic",9,None,None,No,No,No,No,No,No,No,No,No,No,No,No,No,No,No,No,No,Down,No,No,No,No,No,Ch,Yes,0,Devon,Stracke,0.069766209870782,0,"[('NUMBER_DIAGNOSES', 0.01462199689428111), ('DISCHARGE_DISPOSITION_ID_Discharged to home', -0.00982031212190129), ('AGE_[60-70)', 0.0013433730438707201), ('NUM_LAB_PROCEDURES', 0.0012778979352807592), ('DIAG_3_Endocrine, Nutritional And Metabolic', 0.0010917711513752488), ('TIME_IN_HOSPITAL', 0.0008110201800040774), ('DIAG_2_Blood Related/Diabetes', 0.0008026211013176886), ('DIAG_1_Neoplasms', 0.0007350728129648267), ('ADMISSION_TYPE_ID_Urgent', 0.0007156076271264721), ('ADMISSION_SOURCE_ID_Clinic Referral', -0.0005688160854535997)]"
922080,22655295,Caucasian,Male,[60-70),Unknown,Urgent,Discharged to home,Transfer from a hospital,4,OTHER,,31,0,14,0,0,0,Circulatory System,"Endocrine, Nutritional And Metabolic",Genitourinary System,7,None,None,No,No,No,No,No,No,No,No,No,No,No,No,No,No,No,No,No,Steady,No,No,No,No,No,No,Yes,0,Andres,Harªann,0.02368455112563767,0,"[('NUMBER_DIAGNOSES', 0.02287021550262073), ('DISCHARGE_DISPOSITION_ID_Discharged to home', -0.015221625999964902), ('TIME_IN_HOSPITAL', 0.004136720360303133), ('NUM_LAB_PROCEDURES', 0.003491866385989124), ('ADMISSION_SOURCE_ID_Transfer from a hospital', -0.0026474887142531487), ('INSULIN_Steady', -0.0013162787959412627), ('ADMISSION_TYPE_ID_Urgent', -0.0011707405404433303), ('INSULIN_No', -0.001047628517212566), ('DIAG_1_Circulatory System', 0.0009164777721373512), ('DIAG_3_Genitourinary System', -0.00012711050985089606)]"
961464,105366150,Caucasian,Female,[70-80),Unknown,Emergency,Discharged to home,Emergency Room,4,OTHER,Cardiology,51,0,9,0,0,0,Circulatory System,Circulatory System,"Endocrine, Nutritional And Metabolic",4,None,None,No,No,No,No,Steady,No,No,No,No,No,No,No,No,No,No,No,No,No,No,No,No,No,No,No,Yes,0,Aurore,Reichel,0.01131257447847141,0,"[('NUMBER_DIAGNOSES', 0.021667375668619628), ('DISCHARGE_DISPOSITION_ID_Discharged to home', -0.014193312877687459), ('NUM_LAB_PROCEDURES', 0.0031477560442760813), ('NUM_MEDICATIONS', 0.0027551007242936115), ('AGE_[70-80)', 0.0020735765175588757), ('PAYER_CODE_OTHER', 0.0016517910062552516), ('NUM_PROCEDURES', 0.00145477657807398), ('CHANGE_Ch', 0.0011144213540041825), ('DIAG_1_Circulatory System', -0.0007786771588334723), ('GLIMEPIRIDE_Steady', -0.0005383805936973273)]"
1050294,100113975,Caucasian,Female,[60-70),Unknown,Elective,Discharged/transferred to SNF,Physician Referral,3,OTHER,Orthopedics,57,1,21,0,0,0,Musculoskeletal System And Connective Tissue,"Endocrine, Nutritional And Metabolic",Circulatory System,6,None,None,No,No,No,No,No,No,No,No,No,No,No,No,No,No,No,No,No,Up,No,No,No,No,No,Ch,Yes,1,Tyreek,Simonis,0.9959741299067847,1,"[('DISCHARGE_DISPOSITION_ID_Discharged/transferred to SNF', 0.0639814130249374), ('DISCHARGE_DISPOSITION_ID_Discharged to home', -0.034146452775588455), ('DIAG_1_Musculoskeletal System And Connective Tissue', 0.031479318158486105), ('INSULIN_Up', 0.024456007594100614), ('DIAG_3_Circulatory System', 0.02166908405316089), ('AGE_[60-70)', 0.01815901177138307), ('ADMISSION_TYPE_ID_Elective', 0.015377531569606903), ('NUM_MEDICATIONS', 0.014769253259083572), ('PAYER_CODE_OTHER', 0.014300235747149379), ('DIAG_2_Endocrine, Nutritional And Metabolic', 0.012936270917337216)]"
1072554,114039603,Caucasian,Male,[70-80),Unknown,Elective,Discharged to home,Clinic Referral,3,OTHER,,29,1,7,0,0,0,Circulatory System,Circulatory System,"Endocrine, Nutritional And Metabolic",9,None,None,Steady,No,No,No,No,No,No,No,No,No,No,No,No,No,No,No,No,Steady,No,No,No,No,No,Ch,Yes,0,Delfina,Gutkowski,0.04979028444057069,0,"[('NUMBER_DIAGNOSES', 0.022661076776932323), ('DISCHARGE_DISPOSITION_ID_Discharged to home', -0.013999301455274903), ('NUM_LAB_PROCEDURES', 0.0042824255842614034), ('NUM_MEDICATIONS', 0.0036509796134375594), ('METFORMIN_No', 0.002091726243397384), ('GENDER_Male', 0.0017396099345574926), ('METFORMIN_Steady', -0.0012635397698592457), ('PAYER_CODE_OTHER', 0.0011776546853948023), ('ADMISSION_SOURCE_ID_Clinic Referral', -0.0007552630425360006), ('GENDER_Female', -0.0005171334528880387)]"
1136472,64494171,Caucasian,Female,[40-50),Unknown,Elective,Discharged to home,Clinic Referral,4,OTHER,,69,5,25,0,0,0,Circulatory System,"Endocrine, Nutritional And Metabolic",Circulatory System,6,None,None,No,No,No,No,No,No,No,No,No,No,No,No,No,No,No,No,No,Down,No,No,No,No,No,Ch,Yes,0,Ricardo,Koch,0.02424042583181561,0,"[('NUMBER_DIAGNOSES', 0.021050382823626288), ('DISCHARGE_DISPOSITION_ID_Discharged to home', -0.013962095734044739), ('NUM_MEDICATIONS', 0.0038527922597871465), ('TIME_IN_HOSPITAL', 0.0036833466386709973), ('NUM_LAB_PROCEDURES', 0.003420793799801585), ('ADMISSION_SOURCE_ID_Clinic Referral', -0.0023142036210931226), ('RACE_AfricanAmerican', -0.0019332666204170065), ('DIAG_2_Endocrine, Nutritional And Metabolic', -0.000864967777965563), ('ADMISSION_TYPE_ID_Elective', -0.0006283214352181451), ('CHANGE_No', -0.0005714965986249414)]"
1186980,91370916,AfricanAmerican,Male,[40-50),Unknown,Urgent,Discharged to home,Clinic Referral,4,OTHER,,27,0,12,0,0,1,Injury And Poisoning,"Endocrine, Nutritional And Metabolic",Circulatory System,5,None,None,No,No,No,No,No,No,No,No,No,No,No,No,No,No,No,No,No,Steady,No,No,No,No,No,No,Yes,0,Jalyn,Schiller,0.01131257447847141,0,"[('NUMBER_DIAGNOSES', 0.021042949362808965), ('DISCHARGE_DISPOSITION_ID_Discharged to home', -0.014255904873386722), ('NUM_LAB_PROCEDURES', 0.0023738978208779904), ('AGE_[60-70)', 0.0015780945339769342), ('DIAG_3_Circulatory System', -0.0009816838808333213), ('DIAG_1_Injury And Poisoning', -0.0009270694204184812), ('RACE_AfricanAmerican', -0.0007262982158872431), ('ADMISSION_TYPE_ID_Urgent', 0.0004246575039784333), ('ADMISSION_SOURCE_ID_Clinic Referral', -0.00031795176984335765), ('AGE_[40-50)', -5.333867217570181e-05)]"
11120142,22997880,AfricanAmerican,Female,[60-70),Unknown,Emergency,Discharged/transferred to SNF,Emergency Room,5,OTHER,,45,1,13,1,0,5,Injury And Poisoning,"Endocrine, Nutritional And Metabolic",Circulatory System,5,None,None,No,No,No,No,No,No,No,No,No,No,No,No,No,No,No,No,No,Steady,No,No,No,No,No,No,Yes,1,Raina,Conroy,0.9947270404329511,1,"[('DISCHARGE_DISPOSITION_ID_Discharged/transferred to SNF', 0.05738226477821451), ('DIAG_1_Injury And Poisoning', 0.046114899482518575), ('DISCHARGE_DISPOSITION_ID_Discharged to home', -0.03155781356810201), ('DIAG_3_Circulatory System', 0.02142721737321437), ('AGE_[60-70)', 0.01740631920974171), ('RACE_Caucasian', -0.014737839726105437), ('RACE_AfricanAmerican', 0.01443788544137007), ('PAYER_CODE_OTHER', 0.011441161179576708), ('INSULIN_Steady', 0.009811469092996102), ('DIAG_2_Endocrine, Nutritional And Metabolic', 0.009513296679493893)]"
1257282,84488562,Other,Female,[50-60),Unknown,Emergency,Discharged to home,Emergency Room,2,OTHER,Surgery-General,53,0,6,0,0,0,Genitourinary System,"Endocrine, Nutritional And Metabolic",Circulatory System,3,None,>8,No,No,No,No,No,No,No,No,No,No,No,No,No,No,No,No,No,Up,No,No,No,No,No,Ch,Yes,0,Vilma,Bartell,0.011116494541700163,0,"[('NUMBER_DIAGNOSES', 0.019354756870479602), ('DISCHARGE_DISPOSITION_ID_Discharged to home', -0.01140708837082844), ('NUM_LAB_PROCEDURES', 0.0030490890764349634), ('TIME_IN_HOSPITAL', 0.0024643038135721807), ('NUM_MEDICATIONS', 0.002246297707115491), ('DIAG_2_Endocrine, Nutritional And Metabolic', 0.0012863942038189892), ('INSULIN_Up', -0.0010679850447582865), ('DIAG_1_Genitourinary System', 0.0007405869249838057), ('A1CRESULT_>8', 0.0003939900066781947), ('RACE_Other', 0.00026765658710849253)]"
1414158,48925980,Caucasian,Male,[80-90),Unknown,Emergency,Discharged/transferred to home with home health service,Emergency Room,2,OTHER,Cardiology,34,0,9,0,0,0,Skin And Subcutaneous Tissue,Prenatal,"Endocrine, Nutritional And Metabolic",7,None,None,No,No,No,No,No,No,No,No,No,No,No,No,No,No,No,No,No,No,No,No,No,No,No,No,No,0,Johanna,Yost,0.03853296203126296,0,"[('NUMBER_DIAGNOSES', 0.020538632317358637), ('DISCHARGE_DISPOSITION_ID_Discharged to home', -0.012542710688823393), ('NUM_MEDICATIONS', 0.0035322080249370904), ('DIAG_1_Skin And Subcutaneous Tissue', -0.0022719277358764236), ('DIAG_1_Circulatory System', 0.0017738100800621726), ('AGE_[80-90)', -0.001727645300917655), ('DIAG_2_Prenatal', -0.0013552033585180665), ('DIAG_2_Endocrine, Nutritional And Metabolic', 0.0011946926118406242), ('DISCHARGE_DISPOSITION_ID_Discharged/transferred to home with home health service', -0.001008538816045435), ('DIABETESMED_No', -0.0008132625061627923)]"
1445010,23807808,Other,Female,[50-60),Unknown,Emergency,Discharged to home,Emergency Room,9,OTHER,,96,3,20,0,0,0,"Endocrine, Nutritional And Metabolic",Respiratory System,Respiratory System,9,None,None,No,No,No,No,No,No,No,No,No,No,No,No,No,No,No,No,No,Up,No,No,No,No,No,Ch,Yes,0,Dawn,Dare,0.08897492661178166,1,"[('NUMBER_DIAGNOSES', 0.020255572397313525), ('DISCHARGE_DISPOSITION_ID_Discharged to home', -0.012841747746321498), ('NUM_MEDICATIONS', 0.004636845359550928), ('NUM_LAB_PROCEDURES', 0.004097932335259319), ('TIME_IN_HOSPITAL', 0.0021112631242929353), ('PAYER_CODE_OTHER', 0.001446871512072432), ('AGE_[50-60)', 0.0009406199182034503), ('RACE_Other', 0.0008956832353225709), ('DIAG_3_Respiratory System', -0.0004688363319725691), ('DIAG_2_Respiratory System', -0.00044085377657553635)]"
1676676,72405540,AfricanAmerican,Male,[50-60),Unknown,Emergency,Discharged to home,Emergency Room,5,OTHER,,72,5,22,0,0,0,"Endocrine, Nutritional And Metabolic",Circulatory System,Genitourinary System,9,None,None,No,No,No,No,No,No,No,No,No,No,No,No,No,No,No,No,No,Down,No,No,No,No,No,Ch,Yes,0,Alexandro,Willms,0.07759698451146801,1,"[('NUMBER_DIAGNOSES', 0.02163991487672067), ('DISCHARGE_DISPOSITION_ID_Discharged to home', -0.015177083895121712), ('NUM_LAB_PROCEDURES', 0.003909037382841736), ('NUM_MEDICATIONS', 0.0032274590841910914), ('TIME_IN_HOSPITAL', 0.002885067974918317), ('PAYER_CODE_OTHER', 0.0013796586268583857), ('GENDER_Female', 0.0012515224597374002), ('RACE_AfricanAmerican', 0.0006597155736535617), ('NUM_PROCEDURES', 0.00040580345703751085), ('DIAG_3_Genitourinary System', 0.00012432157776557352)]"
1759458,48131838,Caucasian,Male,[40-50),Unknown,Emergency,Discharged to home,Physician Referral,3,OTHER,,33,1,13,0,0,0,Digestive System,Digestive System,"Endocrine, Nutritional And Metabolic",3,None,None,Steady,No,No,No,No,No,No,No,No,No,No,No,No,No,No,No,No,No,No,No,No,No,No,No,Yes,0,Emiliano,O'Kon,0.01131257447847141,0,"[('NUMBER_DIAGNOSES', 0.02172111409309482), ('DISCHARGE_DISPOSITION_ID_Discharged to home', -0.013993778558145733), ('NUM_LAB_PROCEDURES', 0.002724849992183158), ('NUMBER_EMERGENCY', 0.0027128172362012233), ('ADMISSION_SOURCE_ID_Emergency Room', 0.0010810599006850813), ('ADMISSION_TYPE_ID_Emergency', 0.0009657489560484142), ('AGE_[40-50)', 0.0007990470948636823), ('PAYER_CODE_OTHER', 0.0007960245866188484), ('DIAG_2_Endocrine, Nutritional And Metabolic', -0.0007363136781976241), ('DIAG_1_Digestive System', 0.0005327501674048929)]"
1810752,6915888,Caucasian,Male,[70-80),Unknown,Emergency,Discharged/transferred to SNF,Emergency Room,14,OTHER,Cardiology,78,1,19,0,0,0,Circulatory System,"Endocrine, Nutritional And Metabolic","Endocrine, Nutritional And Metabolic",8,None,Norm,No,No,No,No,No,No,No,No,No,No,No,No,No,No,No,No,No,Up,No,No,No,No,No,Ch,Yes,1,Raheem,Koepp,0.9555696809684632,1,"[('DISCHARGE_DISPOSITION_ID_Discharged/transferred to SNF', 0.04866899046740326), ('TIME_IN_HOSPITAL', 0.03325048690374819), ('A1CRESULT_Norm', 0.03174899003801321), ('NUMBER_DIAGNOSES', 0.031071273754496243), ('DISCHARGE_DISPOSITION_ID_Discharged to home', -0.028088609740492584), ('INSULIN_Up', 0.019196931696869434), ('NUM_LAB_PROCEDURES', 0.018579967579538528), ('AGE_[70-80)', 0.017628802567139508), ('DIAG_1_Circulatory System', 0.014059128196106935), ('A1CRESULT_None', -0.010488000585967463)]"
1880598,10430154,Caucasian,Female,[30-40),Unknown,Emergency,Discharged to home,Emergency Room,2,OTHER,Gastroenterology,48,0,11,0,0,0,Digestive System,Circulatory System,"Endocrine, Nutritional And Metabolic",5,None,None,No,No,No,No,No,No,No,No,No,No,No,No,No,No,No,No,No,Steady,No,No,No,No,No,No,Yes,0,Colleen,Frami,0.011116494541700163,0,"[('NUMBER_DIAGNOSES', 0.0226476371689859), ('DISCHARGE_DISPOSITION_ID_Discharged to home', -0.013769578793149568), ('NUMBER_EMERGENCY', 0.004638515497246931), ('NUM_MEDICATIONS', 0.0036805115311345765), ('NUM_LAB_PROCEDURES', 0.003430130100518457), ('TIME_IN_HOSPITAL', 0.002753040893776733), ('ADMISSION_TYPE_ID_Urgent', 0.001877198002394685), ('PAYER_CODE_OTHER', 0.0015417412084371691), ('INSULIN_Steady', -0.001445120505904442), ('AGE_[30-40)', -0.0010311511847727556)]"
16441296,1719279,Caucasian,Male,[40-50),Unknown,Elective,Discharged to home,Physician Referral,8,OTHER,Family/GeneralPractice,57,3,23,0,0,7,"Endocrine, Nutritional And Metabolic",Musculoskeletal System And Connective Tissue,Circulatory System,9,None,>7,No,No,No,No,No,No,Steady,No,No,No,Steady,No,No,No,No,No,No,Steady,No,No,No,No,No,Ch,Yes,1,Jesse,Grady,0.07951374650600065,1,"[('NUMBER_DIAGNOSES', 0.01935268965899307), ('DISCHARGE_DISPOSITION_ID_Discharged to home', -0.011953402593727222), ('NUM_MEDICATIONS', 0.004467662764805619), ('NUM_LAB_PROCEDURES', 0.003747756690544605), ('PAYER_CODE_OTHER', 0.0022872327624966463), ('TIME_IN_HOSPITAL', 0.0021187636646498296), ('AGE_[40-50)', 0.0010783286899027876), ('ROSIGLITAZONE_No', 0.00036723403286784807), ('DIAG_2_Musculoskeletal System And Connective Tissue', -0.00016434743114286784), ('A1CRESULT_>7', -1.3561201084862584e-05)]"
2092848,6500556,Other,Male,[50-60),Unknown,Not Available,Unknown,Emergency Room,8,OTHER,Nephrology,42,2,22,0,0,0,"Endocrine, Nutritional And Metabolic",Circulatory System,Circulatory System,9,None,None,No,No,No,No,No,No,No,No,No,No,No,No,No,No,No,No,No,No,No,No,No,No,No,No,No,0,Jules,Flatley,0.2235179177934655,1,"[('NUMBER_DIAGNOSES', 0.0261692456007071), ('DISCHARGE_DISPOSITION_ID_Discharged to home', -0.01749387573748822), ('NUM_MEDICATIONS', 0.006938547138184987), ('RACE_Other', 0.0069305754524929455), ('TIME_IN_HOSPITAL', 0.004636775964410475), ('PAYER_CODE_OTHER', 0.003637661787970864), ('DISCHARGE_DISPOSITION_ID_Unknown', 0.0032044561602734257), ('ADMISSION_TYPE_ID_Not Available', 0.002822756557069148), ('DIABETESMED_Yes', -0.002723885740962943), ('DIAG_2_Circulatory System', 0.002049367228359681)]"
2139660,18030078,Unknown,Male,[30-40),Unknown,Urgent,Discharged to home,Transfer from a hospital,3,OTHER,,44,1,10,0,0,0,"Endocrine, Nutritional And Metabolic",Circulatory System,Infectious And Parasitic,9,None,None,No,No,No,No,No,No,No,No,No,No,No,No,No,No,No,No,No,Steady,No,No,No,No,No,No,Yes,0,Yolanda,Beer,0.048883176790157454,0,"[('NUMBER_DIAGNOSES', 0.022542430279461498), ('DISCHARGE_DISPOSITION_ID_Discharged to home', -0.015366667845440675), ('NUM_MEDICATIONS', 0.00414054306923112), ('INSULIN_Steady', -0.0015832885852705397), ('GENDER_Male', -0.001199987456258991), ('DIAG_3_Endocrine, Nutritional And Metabolic', 0.0011863072975979493), ('RACE_Unknown', -0.0011547735519073469), ('AGE_[30-40)', -0.0009433931173885093), ('ADMISSION_SOURCE_ID_Transfer from a hospital', 0.0002242078824031845), ('DIAG_3_Infectious And Parasitic', 3.6261440979889293e-05)]"
58225002,53612379,AfricanAmerican,Female,[20-30),Unknown,Emergency,Left AMA,Emergency Room,1,OTHER,,60,0,5,0,3,1,"Endocrine, Nutritional And Metabolic","Endocrine, Nutritional And Metabolic","Endocrine, Nutritional And Metabolic",4,None,None,No,No,No,No,No,No,No,No,No,No,No,No,No,No,No,No,No,Up,No,No,No,No,No,Ch,Yes,1,Carol,Bernier,0.01886619255368571,0,"[('NUMBER_DIAGNOSES', 0.010565430510161317), ('DISCHARGE_DISPOSITION_ID_Discharged to home', -0.0070588478741671155), ('NUM_MEDICATIONS', 0.002426868121702021), ('DISCHARGE_DISPOSITION_ID_Left AMA', -0.0021963165293478024), ('TIME_IN_HOSPITAL', 0.001973787187536673), ('NUMBER_EMERGENCY', 0.0015050329775662277), ('NUM_LAB_PROCEDURES', 0.001463816714102684), ('GENDER_Male', 0.0011938432022442044), ('AGE_[20-30)', -0.0007090600792277966), ('RACE_AfricanAmerican', -0.0006734436792358425)]"
2228292,6836652,Caucasian,Female,[60-70),Unknown,Not Available,Unknown,Emergency Room,7,OTHER,Gastroenterology,34,1,19,0,0,0,Digestive System,"Endocrine, Nutritional And Metabolic",Infectious And Parasitic,4,None,>8,Steady,No,No,No,Steady,No,No,No,No,No,No,No,No,No,No,No,No,Steady,No,No,No,No,No,Ch,Yes,0,Hilario,Zulauf,0.0188577943251442,0,"[('NUMBER_DIAGNOSES', 0.02078075221310161), ('DISCHARGE_DISPOSITION_ID_Discharged to home', -0.012396189872904344), ('NUM_MEDICATIONS', 0.0026390838642112117), ('TIME_IN_HOSPITAL', 0.002333503672650638), ('GLIMEPIRIDE_No', 0.0020909964339906125), ('DISCHARGE_DISPOSITION_ID_Unknown', -0.0014724509632196606), ('GLIMEPIRIDE_Steady', -0.001178793259920268), ('DIAG_3_Infectious And Parasitic', -0.0011083334816705535), ('A1CRESULT_>8', -0.001106980081004789), ('DIAG_1_Digestive System', -0.0008351148628886519)]"
2265486,44279478,Caucasian,Male,[70-80),Unknown,Not Available,Discharged to home,Physician Referral,6,OTHER,,55,1,13,0,0,0,Digestive System,"Endocrine, Nutritional And Metabolic","Endocrine, Nutritional And Metabolic",3,>300,None,No,No,No,No,No,No,Up,No,No,No,No,No,No,No,No,No,No,No,No,No,No,No,No,Ch,Yes,0,Gonzalo,Kulas,0.02133123881966141,0,"[('NUMBER_DIAGNOSES', 0.010027070736472314), ('DISCHARGE_DISPOSITION_ID_Discharged to home', -0.006786310807951223), ('NUM_LAB_PROCEDURES', 0.001942484105582028), ('AGE_[70-80)', 0.0010930739605920215), ('TIME_IN_HOSPITAL', 0.0009328098647600585), ('GENDER_Male', -0.0006635625784902492), ('GLIPIZIDE_Up', -0.0006295790773152821), ('GLIPIZIDE_No', -0.0004495914064315051), ('MAX_GLU_SERUM_>300', -0.00020173307893522725), ('MAX_GLU_SERUM_None', -0.0001181406368508275)]"
2267052,7472070,AfricanAmerican,Female,[90-100),Unknown,Not Available,Unknown,Emergency Room,7,OTHER,Surgery-General,35,2,11,0,0,0,"Endocrine, Nutritional And Metabolic",Circulatory System,Skin And Subcutaneous Tissue,4,None,None,No,No,No,No,No,No,No,No,No,No,No,No,No,No,No,No,No,No,No,No,No,No,No,No,No,0,Kaitlin,Rice,0.02076437602791499,0,"[('NUMBER_DIAGNOSES', 0.017513620610058504), ('DISCHARGE_DISPOSITION_ID_Discharged to home', -0.010714929286349812), ('TIME_IN_HOSPITAL', 0.0025671238238152796), ('AGE_[90-100)', -0.002082013847343441), ('CHANGE_Ch', 0.00130593553818053), ('DISCHARGE_DISPOSITION_ID_Unknown', -0.001098683893580225), ('DIAG_2_Circulatory System', -0.0007964793820567531), ('RACE_AfricanAmerican', -0.0007362133256595733), ('RACE_Caucasian', 0.0006435775923432142), ('DIAG_1_Endocrine, Nutritional And Metabolic', -0.0005510056123831038)]"
2292606,53848278,AfricanAmerican,Female,[70-80),Unknown,Not Available,Discharged to home,Emergency Room,13,OTHER,,75,0,16,0,0,0,Respiratory System,"Endocrine, Nutritional And Metabolic",Injury And Poisoning,5,>300,None,No,No,No,No,No,No,Steady,No,No,No,No,No,No,No,No,No,No,No,No,No,No,No,No,No,Yes,0,Eli,Beahan,0.04357594744866648,0,"[('NUMBER_DIAGNOSES', 0.00392927932094004), ('DISCHARGE_DISPOSITION_ID_Discharged to home', -0.0020087539631092758), ('TIME_IN_HOSPITAL', 0.0006557052467710099), ('NUM_LAB_PROCEDURES', 0.00034324097882274424), ('PAYER_CODE_OTHER', 0.00034284781387988446), ('MAX_GLU_SERUM_None', -0.0002326728883238853), ('GLIPIZIDE_Steady', -0.0001672352893500618), ('DIAG_3_Injury And Poisoning', 0.0001473867134678823), ('DIAG_1_Respiratory System', -6.167357660475376e-05), ('ADMISSION_TYPE_ID_Not Available', 5.763447205146085e-05)]"
2305260,2780676,AfricanAmerican,Male,[30-40),Unknown,Not Available,Unknown,Emergency Room,3,OTHER,Family/GeneralPractice,44,1,4,0,0,0,Skin And Subcutaneous Tissue,"Endocrine, Nutritional And Metabolic",Infectious And Parasitic,3,None,None,No,No,No,No,No,No,No,No,No,No,No,No,No,No,No,No,No,Down,No,No,No,No,No,Ch,Yes,0,Gillian,Frami,0.017195516646192205,0,"[('NUMBER_DIAGNOSES', 0.021428308435245392), ('DISCHARGE_DISPOSITION_ID_Discharged to home', -0.013259614833298091), ('NUM_MEDICATIONS', 0.004965311812595424), ('DIAG_2_Endocrine, Nutritional And Metabolic', -0.001513811613198376), ('DIAG_1_Skin And Subcutaneous Tissue', -0.0008146541806450391), ('ADMISSION_TYPE_ID_Not Available', -0.0007693323133364764), ('DIAG_3_Infectious And Parasitic', -0.0007658011122448469), ('INSULIN_Down', -0.0006412945955068833), ('AGE_[30-40)', 0.00023873656951500433), ('DISCHARGE_DISPOSITION_ID_Unknown', -1.7675677577487993e-05)]"
2309268,77475465,Caucasian,Female,[80-90),Unknown,Not Available,Discharged to home,Emergency Room,9,OTHER,,42,0,9,0,0,0,Skin And Subcutaneous Tissue,Circulatory System,"Endocrine, Nutritional And Metabolic",5,Norm,None,No,No,No,No,No,No,No,No,No,No,No,No,No,No,No,No,No,Steady,No,No,No,No,No,No,Yes,0,Alicia,Hayes,0.018695773703136565,0,"[('NUMBER_DIAGNOSES', 0.020671445362026638), ('DISCHARGE_DISPOSITION_ID_Discharged to home', -0.013225593633825306), ('NUM_MEDICATIONS', 0.0034477233342295162), ('CHANGE_No', -0.001528107959381993), ('METFORMIN_No', -0.0014638443843695602), ('TIME_IN_HOSPITAL', 0.0013373857863566315), ('DIAG_2_Endocrine, Nutritional And Metabolic', 0.0012396526849241), ('DIAG_2_Circulatory System', -0.0011429909370575797), ('MAX_GLU_SERUM_Norm', -0.0002868939615645158), ('MAX_GLU_SERUM_None', -1.531703878102329e-05)]"
2313120,100035,Caucasian,Female,[50-60),Unknown,Not Available,Unknown,Emergency Room,3,OTHER,InternalMedicine,57,0,12,0,0,0,"Endocrine, Nutritional And Metabolic","Endocrine, Nutritional And Metabolic",Circulatory System,4,None,None,Steady,No,No,No,No,No,Steady,No,No,No,No,No,No,No,No,No,No,Steady,No,No,No,No,No,Ch,Yes,0,Maxine,Kirlin,0.017195516646192205,0,"[('NUMBER_DIAGNOSES', 0.02352629713297377), ('DISCHARGE_DISPOSITION_ID_Discharged to home', -0.014391626945885637), ('NUM_LAB_PROCEDURES', 0.003634244359634851), ('DISCHARGE_DISPOSITION_ID_Unknown', -0.002153639132221935), ('DIAG_1_Endocrine, Nutritional And Metabolic', -0.0017834408425526733), ('GLIPIZIDE_Steady', -0.0016212562422316468), ('METFORMIN_No', 0.0015358182560474055), ('ADMISSION_TYPE_ID_Emergency', -0.0014743768453761856), ('GLIPIZIDE_No', 0.0011461847314550994), ('DIAG_3_Circulatory System', -0.0009482308700258531)]"
2371176,966042,Caucasian,Female,[50-60),Unknown,Not Available,Unknown,Emergency Room,3,OTHER,Cardiology,18,3,27,0,0,0,Digestive System,"Endocrine, Nutritional And Metabolic",Respiratory System,6,None,>7,No,No,No,No,No,No,No,No,No,No,No,No,No,No,No,No,No,Steady,No,No,No,No,No,No,Yes,0,Melany,Tremblay,0.038642157613456594,0,"[('DISCHARGE_DISPOSITION_ID_Discharged to home', -0.013844664248023315), ('NUM_LAB_PROCEDURES', 0.005296207642732818), ('NUM_MEDICATIONS', 0.005129299774154058), ('A1CRESULT_None', 0.001983119042145437), ('INSULIN_Steady', -0.0019659500757262904), ('A1CRESULT_>7', -0.0018772910745947068), ('DISCHARGE_DISPOSITION_ID_Unknown', -0.0016564228446558239), ('DIAG_3_Respiratory System', -0.0012589146612104075), ('DIAG_2_Endocrine, Nutritional And Metabolic', 0.0009273873032140946), ('DIAG_1_Digestive System', -0.0005733361301143086)]"
2422806,3377124,Caucasian,Male,[40-50),Unknown,Not Available,Unknown,Physician Referral,14,OTHER,InternalMedicine,41,1,18,0,0,0,Musculoskeletal System And Connective Tissue,Injury And Poisoning,"Endocrine, Nutritional And Metabolic",4,None,None,Steady,No,No,No,No,No,Steady,Steady,No,No,No,No,No,No,No,No,No,No,No,No,No,No,No,Ch,Yes,0,Forrest,Lakin,0.018400554697709823,0,"[('NUMBER_DIAGNOSES', 0.01424404536309748), ('DISCHARGE_DISPOSITION_ID_Discharged to home', -0.00854484424618294), ('NUM_MEDICATIONS', 0.0024250632965803916), ('DIAG_1_Musculoskeletal System And Connective Tissue', -0.001758818556271778), ('DIAG_2_Injury And Poisoning', -0.0016158342397266862), ('ADMISSION_SOURCE_ID_Emergency Room', 0.0012065208643650327), ('DISCHARGE_DISPOSITION_ID_Unknown', -0.000985045994684434), ('GLYBURIDE_No', 0.0007017637982273425), ('METFORMIN_No', -0.00041219940442483794), ('TIME_IN_HOSPITAL', -3.374896408882326e-05)]"
2523660,8354835,Caucasian,Male,[50-60),Unknown,Not Available,Unknown,Emergency Room,2,OTHER,Gastroenterology,34,2,8,0,0,0,Digestive System,Blood Related/Diabetes,"Endocrine, Nutritional And Metabolic",5,None,None,No,No,No,No,No,No,Steady,No,No,No,No,No,No,No,No,No,No,No,No,No,No,No,No,No,Yes,0,Adolfo,Bosco,0.017195516646192205,0,"[('NUMBER_DIAGNOSES', 0.021237581812510967), ('DISCHARGE_DISPOSITION_ID_Discharged to home', -0.012583763548531843), ('NUM_MEDICATIONS', 0.004413122910825729), ('TIME_IN_HOSPITAL', 0.002910152437075889), ('DIAG_2_Blood Related/Diabetes', -0.0027608122895541316), ('AGE_[50-60)', -0.0017284029159423048), ('GLIPIZIDE_Steady', -0.0015219027451382771), ('RACE_Caucasian', -0.0014418560519908212), ('GLIPIZIDE_No', 0.0009220165170164082), ('DIAG_1_Digestive System', 0.00031274606420006153)]"
55157508,384939,Caucasian,Female,[40-50),Unknown,Emergency,Discharged to home,Emergency Room,6,OTHER,Psychiatry,52,1,13,0,0,7,Mental,Mental,"Endocrine, Nutritional And Metabolic",6,None,None,No,No,No,No,No,No,No,No,No,No,No,No,No,No,No,No,No,Steady,No,No,No,No,No,No,Yes,1,Demario,Huels,0.05182081609495246,0,"[('NUMBER_DIAGNOSES', 0.021922884629858273), ('DISCHARGE_DISPOSITION_ID_Discharged to home', -0.012742230455412978), ('NUM_LAB_PROCEDURES', 0.0038332680220127305), ('TIME_IN_HOSPITAL', 0.0030055257264640805), ('PAYER_CODE_OTHER', 0.0012025424272313473), ('AGE_[40-50)', 0.001143031986495354), ('DIAG_1_Mental', 0.0011042777563601025), ('CHANGE_Ch', 0.0011032336728753526), ('GENDER_Male', -0.000980251993474715), ('INSULIN_Steady', -0.0007128212917757855)]"
2530254,101686554,Caucasian,Female,[30-40),Unknown,Emergency,Discharged to home,Emergency Room,2,OTHER,,18,0,15,5,1,0,Mental,Circulatory System,"Endocrine, Nutritional And Metabolic",3,None,None,Steady,No,No,No,No,No,No,No,No,No,No,No,No,No,No,No,No,Down,No,No,No,No,No,Ch,Yes,1,Elizabeth,Ankunding,0.037754336752185494,0,"[('NUMBER_DIAGNOSES', 0.020286800226255813), ('DISCHARGE_DISPOSITION_ID_Discharged to home', -0.012892222287857706), ('NUMBER_EMERGENCY', 0.005106157528121415), ('NUM_LAB_PROCEDURES', 0.003049392057803801), ('CHANGE_Ch', 0.0020190776102503943), ('AGE_[30-40)', 0.0012957940789981644), ('METFORMIN_Steady', 0.00127841371623481), ('NUMBER_OUTPATIENT', 0.0012332350966913826), ('DIAG_2_Circulatory System', 0.0009880401465694583), ('DIAG_1_Mental', 0.0009745980021269952)]"
2538204,8348193,Caucasian,Female,[50-60),Unknown,Not Available,Unknown,Physician Referral,4,OTHER,Surgery-General,34,3,12,0,0,0,"Endocrine, Nutritional And Metabolic",Ill-Defined Conditions,Musculoskeletal System And Connective Tissue,5,None,None,Steady,No,No,No,No,No,No,No,No,No,No,No,No,No,No,No,No,Steady,No,No,No,No,No,Ch,Yes,0,Delmer,Goldner,0.017195516646192205,0,"[('NUMBER_DIAGNOSES', 0.020846932165364353), ('DISCHARGE_DISPOSITION_ID_Discharged to home', -0.01326500919755817), ('NUM_LAB_PROCEDURES', 0.004671294772845978), ('DIAG_2_Ill-Defined Conditions', -0.0020021983695760366), ('DIAG_3_Musculoskeletal System And Connective Tissue', -0.0018793340307253152), ('METFORMIN_Steady', -0.00175507955779058), ('GENDER_Male', 0.0012003382362776062), ('ADMISSION_TYPE_ID_Not Available', -0.0011653605815429425), ('DISCHARGE_DISPOSITION_ID_Unknown', -0.0010427638298577506), ('CHANGE_No', 0.0010394775116845188)]"
2548314,48452823,Caucasian,Female,[60-70),Unknown,Not Available,Discharged to home,Physician Referral,3,OTHER,,52,1,7,0,0,0,Digestive System,"Endocrine, Nutritional And Metabolic",Circulatory System,5,Norm,None,No,No,No,No,No,No,No,No,No,No,No,No,No,No,No,No,No,Up,No,No,No,No,No,Ch,Yes,0,Jose,Paucek,0.012772709359776348,0,"[('NUMBER_DIAGNOSES', 0.021386255664753787), ('DISCHARGE_DISPOSITION_ID_Discharged to home', -0.013762646972815255), ('NUM_MEDICATIONS', 0.004901236615733827), ('NUM_LAB_PROCEDURES', 0.004337228707926862), ('ADMISSION_TYPE_ID_Not Available', -0.0011106066934434985), ('MAX_GLU_SERUM_Norm', -0.0010825919637600324), ('ADMISSION_SOURCE_ID_Physician Referral', 0.0007909730879337542), ('INSULIN_Up', 0.0005397500849078151), ('MAX_GLU_SERUM_None', 0.00047187637913871265), ('DIAG_1_Digestive System', 0.00025172590224790123)]"
2563734,5039316,Caucasian,Male,[70-80),Unknown,Not Available,Unknown,Emergency Room,7,OTHER,InternalMedicine,45,0,8,0,0,0,Circulatory System,Circulatory System,"Endocrine, Nutritional And Metabolic",6,None,None,No,No,No,No,No,No,No,Steady,No,No,No,No,No,No,No,No,No,Steady,No,No,No,No,No,Ch,Yes,0,Henry,Wehner,0.05098395536020667,0,"[('DISCHARGE_DISPOSITION_ID_Discharged to home', -0.015333328321696876), ('NUM_LAB_PROCEDURES', 0.004426327837222993), ('NUM_MEDICATIONS', 0.003934253718323821), ('GLYBURIDE_Steady', -0.0023885674994966652), ('TIME_IN_HOSPITAL', 0.002272665200793161), ('GENDER_Male', -0.001392231304327601), ('ADMISSION_TYPE_ID_Not Available', -0.0009615066931941428), ('DISCHARGE_DISPOSITION_ID_Unknown', -0.0008416328992876565), ('INSULIN_Steady', -0.0004483635799158292), ('GLYBURIDE_No', 1.9865779262465066e-05)]"
2569794,794313,AfricanAmerican,Male,[50-60),Unknown,Not Available,Unknown,Emergency Room,4,OTHER,Psychiatry,45,0,7,0,0,0,Mental,"Endocrine, Nutritional And Metabolic",Mental,4,None,>8,No,No,No,No,No,No,No,No,No,No,No,No,No,No,No,No,No,Steady,No,No,No,No,No,No,Yes,0,Jay,Glover,0.014823973781314052,0,"[('NUMBER_DIAGNOSES', 0.021415502866515383), ('DISCHARGE_DISPOSITION_ID_Discharged to home', -0.012963100617516961), ('NUM_MEDICATIONS', 0.00461265883063328), ('DIAG_1_Mental', -0.0017375520930622654), ('RACE_AfricanAmerican', -0.0015022817399908824), ('A1CRESULT_None', 0.0011584526285721203), ('DISCHARGE_DISPOSITION_ID_Unknown', -0.001003662759069899), ('DIAG_3_Mental', -0.0008638066810918824), ('ADMISSION_TYPE_ID_Not Available', -0.0006329266473286519), ('AGE_[50-60)', 0.0005485372859387523)]"
2570172,357300,Unknown,Male,[50-60),Unknown,Not Available,Unknown,Emergency Room,1,OTHER,Emergency/Trauma,33,0,1,0,0,0,Ill-Defined Conditions,Musculoskeletal System And Connective Tissue,"Endocrine, Nutritional And Metabolic",5,None,None,No,No,No,No,No,No,No,No,No,No,No,No,No,No,No,No,No,No,No,No,No,No,No,No,No,0,Jacey,Muller,0.017195516646192205,0,"[('NUMBER_DIAGNOSES', 0.018686611339328387), ('DISCHARGE_DISPOSITION_ID_Discharged to home', -0.011583674741076456), ('NUM_MEDICATIONS', 0.0039594729540327715), ('TIME_IN_HOSPITAL', 0.0031791991453796907), ('DIAG_2_Musculoskeletal System And Connective Tissue', -0.0021626046857897542), ('DISCHARGE_DISPOSITION_ID_Unknown', -0.001148930214178084), ('ADMISSION_TYPE_ID_Not Available', -0.000988278299033647), ('RACE_Caucasian', -0.0008090874380783417), ('RACE_Unknown', -0.0007984310184035124), ('AGE_[50-60)', 0.00021609035800138244)]"
2577756,105388416,Caucasian,Male,[60-70),Unknown,Elective,Discharged to home,Clinic Referral,3,OTHER,,47,1,14,0,0,0,Circulatory System,"Endocrine, Nutritional And Metabolic",Circulatory System,9,None,None,No,No,No,No,No,No,No,No,No,No,No,No,No,No,No,No,No,Steady,No,No,No,No,No,No,Yes,0,Coty,Ebert,0.06805390828392181,0,"[('NUMBER_DIAGNOSES', 0.022496742905064898), ('DISCHARGE_DISPOSITION_ID_Discharged to home', -0.01499189307988629), ('NUM_LAB_PROCEDURES', 0.005304601913404658), ('CHANGE_No', 0.0013410484766770891), ('CHANGE_Ch', -0.0011554587435709564), ('GENDER_Female', -0.0010591638048961195), ('ADMISSION_TYPE_ID_Elective', -0.0008908835162325826), ('DIAG_3_Endocrine, Nutritional And Metabolic', 0.0008509510493596025), ('DIAG_1_Circulatory System', 0.000398426363705214), ('ADMISSION_SOURCE_ID_Clinic Referral', -0.00010073392552144427)]"
2594658,5281155,Caucasian,Female,[70-80),Unknown,Not Available,Unknown,Emergency Room,5,OTHER,Psychiatry,45,0,6,0,0,0,Mental,"Endocrine, Nutritional And Metabolic",Ill-Defined Conditions,4,None,None,No,No,No,No,No,No,No,No,No,No,No,No,No,No,No,No,No,No,No,No,No,No,No,No,No,0,Ally,Boehm,0.016458991497554774,0,"[('NUMBER_DIAGNOSES', 0.020116044810205035), ('DISCHARGE_DISPOSITION_ID_Discharged to home', -0.013475246280910859), ('NUM_MEDICATIONS', 0.003256531899541839), ('TIME_IN_HOSPITAL', 0.0029623360636578775), ('DIAG_3_Ill-Defined Conditions', -0.002570331669098079), ('ADMISSION_TYPE_ID_Not Available', -0.0015526206546091523), ('DISCHARGE_DISPOSITION_ID_Unknown', -0.001490691703219604), ('INSULIN_No', -0.0013753575489376753), ('DIABETESMED_Yes', 0.0007158574799249025), ('DIAG_1_Mental', 0.000341298609011427)]"
2594700,3163068,Caucasian,Male,[70-80),Unknown,Not Available,Unknown,Emergency Room,3,OTHER,Family/GeneralPractice,61,0,8,0,0,0,Circulatory System,Circulatory System,"Endocrine, Nutritional And Metabolic",3,None,None,Steady,No,No,No,No,No,No,No,No,No,No,No,No,No,No,No,No,No,No,No,No,No,No,No,Yes,0,Rhoda,Boyle,0.017195516646192205,0,"[('NUMBER_DIAGNOSES', 0.022770869033132416), ('DISCHARGE_DISPOSITION_ID_Discharged to home', -0.013217752570802236), ('NUM_MEDICATIONS', 0.00508440282864487), ('NUM_LAB_PROCEDURES', 0.004208659002351236), ('DISCHARGE_DISPOSITION_ID_Unknown', -0.0017399145525441866), ('ADMISSION_TYPE_ID_Not Available', -0.0016445412700818302), ('METFORMIN_Steady', -0.0013102266793367267), ('GENDER_Male', -0.0009170077681551642), ('AGE_[70-80)', 0.000700063954991308), ('METFORMIN_No', 0.0005646969211281208)]"
2595384,3151539,AfricanAmerican,Male,[20-30),Unknown,Not Available,Unknown,Emergency Room,5,OTHER,Gastroenterology,70,0,8,0,0,0,Infectious And Parasitic,"Endocrine, Nutritional And Metabolic","Endocrine, Nutritional And Metabolic",3,None,None,No,No,No,No,No,No,No,No,No,No,No,No,No,No,No,No,No,Steady,No,No,No,No,No,No,Yes,0,Hipolito,Kshlerin,0.018131776598457765,0,"[('NUMBER_DIAGNOSES', 0.020349304006322077), ('DISCHARGE_DISPOSITION_ID_Discharged to home', -0.012460897605291659), ('NUM_LAB_PROCEDURES', 0.002797769165683413), ('NUM_MEDICATIONS', 0.0024787093025184963), ('AGE_[20-30)', -0.001663879679069231), ('DIAG_1_Infectious And Parasitic', -0.0010674237919943), ('RACE_Caucasian', 0.0010598981332348187), ('GENDER_Male', -0.0009619735762333317), ('DISCHARGE_DISPOSITION_ID_Unknown', -0.0008229673607860889), ('ADMISSION_TYPE_ID_Not Available', 0.0005703637046330944)]"
2595612,89193870,Caucasian,Female,[40-50),Unknown,Not Available,Discharged to home,Emergency Room,2,OTHER,,53,0,4,0,0,0,"Endocrine, Nutritional And Metabolic",Circulatory System,Infectious And Parasitic,2,>300,>8,No,No,No,No,No,No,No,No,No,No,No,No,No,No,No,No,No,No,No,No,No,No,No,No,No,0,Abdullah,Dicki,0.014148623385923034,0,"[('NUMBER_DIAGNOSES', 0.018406451126230444), ('DISCHARGE_DISPOSITION_ID_Discharged to home', -0.01127311606619428), ('NUM_LAB_PROCEDURES', 0.004981940141271367), ('NUM_MEDICATIONS', 0.002923998913540228), ('DIAG_2_Circulatory System', -0.0012585507418851453), ('MAX_GLU_SERUM_None', -0.0012099095646106912), ('ADMISSION_TYPE_ID_Not Available', -0.0009866490307327246), ('MAX_GLU_SERUM_>300', 0.0008971275285845173), ('DIAG_3_Infectious And Parasitic', 0.00076752445398909), ('A1CRESULT_>8', 0.0006718299093155427)]"
73337946,279009,Caucasian,Female,[60-70),Unknown,Elective,Discharged to home,Physician Referral,2,OTHER,Surgery-General,53,1,7,0,0,0,Circulatory System,"Endocrine, Nutritional And Metabolic",Circulatory System,3,None,>8,No,No,No,No,No,No,No,No,No,No,No,No,No,No,No,No,No,No,No,No,No,No,No,No,No,0,Claire,Parisian,0.011116494541700163,0,"[('NUMBER_DIAGNOSES', 0.021263193022241392), ('DISCHARGE_DISPOSITION_ID_Discharged to home', -0.01411992312946131), ('NUM_LAB_PROCEDURES', 0.004203808839095935), ('NUM_MEDICATIONS', 0.00393522432016033), ('PAYER_CODE_OTHER', 0.002014538013276452), ('DIAG_2_Endocrine, Nutritional And Metabolic', 0.0013810428412391368), ('DIABETESMED_No', -0.000906292517326555), ('DIAG_1_Circulatory System', 0.0008280417721821474), ('A1CRESULT_None', -0.0006239401485106338), ('A1CRESULT_>8', -0.0005002436442206451)]"
2660244,80156115,Caucasian,Female,[70-80),Unknown,Not Available,Discharged to home,Emergency Room,3,OTHER,,51,1,8,0,0,0,Respiratory System,Circulatory System,"Endocrine, Nutritional And Metabolic",3,Norm,None,No,No,No,No,No,No,No,No,No,No,No,No,No,No,No,No,No,No,No,No,No,No,No,No,No,0,Clemmie,Bartoletti,0.015340713131328636,0,"[('NUMBER_DIAGNOSES', 0.0213533718842234), ('DISCHARGE_DISPOSITION_ID_Discharged to home', -0.013723568111510254), ('NUM_MEDICATIONS', 0.005192552863500614), ('NUM_LAB_PROCEDURES', 0.0034459588441035464), ('PAYER_CODE_OTHER', 0.0018011181172541137), ('DIABETESMED_No', 0.0012372516081709166), ('AGE_[70-80)', 0.0010783657018705636), ('DIABETESMED_Yes', 0.0010186896099333331), ('DIAG_2_Circulatory System', 0.0008962768828432142), ('MAX_GLU_SERUM_Norm', 0.0007409788127537429)]"
2664138,8432703,Caucasian,Female,[60-70),Unknown,Not Available,Unknown,Physician Referral,4,OTHER,InternalMedicine,45,0,9,0,0,0,Respiratory System,"Endocrine, Nutritional And Metabolic","Endocrine, Nutritional And Metabolic",5,None,>7,No,No,No,No,No,No,Steady,No,No,No,No,No,No,No,No,No,No,No,No,No,No,No,No,No,Yes,0,Grayce,Ortiz,0.01773865955663461,0,"[('NUMBER_DIAGNOSES', 0.021458137206036492), ('DISCHARGE_DISPOSITION_ID_Discharged to home', -0.012231318141540912), ('NUM_MEDICATIONS', 0.003953458893373667), ('A1CRESULT_>7', -0.0023692349543167775), ('DISCHARGE_DISPOSITION_ID_Unknown', -0.001651207531410185), ('A1CRESULT_None', 0.001589863865912379), ('GLIPIZIDE_Steady', -0.0015516265348679008), ('ADMISSION_TYPE_ID_Not Available', -0.0012371359551209384), ('DIAG_1_Respiratory System', -0.0010438887287678672), ('PAYER_CODE_OTHER', 0.0009412214431706144)]"
2674482,2596824,AfricanAmerican,Male,[40-50),Unknown,Not Available,Unknown,Emergency Room,2,OTHER,InternalMedicine,52,0,12,0,0,0,Ill-Defined Conditions,Circulatory System,"Endocrine, Nutritional And Metabolic",7,None,None,No,No,No,No,Steady,No,No,No,No,No,No,No,No,No,No,No,No,No,No,No,No,No,No,No,Yes,0,Sunny,Kutch,0.03329697725158527,0,"[('NUMBER_DIAGNOSES', 0.023635454990492848), ('DISCHARGE_DISPOSITION_ID_Discharged to home', -0.014985114218467823), ('TIME_IN_HOSPITAL', 0.002918522481625977), ('GLIMEPIRIDE_No', 0.002412630336394491), ('GLIMEPIRIDE_Steady', -0.0024037783323058544), ('DISCHARGE_DISPOSITION_ID_Unknown', -0.0022984628681668065), ('NUM_LAB_PROCEDURES', 0.0021778861250933367), ('ADMISSION_TYPE_ID_Not Available', -0.002099719432592527), ('RACE_Caucasian', 0.0014026568881055092), ('AGE_[40-50)', -0.001014041452920192)]"
16736856,1121121,Caucasian,Male,[60-70),Unknown,Emergency,Discharged to home,Emergency Room,8,OTHER,InternalMedicine,36,0,15,0,0,1,Skin And Subcutaneous Tissue,Circulatory System,"Endocrine, Nutritional And Metabolic",7,None,None,No,No,No,No,No,No,Steady,No,No,No,No,No,No,No,No,No,No,Down,No,No,No,No,No,Ch,Yes,0,Helen,Kilback,0.04382801453740456,0,"[('NUMBER_DIAGNOSES', 0.02350538227534297), ('DISCHARGE_DISPOSITION_ID_Discharged to home', -0.01575303969383461), ('NUM_MEDICATIONS', 0.004916997210604753), ('TIME_IN_HOSPITAL', 0.0025503298421418697), ('A1CRESULT_None', 0.0019663252137030324), ('ADMISSION_TYPE_ID_Elective', -0.0017032918983171798), ('INSULIN_Down', 0.0009049958291045752), ('DIAG_2_Circulatory System', -0.0008821820707156693), ('DIAG_1_Skin And Subcutaneous Tissue', -0.0008369044196123149), ('AGE_[60-70)', -0.00041411862726573436)]"
2732148,52897581,AfricanAmerican,Female,[70-80),Unknown,Elective,Discharged to home,Clinic Referral,2,OTHER,,19,5,16,0,0,0,Genitourinary System,"Endocrine, Nutritional And Metabolic",Genitourinary System,8,None,None,No,No,No,No,No,No,No,No,No,No,No,No,No,No,No,No,No,Down,No,No,No,No,No,Ch,Yes,0,Jolie,DuBuque,0.04903697506946969,0,"[('NUMBER_DIAGNOSES', 0.017358857652519735), ('DISCHARGE_DISPOSITION_ID_Discharged to home', -0.011380336413848344), ('NUM_MEDICATIONS', 0.004396988511663873), ('NUM_LAB_PROCEDURES', 0.002541333963549744), ('RACE_AfricanAmerican', 0.000622653405304291), ('PAYER_CODE_OTHER', 0.000593304247499037), ('ADMISSION_SOURCE_ID_Clinic Referral', -0.0005552596645256227), ('DIAG_3_Genitourinary System', 0.00035326044124803777), ('NUM_PROCEDURES', 0.00027308861888320255), ('DIAG_1_Genitourinary System', -0.00025875766983812066)]"
2735352,3053970,AfricanAmerican,Male,[70-80),Unknown,Not Available,Unknown,Physician Referral,1,OTHER,Cardiology,46,5,15,0,0,0,Circulatory System,"Endocrine, Nutritional And Metabolic",Injury And Poisoning,6,None,None,No,No,No,No,No,No,No,No,No,No,Steady,No,No,No,No,No,No,Steady,No,No,No,No,No,Ch,Yes,0,Cory,Price,0.035330682203620525,0,"[('DISCHARGE_DISPOSITION_ID_Discharged to home', -0.005310865524746515), ('NUM_LAB_PROCEDURES', 0.002555391508514921), ('TIME_IN_HOSPITAL', 0.0013709009185159731), ('DIAG_3_Injury And Poisoning', -0.0012561248129149226), ('CHANGE_Ch', -0.0007124517822916435), ('ADMISSION_SOURCE_ID_Physician Referral', -0.0006923071448392219), ('RACE_AfricanAmerican', 0.00042612086496711415), ('INSULIN_No', -0.00023649625264942628), ('PAYER_CODE_OTHER', 0.00016685128177808443), ('ROSIGLITAZONE_Steady', 0.00013262201969252365)]"
2735898,95326821,AfricanAmerican,Female,[50-60),Unknown,Urgent,Discharged to home,Transfer from a hospital,2,OTHER,,24,0,14,0,0,0,Circulatory System,Circulatory System,"Endocrine, Nutritional And Metabolic",5,None,None,No,No,No,No,No,No,No,No,No,No,No,No,No,No,No,No,No,No,No,No,No,No,No,No,No,0,Ernie,Gutkowski,0.011116494541700163,0,"[('NUMBER_DIAGNOSES', 0.02253689824432558), ('DISCHARGE_DISPOSITION_ID_Discharged to home', -0.014117019476655557), ('NUM_LAB_PROCEDURES', 0.003239563058019307), ('ADMISSION_TYPE_ID_Elective', 0.003126955706394243), ('INSULIN_No', -0.001685235776384187), ('TIME_IN_HOSPITAL', 0.0016806564812413235), ('RACE_Caucasian', 0.0013940802585423124), ('DIAG_3_Endocrine, Nutritional And Metabolic', -0.0007325925000312286), ('DIABETESMED_Yes', -0.0004774762519617386), ('ADMISSION_TYPE_ID_Urgent', 0.00018878191123248474)]"
2735964,2359485,Caucasian,Female,[0-10),Unknown,Not Available,Unknown,Emergency Room,3,OTHER,Pediatrics-Endocrinology,34,0,4,0,0,0,"Endocrine, Nutritional And Metabolic",Infectious And Parasitic,Infectious And Parasitic,1,None,>8,No,No,No,No,No,No,No,No,No,No,No,No,No,No,No,No,No,Steady,No,No,No,No,No,No,Yes,0,Maymie,Lubowitz,0.017195516646192205,0,"[('NUMBER_DIAGNOSES', 0.008132091559838397), ('DISCHARGE_DISPOSITION_ID_Discharged to home', -0.004866823414365751), ('NUM_MEDICATIONS', 0.0016747595590867503), ('NUM_LAB_PROCEDURES', 0.0015849203932653299), ('AGE_[0-10)', -0.000635075155345897), ('PAYER_CODE_OTHER', 0.0005731478457782928), ('DISCHARGE_DISPOSITION_ID_Unknown', -0.00047472690089060416), ('DIAG_2_Infectious And Parasitic', -0.00031395923700870015), ('INSULIN_Steady', -0.0002844345458342496), ('GENDER_Female', 0.00020782929343673257)]"
7432662,48573,AfricanAmerican,Female,[80-90),Unknown,Emergency,Discharged to home,Emergency Room,2,OTHER,InternalMedicine,34,0,7,0,0,2,"Endocrine, Nutritional And Metabolic",Circulatory System,Skin And Subcutaneous Tissue,9,None,None,No,No,No,No,No,No,No,No,No,No,No,No,No,No,No,No,No,No,No,No,No,No,No,No,No,1,Immanuel,Harris,0.03804261690950857,0,"[('NUMBER_DIAGNOSES', 0.0238926818899576), ('DISCHARGE_DISPOSITION_ID_Discharged to home', -0.015306725954853707), ('NUM_MEDICATIONS', 0.0033695879042417737), ('TIME_IN_HOSPITAL', 0.0021825895386556856), ('DIAG_3_Skin And Subcutaneous Tissue', -0.0017844231475277973), ('DIAG_1_Endocrine, Nutritional And Metabolic', -0.0012013965278092169), ('RACE_AfricanAmerican', -0.0010622904029437997), ('AGE_[80-90)', -0.0010582613260879039), ('RACE_Caucasian', 0.0007808805228096719), ('DIAG_2_Circulatory System', -0.0007610055949615717)]"
2792280,3306681,Caucasian,Male,[50-60),Unknown,Not Available,Unknown,Physician Referral,1,OTHER,Cardiology,54,5,4,0,0,0,Circulatory System,"Endocrine, Nutritional And Metabolic","Endocrine, Nutritional And Metabolic",6,None,None,No,No,No,No,No,No,No,No,No,No,No,No,No,No,No,No,No,Steady,No,No,No,No,No,No,Yes,0,Willie,Stroman,0.035330682203620525,0,"[('DISCHARGE_DISPOSITION_ID_Discharged to home', -0.014744331808372637), ('TIME_IN_HOSPITAL', 0.0038899575244896035), ('NUM_MEDICATIONS', 0.0036490275842239743), ('NUM_LAB_PROCEDURES', 0.003243485541762661), ('DISCHARGE_DISPOSITION_ID_Unknown', -0.002684595971901729), ('GENDER_Male', -0.0015722823681590223), ('PAYER_CODE_OTHER', 0.0015548057424290109), ('INSULIN_Steady', -0.001391070805143205), ('NUM_PROCEDURES', -0.0012372006322246716), ('ADMISSION_SOURCE_ID_Physician Referral', -0.000566718629775255)]"
20221302,8320608,Other,Male,[70-80),Unknown,Elective,Discharged to home,Physician Referral,1,OTHER,Cardiology,49,5,7,0,0,1,Circulatory System,"Endocrine, Nutritional And Metabolic",Circulatory System,5,None,None,No,No,No,No,No,No,No,Steady,No,No,No,No,No,No,No,No,No,No,No,No,No,No,No,No,Yes,0,Sonia,Block,0.011116494541700163,0,"[('NUMBER_DIAGNOSES', 0.022018801561099078), ('DISCHARGE_DISPOSITION_ID_Discharged to home', -0.014318666510783567), ('NUM_MEDICATIONS', 0.005418526013073559), ('NUM_LAB_PROCEDURES', 0.0035402042694422453), ('TIME_IN_HOSPITAL', 0.0022898114098641163), ('A1CRESULT_None', 0.0018935921879759151), ('PAYER_CODE_OTHER', 0.0013144351941406169), ('RACE_Other', -0.0010892078649190856), ('DIAG_3_Circulatory System', -0.0007173050057051811), ('DIAG_1_Circulatory System', 0.000690194888518414)]"
14320350,924174,AfricanAmerican,Female,[50-60),Unknown,Emergency,Discharged to home,Emergency Room,2,OTHER,InternalMedicine,58,0,8,0,0,1,"Endocrine, Nutritional And Metabolic","Endocrine, Nutritional And Metabolic",Blood Related/Diabetes,7,None,None,No,No,No,No,No,No,No,No,No,No,No,No,No,No,No,No,No,Steady,No,No,No,No,No,No,Yes,0,Lavonne,Runolfsdottir,0.02424042583181561,0,"[('NUMBER_DIAGNOSES', 0.020651589121766768), ('DISCHARGE_DISPOSITION_ID_Discharged to home', -0.013103306394184822), ('NUM_LAB_PROCEDURES', 0.004274066948913524), ('NUM_MEDICATIONS', 0.004132302498108622), ('TIME_IN_HOSPITAL', 0.0023566505288050896), ('METFORMIN_No', 0.002316154942758862), ('A1CRESULT_None', 0.002217501999053232), ('DIAG_3_Blood Related/Diabetes', -0.0020931386979045874), ('ADMISSION_SOURCE_ID_Emergency Room', -0.0006951208524745577), ('RACE_AfricanAmerican', 0.00040638260742337603)]"
2865816,8450352,AfricanAmerican,Female,[40-50),Unknown,Not Available,Unknown,Emergency Room,1,OTHER,InternalMedicine,34,0,8,0,0,0,"Endocrine, Nutritional And Metabolic",Respiratory System,Circulatory System,6,None,None,No,No,No,No,No,No,No,No,No,No,No,No,No,No,No,No,No,Steady,No,No,No,No,No,No,Yes,0,Amos,VonRueden,0.03563845466425653,0,"[('DISCHARGE_DISPOSITION_ID_Discharged to home', -0.014838133891087131), ('NUM_MEDICATIONS', 0.004533075573377046), ('GENDER_Male', 0.0020426187740183307), ('DISCHARGE_DISPOSITION_ID_Unknown', -0.0017577984093286039), ('DIAG_1_Endocrine, Nutritional And Metabolic', -0.0016697796890480566), ('ADMISSION_TYPE_ID_Not Available', -0.0013543508995267157), ('INSULIN_Steady', -0.0013331791503217432), ('ADMISSION_SOURCE_ID_Emergency Room', 0.0013191819797960557), ('DIAG_3_Circulatory System', -0.0011825215483147195), ('DIAG_2_Respiratory System', -0.0010220142777695)]"
2868276,32409162,Caucasian,Female,[50-60),Unknown,Urgent,Discharged to home,Clinic Referral,1,OTHER,,33,5,17,0,0,0,Circulatory System,"Endocrine, Nutritional And Metabolic","Endocrine, Nutritional And Metabolic",9,None,None,No,No,No,No,No,No,No,Steady,No,No,No,No,No,No,No,No,No,Down,No,No,No,No,No,Ch,Yes,0,Alberta,Hackett,0.06760995915144342,0,"[('NUMBER_DIAGNOSES', 0.021291857383451778), ('DISCHARGE_DISPOSITION_ID_Discharged to home', -0.013913888753216289), ('NUM_MEDICATIONS', 0.004836204529060272), ('ADMISSION_SOURCE_ID_Emergency Room', 0.0015745391718520268), ('TIME_IN_HOSPITAL', 0.0011635652332612734), ('INSULIN_No', -0.0010339597901342424), ('INSULIN_Down', 0.0008400313048676205), ('ADMISSION_TYPE_ID_Urgent', 0.0006297555200389374), ('GLYBURIDE_No', -0.0006238971115573109), ('GLYBURIDE_Steady', -0.0006218241309759922)]"
2881794,87652710,Caucasian,Male,[70-80),Unknown,Urgent,Discharged/transferred to home with home health service,Transfer from a hospital,5,OTHER,,51,1,10,0,0,0,Digestive System,"Endocrine, Nutritional And Metabolic",Genitourinary System,9,None,None,No,No,No,No,No,No,No,No,No,No,No,No,No,No,No,No,No,Up,No,No,No,No,No,Ch,Yes,1,Delta,Armstrong,0.3561651218316048,1,"[('NUMBER_DIAGNOSES', 0.02703985558226649), ('DISCHARGE_DISPOSITION_ID_Discharged to home', -0.02026606914787922), ('DIAG_3_Genitourinary System', 0.012809099279848196), ('ADMISSION_SOURCE_ID_Transfer from a hospital', 0.010903424028224381), ('INSULIN_Up', 0.006688747834041863), ('DISCHARGE_DISPOSITION_ID_Discharged/transferred to home with home health service', 0.005968270023423191), ('DIAG_1_Digestive System', 0.005478154719949723), ('AGE_[70-80)', 0.004965605678189601), ('PAYER_CODE_OTHER', 0.0037922156080477444), ('ADMISSION_TYPE_ID_Urgent', 0.0035629983606523677)]"
2896332,3782196,Caucasian,Female,[80-90),Unknown,Not Available,Discharged to home,Physician Referral,14,OTHER,Psychiatry,44,2,12,0,0,0,Mental,"Endocrine, Nutritional And Metabolic",Circulatory System,3,None,Norm,Steady,No,No,No,No,No,Up,No,No,No,No,No,No,No,No,No,No,No,No,No,No,No,No,Ch,Yes,0,Christiana,Nikolaus,0.015786758923943957,0,"[('NUMBER_DIAGNOSES', 0.009729396005441914), ('DISCHARGE_DISPOSITION_ID_Discharged to home', -0.005853074963528161), ('GLIPIZIDE_Up', -0.001208817179944013), ('DIAG_3_Endocrine, Nutritional And Metabolic', 0.0009580056877421909), ('GLIPIZIDE_No', -0.0009446127249357537), ('A1CRESULT_None', 0.0007098272119898551), ('TIME_IN_HOSPITAL', 0.0005962094770691611), ('A1CRESULT_Norm', 0.00016219404300139113), ('ADMISSION_TYPE_ID_Not Available', 0.0001347009064722101), ('DIAG_1_Mental', 6.682047017611866e-05)]"
2913624,5073354,AfricanAmerican,Female,[10-20),Unknown,Not Available,Unknown,Emergency Room,1,OTHER,Pediatrics-Endocrinology,36,0,1,0,0,0,"Endocrine, Nutritional And Metabolic","Endocrine, Nutritional And Metabolic",Infectious And Parasitic,2,None,>8,No,No,No,No,No,No,No,Steady,No,No,No,No,No,No,No,No,No,No,No,No,No,No,No,No,Yes,0,Neal,Hintz,0.017195516646192205,0,"[('NUMBER_DIAGNOSES', 0.019858971461715554), ('DISCHARGE_DISPOSITION_ID_Discharged to home', -0.012484930633106317), ('NUM_MEDICATIONS', 0.0028051416074177664), ('TIME_IN_HOSPITAL', 0.001840540304468108), ('DIAG_1_Endocrine, Nutritional And Metabolic', -0.001365359269184117), ('ADMISSION_SOURCE_ID_Emergency Room', -0.0013577925500907364), ('GLYBURIDE_Steady', -0.0011349699507291105), ('RACE_AfricanAmerican', 0.0010066287177206406), ('DIAG_3_Infectious And Parasitic', 0.0009588768949502652), ('AGE_[10-20)', -0.0004981905270073746)]"
2922318,49453713,AfricanAmerican,Female,[60-70),Unknown,Emergency,Discharged to home,Emergency Room,3,OTHER,,63,1,16,0,0,0,"Endocrine, Nutritional And Metabolic",Prenatal,Genitourinary System,6,None,None,No,No,No,No,No,No,No,Up,No,No,No,No,No,No,No,No,No,Up,No,No,No,No,No,Ch,Yes,0,Pattie,Thompson,0.02424042583181561,0,"[('DISCHARGE_DISPOSITION_ID_Discharged to home', -0.005055148683192362), ('NUM_LAB_PROCEDURES', 0.0017322192292609688), ('NUM_MEDICATIONS', 0.001441580410763217), ('CHANGE_Ch', -0.0008629211720826234), ('GLYBURIDE_Up', -0.0008551506324983286), ('DIAG_2_Endocrine, Nutritional And Metabolic', 0.0006747087936106233), ('PAYER_CODE_OTHER', -0.00044802223466736444), ('GLYBURIDE_No', 0.0003659334090746084), ('DIAG_3_Genitourinary System', -0.00030996965080080295), ('DIAG_2_Prenatal', -0.00029092460939508135)]"
2935362,5592591,Other,Male,[20-30),Unknown,Not Available,Unknown,Physician Referral,5,OTHER,Gastroenterology,65,0,13,0,0,0,Digestive System,"Endocrine, Nutritional And Metabolic","Endocrine, Nutritional And Metabolic",4,None,>8,Steady,No,No,No,No,No,No,No,No,No,No,No,No,No,No,No,No,Steady,No,No,No,No,No,Ch,Yes,0,Gaston,Hessel,0.017195516646192205,0,"[('NUMBER_DIAGNOSES', 0.018825798652906102), ('DISCHARGE_DISPOSITION_ID_Discharged to home', -0.011382616392909193), ('NUM_LAB_PROCEDURES', 0.002865166484200503), ('ADMISSION_TYPE_ID_Not Available', -0.0021808891808564484), ('A1CRESULT_None', 0.0018516376993360294), ('DISCHARGE_DISPOSITION_ID_Unknown', -0.0016468651640303843), ('DIAG_1_Digestive System', -0.0013940430375936218), ('METFORMIN_No', 0.0011302103232380067), ('AGE_[20-30)', -0.001054803123648479), ('RACE_Other', -0.0003408867444972508)]"
2938614,5776821,Caucasian,Male,[60-70),Unknown,Not Available,Unknown,Emergency Room,6,OTHER,Nephrology,50,0,6,0,0,0,Prenatal,Genitourinary System,"Endocrine, Nutritional And Metabolic",9,None,>7,No,No,No,No,No,No,No,No,No,No,No,No,No,No,No,No,No,Up,No,No,No,No,No,Ch,Yes,0,Antone,Davis,0.1293730323575349,1,"[('NUMBER_DIAGNOSES', 0.021876351669736026), ('DISCHARGE_DISPOSITION_ID_Discharged to home', -0.015216645141730639), ('NUM_MEDICATIONS', 0.005766049566478433), ('NUM_LAB_PROCEDURES', 0.004757275536147439), ('TIME_IN_HOSPITAL', 0.002767504726868047), ('AGE_[60-70)', 0.001892972352866496), ('A1CRESULT_>7', 0.001860293489660861), ('ADMISSION_TYPE_ID_Not Available', 0.0015205528887979702), ('INSULIN_Up', 0.0011156072071404502), ('DIAG_1_Prenatal', 0.0005762045320675018)]"
2939256,3762756,AfricanAmerican,Female,[60-70),Unknown,Not Available,Unknown,Emergency Room,3,OTHER,Nephrology,35,2,3,0,0,0,Injury And Poisoning,Skin And Subcutaneous Tissue,"Endocrine, Nutritional And Metabolic",7,None,None,No,No,No,No,No,No,No,No,No,No,No,No,No,No,No,No,No,No,No,No,No,No,No,No,No,0,Murphy,Krajcik,0.03329697725158527,0,"[('NUMBER_DIAGNOSES', 0.022001417181724645), ('DISCHARGE_DISPOSITION_ID_Discharged to home', -0.01352027785731618), ('NUM_MEDICATIONS', 0.004594681370433936), ('DISCHARGE_DISPOSITION_ID_Unknown', -0.0021939085182249257), ('DIAG_1_Injury And Poisoning', -0.0021463488930448097), ('ADMISSION_TYPE_ID_Not Available', -0.0019109613345797002), ('DIAG_3_Endocrine, Nutritional And Metabolic', -0.0010985531018936718), ('DIABETESMED_Yes', 0.0010961502917546332), ('DIAG_2_Skin And Subcutaneous Tissue', -0.0006819197030408349), ('DIABETESMED_No', -0.0005477471789396993)]"
2941296,3436695,Caucasian,Female,[30-40),Unknown,Not Available,Unknown,Emergency Room,10,OTHER,Family/GeneralPractice,68,1,21,0,0,0,Skin And Subcutaneous Tissue,Genitourinary System,"Endocrine, Nutritional And Metabolic",6,None,None,No,No,No,No,No,No,No,Steady,No,No,No,No,No,No,No,No,No,Down,No,No,No,No,No,Ch,Yes,0,Claud,Bernhard,0.05098395536020667,0,"[('DISCHARGE_DISPOSITION_ID_Discharged to home', -0.013411085884365095), ('NUM_LAB_PROCEDURES', 0.004889690440040977), ('NUM_MEDICATIONS', 0.00439714472688781), ('DIAG_1_Skin And Subcutaneous Tissue', -0.002133558318791226), ('DISCHARGE_DISPOSITION_ID_Unknown', -0.001922182106752125), ('GENDER_Male', 0.0019213460815405443), ('TIME_IN_HOSPITAL', 0.0018962195250044431), ('INSULIN_Down', -0.0016540322250525915), ('GLYBURIDE_Steady', -0.0012445346159328662), ('AGE_[30-40)', -0.0007274515369242501)]"
2948334,3425292,AfricanAmerican,Female,[30-40),Unknown,Not Available,Unknown,Physician Referral,2,OTHER,InternalMedicine,36,0,2,0,0,0,"Endocrine, Nutritional And Metabolic",Infectious And Parasitic,Infectious And Parasitic,1,None,None,No,No,No,No,No,No,No,No,No,No,No,No,No,No,No,No,No,No,No,No,No,No,No,No,No,0,Minerva,Rau,0.017195516646192205,0,"[('NUMBER_DIAGNOSES', 0.020574987575792503), ('DISCHARGE_DISPOSITION_ID_Discharged to home', -0.013448493730735494), ('NUM_MEDICATIONS', 0.0029030544466000937), ('TIME_IN_HOSPITAL', 0.0018803089070194667), ('ADMISSION_TYPE_ID_Emergency', -0.0010901296908247802), ('DIABETESMED_No', 0.00089658379100338), ('RACE_Caucasian', 0.0007524515484039993), ('DISCHARGE_DISPOSITION_ID_Unknown', 0.0002781330395504719), ('DIAG_2_Infectious And Parasitic', -0.00017860548946890624), ('AGE_[30-40)', 0.00017054720069476317)]"
2957580,4845384,Caucasian,Female,[70-80),Unknown,Not Available,Unknown,Emergency Room,2,OTHER,Otolaryngology,55,0,17,0,0,0,Injury And Poisoning,"Endocrine, Nutritional And Metabolic",Injury And Poisoning,9,None,>8,Steady,No,No,No,No,No,No,No,No,No,No,No,No,No,No,No,No,Steady,No,No,No,No,No,Ch,Yes,0,Carmel,O'Kon,0.13705532738908668,1,"[('NUMBER_DIAGNOSES', 0.01098314336944739), ('DISCHARGE_DISPOSITION_ID_Discharged to home', -0.007623105051406028), ('DIAG_3_Injury And Poisoning', 0.003312291690482289), ('NUM_MEDICATIONS', 0.0023842328222836618), ('NUM_LAB_PROCEDURES', 0.0018770905770783425), ('DISCHARGE_DISPOSITION_ID_Unknown', 0.0015870407129665166), ('DIAG_1_Injury And Poisoning', 0.001569218220320338), ('PAYER_CODE_OTHER', 0.0009651750525658274), ('AGE_[70-80)', 0.0008907648411676771), ('ADMISSION_TYPE_ID_Not Available', 0.000849874911197405)]"
83790342,1660293,Caucasian,Female,[70-80),Unknown,Elective,Discharged to home,Physician Referral,8,OTHER,InternalMedicine,36,3,18,0,0,8,"Endocrine, Nutritional And Metabolic",Skin And Subcutaneous Tissue,Skin And Subcutaneous Tissue,9,None,None,No,No,No,No,No,No,No,No,No,No,No,No,No,No,No,No,No,Steady,No,No,No,No,No,No,Yes,1,Garland,Kirlin,0.06930893143992256,0,"[('NUMBER_DIAGNOSES', 0.021857840420269694), ('DISCHARGE_DISPOSITION_ID_Discharged to home', -0.014373822089472781), ('NUM_MEDICATIONS', 0.0053931503470266914), ('TIME_IN_HOSPITAL', 0.0025724256343775706), ('INSULIN_Steady', -0.0013864618414803174), ('AGE_[70-80)', 0.0009766324544612124), ('ADMISSION_SOURCE_ID_Emergency Room', -0.0009700626101674276), ('DIAG_3_Endocrine, Nutritional And Metabolic', -0.0008777709465490072), ('DIAG_3_Skin And Subcutaneous Tissue', -0.0005274785249158025), ('DIAG_2_Skin And Subcutaneous Tissue', -0.000209046860302528)]"
2968386,8568180,Caucasian,Female,[0-10),Unknown,Not Available,Unknown,Emergency Room,2,OTHER,Pediatrics-Endocrinology,45,0,5,0,0,0,"Endocrine, Nutritional And Metabolic","Endocrine, Nutritional And Metabolic",Infectious And Parasitic,4,None,>8,No,No,No,No,No,No,No,No,No,No,No,No,No,No,No,No,No,Steady,No,No,No,No,No,No,Yes,0,Johnpaul,Stehr,0.017195516646192205,0,"[('NUMBER_DIAGNOSES', 0.012574969035374547), ('DISCHARGE_DISPOSITION_ID_Discharged to home', -0.007334025438231638), ('NUM_MEDICATIONS', 0.0024486821062755064), ('PAYER_CODE_OTHER', 0.0014781741847515824), ('AGE_[0-10)', -0.0014277520279599833), ('INSULIN_Steady', -0.0013432910335054063), ('A1CRESULT_None', 0.0010957845971136181), ('A1CRESULT_>8', -0.001084133633419184), ('DIAG_3_Infectious And Parasitic', -0.0006179110237278928), ('DIAG_1_Endocrine, Nutritional And Metabolic', 0.0005389694223888515)]"
2970666,1159830,Other,Female,[50-60),Unknown,Not Available,Unknown,Physician Referral,8,OTHER,Surgery-Colon&Rectal,62,2,21,0,0,0,Neoplasms,Digestive System,"Endocrine, Nutritional And Metabolic",6,None,None,No,No,No,No,No,No,No,Steady,No,No,No,No,No,No,No,No,No,Steady,No,No,No,No,No,Ch,Yes,0,Adolphus,Jerde,0.05098395536020667,0,"[('DISCHARGE_DISPOSITION_ID_Discharged to home', -0.012310144259903136), ('NUM_MEDICATIONS', 0.0031253431102089774), ('TIME_IN_HOSPITAL', 0.002570488700321946), ('NUM_LAB_PROCEDURES', 0.0024900159223775805), ('RACE_Other', -0.0017077334629945083), ('INSULIN_Steady', -0.0014419416428777068), ('DISCHARGE_DISPOSITION_ID_Unknown', -0.0013301031048352369), ('ADMISSION_TYPE_ID_Not Available', -0.0005559730241660858), ('DIAG_2_Digestive System', -0.0004628969314040507), ('DIAG_1_Neoplasms', -0.0003424958051075163)]"
2972052,1011627,Caucasian,Female,[70-80),Unknown,Not Available,Unknown,Emergency Room,1,OTHER,InternalMedicine,36,0,5,0,0,0,Ill-Defined Conditions,"Endocrine, Nutritional And Metabolic","Endocrine, Nutritional And Metabolic",4,None,None,No,No,No,No,No,No,No,No,No,No,No,No,No,No,No,No,No,Steady,No,No,No,No,No,No,Yes,0,Jarred,Mante,0.017195516646192205,0,"[('NUMBER_DIAGNOSES', 0.024334277915721587), ('DISCHARGE_DISPOSITION_ID_Discharged to home', -0.01485453108173953), ('NUM_MEDICATIONS', 0.005082361482659014), ('TIME_IN_HOSPITAL', 0.0020868581265129377), ('DIAG_1_Ill-Defined Conditions', -0.0017812121883183153), ('DISCHARGE_DISPOSITION_ID_Unknown', -0.0014738705908782426), ('INSULIN_No', 0.0012018150932698714), ('GENDER_Male', -0.000914055259035974), ('ADMISSION_TYPE_ID_Emergency', 0.0009072760973748842), ('AGE_[70-80)', 0.0005709186528541633)]"
58953558,1217313,Caucasian,Female,[60-70),Unknown,Emergency,Discharged to home,Emergency Room,4,OTHER,InternalMedicine,37,3,10,0,0,0,Ill-Defined Conditions,"Endocrine, Nutritional And Metabolic","Endocrine, Nutritional And Metabolic",6,None,None,No,No,No,No,No,No,No,Steady,No,No,No,No,No,No,No,No,No,No,No,No,No,No,No,No,Yes,0,Sammy,Hahn,0.02368455112563767,0,"[('NUMBER_DIAGNOSES', 0.024567554621215293), ('DISCHARGE_DISPOSITION_ID_Discharged to home', -0.015716994987107703), ('NUM_MEDICATIONS', 0.005611630400752276), ('NUMBER_EMERGENCY', 0.003932558632338213), ('AGE_[50-60)', 0.001892290413327051), ('NUM_PROCEDURES', 0.0015982226698633172), ('DIAG_2_Endocrine, Nutritional And Metabolic', -0.0011581768765135487), ('DIAG_1_Circulatory System', -0.0011301824988133695), ('AGE_[60-70)', 0.0010682557402624825), ('DIAG_1_Ill-Defined Conditions', -0.0006973364658040069)]"
3039162,539910,Caucasian,Female,[10-20),Unknown,Not Available,Unknown,Emergency Room,2,OTHER,Pediatrics-Endocrinology,50,0,3,0,0,0,"Endocrine, Nutritional And Metabolic","Endocrine, Nutritional And Metabolic",Ill-Defined Conditions,4,None,>8,No,No,No,No,No,No,No,No,No,No,No,No,No,No,No,No,No,Steady,No,No,No,No,No,No,Yes,0,Dannie,Carter,0.018830534362432923,0,"[('NUMBER_DIAGNOSES', 0.017984838406930537), ('DISCHARGE_DISPOSITION_ID_Discharged to home', -0.010955740485590173), ('NUM_LAB_PROCEDURES', 0.004312173686678634), ('NUM_MEDICATIONS', 0.00415643616632396), ('A1CRESULT_None', 0.002244176739720359), ('A1CRESULT_>8', -0.0017756164389257881), ('INSULIN_Steady', -0.0012707027702766618), ('AGE_[10-20)', -0.0012684551527336091), ('ADMISSION_TYPE_ID_Not Available', 0.000922641759790222), ('DIAG_3_Ill-Defined Conditions', -0.00079457803098177)]"
3043686,4624767,Caucasian,Female,[50-60),Unknown,Not Available,Unknown,Physician Referral,6,OTHER,Cardiology,59,6,29,0,0,0,Circulatory System,Blood Related/Diabetes,"Endocrine, Nutritional And Metabolic",3,None,None,Up,No,No,No,No,No,No,No,No,No,No,No,No,No,No,No,No,Steady,No,No,No,No,No,Ch,Yes,0,Elouise,Waelchi,0.0188577943251442,0,"[('NUMBER_DIAGNOSES', 0.014835520717272283), ('DISCHARGE_DISPOSITION_ID_Discharged to home', -0.008597263154183599), ('NUM_MEDICATIONS', 0.0023408640005864877), ('METFORMIN_Up', -0.0013761442774530867), ('DIAG_2_Blood Related/Diabetes', -0.0013570884414229906), ('NUM_LAB_PROCEDURES', 0.0011777786843591054), ('TIME_IN_HOSPITAL', 0.0010252128359203728), ('NUM_PROCEDURES', -0.0007056201457739154), ('ADMISSION_TYPE_ID_Not Available', -0.000566948616346482), ('DISCHARGE_DISPOSITION_ID_Unknown', 0.0001517095279831674)]"
3045732,8317971,Caucasian,Male,[30-40),Unknown,Not Available,Unknown,Physician Referral,1,OTHER,Orthopedics-Reconstructive,10,3,17,0,0,0,Musculoskeletal System And Connective Tissue,Respiratory System,"Endocrine, Nutritional And Metabolic",5,None,None,No,No,No,No,No,No,Steady,No,No,No,Steady,No,No,No,No,No,No,Steady,No,No,No,No,No,Ch,Yes,0,Dorris,Wisoky,0.021847791154709837,0,"[('NUMBER_DIAGNOSES', 0.019423282626400085), ('DISCHARGE_DISPOSITION_ID_Discharged to home', -0.01233992466140114), ('NUM_LAB_PROCEDURES', 0.004057090024958042), ('TIME_IN_HOSPITAL', 0.002210462663144814), ('ROSIGLITAZONE_Steady', -0.0015427662117953429), ('DIAG_1_Musculoskeletal System And Connective Tissue', -0.001440280327933588), ('ROSIGLITAZONE_No', 0.0014231792551924719), ('DISCHARGE_DISPOSITION_ID_Unknown', -0.0010378171526297564), ('DIAG_2_Respiratory System', -0.00067197299503269), ('ADMISSION_TYPE_ID_Not Available', -0.0005672142248966312)]"
3048198,3454722,Other,Male,[10-20),Unknown,Not Available,Unknown,Emergency Room,4,OTHER,Family/GeneralPractice,67,0,11,0,0,0,"Endocrine, Nutritional And Metabolic",Respiratory System,Infectious And Parasitic,2,None,>8,No,No,No,No,No,No,No,No,No,No,No,No,No,No,No,No,No,Down,No,No,No,No,No,Ch,Yes,0,Jordi,Jast,0.021847791154709837,0,"[('NUMBER_DIAGNOSES', 0.015216709453347112), ('DISCHARGE_DISPOSITION_ID_Discharged to home', -0.009474295711818185), ('NUM_LAB_PROCEDURES', 0.0018650083063850875), ('AGE_[10-20)', -0.0009707735448999483), ('DIAG_2_Respiratory System', 0.000921275174429289), ('DIAG_1_Endocrine, Nutritional And Metabolic', -0.0008832302628089214), ('DISCHARGE_DISPOSITION_ID_Unknown', -0.0007730964035309245), ('RACE_Other', -0.0006440766009934529), ('A1CRESULT_>8', 0.00045130239127056185), ('INSULIN_Down', -0.00043240257360211657)]"
3052140,3323655,Caucasian,Female,[30-40),Unknown,Not Available,Unknown,Emergency Room,1,OTHER,Orthopedics-Reconstructive,44,1,13,0,0,0,Injury And Poisoning,"Endocrine, Nutritional And Metabolic",Infectious And Parasitic,2,None,None,No,No,No,No,No,No,No,No,No,No,No,No,No,No,No,No,No,No,No,No,No,No,No,No,No,0,Isadore,Okuneva,0.017195516646192205,0,"[('NUMBER_DIAGNOSES', 0.022513496227349633), ('DISCHARGE_DISPOSITION_ID_Discharged to home', -0.0140529685691826), ('TIME_IN_HOSPITAL', 0.0033901508093930224), ('PAYER_CODE_OTHER', 0.00135654615843878), ('ADMISSION_TYPE_ID_Not Available', -0.0013492477745439568), ('DIAG_3_Infectious And Parasitic', -0.0009489049099038089), ('DISCHARGE_DISPOSITION_ID_Unknown', -0.0008373006499264354), ('AGE_[30-40)', 0.0008244908992587952), ('DIAG_2_Endocrine, Nutritional And Metabolic', -0.0007391119450595398), ('DIABETESMED_No', 0.00024900131480178853)]"
3075540,1421838,Caucasian,Female,[70-80),Unknown,Not Available,Unknown,Physician Referral,8,OTHER,InternalMedicine,39,0,12,0,0,0,Musculoskeletal System And Connective Tissue,"Endocrine, Nutritional And Metabolic",Musculoskeletal System And Connective Tissue,8,None,None,No,No,No,No,No,No,No,Steady,No,No,No,No,No,No,No,No,No,Steady,No,No,No,No,No,Ch,Yes,0,Susanna,Flatley,0.19703532656965475,1,"[('NUMBER_DIAGNOSES', 0.022700483607728947), ('DISCHARGE_DISPOSITION_ID_Discharged to home', -0.015792154872786516), ('DIAG_3_Musculoskeletal System And Connective Tissue', 0.0064620155719641095), ('DIAG_1_Musculoskeletal System And Connective Tissue', 0.0032399356022720957), ('DISCHARGE_DISPOSITION_ID_Unknown', 0.0030805043956887517), ('AGE_[70-80)', 0.002958471718941197), ('GLYBURIDE_Steady', 0.0024349736317550285), ('TIME_IN_HOSPITAL', 0.002381108363001091), ('INSULIN_Steady', 0.0021896727076756747), ('GLYBURIDE_No', -0.0014320337064374945)]"
3077586,430092,Caucasian,Male,[60-70),Unknown,Not Available,Unknown,Emergency Room,2,OTHER,InternalMedicine,48,0,15,0,0,0,Respiratory System,"Endocrine, Nutritional And Metabolic","Endocrine, Nutritional And Metabolic",3,None,None,No,No,No,No,No,No,Steady,No,No,No,No,No,No,No,No,No,No,Steady,No,No,No,No,No,Ch,Yes,0,Vicente,Orn,0.01773865955663461,0,"[('NUMBER_DIAGNOSES', 0.022385394642771915), ('DISCHARGE_DISPOSITION_ID_Discharged to home', -0.01376574239264499), ('NUM_LAB_PROCEDURES', 0.004677801091056573), ('CHANGE_Ch', -0.0015570177992647082), ('GLIPIZIDE_Steady', -0.0014706131415448687), ('DIAG_2_Endocrine, Nutritional And Metabolic', -0.0012818165474572773), ('ADMISSION_TYPE_ID_Not Available', -0.0012454939701798313), ('DIAG_1_Respiratory System', -0.0012175673842741896), ('PAYER_CODE_OTHER', 0.0010615478678205074), ('DISCHARGE_DISPOSITION_ID_Unknown', -0.0009654484870512437)]"
3092106,103892157,Caucasian,Male,[50-60),Unknown,Not Available,Discharged to home,Emergency Room,7,OTHER,,66,3,19,0,0,0,Digestive System,Digestive System,"Endocrine, Nutritional And Metabolic",4,>300,None,No,No,No,No,No,No,No,No,No,No,No,No,No,No,No,No,No,No,No,No,No,No,No,No,No,0,Kadin,Lang,0.02227168772928325,0,"[('NUMBER_DIAGNOSES', 0.020074002019272688), ('DISCHARGE_DISPOSITION_ID_Discharged to home', -0.012879350249641042), ('NUM_LAB_PROCEDURES', 0.0038139236652730375), ('DIAG_2_Endocrine, Nutritional And Metabolic', -0.001995992381279218), ('AGE_[50-60)', -0.001291463298828299), ('TIME_IN_HOSPITAL', 0.0011765014530098746), ('ADMISSION_TYPE_ID_Not Available', -0.0011349656467249892), ('MAX_GLU_SERUM_None', -0.0009505661229670446), ('DIAG_1_Digestive System', 0.0005905571188938299), ('MAX_GLU_SERUM_>300', -0.0003657422537752828)]"
3119718,818874,Caucasian,Female,[50-60),Unknown,Not Available,Discharged to home,Emergency Room,2,OTHER,,58,0,9,0,0,0,Respiratory System,Circulatory System,"Endocrine, Nutritional And Metabolic",5,Norm,None,No,No,No,No,No,No,No,No,No,No,No,No,No,No,No,No,No,No,No,No,No,No,No,No,No,0,Alanna,Ortiz,0.015340713131328636,0,"[('NUMBER_DIAGNOSES', 0.021866546224852408), ('DISCHARGE_DISPOSITION_ID_Discharged to home', -0.013433105038901693), ('NUM_MEDICATIONS', 0.004412804604088372), ('NUM_LAB_PROCEDURES', 0.0020948650289967234), ('TIME_IN_HOSPITAL', 0.0018901640976213957), ('ADMISSION_TYPE_ID_Not Available', -0.0009843857379540101), ('DIAG_2_Circulatory System', -0.0007145751058959145), ('DIABETESMED_Yes', -0.0006536861369211433), ('AGE_[50-60)', -0.0004804660020058431), ('MAX_GLU_SERUM_None', 0.0001479716049574343)]"
3120912,108453753,Caucasian,Female,[50-60),Unknown,Not Available,Discharged to home,Emergency Room,1,OTHER,,59,0,5,0,0,0,Circulatory System,Prenatal,"Endocrine, Nutritional And Metabolic",5,>200,None,No,No,No,No,No,No,No,No,No,No,No,No,No,No,No,No,No,Steady,No,No,No,No,No,No,Yes,0,Maria,Mraz,0.03042964940099848,0,"[('NUMBER_DIAGNOSES', 0.015687165506175375), ('DISCHARGE_DISPOSITION_ID_Discharged to home', -0.009478269655932106), ('NUM_LAB_PROCEDURES', 0.0025355826126519138), ('TIME_IN_HOSPITAL', 0.0018368271674659563), ('NUM_MEDICATIONS', 0.0016825612954439783), ('PAYER_CODE_OTHER', 0.0010904830860580875), ('INSULIN_No', -0.0010675056342602887), ('CHANGE_No', -0.0008540649608858802), ('MAX_GLU_SERUM_None', -0.0005207895474198404), ('MAX_GLU_SERUM_>200', 0.00010670023355028192)]"
3152880,638910,Caucasian,Male,[20-30),Unknown,Not Available,Unknown,Emergency Room,1,OTHER,InternalMedicine,56,0,6,0,0,0,"Endocrine, Nutritional And Metabolic","Endocrine, Nutritional And Metabolic",Respiratory System,6,None,None,No,No,No,No,No,No,No,No,No,No,No,No,No,No,No,No,No,Up,No,No,No,No,No,Ch,Yes,0,Glen,O'Conner,0.035330682203620525,0,"[('DISCHARGE_DISPOSITION_ID_Discharged to home', -0.013109716952740803), ('NUM_MEDICATIONS', 0.0037045375414063754), ('DIAG_3_Respiratory System', -0.0030238149028548765), ('NUM_LAB_PROCEDURES', 0.002779174788762827), ('TIME_IN_HOSPITAL', 0.0018104221959623673), ('GENDER_Male', -0.001446750446734291), ('DISCHARGE_DISPOSITION_ID_Unknown', -0.0005415831686989636), ('AGE_[20-30)', -0.0004355962806076476), ('DIAG_1_Endocrine, Nutritional And Metabolic', 0.0003709400881046918), ('ADMISSION_TYPE_ID_Not Available', -0.00013329389840577015)]"
68814696,2579337,Caucasian,Female,[90-100),Unknown,Emergency,Discharged/transferred to home with home health service,Emergency Room,4,OTHER,InternalMedicine,69,1,12,0,0,0,Circulatory System,"Endocrine, Nutritional And Metabolic",Circulatory System,7,None,Norm,No,No,No,No,No,No,No,No,No,No,No,No,No,No,No,No,No,Steady,No,No,No,No,No,No,Yes,0,Creola,Ullrich,0.03977424100011507,0,"[('NUMBER_DIAGNOSES', 0.019697271881294835), ('DISCHARGE_DISPOSITION_ID_Discharged to home', -0.012152237500292581), ('NUM_LAB_PROCEDURES', 0.0032795517652797076), ('AGE_[90-100)', -0.00266142218320295), ('A1CRESULT_Norm', -0.0016660173288483024), ('INSULIN_Steady', -0.0015711892900783044), ('DIAG_3_Circulatory System', -0.0011700296106812958), ('A1CRESULT_None', 0.001097644652853204), ('DISCHARGE_DISPOSITION_ID_Discharged/transferred to home with home health service', -0.00044064397828904483), ('DIAG_1_Circulatory System', 0.0004300298633501823)]"
3175806,22856067,Other,Female,[50-60),Unknown,Urgent,Discharged to home,Clinic Referral,1,OTHER,,33,3,11,0,0,0,Circulatory System,Circulatory System,"Endocrine, Nutritional And Metabolic",4,None,None,No,No,No,No,Steady,No,No,No,No,No,No,No,No,No,No,No,No,No,No,No,No,No,No,No,Yes,0,Claudia,Beier,0.011116494541700163,0,"[('NUMBER_DIAGNOSES', 0.014362456186462222), ('DISCHARGE_DISPOSITION_ID_Discharged to home', -0.0088751471554331), ('NUM_MEDICATIONS', 0.0031961564695496803), ('NUM_LAB_PROCEDURES', 0.0019785950111207884), ('TIME_IN_HOSPITAL', 0.001142757133254027), ('ADMISSION_SOURCE_ID_Clinic Referral', -0.0010461647984949549), ('PAYER_CODE_OTHER', 0.0008022827139926571), ('RACE_Caucasian', 0.0007678801001384322), ('ADMISSION_TYPE_ID_Urgent', 0.0006334536814772247), ('DIAG_2_Circulatory System', 0.00045094648173348744)]"
