{"metadata":{"asset_id":"a0c3ecd2-17de-4f56-b292-808e7db785dd","asset_attributes":["data_intg_project_settings","location_definition"],"name":"3a73f366-6bc8-4558-baf1-ca672217be52-DataStage_settings","asset_type":"data_intg_project_settings","created_at":"2025-01-31T09:49:23Z","origin_country":"us","owner_id":"IBMid-665002TLMZ","project_id":"3a73f366-6bc8-4558-baf1-ca672217be52","size":778,"usage":{"last_update_time":1738316965670,"last_updated_at":"2025-01-31T09:49:25Z"}},"entity":{"location_definition":{"physical_location_code":"DAL","physical_location_code_assigned_by":"IBMid-665002TLMZ","physical_location_code_rds_id":"c57cb90f-2126-3800-9c9f-9eab82021cdf","physical_location_code_rds_version":"00002023-0110-4125-8747-204322000000_3","physical_location_code_assignment_method":"INFERRED","physical_location_code_added_on":"1738316934665"}},"attachments":[{"id":"303f806c-c9bf-4973-a7a6-8cf02252a3e4","version":2,"asset_type":"data_intg_project_settings","name":"data_intg_project_settings_entity","mime":"application/json","datasource_type":"193a97c1-4475-4a19-b90c-295c4fdc6517","object_key":"data_intg_project_settings/3a73f366-6bc8-4558-baf1-ca672217be52a0c3ecd2-17de-4f56-b292-808e7db785dd-data_intg_project_settings_entity","creator_id":"IBMid-665002TLMZ","create_time":1738316965668,"size":778,"is_remote":false,"is_managed":false,"is_referenced":true,"is_object_key_read_only":false,"is_user_provided_path_key":true,"transfer_complete":true,"is_partitioned":false,"complete_time_ticks":1738316965668,"user_data":{},"test_doc":0,"handle":{"bucket":"trainautoaiandreferencemodelupdat-donotdelete-pr-c1gdbpnk9nthaj","location":"us-south","type":"bluemix_cos","key":"data_intg_project_settings/3a73f366-6bc8-4558-baf1-ca672217be52a0c3ecd2-17de-4f56-b292-808e7db785dd-data_intg_project_settings_entity","upload_id":"done","max_part_num":1},"usage":{"access_count":0,"last_accessor_id":"IBMid-665002TLMZ","last_access_time":1738316965668}}]}
