{"metadata":{"asset_id":"708ada14-522c-4a20-93ee-3cc8c78425dc","asset_attributes":["data_asset"],"name":"german_credit_test_data.csv","asset_type":"data_asset","created_at":"2021-08-25T18:24:40Z","description":"","origin_country":"us","owner_id":"IBMid-550003P291","project_id":"6ff064a0-d5db-49d5-a070-b02eb0792fcb","size":7171,"tags":[],"usage":{"last_update_time":1629915881490,"last_updated_at":"2021-08-25T18:24:41Z"}},"entity":{"data_asset":{"mime_type":"text/csv","dataset":true}},"attachments":[{"id":"2d9efedd-af1e-49e6-96f4-d52802789586","version":2,"asset_type":"data_asset","name":"german_credit_test_data.csv","mime":"text/csv","datasource_type":"193a97c1-4475-4a19-b90c-295c4fdc6517","object_key":"bd6c230b-4bd3-474e-af9f-a4a03bca6b5b/0ed7b174-0d24-4ad5-89f3-2a086ceeca2e/53b51fde-3b4b-45e0-ac86-ae5ebc274602","creator_id":"iam-ServiceId-f49c5558-c247-4983-a04f-7d3c7a3d55da","create_time":1629915881352,"size":7171,"is_remote":false,"is_managed":false,"is_referenced":true,"is_object_key_read_only":false,"is_user_provided_path_key":true,"transfer_complete":true,"is_partitioned":false,"complete_time_ticks":1629915881352,"user_data":{},"test_doc":0,"handle":{"bucket":"trainautoaiandreferencemodel-donotdelete-pr-1cvjx5fnd9xlgi","location":"us-geo","key":"bd6c230b-4bd3-474e-af9f-a4a03bca6b5b/0ed7b174-0d24-4ad5-89f3-2a086ceeca2e/53b51fde-3b4b-45e0-ac86-ae5ebc274602","upload_id":"done","max_part_num":1},"usage":{"access_count":0,"last_accessor_id":"iam-ServiceId-f49c5558-c247-4983-a04f-7d3c7a3d55da","last_access_time":1629915881352}}]}
