{"metadata":{"asset_id":"6df6c8db-6c4f-4795-8300-687cbb4a0703","asset_attributes":["data_asset","location_definition"],"name":"german_credit_data_biased_training.csv","asset_type":"data_asset","created_at":"2025-01-31T09:49:01Z","description":"","origin_country":"us","owner_id":"IBMid-665002TLMZ","project_id":"3a73f366-6bc8-4558-baf1-ca672217be52","size":689622,"tags":[],"usage":{"last_update_time":1738328030602,"last_updated_at":"2025-01-31T12:53:50Z"}},"entity":{"data_asset":{"mime_type":"text/csv","dataset":true},"location_definition":{"physical_location_code":"DAL","physical_location_code_assigned_by":"IBMid-665002TLMZ","physical_location_code_rds_id":"c57cb90f-2126-3800-9c9f-9eab82021cdf","physical_location_code_rds_version":"00002023-0110-4125-8747-204322000000_3","physical_location_code_assignment_method":"INFERRED","physical_location_code_added_on":"1738316934665"}},"attachments":[{"id":"4aefcf01-5305-402f-9f4c-3f8b72857164","version":2,"asset_type":"data_asset","name":"german_credit_data_biased_training.csv","mime":"text/csv","datasource_type":"193a97c1-4475-4a19-b90c-295c4fdc6517","object_key":"bd6c230b-4bd3-474e-af9f-a4a03bca6b5b/d7fc0a69-4326-4f37-aef2-03b4c1be2c0c/7e8daf5a-428c-4056-ae96-2cdbcbd4ff75","creator_id":"iam-ServiceId-f49c5558-c247-4983-a04f-7d3c7a3d55da","create_time":1738316942960,"size":689622,"is_remote":false,"is_managed":false,"is_referenced":true,"is_object_key_read_only":true,"is_user_provided_path_key":true,"transfer_complete":true,"is_partitioned":false,"complete_time_ticks":1738316942960,"user_data":{},"test_doc":0,"handle":{"bucket":"trainautoaiandreferencemodelupdat-donotdelete-pr-c1gdbpnk9nthaj","location":"us-south","type":"bluemix_cos","key":"bd6c230b-4bd3-474e-af9f-a4a03bca6b5b/d7fc0a69-4326-4f37-aef2-03b4c1be2c0c/7e8daf5a-428c-4056-ae96-2cdbcbd4ff75","upload_id":"done","max_part_num":1},"usage":{"access_count":0,"last_accessor_id":"iam-ServiceId-f49c5558-c247-4983-a04f-7d3c7a3d55da","last_access_time":1738316942960}}]}
