{"metadata":{"asset_id":"ce1a13c1-feae-492a-b3c2-9ef05f786c3f","asset_attributes":["data_asset","location_definition"],"name":"german_credit_test_data.csv","asset_type":"data_asset","created_at":"2025-01-31T09:49:01Z","description":"","origin_country":"us","owner_id":"IBMid-665002TLMZ","project_id":"3a73f366-6bc8-4558-baf1-ca672217be52","size":7171,"tags":[],"usage":{"last_update_time":1738316942130,"last_updated_at":"2025-01-31T09:49:02Z"}},"entity":{"data_asset":{"mime_type":"text/csv","dataset":true},"location_definition":{"physical_location_code":"DAL","physical_location_code_assigned_by":"IBMid-665002TLMZ","physical_location_code_rds_id":"c57cb90f-2126-3800-9c9f-9eab82021cdf","physical_location_code_rds_version":"00002023-0110-4125-8747-204322000000_3","physical_location_code_assignment_method":"INFERRED","physical_location_code_added_on":"1738316934665"}},"attachments":[{"id":"8e9c780e-347b-4355-a972-43b21799547d","version":2,"asset_type":"data_asset","name":"german_credit_test_data.csv","mime":"text/csv","datasource_type":"193a97c1-4475-4a19-b90c-295c4fdc6517","object_key":"bd6c230b-4bd3-474e-af9f-a4a03bca6b5b/0ed7b174-0d24-4ad5-89f3-2a086ceeca2e/53b51fde-3b4b-45e0-ac86-ae5ebc274602","creator_id":"iam-ServiceId-f49c5558-c247-4983-a04f-7d3c7a3d55da","create_time":1738316941976,"size":7171,"is_remote":false,"is_managed":false,"is_referenced":true,"is_object_key_read_only":true,"is_user_provided_path_key":true,"transfer_complete":true,"is_partitioned":false,"complete_time_ticks":1738316941976,"user_data":{},"test_doc":0,"handle":{"bucket":"trainautoaiandreferencemodelupdat-donotdelete-pr-c1gdbpnk9nthaj","location":"us-south","type":"bluemix_cos","key":"bd6c230b-4bd3-474e-af9f-a4a03bca6b5b/0ed7b174-0d24-4ad5-89f3-2a086ceeca2e/53b51fde-3b4b-45e0-ac86-ae5ebc274602","upload_id":"done","max_part_num":1},"usage":{"access_count":0,"last_accessor_id":"iam-ServiceId-f49c5558-c247-4983-a04f-7d3c7a3d55da","last_access_time":1738316941976}}]}
