{"metadata":{"asset_id":"b8b8932d-fb0b-43bb-aa3e-f52b9af87043","asset_attributes":["job"],"name":"select-winning-model-job","asset_type":"job","created_at":"2025-01-31T09:49:12Z","origin_country":"us","owner_id":"IBMid-665002TLMZ","project_id":"3a73f366-6bc8-4558-baf1-ca672217be52","size":0,"usage":{"last_update_time":1738316952981,"last_updated_at":"2025-01-31T09:49:12Z"}},"entity":{"job":{"asset_ref_type":"notebook","configuration":{"env_id":"rt241pys1-3a73f366-6bc8-4558-baf1-ca672217be52","file_ref":"","entrypoint":"","run_results":"log_and_new_notebook","env_type":"notebook","env_variables":[]},"last_run_initiator":"deprecated field","last_run_time":"deprecated field","last_run_status":"deprecated field","last_run_status_timestamp":0,"future_scheduled_runs":[],"enable_notifications":true,"retention_policy":{"amount":5},"project_name":"Train AutoAI and reference model - update with Watsonx","asset_ref":"b712f510-fe3f-49fe-a163-7a2c31e2e650","schedule_id":"","schedule_creator_id":""}}}
