{"metadata":{"asset_id":"425038c4-41f2-49cc-8574-6d1c49533652","asset_attributes":["job"],"name":"Trial job - On-boarding - Train AutoAI and reference model and select the best","asset_type":"job","created_at":"2021-08-25T18:24:49Z","description":"Trial job and run created for the pipeline: On-boarding - Train AutoAI and reference model and select the best","origin_country":"us","owner_id":"IBMid-550003P291","project_id":"6ff064a0-d5db-49d5-a070-b02eb0792fcb","size":0,"tags":[],"usage":{"last_update_time":1629915890066,"last_updated_at":"2021-08-25T18:24:50Z"}},"entity":{"job":{"asset_ref_type":"orchestration_flow","configuration":{"sub_type":"oflow_trial_run","parameter_set":{"parameters":[{"name":"deployment_space","value":"/spaces/b4120a07-a352-4a16-b53d-8e480372c585"}]},"version":"5c0fc398-fa5a-424f-b8b1-bdcafe3211a5-0","env_type":"","env_variables":[]},"last_run_initiator":"None","last_run_time":"","last_run_status":"None","last_run_status_timestamp":0,"future_scheduled_runs":[],"enable_notifications":false,"project_name":"Train AutoAI and reference model","asset_ref":"81d67c04-91ca-4c1f-a796-aa8488e2f59a","schedule_id":"","schedule_creator_id":""}}}
