{"metadata":{"asset_id":"39906510-52d5-4926-b729-392119a7344b","asset_attributes":["job"],"name":"reference-model-training-notebook-job","asset_type":"job","created_at":"2025-01-31T12:27:51Z","origin_country":"us","owner_id":"IBMid-665002TLMZ","project_id":"3a73f366-6bc8-4558-baf1-ca672217be52","size":0,"usage":{"last_update_time":1738326471786,"last_updated_at":"2025-01-31T12:27:51Z"}},"entity":{"job":{"asset_ref_type":"notebook","configuration":{"env_id":"rt241pys2-3a73f366-6bc8-4558-baf1-ca672217be52","file_ref":"","entrypoint":"","run_results":"log_and_new_notebook","env_type":"notebook","env_variables":[]},"last_run_initiator":"deprecated field","last_run_time":"deprecated field","last_run_status":"deprecated field","last_run_status_timestamp":0,"future_scheduled_runs":[],"enable_notifications":true,"retention_policy":{"amount":5},"task_credentials_support":{"task_credentials_enabled":true,"user_id":"IBMid-665002TLMZ","account_id":"8a38a749792941468a5ae019c13bf388"},"project_name":"Train AutoAI and reference model - update with Watsonx","asset_ref":"811a9ded-692a-4536-b5a4-e89b08b25aab","schedule_id":"","schedule_creator_id":""}}}
