{"metadata":{"asset_id":"ff5fe0b2-0fde-495b-83e2-a93cf7a7d840","asset_attributes":["job"],"name":"Notebook_f422703a-c07d-4056-8bee-eba528224b06_on_conda1py37-7bcdd5af-bf22-4d95-8cf4-4a1ae3567e7f","asset_type":"job","created_at":"2021-08-25T18:24:49Z","description":"","origin_country":"us","owner_id":"IBMid-550003P291","project_id":"6ff064a0-d5db-49d5-a070-b02eb0792fcb","size":0,"tags":[],"usage":{"last_update_time":1629915890091,"last_updated_at":"2021-08-25T18:24:50Z"}},"entity":{"job":{"asset_ref_type":"notebook","configuration":{"env_id":"conda1py37-6ff064a0-d5db-49d5-a070-b02eb0792fcb","env_type":"notebook","env_variables":[]},"last_run_initiator":"None","last_run_time":"","last_run_status":"None","last_run_status_timestamp":0,"future_scheduled_runs":[],"enable_notifications":false,"project_name":"Train AutoAI and reference model","asset_ref":"fbe8b56b-d02d-47be-b5f9-5d9e2d035941","schedule_id":"","schedule_creator_id":""}}}
