{"metadata":{"asset_id":"24019acf-4619-4216-8a01-f92072434384","asset_attributes":["job"],"name":"Trial job - On-boarding - Train AutoAI and reference model and select the best","asset_type":"job","created_at":"2025-01-31T12:09:02Z","description":"Trial job and run created for the pipeline: On-boarding - Train AutoAI and reference model and select the best","origin_country":"us","owner_id":"IBMid-665002TLMZ","project_id":"3a73f366-6bc8-4558-baf1-ca672217be52","size":0,"usage":{"last_update_time":1738325342860,"last_updated_at":"2025-01-31T12:09:02Z"}},"entity":{"job":{"asset_ref_type":"orchestration_flow","configuration":{"sub_type":"oflow_trial_run","version":"525a3a0d-d7ee-4263-a11c-fae855f30523-0","env_type":"","env_variables":[]},"last_run_initiator":"deprecated field","last_run_time":"deprecated field","last_run_status":"deprecated field","last_run_status_timestamp":0,"future_scheduled_runs":[],"enable_notifications":true,"task_credentials_support":{"task_credentials_enabled":true,"user_id":"IBMid-665002TLMZ","account_id":"8a38a749792941468a5ae019c13bf388"},"project_name":"Train AutoAI and reference model - update with Watsonx","asset_ref":"525a3a0d-d7ee-4263-a11c-fae855f30523","schedule_id":"","schedule_creator_id":""}}}
