{"metadata":{"asset_id":"31bbff00-fb39-4683-b775-9ae191db8e54","asset_attributes":["notebook"],"name":"reference-model-training-notebook","asset_type":"notebook","created_at":"2021-08-25T18:24:43Z","description":"","origin_country":"us","owner_id":"iam-ServiceId-aa2183a6-ed8d-4fca-aa0a-b136ed2eef19","project_id":"6ff064a0-d5db-49d5-a070-b02eb0792fcb","size":49687,"tags":["notebook"],"usage":{"last_update_time":1629915883848,"last_updated_at":"2021-08-25T18:24:43Z"}},"entity":{"notebook":{"kernel":{"name":"python3","display_name":"Python 3.7","language":"python"},"originates_from":{"type":"file"},"runtime":{"environment":"conda1py37oce-6ff064a0-d5db-49d5-a070-b02eb0792fcb"}}},"attachments":[{"id":"835c9e76-fee9-44cb-8441-f8b6ee3033a2","version":2,"asset_type":"notebook","name":"attachment for notebook 31bbff00-fb39-4683-b775-9ae191db8e54","description":"attachment for notebook 31bbff00-fb39-4683-b775-9ae191db8e54","mime":"application/json","datasource_type":"193a97c1-4475-4a19-b90c-295c4fdc6517","object_key":"notebook/train-model_nmS6RtKlv.ipynb","creator_id":"IBMid-550003P291","create_time":1629915883847,"size":49687,"is_remote":false,"is_managed":false,"is_referenced":true,"is_object_key_read_only":false,"is_user_provided_path_key":true,"transfer_complete":true,"is_partitioned":false,"complete_time_ticks":1629915883847,"user_data":{},"test_doc":0,"handle":{"bucket":"trainautoaiandreferencemodel-donotdelete-pr-1cvjx5fnd9xlgi","location":"us-geo","key":"notebook/train-model_nmS6RtKlv.ipynb","upload_id":"done","max_part_num":1},"usage":{"access_count":0,"last_accessor_id":"IBMid-550003P291","last_access_time":1629915883847}}]}
