{"metadata":{"asset_id":"b712f510-fe3f-49fe-a163-7a2c31e2e650","asset_attributes":["notebook","location_definition"],"name":"select-winning-model","asset_type":"notebook","created_at":"2025-01-31T09:49:04Z","description":"","origin_country":"us","owner_id":"IBMid-665002TLMZ","project_id":"3a73f366-6bc8-4558-baf1-ca672217be52","size":11957,"tags":["notebook"],"usage":{"last_update_time":1738583278883,"last_updated_at":"2025-02-03T11:47:58Z"}},"entity":{"notebook":{"kernel":{"name":"python3","display_name":"Python 3.11","language":"python"},"originates_from":{"type":"file"},"runtime":{"environment":"rt241pys1-3a73f366-6bc8-4558-baf1-ca672217be52"}},"location_definition":{"physical_location_code":"DAL","physical_location_code_assigned_by":"IBMid-665002TLMZ","physical_location_code_rds_id":"c57cb90f-2126-3800-9c9f-9eab82021cdf","physical_location_code_rds_version":"00002023-0110-4125-8747-204322000000_3","physical_location_code_assignment_method":"INFERRED","physical_location_code_added_on":"1738316934665"}},"attachments":[{"id":"e93e3f8c-d565-41cf-bf16-806496ffd90c","version":2,"asset_type":"notebook","name":"attachment for notebook b712f510-fe3f-49fe-a163-7a2c31e2e650","description":"attachment for notebook b712f510-fe3f-49fe-a163-7a2c31e2e650","mime":"application/json","datasource_type":"193a97c1-4475-4a19-b90c-295c4fdc6517","object_key":"notebook/train-model_copy_1_12m-wzZeQ.ipynb","creator_id":"IBMid-665002TLMZ","create_time":1738316945701,"size":11957,"is_remote":false,"is_managed":false,"is_referenced":true,"is_object_key_read_only":false,"is_user_provided_path_key":true,"transfer_complete":true,"is_partitioned":false,"complete_time_ticks":1738316945701,"user_data":{},"test_doc":0,"handle":{"bucket":"trainautoaiandreferencemodelupdat-donotdelete-pr-c1gdbpnk9nthaj","location":"us-south","type":"bluemix_cos","key":"notebook/train-model_copy_1_12m-wzZeQ.ipynb","upload_id":"done","max_part_num":1},"usage":{"access_count":10,"last_accessor_id":"IBMid-665002TLMZ","last_access_time":1738583275663,"last_updater_id":"IBMid-665002TLMZ","last_update_time":1738583275663}}]}
