{"metadata":{"asset_id":"525a3a0d-d7ee-4263-a11c-fae855f30523","name":"On-boarding - Train AutoAI and reference model and select the best","description":"","tags":null,"asset_type":"orchestration_flow","origin_country":"us","rov":{"mode":0},"owner_id":"IBMid-665002TLMZ","created_at":"2025-01-31T09:49:07Z","commit_info":{"previous_revision":1}},"entity":{"location_definition":{"physical_location_code":"DAL","physical_location_code_added_on":"1738316934665","physical_location_code_assigned_by":"IBMid-665002TLMZ","physical_location_code_assignment_method":"INFERRED","physical_location_code_rds_id":"c57cb90f-2126-3800-9c9f-9eab82021cdf","physical_location_code_rds_version":"00002023-0110-4125-8747-204322000000_3"},"orchestration_flow":{"created_at":1738316947,"default_version_id":"525a3a0d-d7ee-4263-a11c-fae855f30523-1","deleted_versions":[],"status":"READY","version_code_source_url":"","version_created_at":1738316947,"version_name":"On-boarding - Train AutoAI and reference model and select the best","version_status":"VOLATILE"}},"attachments":[{"object_key":"orchestration_flow/525a3a0d-d7ee-4263-a11c-fae855f30523-0"}],"scope":"cpd.__projects_3a73f366-6bc8-4558-baf1-ca672217be52"}
