[{"metadata":{"asset_id":"81d67c04-91ca-4c1f-a796-aa8488e2f59a","name":"On-boarding - Train AutoAI and reference model and select the best","description":"","tags":[],"asset_type":"orchestration_flow","origin_country":"us","rov":{"mode":0},"owner_id":"IBMid-550003P291","created_at":"2021-08-25T18:24:47Z"},"entity":{"orchestration_flow":{"created_at":1629915887,"default_version":{"id":"81d67c04-91ca-4c1f-a796-aa8488e2f59a-1","version_code_source_url":"","version_created_at":1629915887,"version_name":"On-boarding - Train AutoAI and reference model and select the best","version_parameters":"[{\"name\":\"deployment_space\",\"value\":\"\"}]","version_status":"VOLATILE"},"default_version_id":"81d67c04-91ca-4c1f-a796-aa8488e2f59a-1","deleted_versions":[],"status":"VOLATILE","version_code_source_url":"","version_created_at":1629915887,"version_name":"On-boarding - Train AutoAI and reference model and select the best","version_parameters":"[{\"name\":\"deployment_space\",\"value\":\"\"}]","version_status":"VOLATILE"}},"attachments":null}]
