{"metadata":{"asset_id":"4c8b7f3f-351c-4701-80a6-352b3f5ff710","asset_attributes":["wml_pipeline"],"name":"on-boarding-german-credit-risk-prediction","asset_type":"wml_pipeline","created_at":"2025-01-31T09:49:03Z","origin_country":"us","owner_id":"IBMid-665002TLMZ","project_id":"3a73f366-6bc8-4558-baf1-ca672217be52","sandbox_id":"3a73f366-6bc8-4558-baf1-ca672217be52","size":0,"tags":[],"usage":{"last_update_time":1738328030452,"last_updated_at":"2025-01-31T12:53:50Z"}},"entity":{"wml_pipeline":{"document":{"doc_type":"pipeline","pipelines":[{"id":"autoai","nodes":[{"id":"automl","op":"kube","parameters":{"optimization":{"compute_pipeline_notebooks_flag":true,"daub_adaptive_subsampling_max_mem_usage":9000000000,"daub_include_only_estimators":["DecisionTreeClassifierEstimator","ExtraTreesClassifierEstimator"],"holdout_param":0.1,"label":"Risk","learning_type":"binary","max_num_daub_ensembles":1,"positive_label":"No Risk","scorer_for_ranking":"roc_auc"},"output_logs":true,"stage_flag":true},"runtime_ref":"autoai","type":"execution_node"}],"runtime_ref":"hybrid"}],"primary_pipeline":"autoai","runtimes":[{"app_data":{"wml_data":{"hardware_spec":{"base_id":"c076e82c-b2a7-4d20-9c0f-1f0c2fdf5a24","name":"M"}}},"id":"autoai","name":"auto_ai.kb"}],"version":"2.0"},"ml_version":"4.0.5"}}}
