{"description":"Asset type for custom column attribute","fields":[{"key":"name","type":"string","facet":false,"is_array":false,"search_path":"columns[].name","is_searchable_across_types":false},{"key":"field1","type":"string","facet":false,"is_array":false,"search_path":"columns[].field1","is_searchable_across_types":false},{"key":"field2","type":"string","facet":false,"is_array":false,"search_path":"columns[].field2","is_searchable_across_types":false}],"relationships":[],"global_search_searchable":["name","field1","field2"],"attribute_only":true,"is_column_custom_attribute":false,"can_have_image":false,"version":1,"name":"AM_type_feb15","scope":"PROJECT","allow_decorators":false}