{"description":"An asset type that you can use to assign terms from a business glossary to any asset.  Attach items of this type as attributes to other assets.","fields":[{"key":"asset_term_display_name","type":"string","facet":true,"is_array":false,"search_path":"list[].term_display_name","is_searchable_across_types":true},{"key":"asset_term_id","type":"string","facet":true,"is_array":false,"search_path":"list[].term_id","is_searchable_across_types":false},{"key":"asset_term_user","type":"string","facet":true,"is_array":false,"search_path":"list[].user","is_searchable_across_types":false},{"key":"asset_suggested_term_id","type":"string","facet":true,"is_array":false,"search_path":"suggested_terms[].term_id","is_searchable_across_types":false}],"relationships":[],"localized_metadata_attributes":{"name":{"default":"Semantic assignment of business terms","en":"Semantic assignment of business terms","de":"Semantische Zuordnung von Geschäftsbegriffen","es":"Asignación semántica de términos empresariales","fr":"Affectation sémantique des termes métier","it":"Assegnazione semantica dei termini di business","ja":"ビジネス用語のセマンティック割り当て","ko":"비즈니스 용어의 의미론적 할당","pt":"Designação semântica de termos de negócios","ru":"Семантическое назначение бизнес-терминов","sv":"Semantisk tilldelning av affärsvillkor","zh":"业务术语的语义分配","zh-TW":"商業術語的語意指派"},"description":{"default":"An asset type that you can use to assign terms from a business glossary to any asset. Attach items of this type as attributes to other assets.","en":"An asset type that you can use to assign terms from a business glossary to any asset. Attach items of this type as attributes to other assets.","de":"Ein Assettyp, mit dem Sie Begriffe aus einem Geschäftsglossar einem beliebigen Asset zuordnen können. Ordnen Sie Artikel dieses Typs als Attribute anderen Assets zu.","es":"Tipo de activo que puede utilizar para asignar términos de un glosario empresarial a cualquier activo. Adjunte elementos de este tipo como atributos a otros activos.","fr":"Type d'actif que vous pouvez utiliser pour affecter des termes d'un glossaire métier à n'importe quel actif. Joignez des éléments de ce type en tant qu'attributs à d'autres actifs.","it":"Un tipo di asset che è possibile utilizzare per assegnare termini da un glossario di business a qualsiasi asset. Allegare item di questo tipo come attributi ad altri asset.","ja":"ビジネス・グロッサリーから任意の資産に用語を割り当てるために使用できる資産タイプ。 このタイプのアイテムを属性として他の資産に添付します。","ko":"Business Glossary의 용어를 임의의 자산에 지정하는 데 사용할 수 있는 자산 유형입니다. 이 유형의 품목을 다른 자산에 속성으로 첨부하십시오.","pt":"Um tipo de ativo que pode ser usado para designar termos de um glossário de negócios para qualquer ativo Anexar itens desse tipo como atributos a outros ativos.","ru":"Тип актива, который можно использовать для назначения терминов из бизнес-глоссария в любой актив. Прикрепите элементы этого типа как атрибуты к другим активам.","sv":"En inventarietyp som du kan använda till att tilldela termer från en affärsordlista till en inventarie. Bifoga objekt av den här typen som attribut till andra inventarier.","zh":"可用于将业务词汇表中的术语分配给任何资产的资产类型。 将此类型的项作为属性附加到其他资产。","zh-TW":"可用來將商業名詞解釋中的術語指派給任何資產的資產類型。 將此類型的項目作為屬性附加至其他資產。"}},"global_search_searchable":[],"attribute_only":true,"is_column_custom_attribute":false,"can_have_image":false,"version":1,"name":"asset_terms","scope":"GLOBAL","allow_decorators":false}