{"description":"Data Asset Type","fields":[{"key":"dataset","type":"boolean","facet":true,"is_array":false,"is_searchable_across_types":false},{"key":"mime_type","type":"string","facet":true,"is_array":false,"is_searchable_across_types":true},{"key":"columns","type":"string","facet":true,"is_array":true,"search_path":"columns[].name","is_searchable_across_types":true},{"key":"semantic_name","type":"string","facet":true,"is_array":false,"search_path":"semantic_name.expanded_name","is_searchable_across_types":true},{"key":"semantic_description","type":"string","facet":true,"is_array":false,"search_path":"semantic_description.generated_description","is_searchable_across_types":true},{"key":"semantic_name_status","type":"string","facet":true,"is_array":false,"search_path":"semantic_name.status","is_searchable_across_types":false},{"key":"semantic_description_status","type":"string","facet":true,"is_array":false,"search_path":"semantic_description.status","is_searchable_across_types":false}],"relationships":[],"localized_metadata_attributes":{"name":{"default":"Data","en":"Data","de":"Daten","es":"Datos","fr":"Données","it":"Dati","ja":"データ","ko":"데이터","pt":"Dados","ru":"Data","sv":"Data","zh":"数据","zh-TW":"資料"},"description":{"default":"Data Asset Type","en":"Data Asset Type","de":"Datenassettyp","es":"Tipo de activo de datos","fr":"Type d'actif de données","it":"Tipo di asset di dati","ja":"データ資産タイプ","ko":"데이터 자산 유형","pt":"Tipo de Ativo de Dados","ru":"Тип актива данных","sv":"Dataresurstyp","zh":"数据资产类型","zh-TW":"資料資產類型"}},"global_search_searchable":[],"attribute_only":false,"data_protection":{"all_attachments":true},"is_column_custom_attribute":false,"can_have_image":false,"column_accessors_info":[{"path_traversers":[{"path":"columns[]","attribute":"name"}]}],"version":5,"name":"data_asset","scope":"GLOBAL","allow_decorators":true}