{"description":"Asset type for database transformation scripts","fields":[{"key":"columns","type":"string","facet":true,"is_array":true,"search_path":"statements[].columns[].name","is_searchable_across_types":true}],"relationships":[],"properties":{"host":{"type":"string","description":"Name of the host","is_array":false,"readonly":true,"validated":false,"displayInChild":false,"restricted":false,"label":{"default":"Server information","en":"Server information"}},"transformation_type":{"type":"string","description":"Type of the transformation","is_array":false,"readonly":true,"validated":false,"displayInChild":false,"restricted":false,"label":{"default":"Transformation type","en":"Transformation type"}},"transformation_expression":{"type":"string","description":"Expression for the transformation","is_array":false,"readonly":true,"validated":false,"displayInChild":false,"restricted":false,"label":{"default":"Transformation expression","en":"Transformation expression"}},"lineage_link":{"type":"string","description":"Visually explore lineage information","is_array":false,"hidden":true,"readonly":true,"validated":false,"displayInChild":false,"restricted":false,"label":{"default":"Lineage link","en":"Lineage link"}}},"localized_metadata_attributes":{"name":{"default":"Transformation script","en":"Transformation script","de":"Transformationsscript","es":"Script de transformación","fr":"Script de transformation","it":"Script di trasformazione","ja":"変換スクリプト","ko":"변환 스크립트","pt":"Script de transformação","ru":"Сценарий преобразования","sv":"Transformationsskript","zh":"变换脚本","zh-TW":"轉換 Script"},"description":{"default":"Asset type for database transformation scripts","en":"Asset type for database transformation scripts","de":"Assettyp für Datenbanktransformationsscripts","es":"Tipo de activo para scripts de transformación de base de datos","fr":"Type d'actif pour les scripts de transformation de base de données","it":"Tipo di asset per script di trasformazione database","ja":"データベース変換スクリプトの資産タイプ","ko":"데이터베이스 변환 스크립트의 자산 유형","pt":"Tipo de ativo para scripts de transformação de banco de dados","ru":"Тип ресурса для сценариев преобразования базы данных","sv":"Inventarietyp för databasomvandlingsskript","zh":"数据库变换脚本的资产类型","zh-TW":"資料庫轉換 Script 的資產類型"}},"identity":{"strategy":"DUPLICATE_DETECTION_BY_NAME_AND_RESOURCE_KEY"},"global_search_searchable":[],"attribute_only":false,"is_column_custom_attribute":false,"can_have_image":false,"version":1,"name":"data_transformation","scope":"GLOBAL","allow_decorators":true}