{"description":"Business intelligence report query","fields":[],"relationships":[],"properties":{"bi_server":{"type":"string","description":"Name of the business intelligence tool server information","is_array":false,"hidden":true,"readonly":true,"validated":false,"displayInChild":false,"restricted":false,"label":{"default":"Server information","en":"Server information"}},"lineage_link":{"type":"string","description":"Visually explore lineage information","is_array":false,"hidden":true,"readonly":true,"validated":false,"displayInChild":false,"restricted":false,"label":{"default":"Lineage link","en":"Lineage link"}}},"localized_metadata_attributes":{"name":{"default":"Report query","en":"Report query","de":"Berichtsabfrage","es":"Consulta de informe","fr":"Requête de rapport","it":"Query del report","ja":"レポート・クエリー","ko":"보고서 쿼리","pt":"Consulta de relatório","ru":"Запрос отчета","sv":"Rapportfråga","zh":"报告查询","zh-TW":"報告查詢"},"description":{"default":"Business intelligence report query","en":"Business intelligence report query","de":"Business-Intelligence-Berichtsabfrage","es":"Consulta de informe de Business Intelligence","fr":"Requête de rapport d'aide à la décision","it":"Query report Business Intelligence","ja":"ビジネス・インテリジェンス・レポート照会","ko":"비즈니스 인텔리전스 보고서 조회","pt":"consulta de relatório de inteligência de negócios","ru":"Запрос отчета Business Intelligence","sv":"Business Intelligensrapportfråga","zh":"商业智能报告查询","zh-TW":"商業智慧報告查詢"}},"identity":{"strategy":"DUPLICATE_DETECTION_BY_NAME_AND_RESOURCE_KEY"},"global_search_searchable":[],"attribute_only":false,"is_column_custom_attribute":false,"can_have_image":false,"version":1,"name":"ibm_bi_report_query","scope":"GLOBAL","allow_decorators":true}