{"description":"Lineage mapping asset type","fields":[{"key":"name","type":"string","facet":false,"is_array":false,"is_searchable_across_types":false},{"key":"source","type":"string","facet":false,"is_array":false,"is_searchable_across_types":false},{"key":"target","type":"string","facet":false,"is_array":false,"is_searchable_across_types":false}],"relationships":[],"properties":{"name":{"type":"string","is_array":false,"hidden":true,"validated":false,"displayInChild":false,"restricted":false},"source":{"type":"string","is_array":false,"hidden":true,"validated":false,"displayInChild":false,"restricted":false},"target":{"type":"string","is_array":false,"hidden":true,"validated":false,"displayInChild":false,"restricted":false},"rule":{"type":"string","is_array":false,"validated":false,"displayInChild":false,"restricted":false},"function":{"type":"string","is_array":false,"validated":false,"displayInChild":false,"restricted":false},"specification_description":{"type":"string","is_array":false,"validated":false,"displayInChild":false,"restricted":false,"label":{"default":"Specification description","en":"Specification description"}}},"localized_metadata_attributes":{"name":{"default":"Lineage mapping","en":"Lineage mapping","de":"Abstammungszuordnung","es":"Correlación de linaje","fr":"Mappage de lignage","it":"Associazione di derivazione","ja":"リネージュ・マッピング","ko":"리니지 맵핑","pt":"Mapeamento de linhagem","ru":"Отображение происхождения","sv":"Härkomstavbildning","zh":"沿袭映射","zh-TW":"世系對映"},"description":{"default":"Lineage mapping asset type","en":"Lineage mapping asset type","de":"Assettyp für Abstammungszuordnung","es":"Tipo de activo de correlación de linaje","fr":"Type d'actif de mappage de lignage","it":"Tipo di asset di associazione di derivazione","ja":"リネージュ・マッピング資産タイプ","ko":"계보 맵핑 자산 유형","pt":"Tipo de ativo de mapeamento de linhagem","ru":"Тип актива отображения происхождения","sv":"Tillgångstyp för linjär avbildning","zh":"沿袭映射资产类型","zh-TW":"世系對映資產類型"}},"identity":{"strategy":"DUPLICATE_DETECTION_BY_NAME_AND_RESOURCE_KEY"},"global_search_searchable":[],"attribute_only":false,"is_column_custom_attribute":false,"can_have_image":false,"version":1,"name":"ibm_emd_mapping","scope":"GLOBAL","allow_decorators":true}