{"description":"A group of related logical data model entities and relationships in a logical data model","fields":[],"relationships":[],"properties":{"diagram_scope":{"type":"bool","description":"Indicator of whether the group is a diagram scope.","is_array":false,"validated":false,"displayInChild":false,"restricted":false,"label":{"default":"Diagram scope","en":"Diagram scope"}},"notes":{"type":"string","description":"Free form textual notes that a user can add","is_array":false,"validated":false,"displayInChild":false,"restricted":false}},"localized_metadata_attributes":{"name":{"default":"Logical model group","en":"Logical model group","de":"Gruppe des logischen Modells","es":"Grupo de modelos lógicos","fr":"Groupe du modèle logique","it":"Gruppo di modelli logici","ja":"論理モデル・グループ","ko":"논리 모델 그룹","pt":"Grupo do modelo lógico","ru":"Группа логических моделей","sv":"Logisk modellgrupp","zh":"逻辑模型组","zh-TW":"邏輯模型群組"},"description":{"default":"A group of related logical data model entities and relationships in a logical data model","en":"A group of related logical data model entities and relationships in a logical data model","de":"Eine Gruppe zusammengehöriger logischer Datenmodellentitäten und -beziehungen in einem logischen Datenmodell","es":"Un grupo de entidades y relaciones de modelo de datos lógico relacionadas en un modelo de datos lógico","fr":"Groupe d'entités et de relations de modèle de données logique associées dans un modèle de données logique","it":"Un gruppo di entità e relazioni del modello di dati logici correlati in un modello di dati logici","ja":"論理データ・モデル内の関連論理データ・モデル・エンティティーおよび関係のグループ","ko":"논리 데이터 모델의 관련 논리 데이터 모델 엔티티 및 관계 그룹","pt":"Um grupo de entidades e relacionamentos de modelo lógico relacionados em um modelo de dados lógico","ru":"Группа связанных сущностей и связей логической модели данных в логической модели данных","sv":"En grupp relaterade logiska datamodellentiteter och relationer i en logisk datamodell","zh":"逻辑数据模型中的一组相关逻辑数据模型实体和关系","zh-TW":"邏輯資料模型中相關邏輯資料模型實體及關係的群組"}},"identity":{"strategy":"DUPLICATE_DETECTION_BY_NAME_AND_RESOURCE_KEY"},"global_search_searchable":[],"attribute_only":false,"is_column_custom_attribute":false,"can_have_image":false,"version":1,"name":"ibm_logical_model_group","scope":"GLOBAL","allow_decorators":true}