{"description":"SQL constraint that is used to specify rules for data in a table,","fields":[],"relationships":[],"properties":{"constraint_type":{"type":"string","description":"Classification of the constraint, can be one of the following values: PRIMARY KEY, FOREIGN KEY, UNIQUE, CHECK","is_array":false,"validated":false,"displayInChild":false,"restricted":false,"label":{"default":"Constraint Type","en":"Constraint Type"}},"enforced":{"type":"bool","description":"Indicates whether the constraint is checked when inserting new rows to table or updating existing rows.","is_array":false,"validated":false,"displayInChild":false,"restricted":false,"label":{"default":"Is Enforced","en":"Is Enforced"}},"notes":{"type":"string","description":"Free form textual notes that a user can add","is_array":false,"validated":false,"displayInChild":false,"restricted":false}},"localized_metadata_attributes":{"name":{"default":"Physical model constraint","en":"Physical model constraint","de":"Einschränkung für physisches Modell","es":"Restricción de modelo físico","fr":"Contrainte du modèle physique","it":"Vincolo del modello fisico","ja":"物理モデル制約","ko":"물리적 모델 제한조건","pt":"Restrição do modelo físico","ru":"Ограничение физической модели","sv":"Fysisk modellregel","zh":"物理模型约束","zh-TW":"實體模型限制"},"description":{"default":"SQL constraint that is used to specify rules for data in a table","en":"SQL constraint that is used to specify rules for data in a table","de":"SQL-Integritätsbedingung, die zur Angabe von Regeln für Daten in einer Tabelle verwendet wird.","es":"Restricción SQL que se utiliza para especificar reglas para datos en una tabla","fr":"Contrainte SQL utilisée pour spécifier des règles pour les données d'une table","it":"Vincolo SQL utilizzato per specificare le regole per i dati in una tabella","ja":"表内のデータの規則を指定するために使用される SQL 制約","ko":"테이블의 데이터에 대한 규칙을 지정하는 데 사용되는 SQL 제한조건","pt":"Restrição SQL que é usada para especificar regras para dados em uma tabela","ru":"Ограничение SQL, используемое для указания правил для данных в таблице","sv":"SQL-regel som används för att ange regler för data i en tabell","zh":"用于指定表中数据的规则的 SQL 约束","zh-TW":"SQL 限制，用來指定表格中資料的規則"}},"identity":{"strategy":"DUPLICATE_DETECTION_BY_NAME_AND_RESOURCE_KEY"},"global_search_searchable":[],"attribute_only":false,"is_column_custom_attribute":false,"can_have_image":false,"version":1,"name":"ibm_physical_model_constraint","scope":"GLOBAL","allow_decorators":true}