{"description":"Business intelligence report","fields":[],"relationships":[],"properties":{"bi_server":{"type":"string","description":"Name of the business intelligence tool server information","is_array":false,"hidden":true,"readonly":true,"validated":false,"displayInChild":false,"restricted":false,"label":{"default":"Server information","en":"Server information"}},"lineage_link":{"type":"string","description":"Visually explore lineage information","is_array":false,"hidden":true,"readonly":true,"validated":false,"displayInChild":false,"restricted":false,"label":{"default":"Lineage link","en":"Lineage link"}}},"localized_metadata_attributes":{"name":{"default":"Report","en":"Report","de":"Bericht","es":"Informe","fr":"Rapport","it":"Prospetto","ja":"レポート","ko":"보고서","pt":"Relatório","ru":"Отчет","sv":"Rapport","zh":"报告","zh-TW":"報告"},"description":{"default":"Business intelligence report","en":"Business intelligence report","de":"Business-Intelligence-Bericht","es":"Informe de inteligencia empresarial","fr":"Rapport d'aide à la décision","it":"Report Business Intelligence","ja":"ビジネス・インテリジェンス・レポート","ko":"비즈니스 인텔리전스 보고서","pt":"Relatório de Business Intelligence","ru":"Отчет Business Intelligence","sv":"Verksamhetsrapport","zh":"商业智能报告","zh-TW":"商業智慧報告"}},"identity":{"strategy":"DUPLICATE_DETECTION_BY_NAME_AND_RESOURCE_KEY"},"global_search_searchable":[],"attribute_only":false,"is_column_custom_attribute":false,"can_have_image":true,"version":1,"name":"ibm_bi_report","scope":"GLOBAL","allow_decorators":true}