{"description":"Basic object in a logical data model","fields":[],"relationships":[],"properties":{"persistent":{"type":"bool","description":"Information about whether the LDM entity is intended to be persisted when transformed to table or is meant to be only in logical model.","is_array":false,"validated":false,"displayInChild":false,"restricted":false},"notes":{"type":"string","is_array":false,"validated":false,"displayInChild":false,"restricted":false}},"localized_metadata_attributes":{"name":{"default":"Logical model entity","en":"Logical model entity","de":"Entität des logischen Modells","es":"Entidad de modelo lógico","fr":"Entité du modèle logique","it":"Entità del modello logico","ja":"論理モデル・エンティティー","ko":"논리 모델 엔티티","pt":"Entidade do modelo lógico","ru":"Сущность логической модели","sv":"Logisk modellentitet","zh":"逻辑模型实体","zh-TW":"邏輯模型實體"},"description":{"default":"Basic object in a logical data model","en":"Basic object in a logical data model","de":"Basisobjekt in einem logischen Datenmodell","es":"Objeto básico en un modelo de datos lógico","fr":"Objet de base dans un modèle de données logique","it":"Oggetto di base in un modello di dati logico","ja":"論理データ・モデル内の基本オブジェクト","ko":"논리 데이터 모델의 기본 오브젝트","pt":"Objeto básico em um modelo de dados lógico","ru":"Базовый объект в логической модели данных","sv":"Grundläggande objekt i en logisk datamodell","zh":"逻辑数据模型中的基本对象","zh-TW":"邏輯資料模型中的基本物件"}},"identity":{"strategy":"DUPLICATE_DETECTION_BY_NAME_AND_RESOURCE_KEY"},"global_search_searchable":[],"attribute_only":false,"is_column_custom_attribute":false,"can_have_image":false,"version":1,"name":"ibm_logical_model_entity","scope":"GLOBAL","allow_decorators":true}