{"description":"An asset that represents the stored procedure structure in the physical model","fields":[],"relationships":[],"properties":{"parameters":{"type":"string","description":"List of stored procedure parameters","is_array":true,"validated":false,"displayInChild":false,"restricted":false},"source_code":{"type":"string","description":"The script defining the logic for the stored procedure","is_array":false,"validated":false,"displayInChild":false,"restricted":false,"label":{"default":"Source Code","en":"Source Code"}},"notes":{"type":"string","description":"Free form textual notes that a user can add","is_array":false,"validated":false,"displayInChild":false,"restricted":false}},"localized_metadata_attributes":{"name":{"default":"Physical model stored procedure","en":"Physical model stored procedure","de":"Gespeicherte Prozedur für physisches Modell","es":"Procedimiento almacenado de modelo físico","fr":"Procédure stockée du modèle physique","it":"Procedura memorizzata del modello fisico","ja":"物理モデル・ストアード・プロシージャー","ko":"물리적 모델 스토어드 프로시저","pt":"Procedimento armazenado do modelo físico","ru":"Хранимая процедура физической модели","sv":"Lagrad procedur för fysisk modell","zh":"物理模型存储过程","zh-TW":"實體模型儲存程序"},"description":{"default":"An asset that represents the stored procedure structure in the physical model","en":"An asset that represents the stored procedure structure in the physical model","de":"Ein Asset, das die Struktur der gespeicherten Prozedur im physischen Modell darstellt","es":"Un activo que representa la estructura de procedimiento almacenado en el modelo físico","fr":"Actif représentant la structure de la procédure mémorisée dans le modèle physique","it":"Un asset che rappresenta la struttura della procedura memorizzata in un modello fisico","ja":"物理モデル内のストアード・プロシージャー構造を表す資産","ko":"실제 모델에서 스토어드 프로시저 구조를 나타내는 자산","pt":"Um ativo que representa a estrutura do procedimento armazenado no modelo físico","ru":"Ресурс, представляющий структуру хранимой процедуры в физической модели","sv":"En inventarie som representerar den lagrade procedurstrukturen i den fysiska modellen","zh":"表示物理模型中的存储过程结构的资产","zh-TW":"代表實體模型中儲存程序結構的資產"}},"identity":{"strategy":"DUPLICATE_DETECTION_BY_NAME_AND_RESOURCE_KEY"},"global_search_searchable":[],"attribute_only":false,"is_column_custom_attribute":false,"can_have_image":false,"version":1,"name":"ibm_physical_model_stored_procedure","scope":"GLOBAL","allow_decorators":true}