{"description":"A container for a logical data model","fields":[],"relationships":[],"properties":{"author":{"type":"string","description":"The organization or department that created the model.","is_array":false,"validated":false,"displayInChild":false,"restricted":false},"version":{"type":"string","description":"The version of the model or the release of the model.","is_array":false,"validated":false,"displayInChild":false,"restricted":false},"namespace":{"type":"string","description":"The value that helps to uniquely identify the model. It can include information about the business domain, name of the product or modeling tool","is_array":false,"validated":false,"displayInChild":false,"restricted":false},"copyright":{"type":"string","description":"The model copyright information.","is_array":false,"validated":false,"displayInChild":false,"restricted":false},"license":{"type":"string","description":"The model license information.","is_array":false,"validated":false,"displayInChild":false,"restricted":false},"notes":{"type":"string","is_array":false,"validated":false,"displayInChild":false,"restricted":false}},"localized_metadata_attributes":{"name":{"default":"Logical model","en":"Logical model","de":"Logisches Modell","es":"Modelo lógico","fr":"Modèle logique","it":"Modello logico","ja":"論理モデル","ko":"논리 모델","pt":"Modelo lógico","ru":"logical model","sv":"Logisk modell","zh":"逻辑模型","zh-TW":"邏輯模型"},"description":{"default":"A container for a logical data model","en":"A container for a logical data model","de":"Ein Container für ein logisches Datenmodell","es":"Un contenedor para un modelo de datos lógico","fr":"Un conteneur pour un modèle de données logique","it":"Un contenitore per un modello di dati logico","ja":"論理データ・モデルのコンテナー","ko":"논리 데이터 모델의 컨테이너","pt":"Um contêiner para um modelo de dados lógicos","ru":"Контейнер для логической модели данных","sv":"En behållare för en logisk datamodell","zh":"逻辑数据模型的容器","zh-TW":"邏輯資料模型的儲存器"}},"identity":{"strategy":"DUPLICATE_DETECTION_BY_NAME_AND_RESOURCE_KEY"},"global_search_searchable":[],"attribute_only":false,"is_column_custom_attribute":false,"can_have_image":false,"version":1,"name":"ibm_logical_model","scope":"GLOBAL","allow_decorators":true}