{"description":"Policy deny asset type","fields":[],"relationships":[],"localized_metadata_attributes":{"name":{"default":"Policy deny","en":"Policy deny","de":"Richtlinienverweigerung","es":"Denegación de política","fr":"Refus de stratégie","it":"Rifiuto politica","ja":"ポリシー拒否","ko":"정책 거부","pt":"Negação de política","ru":"Отказ в политике","sv":"Förneka","zh":"策略拒绝","zh-TW":"原則拒絕"},"description":{"default":"Policy deny asset type","en":"Policy deny asset type","de":"Assettyp für Richtlinienverweigerung","es":"Tipo de activo de denegación de política","fr":"Type d'actif de refus de stratégie","it":"Tipo di asset negazione politica","ja":"ポリシー拒否アセット・タイプ","ko":"정책 거부 자산 유형","pt":"Tipo ativo de negação de política","ru":"Тип ресурса отрицание политики","sv":"Policynekande av","zh":"策略拒绝资产类型","zh-TW":"原則拒絕資產類型"}},"global_search_searchable":[],"attribute_only":true,"is_column_custom_attribute":false,"can_have_image":false,"version":1,"name":"policy_deny","scope":"GLOBAL","allow_decorators":false}