{"metadata":{"asset_id":"57b5d7db-90cd-43cf-ae8a-42050c3a40ca","asset_attributes":["data_asset"],"name":"CUSTOMER_NAMES.csv","asset_type":"data_asset","created_at":"2021-06-07T21:39:43Z","description":"","origin_country":"us","owner_id":"IBMid-550003P291","project_id":"7624c5ec-f025-492c-8974-542cfcd9e668","size":7681,"tags":[],"usage":{"last_update_time":1623101986715,"last_updated_at":"2021-06-07T21:39:46Z"}},"entity":{"data_asset":{"mime_type":"text/csv","dataset":false}},"attachments":[{"id":"af89953d-e0fb-477e-85af-6ec983974116","version":2,"asset_type":"data_asset","name":"CUSTOMER_NAMES.csv","mime":"text/csv","datasource_type":"193a97c1-4475-4a19-b90c-295c4fdc6517","object_key":"CUSTOMER_NAMES.csv","creator_id":"iam-ServiceId-f49c5558-c247-4983-a04f-7d3c7a3d55da","create_time":1623101983986,"size":7681,"is_remote":false,"is_managed":false,"is_referenced":true,"is_object_key_read_only":false,"is_user_provided_path_key":true,"transfer_complete":true,"is_partitioned":false,"complete_time_ticks":1623101983986,"user_data":{},"test_doc":0,"handle":{"bucket":"networkdesignproject-donotdelete-pr-omdyeaza9jifp9","location":"us-geo","key":"CUSTOMER_NAMES.csv","upload_id":"done","max_part_num":1},"usage":{"access_count":0,"last_accessor_id":"iam-ServiceId-f49c5558-c247-4983-a04f-7d3c7a3d55da","last_access_time":1623101983986}}]}
