{"metadata":{"asset_id":"1ca35936-a4ab-47b6-8e27-4c4f6f1ddb1d","asset_attributes":["data_asset"],"name":"MILE_MARKERS.csv","asset_type":"data_asset","created_at":"2021-06-07T21:39:46Z","description":"","origin_country":"us","owner_id":"IBMid-550003P291","project_id":"7624c5ec-f025-492c-8974-542cfcd9e668","size":39,"tags":[],"usage":{"last_update_time":1623101986758,"last_updated_at":"2021-06-07T21:39:46Z"}},"entity":{"data_asset":{"mime_type":"text/csv","dataset":false}},"attachments":[{"id":"0e19db90-4ea0-4521-b272-df56ee46e6ab","version":2,"asset_type":"data_asset","name":"MILE_MARKERS.csv","mime":"text/csv","datasource_type":"193a97c1-4475-4a19-b90c-295c4fdc6517","object_key":"MILE_MARKERS.csv","creator_id":"iam-ServiceId-f49c5558-c247-4983-a04f-7d3c7a3d55da","create_time":1623101986621,"size":39,"is_remote":false,"is_managed":false,"is_referenced":true,"is_object_key_read_only":false,"is_user_provided_path_key":true,"transfer_complete":true,"is_partitioned":false,"complete_time_ticks":1623101986621,"user_data":{},"test_doc":0,"handle":{"bucket":"networkdesignproject-donotdelete-pr-omdyeaza9jifp9","location":"us-geo","key":"MILE_MARKERS.csv","upload_id":"done","max_part_num":1},"usage":{"access_count":0,"last_accessor_id":"iam-ServiceId-f49c5558-c247-4983-a04f-7d3c7a3d55da","last_access_time":1623101986621}}]}
