{"metadata":{"asset_id":"3d940337-072d-4a2f-8a70-904fa2aaf465","asset_attributes":["data_asset"],"name":"DISTRIBUTION_CENTERS.csv","asset_type":"data_asset","created_at":"2021-06-07T21:39:43Z","description":"","origin_country":"us","owner_id":"IBMid-550003P291","project_id":"7624c5ec-f025-492c-8974-542cfcd9e668","size":1490,"tags":[],"usage":{"last_update_time":1623101985675,"last_updated_at":"2021-06-07T21:39:45Z"}},"entity":{"data_asset":{"mime_type":"text/csv","dataset":false}},"attachments":[{"id":"1cd4bc72-fad5-4b55-9310-a642051795f2","version":2,"asset_type":"data_asset","name":"DISTRIBUTION_CENTERS.csv","mime":"text/csv","datasource_type":"193a97c1-4475-4a19-b90c-295c4fdc6517","object_key":"DISTRIBUTION_CENTERS.csv","creator_id":"iam-ServiceId-f49c5558-c247-4983-a04f-7d3c7a3d55da","create_time":1623101985554,"size":1490,"is_remote":false,"is_managed":false,"is_referenced":true,"is_object_key_read_only":false,"is_user_provided_path_key":true,"transfer_complete":true,"is_partitioned":false,"complete_time_ticks":1623101985554,"user_data":{},"test_doc":0,"handle":{"bucket":"networkdesignproject-donotdelete-pr-omdyeaza9jifp9","location":"us-geo","key":"DISTRIBUTION_CENTERS.csv","upload_id":"done","max_part_num":1},"usage":{"access_count":0,"last_accessor_id":"iam-ServiceId-f49c5558-c247-4983-a04f-7d3c7a3d55da","last_access_time":1623101985554}}]}
