{"metadata":{"asset_id":"5835f3cf-f5c0-455c-b94f-a2844e87a98b","asset_attributes":["data_asset"],"name":"CUSTOMERS.csv","asset_type":"data_asset","created_at":"2021-06-07T21:39:42Z","description":"","origin_country":"us","owner_id":"IBMid-550003P291","project_id":"7624c5ec-f025-492c-8974-542cfcd9e668","size":12864,"tags":[],"usage":{"last_update_time":1623101983450,"last_updated_at":"2021-06-07T21:39:43Z"}},"entity":{"data_asset":{"mime_type":"text/csv","dataset":false}},"attachments":[{"id":"7ab5d10b-759b-4ee4-9b00-46fd5f6a02f1","version":2,"asset_type":"data_asset","name":"CUSTOMERS.csv","mime":"text/csv","datasource_type":"193a97c1-4475-4a19-b90c-295c4fdc6517","object_key":"CUSTOMERS.csv","creator_id":"iam-ServiceId-f49c5558-c247-4983-a04f-7d3c7a3d55da","create_time":1623101983359,"size":12864,"is_remote":false,"is_managed":false,"is_referenced":true,"is_object_key_read_only":false,"is_user_provided_path_key":true,"transfer_complete":true,"is_partitioned":false,"complete_time_ticks":1623101983359,"user_data":{},"test_doc":0,"handle":{"bucket":"networkdesignproject-donotdelete-pr-omdyeaza9jifp9","location":"us-geo","key":"CUSTOMERS.csv","upload_id":"done","max_part_num":1},"usage":{"access_count":0,"last_accessor_id":"iam-ServiceId-f49c5558-c247-4983-a04f-7d3c7a3d55da","last_access_time":1623101983359}}]}
