{"metadata":{"asset_id":"b8425295-5bc9-41a6-8629-8b6def03f217","asset_attributes":["notebook"],"name":"NetworkDesignNB","asset_type":"notebook","created_at":"2021-06-07T21:39:48Z","description":"","origin_country":"us","owner_id":"iam-ServiceId-9e68bc5f-c5f6-4f6f-8bcf-e57f47b9d1b1","project_id":"7624c5ec-f025-492c-8974-542cfcd9e668","size":104741,"tags":["notebook"],"usage":{"last_update_time":1624649274875,"last_updated_at":"2021-06-25T19:27:54Z"}},"entity":{"notebook":{"kernel":{"name":"python3","display_name":"Python 3.7","language":"python"},"originates_from":{"type":"file"},"runtime":{"environment":"premium2py37-7624c5ec-f025-492c-8974-542cfcd9e668"}}},"attachments":[{"id":"df0c1be5-220c-424a-afd3-27d4737181dc","version":2,"asset_type":"notebook","name":"attachment for notebook b8425295-5bc9-41a6-8629-8b6def03f217","description":"attachment for notebook b8425295-5bc9-41a6-8629-8b6def03f217","mime":"application/json","datasource_type":"193a97c1-4475-4a19-b90c-295c4fdc6517","object_key":"notebook/NetworkDesign_rDxcfFhOf.ipynb","creator_id":"IBMid-550003P291","create_time":1623101989443,"size":104741,"is_remote":false,"is_managed":false,"is_referenced":true,"is_object_key_read_only":false,"is_user_provided_path_key":true,"transfer_complete":true,"is_partitioned":false,"complete_time_ticks":1623101989443,"user_data":{},"test_doc":0,"handle":{"bucket":"networkdesignproject-donotdelete-pr-omdyeaza9jifp9","location":"us-geo","key":"notebook/NetworkDesign_rDxcfFhOf.ipynb","upload_id":"done","max_part_num":1},"usage":{"access_count":0,"last_accessor_id":"IBMid-550003P291","last_access_time":1623101989443}}]}
