﻿Name,Artifact Type,Category,Description,Tags,Classifications,Stewards,Related Terms,Part Of Terms,Data Classes
Account Balance,glossary_term,Industry Accelerators >> Customer Segmentation,"The total amount that is outstanding on the account, debit or credit.",,,,,Industry Accelerators >> Customer Segmentation >> Loan Account,
,,,,,,,,Industry Accelerators >> Customer Segmentation >> Customer Account,
,,,,,,,,Industry Accelerators >> Customer Segmentation >> Credit Card Account,
Account Closed Date,glossary_term,Industry Accelerators >> Customer Segmentation,The date when the account was closed.,,,,,Industry Accelerators >> Customer Segmentation >> Loan Account,Date
,,,,,,,,Industry Accelerators >> Customer Segmentation >> Customer Account,
,,,,,,,,Industry Accelerators >> Customer Segmentation >> Credit Card Account,
Account Currency,glossary_term,Industry Accelerators >> Customer Segmentation,Identifies the currency of the account.,,,,,Industry Accelerators >> Customer Segmentation >> Loan Account,Currency
,,,,,,,,Industry Accelerators >> Customer Segmentation >> Customer Account,
,,,,,,,,Industry Accelerators >> Customer Segmentation >> Credit Card Account,
Account Name,glossary_term,Industry Accelerators >> Customer Segmentation,A free-form text name of the account.,,Personally Identifiable Information,,,Industry Accelerators >> Customer Segmentation >> Loan Account,
,,,,,,,,Industry Accelerators >> Customer Segmentation >> Customer Account,
,,,,,,,,Industry Accelerators >> Customer Segmentation >> Credit Card Account,
Account Number,glossary_term,Industry Accelerators >> Customer Segmentation,A unique business identifier for the account.,,Personally Identifiable Information,,,Industry Accelerators >> Customer Segmentation >> Loan Account,Account Number
,,,,,,,,Industry Accelerators >> Customer Segmentation >> Customer Account,
,,,,,,,,Industry Accelerators >> Customer Segmentation >> Credit Card Account,
Account Opened Date,glossary_term,Industry Accelerators >> Customer Segmentation,The date when the account was opened.,,,,,Industry Accelerators >> Customer Segmentation >> Loan Account,Date
,,,,,,,,Industry Accelerators >> Customer Segmentation >> Customer Account,
,,,,,,,,Industry Accelerators >> Customer Segmentation >> Credit Card Account,
Account Status,glossary_term,Industry Accelerators >> Customer Segmentation,"The status of the account, for example: active, pending active, pending transfer, final, written off.",,,,,Industry Accelerators >> Customer Segmentation >> Loan Account,
,,,,,,,,Industry Accelerators >> Customer Segmentation >> Customer Account,
,,,,,,,,Industry Accelerators >> Customer Segmentation >> Credit Card Account,
Account Type,glossary_term,Industry Accelerators >> Customer Segmentation,The categorization of the account into distinct types.,,,,,Industry Accelerators >> Customer Segmentation >> Loan Account,
,,,,,,,,Industry Accelerators >> Customer Segmentation >> Customer Account,
,,,,,,,,Industry Accelerators >> Customer Segmentation >> Credit Card Account,
Address Line 1 Description,glossary_term,Industry Accelerators >> Customer Segmentation,"First line of the address, which includes street and building number.",,,,,Industry Accelerators >> Customer Segmentation >> Postal Address,Address Line 1
Adult Household Members,glossary_term,Industry Accelerators >> Customer Segmentation,The number of household members that are aged 18 years or older.,,,,,Industry Accelerators >> Customer Segmentation >> Household,
Anti-money Laundering Monitoring Indicator,glossary_term,Industry Accelerators >> Customer Segmentation,"Indicator if the customer account is monitored for transactions being suspicious of criminal activities involving the movement of money through accounts, banks and countries carried out using the financial institution.",,,,,Industry Accelerators >> Customer Segmentation >> Customer Account,
Arrears Amount,glossary_term,Industry Accelerators >> Customer Segmentation,"The total amount of money which is owed to an organization on payments due on the account, but not received as of the payment due date.",,,,,Industry Accelerators >> Customer Segmentation >> Loan Account,
,,,,,,,,Industry Accelerators >> Customer Segmentation >> Customer Account,
,,,,,,,,Industry Accelerators >> Customer Segmentation >> Credit Card Account,
Authorization Date,glossary_term,Industry Accelerators >> Customer Segmentation,"Identifies a date upon which an action has been authorized. For example, the date upon which a code is issued by a bank to authorize a Credit Card Payment.",,,,,Industry Accelerators >> Customer Segmentation >> Transaction,Date
Children Household Members,glossary_term,Industry Accelerators >> Customer Segmentation,The number of household members who are under the age of 18 years.,,,,,Industry Accelerators >> Customer Segmentation >> Household,
City,glossary_term,Industry Accelerators >> Customer Segmentation,A geographic area that defines the boundaries of a community where people live. It is generally an incorporated or chartered area of a state or province.,,,,,,City
City Name,glossary_term,Industry Accelerators >> Customer Segmentation,"Identifies the label assigned to or by which a city may be identified, for example: Chicago, Dublin, Sydney.",,,,,Industry Accelerators >> Customer Segmentation >> City,City
Communication,glossary_term,Industry Accelerators >> Customer Segmentation,"The receiving or sending of an information between two parties. A communication may be in any medium such as a telephone call, a letter, an email, a meeting, and so on. ",,,,,,
Communication End,glossary_term,Industry Accelerators >> Customer Segmentation,The date and time when the communication was ended.,,,,,Industry Accelerators >> Customer Segmentation >> Communication,Date
Communication Start,glossary_term,Industry Accelerators >> Customer Segmentation,The date and time when the communication was initiated.,,,,,Industry Accelerators >> Customer Segmentation >> Communication,Date
Communication Status,glossary_term,Industry Accelerators >> Customer Segmentation,"The communication status distinguishes between communications according to their current state, for example: awaiting further information, closed, open.",,,,,Industry Accelerators >> Customer Segmentation >> Communication,
Communication Type,glossary_term,Industry Accelerators >> Customer Segmentation,"Indicates the type of communication that has occurred or is planned to occur, for example: campaign mailing, complaint, quotation request.",,,,,Industry Accelerators >> Customer Segmentation >> Communication,
Country,glossary_term,Industry Accelerators >> Customer Segmentation,A geographic area that defines the boundaries of a nation.,,,,Industry Accelerators >> Customer Segmentation >> Postal Address,,Country Name
Country Code,glossary_term,Industry Accelerators >> Customer Segmentation,"A code which identifies a country, for example: the country code for Ireland is 'IE'.",,,,,Industry Accelerators >> Customer Segmentation >> Country,Country Code
Country Name,glossary_term,Industry Accelerators >> Customer Segmentation,"Identifies the label assigned to or by which a country may be identified, for example: Ireland, India.",,,,,Industry Accelerators >> Customer Segmentation >> Country,Country Name
Credit Card Account,glossary_term,Industry Accelerators >> Customer Segmentation,The credit card account includes information from the customer credit card agreements.,,,,Industry Accelerators >> Customer Segmentation >> Customer,,Japan Credit Bureau (JCB)
,,,,,,,Industry Accelerators >> Customer Segmentation >> Customer Agreement,,Master Card
Customer,glossary_term,Industry Accelerators >> Customer Segmentation,A person or organization buying goods or services from the organization.,,Personally Identifiable Information,,Industry Accelerators >> Customer Segmentation >> Loan Account,,
Customer Account,glossary_term,Industry Accelerators >> Customer Segmentation,Customer account includes information from the customer agreements to create billings or invoices for a customer and receive payment.,,,,Industry Accelerators >> Customer Segmentation >> Customer,,
Customer Account Address,glossary_term,Industry Accelerators >> Customer Segmentation,The postal address associated with the customer account.,,Personally Identifiable Information,,Industry Accelerators >> Customer Segmentation >> Postal Address,Industry Accelerators >> Customer Segmentation >> Customer Account,Address  Line 3
,,,,,,,,,Address Line 2
,,,,,,,,,Address Line 1
Customer Account Investment Objective,glossary_term,Industry Accelerators >> Customer Segmentation,"Primary goal that the product linked with this account is intended to satisfy. It can change over time, for example, funds for retirement may at first have a goal of capital appreciation, but as retirement approaches it may change to safety or liquidity.",,,,,Industry Accelerators >> Customer Segmentation >> Customer Account,
Customer Account Life Cycle Status,glossary_term,Industry Accelerators >> Customer Segmentation,Additional classification of customer account status that determines the status of the account based on its life cycle.,,,,,Industry Accelerators >> Customer Segmentation >> Customer Account,
Customer Account Product Type,glossary_term,Industry Accelerators >> Customer Segmentation,Classification of product or service that this account represents or is associated with this account.,,,,,Industry Accelerators >> Customer Segmentation >> Customer Account,
Customer Account Risk Tolerance,glossary_term,Industry Accelerators >> Customer Segmentation,"Classifies the customer's tolerance to market risk in context of customer account. It determines the type of trading and investment. When trading or investing in financial markets, high risk strategies can provide the greatest return.",,,,,Industry Accelerators >> Customer Segmentation >> Customer Account,
Customer Acquisition Cost,glossary_term,Industry Accelerators >> Customer Segmentation,The primary costs of establishing the customer. The money spent on convincing the customer to purchase the products or services of the organization.,,,,,Industry Accelerators >> Customer Segmentation >> Customer,
Customer Active Accounts,glossary_term,Industry Accelerators >> Customer Segmentation,Identifies the number of active customer accounts.,,,,,,
Customer Agreement,glossary_term,Industry Accelerators >> Customer Segmentation,An agreement between the customer and the organization to pay for goods or services. The agreement records billing information about the type of service and product that is provided.,,,,Industry Accelerators >> Customer Segmentation >> Loan Account,,
,,,,,,,Industry Accelerators >> Customer Segmentation >> Customer,,
,,,,,,,Industry Accelerators >> Customer Segmentation >> Customer Account,,
Customer Agreement Number,glossary_term,Industry Accelerators >> Customer Segmentation,The unique alphanumeric value that is assigned in the business process and identifies the customer agreement.,,,,,Industry Accelerators >> Customer Segmentation >> Customer Agreement,
Customer Agreement Type,glossary_term,Industry Accelerators >> Customer Segmentation,An organization specific classification of the customer agreement.,,,,,Industry Accelerators >> Customer Segmentation >> Customer Agreement,
Customer Agreement Validity End,glossary_term,Industry Accelerators >> Customer Segmentation,The date and time when the validity of the customer agreement ceased.,,,,,Industry Accelerators >> Customer Segmentation >> Customer Agreement,Date
Customer Agreement Validity Start,glossary_term,Industry Accelerators >> Customer Segmentation,The date and time when the validity of the customer agreement commenced.,,,,,Industry Accelerators >> Customer Segmentation >> Customer Agreement,Date
Customer All Accounts Fees Amount,glossary_term,Industry Accelerators >> Customer Segmentation,The sum of amounts of all fees on customer accounts in assessed period.,,,,,,
Customer Annual Income,glossary_term,Industry Accelerators >> Customer Segmentation,"The amount of money an individual earns in a single year. Usually includes person's salary and bonuses as well as any other non-employment related income such as dividends from holdings in stocks and shares, trusts.",,,,,Industry Accelerators >> Customer Segmentation >> Customer,
Customer Behavior,glossary_term,Industry Accelerators >> Customer Segmentation,The manner in which a customer prefers to purchase products; buyer behavior or past history.,,,,,Industry Accelerators >> Customer Segmentation >> Customer,
Customer Buy Trades,glossary_term,Industry Accelerators >> Customer Segmentation,Number of buy trade transactions carried out by customers in assessed period.,,,,,,
Customer Buy Trades Amount,glossary_term,Industry Accelerators >> Customer Segmentation,The sum of amounts of all buy trades executed by customers in assessed period.,,,,,,
Customer Call Duration,glossary_term,Industry Accelerators >> Customer Segmentation,The net duration of the customer call measured from the time when the call is answered to the time the call ended usually expressed as number of minutes.,,,,,Industry Accelerators >> Customer Segmentation >> Customer Phone Call,
Customer Calls,glossary_term,Industry Accelerators >> Customer Segmentation,"Number of all phone calls with customers, both customer and organization initiated, in the assessed period.",,,,,,
Customer Commision Amount,glossary_term,Industry Accelerators >> Customer Segmentation,The sum of commission amounts from all trades executed by customers in assessed period.,,,,,,
Customer Communication,glossary_term,Industry Accelerators >> Customer Segmentation,The communication between the customer and the organization typically handled by a contact center.,,,,Industry Accelerators >> Customer Segmentation >> Customer,,
,,,,,,,Industry Accelerators >> Customer Segmentation >> Communication,,
Customer Complaints,glossary_term,Industry Accelerators >> Customer Segmentation,Number of all customer complaints recorded in assessed period.,,,,,,
Customer Credit Authority Level,glossary_term,Industry Accelerators >> Customer Segmentation,"Scale of authority for credit of the customer on the market, for example: high, medium, low.",,,,,Industry Accelerators >> Customer Segmentation >> Customer,
Customer Credit Score,glossary_term,Industry Accelerators >> Customer Segmentation,A score that evaluates the ability of a customer to pay their debts. Rating scores are viewed in terms of the specific type of assessment or set of values used to evaluate a particular aspect of a financial services marketplace.,,,,,Industry Accelerators >> Customer Segmentation >> Customer,
Customer Deposits,glossary_term,Industry Accelerators >> Customer Segmentation,Number of all deposit transactions executed by customers in assessed period.,,,,,,
Customer Deposits Amount,glossary_term,Industry Accelerators >> Customer Segmentation,The sum of amounts from all deposit transactions on the customer accounts in assessed period.,,,,,,
Customer Emails,glossary_term,Industry Accelerators >> Customer Segmentation,Number of all customer emails received in assessed period.,,,,,,
Customer Fees,glossary_term,Industry Accelerators >> Customer Segmentation,Number of fee transactions appearing on customer accounts in assessed period.,,,,,,
Customer Financial Assets,glossary_term,Industry Accelerators >> Customer Segmentation,Total value of all financial assets in possession of the customer.,,,,,Industry Accelerators >> Customer Segmentation >> Customer,
Customer Financial Assets Under Management,glossary_term,Industry Accelerators >> Customer Segmentation,Total value of assets held by the financial institution on behalf of a customer.,,,,,Industry Accelerators >> Customer Segmentation >> Customer,
Customer Identifier,glossary_term,Industry Accelerators >> Customer Segmentation,A unique number that identifies the customer.,,Personally Identifiable Information,,,Industry Accelerators >> Customer Segmentation >> Customer,DUNS Number
,,,,,,,,,Customer Number
,,,,,,,,,Identifier
Customer Importance,glossary_term,Industry Accelerators >> Customer Segmentation,"The level of importance that the customer has to the organization, for example: low, normal, high, VIP.",,,,,Industry Accelerators >> Customer Segmentation >> Customer,
Customer Influencer Score,glossary_term,Industry Accelerators >> Customer Segmentation,A score that expresses the influence that the customer has on others. The score suggests how strongly the communication and behavior of the customer influences the behavior of other people.,,,,,Industry Accelerators >> Customer Segmentation >> Customer,
Customer Interest Earned Amount,glossary_term,Industry Accelerators >> Customer Segmentation,The amount of all interests earned on customer accounts in assessed period.,,,,,,
Customer Interest Fees Amount,glossary_term,Industry Accelerators >> Customer Segmentation,The sum of amounts of interest related fees on customer accounts in assessed period.,,,,,,
Customer Language,glossary_term,Industry Accelerators >> Customer Segmentation,Identifies the natural language associated with customer for use in communications.,,,,,Industry Accelerators >> Customer Segmentation >> Customer,Language Code or Name
Customer Liabilities,glossary_term,Industry Accelerators >> Customer Segmentation,The amount of all customer's debts.,,,,,Industry Accelerators >> Customer Segmentation >> Customer,
Customer Lifetime Value,glossary_term,Industry Accelerators >> Customer Segmentation,The total projected earnings of a customer to the organization over its probable lifetime.,,,,,Industry Accelerators >> Customer Segmentation >> Customer,
Customer Management Fees Amount,glossary_term,Industry Accelerators >> Customer Segmentation,The sum of amounts of management related fees on customer accounts in assessed period.,,,,,,
Customer Market Change Amount,glossary_term,Industry Accelerators >> Customer Segmentation,The sum of amounts from all transactions related to market change on the customer accounts in assessed period.,,,,,,
Customer Market Segment,glossary_term,Industry Accelerators >> Customer Segmentation,The customer classification that is used to segment customers to produce and track the sales forecast.,,,,,Industry Accelerators >> Customer Segmentation >> Customer,
Customer Name,glossary_term,Industry Accelerators >> Customer Segmentation,"The name by which a customer is known and which is usually used to identify that customer. For example: International Business Machines Corporation (IBM), Joe Bloggs.",,Personally Identifiable Information,,,Industry Accelerators >> Customer Segmentation >> Customer,Organization Name
,,,,,,,,,Person Name
Customer Net Present Value,glossary_term,Industry Accelerators >> Customer Segmentation,The present value of the customer's net expected future cash flows minus the cost of investment (or cost of acquisition).,,,,,Industry Accelerators >> Customer Segmentation >> Customer,
Customer Non-Financial Assets,glossary_term,Industry Accelerators >> Customer Segmentation,Total value of all non-financial assets in possession of the customer.,,,,,Industry Accelerators >> Customer Segmentation >> Customer,
Customer Phone Call,glossary_term,Industry Accelerators >> Customer Segmentation,A call between a customer and a contact center agent. This includes both contact center inbound and outbound phone calls.,,,,Industry Accelerators >> Customer Segmentation >> Customer Communication,,
Customer Products,glossary_term,Industry Accelerators >> Customer Segmentation,Number of products the customer owns or has a subscription for.,,,,,Industry Accelerators >> Customer Segmentation >> Customer,
Customer Pursuit,glossary_term,Industry Accelerators >> Customer Segmentation,Classification of customer based on primary living habits and interests of the person.,,,,,Industry Accelerators >> Customer Segmentation >> Customer,
Customer Satisfaction,glossary_term,Industry Accelerators >> Customer Segmentation,The overall satisfaction of the customer with the goods or services that are provided by the organization.,,,,,Industry Accelerators >> Customer Segmentation >> Customer,
Customer Sell Trades,glossary_term,Industry Accelerators >> Customer Segmentation,Number of sell trade transactions carried out by customers in assessed period.,,,,,,
Customer Sell Trades Amount,glossary_term,Industry Accelerators >> Customer Segmentation,The sum of amounts of all sell trades executed by customers in assessed period.,,,,,,
Customer Sentiment,glossary_term,Industry Accelerators >> Customer Segmentation,The overall attitude of the customer to the goods or services provided by the organization.,,,,,Industry Accelerators >> Customer Segmentation >> Customer,
Customer Social Media Posts,glossary_term,Industry Accelerators >> Customer Segmentation,Number of all customer posts in social media addressed to the organization in the assessed period.,,Personally Identifiable Information,,,,
,,,,,Sensitive Personal Information,,,,
Customer Status,glossary_term,Industry Accelerators >> Customer Segmentation,"The status of the customer based on whether there is an active agreement in place between the customer and the organization, for example: active, dormant, former, prospect.",,,,,Industry Accelerators >> Customer Segmentation >> Customer,
Customer Transaction Fees Amount,glossary_term,Industry Accelerators >> Customer Segmentation,The sum of amounts of transaction related fees on customer accounts in assessed period.,,,,,,
Customer Type,glossary_term,Industry Accelerators >> Customer Segmentation,"The type of the customer based on the classification of the organization that is in a contractual or other relationship with the customer, for example: residential, industrial, commercial, government.",,,,,Industry Accelerators >> Customer Segmentation >> Customer,
Customer Units Bought,glossary_term,Industry Accelerators >> Customer Segmentation,Number of all units bought in trade transactions executed by customers in assessed period.,,,,,,
Customer Units Sold,glossary_term,Industry Accelerators >> Customer Segmentation,Number of all units sold in trade transactions executed by customers in assessed period.,,,,,,
Customer Waived Fees Amount,glossary_term,Industry Accelerators >> Customer Segmentation,The sum of amounts of waived fees on customer accounts in assessed period.,,,,,,
Customer Willingness To Recommend,glossary_term,Industry Accelerators >> Customer Segmentation,The customer's satisfaction with a product that quantifies the probability that the customer would recommend this product.,,,,,Industry Accelerators >> Customer Segmentation >> Customer,
Customer Withdrawals,glossary_term,Industry Accelerators >> Customer Segmentation,Number of all withdrawal transactions executed by customers in assessed period.,,,,,,
Customer Withdrawals Amount,glossary_term,Industry Accelerators >> Customer Segmentation,The sum of amounts from all withdrawal transactions on the customer accounts in assessed period.,,,,,,
Date Of Birth,glossary_term,Industry Accelerators >> Customer Segmentation,The date when an individual was born.,,Personally Identifiable Information,,,Industry Accelerators >> Customer Segmentation >> Customer,Date of Birth
Driver License Number,glossary_term,Industry Accelerators >> Customer Segmentation,The unique number assigned to an individual's driver license.,,Personally Identifiable Information,,,Industry Accelerators >> Customer Segmentation >> Customer,Louisiana State Driver's License
,,,,,Sensitive Personal Information,,,,Newfoundland and Labrador Province Driver's License
,,,,,,,,,Kentucky State Driver's License
,,,,,,,,,New York State Driver's License
,,,,,,,,,Georgia State Driver's License
,,,,,,,,,Missouri State Driver's License
,,,,,,,,,Saskatchewan Province Driver's License
,,,,,,,,,Wisconsin State Driver's License
,,,,,,,,,Wyoming State Driver's License
,,,,,,,,,Tennessee State Driver's License
,,,,,,,,,Oklahoma State Driver's License
,,,,,,,,,California State Driver's License
,,,,,,,,,Rhode Island State Driver's License
,,,,,,,,,Pennsylvania State Driver's License
,,,,,,,,,Connecticut State Driver's License
,,,,,,,,,West Virginia State Driver's License
,,,,,,,,,Washington State Driver's License
,,,,,,,,,Washington DC Driver's License
,,,,,,,,,Ohio State Driver's License
,,,,,,,,,Texas State Driver's License
,,,,,,,,,Kansas State Driver's License
,,,,,,,,,Maryland State Driver's License
,,,,,,,,,Idaho State Driver's License
,,,,,,,,,Iowa State Driver's License
,,,,,,,,,North Carolina State Driver's License
,,,,,,,,,Delaware State Driver's License
,,,,,,,,,North Dakota State Driver's License
,,,,,,,,,South Carolina State Driver's License
,,,,,,,,,Utah State Driver's License
,,,,,,,,,Nova Scotia Province Driver's License
,,,,,,,,,Nebraska State Driver's License
,,,,,,,,,Montana State Driver's License
,,,,,,,,,Massachusetts State Driver's License
,,,,,,,,,Manitoba Province Driver's License
,,,,,,,,,New Hampshire State Driver's License
,,,,,,,,,South Dakota State Driver's License
,,,,,,,,,Alberta Province Driver's License
,,,,,,,,,Driver's License
,,,,,,,,,Prince Edward Island Province Driver's License
,,,,,,,,,Arizona State Driver's License
,,,,,,,,,Hawaii State Driver's License
,,,,,,,,,Florida State Driver's License
,,,,,,,,,Colorado State Driver's License
,,,,,,,,,Quebec Province Driver's License
,,,,,,,,,New Jersey State Driver's License
,,,,,,,,,Indiana State Driver's License
,,,,,,,,,Minnesota State Driver's License
,,,,,,,,,Alaska State Driver's License
,,,,,,,,,Oregon State Driver's License
,,,,,,,,,Vermont State Driver's License
,,,,,,,,,Mississippi State Driver's License
,,,,,,,,,Michigan State Driver's License
,,,,,,,,,Nevada State Driver's License
,,,,,,,,,Arkansas State Driver's License
,,,,,,,,,Illinois State Driver's License
,,,,,,,,,Alabama State Driver's License
,,,,,,,,,British Columbia Province Driver's License
,,,,,,,,,Virginia State Driver's License
,,,,,,,,,Maine State Driver's License
,,,,,,,,,New Brunswick Province Driver's License
,,,,,,,,,New Mexico State Driver's License
,,,,,,,,,Ontario Province Driver's License
Email Address,glossary_term,Industry Accelerators >> Customer Segmentation,"An electronic address that can be used to send and receive correspondence over a computer network, for example: jsmith@jonesinc.com.",,Personally Identifiable Information,,,Industry Accelerators >> Customer Segmentation >> Customer,Email Address
Employment Status,glossary_term,Industry Accelerators >> Customer Segmentation,"The employment status of an individual, for example: full-time, part-time, unemployed, retired.",,,,,Industry Accelerators >> Customer Segmentation >> Customer,Employment Status
Ethnicity,glossary_term,Industry Accelerators >> Customer Segmentation,"A classification of an individual based on their membership in a group that is united and defined to a greater or lesser degree by common history, beliefs, culture, nationality, etc.",,Sensitive Personal Information,,,Industry Accelerators >> Customer Segmentation >> Customer,Ethnicity
Family Household Indicator,glossary_term,Industry Accelerators >> Customer Segmentation,"Indicates whether the household includes a couple, as well as at least one child of the couple.",,Personally Identifiable Information,,,Industry Accelerators >> Customer Segmentation >> Household,
First Name,glossary_term,Industry Accelerators >> Customer Segmentation,"A personal name typically used to refer to an individual in informal circumstances, for example: John, Mary.",,Personally Identifiable Information,,,Industry Accelerators >> Customer Segmentation >> Customer,First Name
Gender,glossary_term,Industry Accelerators >> Customer Segmentation,"Indicates an individual's gender, for example: male, female.",,Personally Identifiable Information,,,Industry Accelerators >> Customer Segmentation >> Customer,Gender
Growth As Investment Objective Accounts,glossary_term,Industry Accelerators >> Customer Segmentation,Number of customer accounts that have 'growth' set as their investment objective.,,,,,,
High Risk Tolerance Accounts,glossary_term,Industry Accelerators >> Customer Segmentation,Number of customer accounts with high tolerance to market risk.,,,,,,
Home Address,glossary_term,Industry Accelerators >> Customer Segmentation,The address of a person's home.,,Personally Identifiable Information,,Industry Accelerators >> Customer Segmentation >> Postal Address,Industry Accelerators >> Customer Segmentation >> Customer,Address  Line 3
,,,,,,,,,Address Line 2
,,,,,,,,,Address Line 1
Household,glossary_term,Industry Accelerators >> Customer Segmentation,"A group of individuals, who can be resident at the same address and members of the same family, that share a common economic interest and are treated as a unit for certain purposes.",,Personally Identifiable Information,,,,
Household Gross Income,glossary_term,Industry Accelerators >> Customer Segmentation,"The annual total of all income sources for the household, derived from the gross income of the household members.",,Personally Identifiable Information,,,Industry Accelerators >> Customer Segmentation >> Household,
Household Home Ownership,glossary_term,Industry Accelerators >> Customer Segmentation,Indicates whether a member of the household is also the property owner.,,,,,Industry Accelerators >> Customer Segmentation >> Household,
Household Identifier,glossary_term,Industry Accelerators >> Customer Segmentation,A unique number that identifies the household.,,,,,Industry Accelerators >> Customer Segmentation >> Household,Identifier
Household Income Source,glossary_term,Industry Accelerators >> Customer Segmentation,"The source of income that contributes to most of the income for the household, which is relevant for accounts where ability-to-pay information was collected.",,,,,Industry Accelerators >> Customer Segmentation >> Household,
Household Members,glossary_term,Industry Accelerators >> Customer Segmentation,"The number of people, both adults and children, who are part of the household.",,,,,Industry Accelerators >> Customer Segmentation >> Household,
Household Poverty Level,glossary_term,Industry Accelerators >> Customer Segmentation,"The percentage of poverty that is based on the annual income and number of members of a household, which is calculated for accounts for which ability-to-pay information was collected.",,,,,Industry Accelerators >> Customer Segmentation >> Household,
Household Purchasing Power,glossary_term,Industry Accelerators >> Customer Segmentation,"A rating of the relative spending power of the household, for example: affluent, low income, upper middle income.",,,,,Industry Accelerators >> Customer Segmentation >> Household,
Household Size,glossary_term,Industry Accelerators >> Customer Segmentation,The number of people who are members of the household.,,,,,Industry Accelerators >> Customer Segmentation >> Household,
Inbound Calls,glossary_term,Industry Accelerators >> Customer Segmentation,The number of calls to contact center initiated by the customer during the analyzed period. This includes both answered and abandoned calls.,,,,,,
Inbound Communications,glossary_term,Industry Accelerators >> Customer Segmentation,"The number of contacts with the organization that were initiated by the customers during the analyzed period. This includes phone calls, emails, text messages or communications using social media.",,,,,,
Income As Investment Objective Accounts,glossary_term,Industry Accelerators >> Customer Segmentation,Number of customer accounts that have 'income' set as their investment objective.,,,,,,
Last Name,glossary_term,Industry Accelerators >> Customer Segmentation,"Identifies an individual's name which belongs to the family the Individual is a part of, for example: Smith, Mueller.",,Personally Identifiable Information,,,Industry Accelerators >> Customer Segmentation >> Customer,Last Name
Loan Account,glossary_term,Industry Accelerators >> Customer Segmentation,Identifies a finance service agreement in which the financial institution puts its assets at risk for the benefit of customers.,,,,,,
Low Risk Tolerance Accounts,glossary_term,Industry Accelerators >> Customer Segmentation,Number of customer accounts with low tolerance to market risk.,,,,,,
Moderate Risk Tolerance Accounts,glossary_term,Industry Accelerators >> Customer Segmentation,Number of customer accounts with moderate tolerance to market risk.,,,,,,
New Customer Agreements,glossary_term,Industry Accelerators >> Customer Segmentation,The number of new customer agreements that were created in a given period of time.,,,,,,
Number of Customer Accounts,glossary_term,Industry Accelerators >> Customer Segmentation,The number of customer accounts in assessed period.,,,,,,
Number of Customer Communications,glossary_term,Industry Accelerators >> Customer Segmentation,"The number of all communications with customers, both customer and organization initiated, in the assessed period. This includes phone calls, letters, emails, texts, social media interactions, web and mobile chats.",,,,,,
Outbound Calls,glossary_term,Industry Accelerators >> Customer Segmentation,The number of contact center calls to customer during the analyzed period. This includes both calls answered by customer and calls ended by agent due to customer not answering.,,,,,,
Outbound Communications,glossary_term,Industry Accelerators >> Customer Segmentation,"The number of customer contacts with the organization that were initiated by the contact center during the analyzed period. This includes phone calls, email, text messages or communications using social media.",,,,,,
Planning As Investment Objective Accounts,glossary_term,Industry Accelerators >> Customer Segmentation,Number of customer accounts that have 'planning' set as their investment objective.,,,,,,
Postal Address,glossary_term,Industry Accelerators >> Customer Segmentation,The address to which mail is delivered.,,,,,,Address  Line 3
,,,,,,,,,Address Line 2
,,,,,,,,,Address Line 1
Postal Address Area Type,glossary_term,Industry Accelerators >> Customer Segmentation,"Classifies the area to which the postal address belongs according to the density, type and layout of buildings.",,,,,Industry Accelerators >> Customer Segmentation >> Postal Address,
Postal Address City,glossary_term,Industry Accelerators >> Customer Segmentation,Identifies the city component of postal address. ,,,,Industry Accelerators >> Customer Segmentation >> City,Industry Accelerators >> Customer Segmentation >> Postal Address,City
Postal Address Country,glossary_term,Industry Accelerators >> Customer Segmentation,Identifies the country component of postal address.,,,,Industry Accelerators >> Customer Segmentation >> Country,Industry Accelerators >> Customer Segmentation >> Postal Address,Country Name
Postal Address State,glossary_term,Industry Accelerators >> Customer Segmentation,Identifies the state component of postal address.,,,,Industry Accelerators >> Customer Segmentation >> State,Industry Accelerators >> Customer Segmentation >> Postal Address,UK Province Code
,,,,,,,,,Canada Province Code
,,,,,,,,,State/Province Name
,,,,,,,,,ISO 3166-2 Code
,,,,,,,,,US State Code
Postal Code,glossary_term,Industry Accelerators >> Customer Segmentation,A code that is included in a postal address to assist the sorting of mail.,,,,,Industry Accelerators >> Customer Segmentation >> Postal Address,Canada Post Code
,,,,,,,,,US Zip Code
,,,,,,,,,UK Post Code
,,,,,,,,,Ireland Eircode
Primary Account Holder,glossary_term,Industry Accelerators >> Customer Segmentation,The primary account holder associated with the customer account.,,,,Industry Accelerators >> Customer Segmentation >> Customer,Industry Accelerators >> Customer Segmentation >> Customer Account,
Properties Owned,glossary_term,Industry Accelerators >> Customer Segmentation,The number of properties owned by the customer.,,,,,Industry Accelerators >> Customer Segmentation >> Customer,
Returned Customers,glossary_term,Industry Accelerators >> Customer Segmentation,The number of ex-customers that became active again by signing a new customer agreement in a given period of time.,,,,,,
Secure Growth As Investment Objective Accounts,glossary_term,Industry Accelerators >> Customer Segmentation,Number of customer accounts that have 'secure growth' set as their investment objective.,,,,,,
Security As Investment Objective Accounts,glossary_term,Industry Accelerators >> Customer Segmentation,Number of customer accounts that have 'security' set as their investment objective.,,,,,,
Seniors Household Members,glossary_term,Industry Accelerators >> Customer Segmentation,The number of household members who are categorized as seniors.,,,,,Industry Accelerators >> Customer Segmentation >> Household,
Social Media Account,glossary_term,Industry Accelerators >> Customer Segmentation,A profile that pertains to the social media presence of a person or organization. A person or organization each can have more than one social media account.,,Sensitive Personal Information,,,,
Social Security Number,glossary_term,Industry Accelerators >> Customer Segmentation,An identification number issued to citizens and permanent residents by a governmental agency for the purposes of qualifying for Social Security benefits.,,Personally Identifiable Information,,,Industry Accelerators >> Customer Segmentation >> Customer,Canadian Social Insurance Number (SIN)
,,,,,,,,,UK National Insurance Number
,,,,,,,,,US Social Security Number
,,,,,,,,,US Social Security Number Last 4
State,glossary_term,Industry Accelerators >> Customer Segmentation,A geographic area that is a political subdivision of a country. This can be a state or Province.,,,,,,
State Code,glossary_term,Industry Accelerators >> Customer Segmentation,"A code which identifies a state or province, for example: the state code for Florida is 'FL'.",,,,,Industry Accelerators >> Customer Segmentation >> State,UK Province Code
,,,,,,,,,Canada Province Code
,,,,,,,,,ISO 3166-2 Code
,,,,,,,,,US State Code
State Name,glossary_term,Industry Accelerators >> Customer Segmentation,"Identifies the label assigned to or by which a state may be identified, for example: Florida, Texas, Kentucky.",,,,,Industry Accelerators >> Customer Segmentation >> State,Canada Province Name
,,,,,,,,,State/Province Name
,,,,,,,,,US State Name
Street,glossary_term,Industry Accelerators >> Customer Segmentation,The name of the street of the address.,,,,,Industry Accelerators >> Customer Segmentation >> Postal Address,US Street Name
Tax Advantage Indicator,glossary_term,Industry Accelerators >> Customer Segmentation,"Indicates whether the account provides a tax benefit to customer, or not. ",,,,,Industry Accelerators >> Customer Segmentation >> Customer Account,
Telephone Number,glossary_term,Industry Accelerators >> Customer Segmentation,The general-purpose telephone information that is needed to contact a wired or wireless telephone device.,,Personally Identifiable Information,,,Industry Accelerators >> Customer Segmentation >> Customer,US Phone Number
,,,,,,,,Industry Accelerators >> Customer Segmentation >> Communication,
Top Spending Category,glossary_term,Industry Accelerators >> Customer Segmentation,"The personal expenses category with highest customer spending, for example: food, health, housing, insurance, personal, recreation, savings, transportation, utilities.",,,,,Industry Accelerators >> Customer Segmentation >> Customer,
Trading Volume,glossary_term,Industry Accelerators >> Customer Segmentation,The sum of all amounts of trades carried out by customer in assessed period.,,,,,,
Transaction,glossary_term,Industry Accelerators >> Customer Segmentation,Identifies an activity that represents the recording of events on customer account.,,,,Industry Accelerators >> Customer Segmentation >> Loan Account,,
,,,,,,,Industry Accelerators >> Customer Segmentation >> Customer,,
,,,,,,,Industry Accelerators >> Customer Segmentation >> Customer Account,,
,,,,,,,Industry Accelerators >> Customer Segmentation >> Credit Card Account,,
Transaction Count,glossary_term,Industry Accelerators >> Customer Segmentation,"The number of transactions performed by, or on behalf of, the organization.",,,,,,
Transaction Currency,glossary_term,Industry Accelerators >> Customer Segmentation,Identifies a currency recorded on the transaction.,,,,,Industry Accelerators >> Customer Segmentation >> Transaction,Currency
Transaction Date,glossary_term,Industry Accelerators >> Customer Segmentation,The date on which the transaction actually occurred.,,,,,Industry Accelerators >> Customer Segmentation >> Transaction,Date
Transaction Device Identifier,glossary_term,Industry Accelerators >> Customer Segmentation,"The identifier of the device used to initiate the transaction. For example, the ATM identifier, the Teller Position Identifier etc.",,,,,Industry Accelerators >> Customer Segmentation >> Transaction,Identifier
Very Low Risk Tolerance Accounts,glossary_term,Industry Accelerators >> Customer Segmentation,Number of customer accounts with very low tolerance to market risk.,,,,,,
Work Address,glossary_term,Industry Accelerators >> Customer Segmentation,The address of a person's work.,,Personally Identifiable Information,,Industry Accelerators >> Customer Segmentation >> Postal Address,Industry Accelerators >> Customer Segmentation >> Customer,Address  Line 3
,,,,,,,,,Address Line 2
,,,,,,,,,Address Line 1
