{"description":"Business Intelligence Report","fields":[],"external_asset_preview":{},"relationships":[],"properties":{"transformation_expression":{"type":"string","description":"Transformation expression of BI Report"},"transformation_tag":{"type":"string","description":"Transformation tag of BI Report"},"visualization_hyperlink":{"type":"string","description":"An external link to visually explore lineage information"}},"localized_metadata_attributes":{"name":{"default":"BI Report","en":"BI Report"}},"global_search_searchable":[],"attribute_only":false,"name":"bi_report","version":6,"scope":"GLOBAL"}
