{"description":"Business Intelligence Report Query Item","fields":[],"external_asset_preview":{},"relationships":[],"properties":{"transformation_expression":{"type":"string","description":"Transformation expression of BI Report Query Item"},"transformation_tag":{"type":"string","description":"Transformation tag of BI Report Query Item"},"visualization_hyperlink":{"type":"string","description":"An external link to visually explore lineage information"}},"localized_metadata_attributes":{"name":{"default":"BI Report Query Item","en":"BI Report Query Item"}},"global_search_searchable":[],"attribute_only":false,"name":"bi_report_query_item","version":4,"scope":"GLOBAL"}
