{"description":"Business Intelligence Report Query","fields":[],"external_asset_preview":{},"relationships":[],"properties":{"transformation_expression":{"type":"string","description":"Transformation expression of BI Report Query"},"transformation_tag":{"type":"string","description":"Transformation tag of BI Report Query"},"visualization_hyperlink":{"type":"string","description":"An external link to visually explore lineage information"}},"localized_metadata_attributes":{"name":{"default":"BI Report Query","en":"BI Report Query"}},"global_search_searchable":[],"attribute_only":false,"name":"bi_report_query","version":4,"scope":"GLOBAL"}
