{"fields":[{"key":"area_id","type":"string","facet":false,"is_array":false,"is_searchable_across_types":true},{"key":"publish_date","type":"long","facet":false,"is_array":false,"is_searchable_across_types":true},{"key":"review_date","type":"long","facet":false,"is_array":false,"is_searchable_across_types":true}],"external_asset_preview":{},"relationships":[{"key":"area_id","target_asset_type":"metadata_enrichment_area","on_delete_target":"DISCONNECT","on_delete":"IGNORE","on_clone_target":"IGNORE","on_clone":"IGNORE","on_promote":"IGNORE","on_publish":"IGNORE"}],"global_search_searchable":[],"attribute_only":false,"name":"containing_mde_area","version":16,"scope":"GLOBAL"}
