{"description":"description_1625016310247","fields":[{"key":"host","type":"string","facet":false,"is_array":false,"is_searchable_across_types":false},{"key":"user","type":"string","facet":false,"is_array":false,"is_searchable_across_types":false},{"key":"ip","type":"string","facet":false,"is_array":false,"is_searchable_across_types":false}],"external_asset_preview":{},"relationships":[],"global_search_searchable":[],"attribute_only":false,"name":"global_type_new_FVTRabbitMQScenario","version":1,"scope":"GLOBAL"}
