{"description":"The Governance asset representing a logical model and model request","fields":[{"key":"name","type":"string","facet":false,"is_array":false,"search_path":"name","is_searchable_across_types":false},{"key":"lmid","type":"string","facet":false,"is_array":false,"search_path":"lmid","is_searchable_across_types":false},{"key":"status","type":"string","facet":false,"is_array":false,"search_path":"status","is_searchable_across_types":false}],"external_asset_preview":{},"relationships":[],"properties":{"purpose":{"type":"string","description":"Intended business purpose of the requested model","placeholder":"Please enter business purpose of the requested model","is_array":false,"required":false,"hidden":false,"readonly":false,"default_value":"None","label":{"default":"Model purpose","en":"Model purpose"}},"documentation":{"type":"string","description":"a URL pointing to external documentation","placeholder":"Please enter a URL pointing to external documentation","is_array":false,"required":false,"hidden":false,"readonly":false,"default_value":"None","label":{"default":"Supporting documentation","en":"Supporting documentation"}},"risk_level":{"type":"string","description":"Enter Risk level","placeholder":"Enter Risk level","is_array":false,"required":false,"hidden":false,"readonly":false,"default_value":"None","label":{"default":"Risk level","en":"Please enter risk level"}},"lmid":{"type":"string","description":"Logical Model id","placeholder":"Logical Model id","is_array":false,"required":true,"hidden":true,"readonly":true,"default_value":"None","label":{"default":"LMID","en":"LMID"}},"status":{"type":"string","description":"Status of the model entry","placeholder":"Please enter status of the model entry","is_array":false,"required":false,"hidden":true,"readonly":false,"default_value":"Draft","values":["Draft","Awaiting development","Developed","Promoted to pre-production","Deployed for validation","Validated","Approved","Promoted to production","Deployed for operation","In operation","Under revision","Decommissioned"],"label":{"default":"Model entry status","en":"Model entry status"}}},"global_search_searchable":["status"],"attribute_only":false,"name":"model_entry","version":1,"scope":"GLOBAL"}
