{"metadata":{"asset_id":"c29c8ac2-0c99-4d14-b8b6-c2b45682ebc2","asset_attributes":["data_asset"],"name":"german_credit_data_biased_training.csv","asset_type":"data_asset","created_at":"2021-08-13T15:33:40Z","description":"","origin_country":"us","owner_id":"IBMid-550003P291","project_id":"c6ab7fb1-6247-490f-904d-2edc37b7a961","size":689622,"tags":[],"usage":{"last_update_time":1628868821244,"last_updated_at":"2021-08-13T15:33:41Z"}},"entity":{"data_asset":{"mime_type":"text/csv","dataset":true}},"attachments":[{"id":"f72a3d52-e782-4f0b-9d31-61f07e96e226","version":2,"asset_type":"data_asset","name":"german_credit_data_biased_training.csv","mime":"text/csv","datasource_type":"193a97c1-4475-4a19-b90c-295c4fdc6517","object_key":"bd6c230b-4bd3-474e-af9f-a4a03bca6b5b/d7fc0a69-4326-4f37-aef2-03b4c1be2c0c/7e8daf5a-428c-4056-ae96-2cdbcbd4ff75","creator_id":"iam-ServiceId-f49c5558-c247-4983-a04f-7d3c7a3d55da","create_time":1628868821159,"size":689622,"is_remote":false,"is_managed":false,"is_referenced":true,"is_object_key_read_only":false,"is_user_provided_path_key":true,"transfer_complete":true,"is_partitioned":false,"complete_time_ticks":1628868821159,"user_data":{},"test_doc":0,"handle":{"bucket":"orchestrationflowproject-donotdelete-pr-mg4nva5pyotkwv","location":"us-geo","key":"bd6c230b-4bd3-474e-af9f-a4a03bca6b5b/d7fc0a69-4326-4f37-aef2-03b4c1be2c0c/7e8daf5a-428c-4056-ae96-2cdbcbd4ff75","upload_id":"done","max_part_num":1},"usage":{"access_count":0,"last_accessor_id":"iam-ServiceId-f49c5558-c247-4983-a04f-7d3c7a3d55da","last_access_time":1628868821159}}]}
