{"metadata":{"asset_id":"1f2de372-f71c-455f-8e87-3e1604892dd6","asset_attributes":["job"],"name":"Trial job - On-boarding - Train AutoAI and reference model and select the best","asset_type":"job","created_at":"2021-08-13T18:10:50Z","description":"Trial job and run created for the pipeline: On-boarding - Train AutoAI and reference model and select the best","origin_country":"us","owner_id":"IBMid-550003P291","project_id":"c6ab7fb1-6247-490f-904d-2edc37b7a961","size":0,"tags":[],"usage":{"last_update_time":1628878250763,"last_updated_at":"2021-08-13T18:10:50Z"}},"entity":{"job":{"asset_ref_type":"orchestration_flow","configuration":{"sub_type":"oflow_trial_run","parameter_set":{"parameters":[{"name":"deployment_space","value":"/spaces/b4120a07-a352-4a16-b53d-8e480372c585"}]},"version":"5c0fc398-fa5a-424f-b8b1-bdcafe3211a5-0","env_type":"","env_variables":[]},"last_run_initiator":"None","last_run_time":"","last_run_status":"None","last_run_status_timestamp":0,"future_scheduled_runs":[],"enable_notifications":true,"project_name":"Orchestration Flow project","asset_ref":"5c0fc398-fa5a-424f-b8b1-bdcafe3211a5","schedule_id":"","schedule_creator_id":""}}}
