{"metadata":{"asset_id":"36b4ca93-443e-4df3-b88c-809c871d4e7d","asset_attributes":["job"],"name":"Notebook_5de5f51c-2f54-40e7-9695-3eae5c73d1c3_on_conda1py37-7bcdd5af-bf22-4d95-8cf4-4a1ae3567e7f","asset_type":"job","created_at":"2021-08-13T18:12:00Z","description":"","origin_country":"us","owner_id":"IBMid-550003P291","project_id":"c6ab7fb1-6247-490f-904d-2edc37b7a961","size":0,"tags":[],"usage":{"last_update_time":1628878320061,"last_updated_at":"2021-08-13T18:12:00Z"}},"entity":{"job":{"asset_ref_type":"notebook","configuration":{"env_id":"conda1py37-7bcdd5af-bf22-4d95-8cf4-4a1ae3567e7f","env_type":"notebook","env_variables":[]},"last_run_initiator":"None","last_run_time":"","last_run_status":"None","last_run_status_timestamp":0,"future_scheduled_runs":[],"enable_notifications":true,"project_name":"Orchestration Flow project","asset_ref":"5de5f51c-2f54-40e7-9695-3eae5c73d1c3","schedule_id":"","schedule_creator_id":""}}}
