{"metadata":{"asset_id":"8af9cb1d-9d18-4165-8b4c-4448c3943c98","asset_attributes":["job"],"name":"Notebook_f422703a-c07d-4056-8bee-eba528224b06_on_conda1py37-7bcdd5af-bf22-4d95-8cf4-4a1ae3567e7f","asset_type":"job","created_at":"2021-08-18T21:13:01Z","description":"","origin_country":"us","owner_id":"IBMid-550003P291","project_id":"c6ab7fb1-6247-490f-904d-2edc37b7a961","size":0,"tags":[],"usage":{"last_update_time":1629321181522,"last_updated_at":"2021-08-18T21:13:01Z"}},"entity":{"job":{"asset_ref_type":"notebook","configuration":{"env_id":"conda1py37-7bcdd5af-bf22-4d95-8cf4-4a1ae3567e7f","env_type":"notebook","env_variables":[]},"last_run_initiator":"None","last_run_time":"","last_run_status":"None","last_run_status_timestamp":0,"future_scheduled_runs":[],"enable_notifications":true,"project_name":"Orchestration Flow project","asset_ref":"f422703a-c07d-4056-8bee-eba528224b06","schedule_id":"","schedule_creator_id":""}}}
