{"metadata":{"asset_id":"5de5f51c-2f54-40e7-9695-3eae5c73d1c3","asset_attributes":["notebook"],"name":"reference-model-training-notebook","asset_type":"notebook","created_at":"2021-08-13T15:33:41Z","description":"","origin_country":"us","owner_id":"iam-ServiceId-9e68bc5f-c5f6-4f6f-8bcf-e57f47b9d1b1","project_id":"c6ab7fb1-6247-490f-904d-2edc37b7a961","size":56442,"tags":["notebook"],"usage":{"last_update_time":1629831350719,"last_updated_at":"2021-08-24T18:55:50Z"}},"entity":{"notebook":{"kernel":{"name":"python3","display_name":"Python 3.7","language":"python"},"originates_from":{"type":"file"},"runtime":{"environment":"conda1py37oce-c6ab7fb1-6247-490f-904d-2edc37b7a961"}}},"attachments":[{"id":"c3386317-c826-46f1-97f1-cc8aa62c6e4b","version":2,"asset_type":"notebook","name":"attachment for notebook 5de5f51c-2f54-40e7-9695-3eae5c73d1c3","description":"attachment for notebook 5de5f51c-2f54-40e7-9695-3eae5c73d1c3","mime":"application/json","datasource_type":"193a97c1-4475-4a19-b90c-295c4fdc6517","object_key":"notebook/train-model_nmS6RtKlv.ipynb","creator_id":"IBMid-550003P291","create_time":1628868822398,"size":56442,"is_remote":false,"is_managed":false,"is_referenced":true,"is_object_key_read_only":false,"is_user_provided_path_key":true,"transfer_complete":true,"is_partitioned":false,"complete_time_ticks":1628868822398,"user_data":{},"test_doc":0,"handle":{"bucket":"orchestrationflowproject-donotdelete-pr-mg4nva5pyotkwv","location":"us-geo","key":"notebook/train-model_nmS6RtKlv.ipynb","upload_id":"done","max_part_num":1},"usage":{"access_count":0,"last_accessor_id":"IBMid-550003P291","last_access_time":1628868822398}}]}
