[{"metadata":{"asset_id":"5c0fc398-fa5a-424f-b8b1-bdcafe3211a5","name":"On-boarding - Train AutoAI and reference model and select the best","description":"","tags":[],"asset_type":"orchestration_flow","origin_country":"us","rov":{"mode":0},"owner_id":"IBMid-550003P291","created_at":"2021-08-13T15:33:45Z"},"entity":{"orchestration_flow":{"created_at":1628868825,"default_version":{"id":"5c0fc398-fa5a-424f-b8b1-bdcafe3211a5-1","version_code_source_url":"","version_created_at":1628868825,"version_name":"On-boarding - Train AutoAI and reference model and select the best","version_parameters":"[{\"name\":\"deployment_space\",\"value\":\"\"}]","version_status":"VOLATILE"},"default_version_id":"5c0fc398-fa5a-424f-b8b1-bdcafe3211a5-1","deleted_versions":[],"status":"VOLATILE","version_code_source_url":"","version_created_at":1628868825,"version_name":"On-boarding - Train AutoAI and reference model and select the best","version_parameters":"[{\"name\":\"deployment_space\",\"value\":\"\"}]","version_status":"VOLATILE"}},"attachments":null}]
