{"metadata":{"asset_id":"4f10c7a5-396e-4917-86cb-c0f336941e5c","asset_attributes":["data_asset","location_definition"],"name":"sample_elastic_search_NESTED_template.json","asset_type":"data_asset","created_at":"2025-04-17T17:40:05Z","description":"NESTED template.","origin_country":"us","owner_id":"IBMid-50Q83SX8M9","project_id":"14dc1e63-e7f6-4f57-8ad7-65c1a2346aa1","size":340,"usage":{"last_update_time":1744911605512,"last_updated_at":"2025-04-17T17:40:05Z"}},"entity":{"data_asset":{"dataset":false,"mime_type":"application/json"},"location_definition":{"physical_location_code_assignment_method":"INFERRED","physical_location_code":"DAL","physical_location_code_assigned_by":"IBMid-50Q83SX8M9","physical_location_code_added_on":"1744911508429","physical_location_code_rds_version":"a709c995-541b-4a2a-a7b8-6fc1f4e5ffe2_0","physical_location_code_rds_id":"c57cb90f-2126-3800-9c9f-9eab82021cdf"}},"attachments":[{"id":"4187a7e7-9a10-4942-94ce-0647bc6ae85d","version":2,"asset_type":"data_asset","name":"sample_elastic_search_NESTED_template.json","mime":"application/json","datasource_type":"193a97c1-4475-4a19-b90c-295c4fdc6517","object_key":"sample_elastic_search_NESTED_template.json","creator_id":"IBMid-50Q83SX8M9","create_time":1744911605637,"size":340,"is_remote":false,"is_managed":false,"is_referenced":true,"is_object_key_read_only":false,"is_user_provided_path_key":true,"transfer_complete":true,"is_partitioned":false,"complete_time_ticks":1744911605637,"user_data":{},"test_doc":0,"handle":{"bucket":"sj16gc6-donotdelete-pr-jdhpd4bayxoplp","location":"us-south","type":"bluemix_cos","key":"sample_elastic_search_NESTED_template.json","upload_id":"done","max_part_num":1},"usage":{"access_count":0,"last_accessor_id":"IBMid-50Q83SX8M9","last_access_time":1744911605637}}]}
