{"metadata":{"asset_id":"afa97c07-9ff3-4f08-a087-02bd8adbdd84","asset_attributes":["data_asset","location_definition"],"name":"ibm-docs-SSYOK8.zip","asset_type":"data_asset","created_at":"2025-04-17T17:40:15Z","description":"A sample zip file comprising 1351 HTML pages related to the documentation of the watsonx.ai. This can be used as sample data to run the accelerator.","origin_country":"us","owner_id":"IBMid-50Q83SX8M9","project_id":"14dc1e63-e7f6-4f57-8ad7-65c1a2346aa1","size":4797348,"usage":{"last_update_time":1744911615789,"last_updated_at":"2025-04-17T17:40:15Z"}},"entity":{"data_asset":{"dataset":false,"mime_type":"application/zip"},"location_definition":{"physical_location_code_assignment_method":"INFERRED","physical_location_code":"DAL","physical_location_code_assigned_by":"IBMid-50Q83SX8M9","physical_location_code_added_on":"1744911508429","physical_location_code_rds_version":"a709c995-541b-4a2a-a7b8-6fc1f4e5ffe2_0","physical_location_code_rds_id":"c57cb90f-2126-3800-9c9f-9eab82021cdf"}},"attachments":[{"id":"30a4dde7-11c9-42b8-b00a-1f60e2345a78","version":2,"asset_type":"data_asset","name":"ibm-docs-SSYOK8.zip","mime":"application/zip","datasource_type":"193a97c1-4475-4a19-b90c-295c4fdc6517","object_key":"ibm-docs-SSYOK8.zip","creator_id":"IBMid-50Q83SX8M9","create_time":1744911615861,"size":4797348,"is_remote":false,"is_managed":false,"is_referenced":true,"is_object_key_read_only":false,"is_user_provided_path_key":true,"transfer_complete":true,"is_partitioned":false,"complete_time_ticks":1744911615861,"user_data":{},"test_doc":0,"handle":{"bucket":"sj16gc6-donotdelete-pr-jdhpd4bayxoplp","location":"us-south","type":"bluemix_cos","key":"ibm-docs-SSYOK8.zip","upload_id":"done","max_part_num":1},"usage":{"access_count":0,"last_accessor_id":"IBMid-50Q83SX8M9","last_access_time":1744911615861}}]}
