{"metadata":{"asset_id":"9d7ef6d5-6007-40ad-9ba6-ef5c4a9a552a","asset_attributes":["data_asset","location_definition"],"name":"elastic_search_hybrid_rrf_template.json","asset_type":"data_asset","created_at":"2025-04-17T17:39:58Z","description":"ELSER Multisearch Hybrid template with RRF.","origin_country":"us","owner_id":"IBMid-50Q83SX8M9","project_id":"14dc1e63-e7f6-4f57-8ad7-65c1a2346aa1","size":590,"usage":{"last_update_time":1744911598837,"last_updated_at":"2025-04-17T17:39:58Z"}},"entity":{"data_asset":{"dataset":false,"mime_type":"application/json"},"location_definition":{"physical_location_code_assignment_method":"INFERRED","physical_location_code":"DAL","physical_location_code_assigned_by":"IBMid-50Q83SX8M9","physical_location_code_added_on":"1744911508429","physical_location_code_rds_version":"a709c995-541b-4a2a-a7b8-6fc1f4e5ffe2_0","physical_location_code_rds_id":"c57cb90f-2126-3800-9c9f-9eab82021cdf"}},"attachments":[{"id":"1b222e36-545b-4b97-947c-9fe82fa94dd9","version":2,"asset_type":"data_asset","name":"elastic_search_hybrid_rrf_template.json","mime":"application/json","datasource_type":"193a97c1-4475-4a19-b90c-295c4fdc6517","object_key":"elastic_search_hybrid_rrf_template.json","creator_id":"IBMid-50Q83SX8M9","create_time":1744911599016,"size":590,"is_remote":false,"is_managed":false,"is_referenced":true,"is_object_key_read_only":false,"is_user_provided_path_key":true,"transfer_complete":true,"is_partitioned":false,"complete_time_ticks":1744911599016,"user_data":{},"test_doc":0,"handle":{"bucket":"sj16gc6-donotdelete-pr-jdhpd4bayxoplp","location":"us-south","type":"bluemix_cos","key":"elastic_search_hybrid_rrf_template.json","upload_id":"done","max_part_num":1},"usage":{"access_count":0,"last_accessor_id":"IBMid-50Q83SX8M9","last_access_time":1744911599016}}]}
