{"metadata":{"asset_id":"e46d618c-c83e-4f1d-8da8-deca545c4426","asset_attributes":["environment"],"name":"qna_template","asset_type":"environment","created_at":"2025-04-17T17:48:41Z","description":"","origin_country":"us","owner_id":"IBMid-50Q83SX8M9","project_id":"14dc1e63-e7f6-4f57-8ad7-65c1a2346aa1","sandbox_id":"14dc1e63-e7f6-4f57-8ad7-65c1a2346aa1","size":0,"tags":["dsx"],"usage":{"last_update_time":1744912134298,"last_updated_at":"2025-04-17T17:48:54Z"}},"entity":{"environment":{"sub_type":"notebook","display_name":"qna_template","hardware_specification":{"type":"referenced","guid":"3b3c4ea8-70ef-4c6c-999c-8e059a6bd53b"},"software_specification":{"type":"referenced","guid":"45f12dfe-aa78-5b8d-9f38-0ee223c47309"},"tools_specification":{"supported_kernels":[{"name":"python3","display_name":"Python 3.11","language":"python","version":"3.11"}],"notebook_extensions":["ipywidgets"]}}}}
