{"metadata":{"asset_id":"3b3c4ea8-70ef-4c6c-999c-8e059a6bd53b","asset_attributes":["hardware_specification"],"name":"qna_template","asset_type":"hardware_specification","created_at":"2025-04-17T17:48:41Z","description":"","origin_country":"us","owner_id":"IBMid-50Q83SX8M9","project_id":"14dc1e63-e7f6-4f57-8ad7-65c1a2346aa1","sandbox_id":"14dc1e63-e7f6-4f57-8ad7-65c1a2346aa1","size":0,"tags":["dsx"],"usage":{"last_update_time":1744912121342,"last_updated_at":"2025-04-17T17:48:41Z"}},"entity":{"hardware_specification":{"nodes":{"cpu":{"units":"1","model":""},"mem":{"size":"4Gi"}}}}}
