{"metadata":{"asset_id":"9a1f7e37-99f9-4ee8-a55a-4512f1c6308b","asset_attributes":["job"],"name":"Process and Ingest data into vector DB Job","asset_type":"job","created_at":"2025-04-17T17:39:17Z","description":"Notebook job to process and ingest data into a vector database.","origin_country":"us","owner_id":"IBMid-50Q83SX8M9","project_id":"14dc1e63-e7f6-4f57-8ad7-65c1a2346aa1","size":0,"usage":{"last_update_time":1744911557999,"last_updated_at":"2025-04-17T17:39:17Z"}},"entity":{"job":{"asset_ref_type":"notebook","configuration":{"entrypoint":"","env_id":"rt241pys2-14dc1e63-e7f6-4f57-8ad7-65c1a2346aa1","env_type":"notebook","env_variables":[],"file_ref":"","run_results":"log_and_new_notebook"},"last_run_initiator":"deprecated field","last_run_time":"deprecated field","last_run_status":"deprecated field","last_run_status_timestamp":0,"future_scheduled_runs":[],"enable_notifications":true,"task_credentials_support":{"task_credentials_enabled":true,"user_id":"IBMid-50Q83SX8M9","account_id":"6b9d4c596ded4fdab96f0edd3f2fa18a"},"project_name":"sj_1.6-gc6","asset_ref":"24b1c426-d5c5-4d36-82a2-6e4340feb094","schedule_id":"","schedule_creator_id":""}}}
