{"metadata":{"asset_id":"cb85b1b0-fab6-4e99-93cc-59936504051b","asset_attributes":["job"],"name":"Create and Deploy QnA Python Function job","asset_type":"job","created_at":"2025-04-17T17:39:08Z","description":"Notebook job for the creation and deployment of the QnA python function for RAG.","origin_country":"us","owner_id":"IBMid-50Q83SX8M9","project_id":"14dc1e63-e7f6-4f57-8ad7-65c1a2346aa1","size":0,"usage":{"last_update_time":1744911548667,"last_updated_at":"2025-04-17T17:39:08Z"}},"entity":{"job":{"asset_ref_type":"notebook","configuration":{"entrypoint":"","env_id":"rt241pys2-14dc1e63-e7f6-4f57-8ad7-65c1a2346aa1","env_type":"notebook","env_variables":[],"file_ref":"","run_results":"log_and_new_notebook"},"last_run_initiator":"deprecated field","last_run_time":"deprecated field","last_run_status":"deprecated field","last_run_status_timestamp":0,"future_scheduled_runs":[],"enable_notifications":true,"task_credentials_support":{"task_credentials_enabled":true,"user_id":"IBMid-50Q83SX8M9","account_id":"6b9d4c596ded4fdab96f0edd3f2fa18a"},"project_name":"sj_1.6-gc6","asset_ref":"8ce08cbf-8084-4315-bf21-c4a7253c9b16","schedule_id":"","schedule_creator_id":""}}}
