{"metadata":{"asset_id":"f15909e2-ff19-4924-95fa-4c002ebd1b10","asset_attributes":["job"],"name":"QnA with RAG Pipeline Job","asset_type":"job","created_at":"2025-04-17T17:40:42Z","description":"Watson Pipeline job that executes the notebooks end to end in an automated method.","origin_country":"us","owner_id":"IBMid-50Q83SX8M9","project_id":"14dc1e63-e7f6-4f57-8ad7-65c1a2346aa1","size":0,"usage":{"last_update_time":1744911642592,"last_updated_at":"2025-04-17T17:40:42Z"}},"entity":{"job":{"asset_ref_type":"orchestration_flow","configuration":{"env_id":"rt241pys2-14dc1e63-e7f6-4f57-8ad7-65c1a2346aa1","env_type":"notebook","env_variables":[]},"last_run_initiator":"deprecated field","last_run_time":"deprecated field","last_run_status":"deprecated field","last_run_status_timestamp":0,"future_scheduled_runs":[],"enable_notifications":true,"task_credentials_support":{"task_credentials_enabled":true,"user_id":"IBMid-50Q83SX8M9","account_id":"6b9d4c596ded4fdab96f0edd3f2fa18a"},"project_name":"sj_1.6-gc6","asset_ref":"9314afad-ae86-45c1-9c00-b98ec7637e93","schedule_id":"","schedule_creator_id":""}}}
