{"metadata":{"asset_id":"24b1c426-d5c5-4d36-82a2-6e4340feb094","asset_attributes":["notebook","location_definition"],"name":"Process and Ingest data into vector DB","asset_type":"notebook","created_at":"2025-04-17T17:39:13Z","description":"This notebook processes various types of data and convert data for subsequent ingestion into the vector index.","origin_country":"us","owner_id":"IBMid-50Q83SX8M9","project_id":"14dc1e63-e7f6-4f57-8ad7-65c1a2346aa1","size":33243,"tags":["notebook"],"usage":{"last_update_time":1744912218108,"last_updated_at":"2025-04-17T17:50:18Z"}},"entity":{"notebook":{"originates_from":{"type":"blank"},"kernel":{"name":"python3","display_name":"Python 3.11","language":"python"},"runtime":{"environment":"rt241pys2-14dc1e63-e7f6-4f57-8ad7-65c1a2346aa1"}},"location_definition":{"physical_location_code":"DAL","physical_location_code_assigned_by":"IBMid-50Q83SX8M9","physical_location_code_rds_id":"c57cb90f-2126-3800-9c9f-9eab82021cdf","physical_location_code_rds_version":"a709c995-541b-4a2a-a7b8-6fc1f4e5ffe2_0","physical_location_code_assignment_method":"INFERRED","physical_location_code_added_on":"1744911508429"}},"attachments":[{"id":"1b3ad778-e046-464d-98f8-8da780468624","version":2,"asset_type":"notebook","name":"attachment for notebook 24b1c426-d5c5-4d36-82a2-6e4340feb094","description":"attachment for notebook 24b1c426-d5c5-4d36-82a2-6e4340feb094","mime":"application/json","datasource_type":"193a97c1-4475-4a19-b90c-295c4fdc6517","object_key":"notebook/Process_and_Ingest_Data_into_Vector_DB.ipynb","creator_id":"IBMid-50Q83SX8M9","create_time":1744911553993,"size":33243,"is_remote":false,"is_managed":false,"is_referenced":true,"is_object_key_read_only":false,"is_user_provided_path_key":true,"transfer_complete":true,"is_partitioned":false,"complete_time_ticks":1744911553993,"user_data":{},"test_doc":0,"handle":{"bucket":"sj16gc6-donotdelete-pr-jdhpd4bayxoplp","location":"us-south","type":"bluemix_cos","key":"notebook/Process_and_Ingest_Data_into_Vector_DB.ipynb","upload_id":"done","max_part_num":1},"usage":{"access_count":0,"last_accessor_id":"IBMid-50Q83SX8M9","last_access_time":1744911553993}}]}
