{"metadata":{"asset_id":"f5d967e7-c79e-4278-bc83-7fb61e6e36d2","asset_attributes":["notebook","location_definition"],"name":"Analyze Log and Feedback notebook","asset_type":"notebook","created_at":"2025-04-17T17:39:29Z","description":"","origin_country":"us","owner_id":"IBMid-50Q83SX8M9","project_id":"14dc1e63-e7f6-4f57-8ad7-65c1a2346aa1","size":44212,"tags":["notebook"],"usage":{"last_update_time":1744912198825,"last_updated_at":"2025-04-17T17:49:58Z"}},"entity":{"notebook":{"originates_from":{"type":"blank"},"kernel":{"name":"python3","display_name":"Python 3.11","language":"python"},"runtime":{"environment":"rt241pys2-14dc1e63-e7f6-4f57-8ad7-65c1a2346aa1"}},"location_definition":{"physical_location_code":"DAL","physical_location_code_assigned_by":"IBMid-50Q83SX8M9","physical_location_code_rds_id":"c57cb90f-2126-3800-9c9f-9eab82021cdf","physical_location_code_rds_version":"a709c995-541b-4a2a-a7b8-6fc1f4e5ffe2_0","physical_location_code_assignment_method":"INFERRED","physical_location_code_added_on":"1744911508429"}},"attachments":[{"id":"3ff34c57-23cd-433f-8c92-3b9ffc0c2974","version":2,"asset_type":"notebook","name":"attachment for notebook f5d967e7-c79e-4278-bc83-7fb61e6e36d2","description":"attachment for notebook f5d967e7-c79e-4278-bc83-7fb61e6e36d2","mime":"application/json","datasource_type":"193a97c1-4475-4a19-b90c-295c4fdc6517","object_key":"notebook/Analyze_Log_and_Feedback.ipynb","creator_id":"IBMid-50Q83SX8M9","create_time":1744911570065,"size":44212,"is_remote":false,"is_managed":false,"is_referenced":true,"is_object_key_read_only":false,"is_user_provided_path_key":true,"transfer_complete":true,"is_partitioned":false,"complete_time_ticks":1744911570065,"user_data":{},"test_doc":0,"handle":{"bucket":"sj16gc6-donotdelete-pr-jdhpd4bayxoplp","location":"us-south","type":"bluemix_cos","key":"notebook/Analyze_Log_and_Feedback.ipynb","upload_id":"done","max_part_num":1},"usage":{"access_count":0,"last_accessor_id":"IBMid-50Q83SX8M9","last_access_time":1744911570065}}]}
