{"metadata":{"asset_id":"a7f7e123-0313-41cd-a138-ff74f9b1c18c","asset_attributes":["notebook","location_definition"],"name":"Ingest Expert Profile data to vector DB","asset_type":"notebook","created_at":"2025-04-17T17:38:56Z","description":"This notebook extracts the expert profile samples and indexes it into the vector db for search and retrieval.","origin_country":"us","owner_id":"IBMid-50Q83SX8M9","project_id":"14dc1e63-e7f6-4f57-8ad7-65c1a2346aa1","size":35835,"tags":["notebook"],"usage":{"last_update_time":1744912258188,"last_updated_at":"2025-04-17T17:50:58Z"}},"entity":{"notebook":{"originates_from":{"type":"blank"},"kernel":{"name":"python3","display_name":"Python 3.11","language":"python"},"runtime":{"environment":"rt241pys2-14dc1e63-e7f6-4f57-8ad7-65c1a2346aa1"}},"location_definition":{"physical_location_code":"DAL","physical_location_code_assigned_by":"IBMid-50Q83SX8M9","physical_location_code_rds_id":"c57cb90f-2126-3800-9c9f-9eab82021cdf","physical_location_code_rds_version":"a709c995-541b-4a2a-a7b8-6fc1f4e5ffe2_0","physical_location_code_assignment_method":"INFERRED","physical_location_code_added_on":"1744911508429"}},"attachments":[{"id":"59fd7cb2-9a36-4846-81b3-90247c48b0d9","version":2,"asset_type":"notebook","name":"attachment for notebook a7f7e123-0313-41cd-a138-ff74f9b1c18c","description":"attachment for notebook a7f7e123-0313-41cd-a138-ff74f9b1c18c","mime":"application/json","datasource_type":"193a97c1-4475-4a19-b90c-295c4fdc6517","object_key":"notebook/Ingestion_of_Expert_Profile_data_to_Vector_DB.ipynb","creator_id":"IBMid-50Q83SX8M9","create_time":1744911537559,"size":35835,"is_remote":false,"is_managed":false,"is_referenced":true,"is_object_key_read_only":false,"is_user_provided_path_key":true,"transfer_complete":true,"is_partitioned":false,"complete_time_ticks":1744911537559,"user_data":{},"test_doc":0,"handle":{"bucket":"sj16gc6-donotdelete-pr-jdhpd4bayxoplp","location":"us-south","type":"bluemix_cos","key":"notebook/Ingestion_of_Expert_Profile_data_to_Vector_DB.ipynb","upload_id":"done","max_part_num":1},"usage":{"access_count":0,"last_accessor_id":"IBMid-50Q83SX8M9","last_access_time":1744911537559}}]}
