{"metadata":{"asset_id":"9314afad-ae86-45c1-9c00-b98ec7637e93","name":"QnA with RAG pipeline","description":"","tags":null,"asset_type":"orchestration_flow","origin_country":"us","rov":{"mode":0},"owner_id":"IBMid-50Q83SX8M9","created_at":"2025-04-17T17:40:38Z","commit_info":{"previous_revision":1}},"entity":{"location_definition":{"physical_location_code":"DAL","physical_location_code_added_on":"1744911508429","physical_location_code_assigned_by":"IBMid-50Q83SX8M9","physical_location_code_assignment_method":"INFERRED","physical_location_code_rds_id":"c57cb90f-2126-3800-9c9f-9eab82021cdf","physical_location_code_rds_version":"a709c995-541b-4a2a-a7b8-6fc1f4e5ffe2_0"},"orchestration_flow":{"created_at":1744911638,"default_version_id":"9314afad-ae86-45c1-9c00-b98ec7637e93-1","deleted_versions":[],"status":"READY","version_code_source_url":"","version_created_at":1744911638,"version_name":"QnA with RAG pipeline","version_status":"VOLATILE"}},"attachments":[{"object_key":"orchestration_flow/9314afad-ae86-45c1-9c00-b98ec7637e93-0"}],"scope":"cpd.__projects_14dc1e63-e7f6-4f57-8ad7-65c1a2346aa1"}
