{"metadata":{"name":"RAG template - granite-3-2_8b_instruct","description":"Granite 3-2 8b Prompt Template for RAG.","asset_type":"wx_prompt","origin_country":"us","resource_key":"b82967c59dc82f118e643961d62a7f948f96845f10def140aaff9489f30c0fbc"},"entity":{"wx_prompt":{"input_mode":"freeform","is_template":true,"prompt_variables":{"context":{"default_value":""},"question":{"default_value":""}}},"location_definition":{"physical_location_code_assignment_method":"INFERRED","physical_location_code":"DAL","physical_location_code_assigned_by":"IBMid-50Q83SX8M9","physical_location_code_added_on":"1744911508429","physical_location_code_rds_version":"a709c995-541b-4a2a-a7b8-6fc1f4e5ffe2_0","physical_location_code_rds_id":"c57cb90f-2126-3800-9c9f-9eab82021cdf"},"modelfacts_system":{"model_information":{"fm_id":"ibm/granite-3-2-8b-instruct"},"training_information":{},"project_details":{"environment_type":"development","is_environmenttype_openscale_value":false,"is_imported_model":false},"model_identity_information":{"model_identity_key":"b82967c59dc82f118e643961d62a7f948f96845f10def140aaff9489f30c0fbc"}},"modelfacts_user":{}},"attachments":[{"id":"d01cf4e5-4dac-4ba0-a7f4-8e1a83fe23ff","version":2,"asset_type":"wx_prompt","name":"RAGtemplate-granite-3-2_8b_instruct.json","mime":"application/json","datasource_type":"193a97c1-4475-4a19-b90c-295c4fdc6517","object_key":"wx_prompt/RAGtemplate-granite-3-2_8b_instruct__da__qkez74wsdp.json","creator_id":"IBMid-50Q83SX8M9","create_time":1744911530355,"size":1397,"is_remote":false,"is_managed":false,"is_referenced":true,"is_object_key_read_only":false,"is_user_provided_path_key":true,"transfer_complete":true,"is_partitioned":false,"complete_time_ticks":1744911530355,"user_data":{},"test_doc":0,"handle":{"bucket":"sj16gc6-donotdelete-pr-jdhpd4bayxoplp","location":"us-south","type":"bluemix_cos","key":"wx_prompt/RAGtemplate-granite-3-2_8b_instruct__da__qkez74wsdp.json","upload_id":"done","max_part_num":1},"usage":{"access_count":0,"last_accessor_id":"IBMid-50Q83SX8M9","last_access_time":1744911530355}}]}
