{"description":"Data integration job","fields":[],"relationships":[],"properties":{"ext_attributes":{"type":"object","description":"Vendor specific attributes","readonly":true,"validated":false,"label":{"default":"Attributes","en":"Attributes"}}},"localized_metadata_attributes":{"name":{"default":"Data integration job","en":"Data integration job"}},"identity":{"strategy":"DUPLICATE_DETECTION_BY_RESOURCE_KEY"},"global_search_searchable":[],"attribute_only":false,"is_column_custom_attribute":false,"can_have_image":false,"version":1,"name":"data_integration_job","scope":"GLOBAL","allow_decorators":true}