{"description":"Column in a physical data model","fields":[],"relationships":[],"properties":{"data_domain":{"type":"string","description":"A user-defined data type.  For example, \"kWh\"","validated":false,"label":{"default":"Data Domain","en":"Data Domain"}},"data_type":{"type":"string","description":"A physical database data type","validated":false,"label":{"default":"Data Type","en":"Data Type"}},"length":{"type":"integer","description":"Length defined for the column data type","validated":false},"nullable":{"type":"bool","description":"Information about whether the column is optional/nullable","validated":false,"label":{"default":"Is Nullable","en":"Is Nullable"}},"default_value":{"type":"string","description":"A value that is automatically generated when none is provided for this column in a new record","validated":false,"label":{"default":"Default Value","en":"Default Value"}},"derived":{"type":"bool","description":"Information about whether or not this column is calculated from other columns","validated":false,"label":{"default":"Is Derived","en":"Is Derived"}},"generated":{"type":"bool","description":"Information about whether or not the value is auto-generated by the database system","validated":false,"label":{"default":"Is Generated","en":"Is Generated"}},"sequence_number":{"type":"integer","description":"The ordinal number of attribute within the entity","validated":false,"label":{"default":"Sequence Number","en":"Sequence Number"}},"notes":{"type":"string","description":"Free form textual notes that a user can add","validated":false}},"localized_metadata_attributes":{"name":{"default":"Physical model column","en":"Physical model column","de":"Spalte für physisches Modell","es":"Columna de modelo físico","fr":"Colonne du modèle physique","it":"Colonna del modello fisico","ja":"物理モデル列","ko":"물리적 모델 열","pt":"Coluna do modelo físico","ru":"Столбец физической модели","sv":"Fysisk modellkolumn","zh":"物理模型列","zh_TW":"實體模型直欄"}},"global_search_searchable":[],"attribute_only":false,"is_column_custom_attribute":false,"can_have_image":false,"version":1,"name":"ibm_physical_model_column","scope":"GLOBAL","allow_decorators":true}