{"description":"SQL constraint that is used to specify rules for data in a table,","fields":[],"relationships":[],"properties":{"constraint_type":{"type":"string","description":"Classification of the constraint, can be one of the following values: PRIMARY KEY, FOREIGN KEY, UNIQUE, CHECK","validated":false,"label":{"default":"Constraint Type","en":"Constraint Type"}},"keys":{"type":"string","description":"Columns included in the key from the primary table","is_array":true,"validated":false,"label":{"default":"Key Columns","en":"Key Columns"}},"target_keys":{"type":"string","description":"Columns included in the key from a referenced table","is_array":true,"validated":false,"label":{"default":"Target Key Columns","en":"Target Key Columns"}},"enforced":{"type":"bool","description":"Indicates whether the constraint is checked when inserting new rows to table or updating existing rows.","validated":false,"label":{"default":"Is Enforced","en":"Is Enforced"}},"notes":{"type":"string","description":"Free form textual notes that a user can add","validated":false}},"localized_metadata_attributes":{"name":{"default":"Physical constraint","en":"Physical constraint"}},"global_search_searchable":[],"attribute_only":false,"is_column_custom_attribute":false,"can_have_image":false,"version":1,"name":"physical_constraint","scope":"GLOBAL","allow_decorators":true}