{"metadata":{"asset_id":"2e896406-ad80-4a53-bb98-d8a562209760","asset_attributes":["data_asset"],"name":"$dxref 2015.csv","asset_type":"data_asset","created_at":"2021-04-26T02:54:16Z","description":"","origin_country":"us","owner_id":"IBMid-550003P291","project_id":"16e41ce0-9b60-44fb-957e-a29fc49dd061","size":1051556,"tags":[],"usage":{"last_update_time":1619405657946,"last_updated_at":"2021-04-26T02:54:17Z"}},"entity":{"data_asset":{"mime_type":"text/csv","dataset":false}},"attachments":[{"id":"d9214ea5-0b96-4cde-ab87-41c7bce2c563","version":2,"asset_type":"data_asset","name":"$dxref 2015.csv","mime":"text/csv","datasource_type":"193a97c1-4475-4a19-b90c-295c4fdc6517","object_key":"$dxref 2015.csv","creator_id":"IBMid-550003P291","create_time":1619405657945,"size":1051556,"is_remote":false,"is_managed":false,"is_referenced":true,"is_object_key_read_only":true,"is_user_provided_path_key":true,"transfer_complete":true,"is_partitioned":false,"complete_time_ticks":1619405657945,"user_data":{},"test_doc":0,"handle":{"bucket":"predictingbeneficiaryclaimsincome-donotdelete-pr-0yjd6epfit2hvt","location":"us-geo","key":"$dxref 2015.csv","upload_id":"done","max_part_num":1},"usage":{"access_count":0,"last_accessor_id":"IBMid-550003P291","last_access_time":1619405657945}}]}
