{"metadata":{"asset_id":"f0962d9e-48dc-4d61-9b82-c58703e93f21","asset_attributes":["data_asset"],"name":"Patient.ndjson","asset_type":"data_asset","created_at":"2021-04-26T02:54:04Z","description":"","origin_country":"us","owner_id":"IBMid-550003P291","project_id":"16e41ce0-9b60-44fb-957e-a29fc49dd061","size":32758,"tags":[],"usage":{"last_update_time":1619405645634,"last_updated_at":"2021-04-26T02:54:05Z"}},"entity":{"data_asset":{"mime_type":"application/octet-stream","dataset":false}},"attachments":[{"id":"01539b58-b4f0-4ee4-b217-ccd7c770551b","version":2,"asset_type":"data_asset","name":"Patient.ndjson","mime":"application/octet-stream","datasource_type":"193a97c1-4475-4a19-b90c-295c4fdc6517","object_key":"Patient.ndjson","creator_id":"IBMid-550003P291","create_time":1619405645633,"size":32758,"is_remote":false,"is_managed":false,"is_referenced":true,"is_object_key_read_only":true,"is_user_provided_path_key":true,"transfer_complete":true,"is_partitioned":false,"complete_time_ticks":1619405645633,"user_data":{},"test_doc":0,"handle":{"bucket":"predictingbeneficiaryclaimsincome-donotdelete-pr-0yjd6epfit2hvt","location":"us-geo","key":"Patient.ndjson","upload_id":"done","max_part_num":1},"usage":{"access_count":0,"last_accessor_id":"IBMid-550003P291","last_access_time":1619405645633}}]}
