{"metadata":{"asset_id":"3349b0ca-795e-4b03-a72f-f41ba95c1fd5","asset_attributes":["data_asset"],"name":"Coverage.ndjson","asset_type":"data_asset","created_at":"2021-04-26T02:54:10Z","description":"","origin_country":"us","owner_id":"IBMid-550003P291","project_id":"16e41ce0-9b60-44fb-957e-a29fc49dd061","size":135800,"tags":[],"usage":{"last_update_time":1619405651437,"last_updated_at":"2021-04-26T02:54:11Z"}},"entity":{"data_asset":{"mime_type":"application/octet-stream","dataset":false}},"attachments":[{"id":"381ef07f-9c5e-484f-8683-dd2f969cb90e","version":2,"asset_type":"data_asset","name":"Coverage.ndjson","mime":"application/octet-stream","datasource_type":"193a97c1-4475-4a19-b90c-295c4fdc6517","object_key":"Coverage.ndjson","creator_id":"IBMid-550003P291","create_time":1619405651437,"size":135800,"is_remote":false,"is_managed":false,"is_referenced":true,"is_object_key_read_only":true,"is_user_provided_path_key":true,"transfer_complete":true,"is_partitioned":false,"complete_time_ticks":1619405651437,"user_data":{},"test_doc":0,"handle":{"bucket":"predictingbeneficiaryclaimsincome-donotdelete-pr-0yjd6epfit2hvt","location":"us-geo","key":"Coverage.ndjson","upload_id":"done","max_part_num":1},"usage":{"access_count":0,"last_accessor_id":"IBMid-550003P291","last_access_time":1619405651437}}]}
