{"metadata":{"asset_id":"33aca73e-0423-4d92-8eaf-897e8132d8f7","asset_attributes":["notebook"],"name":"Spark Model Training","asset_type":"notebook","created_at":"2021-04-26T02:27:34Z","description":"","origin_country":"us","owner_id":"IBMid-550003P291","project_id":"16e41ce0-9b60-44fb-957e-a29fc49dd061","size":79220,"tags":["notebook"],"usage":{"last_update_time":1619744929842,"last_updated_at":"2021-04-30T01:08:49Z"}},"entity":{"notebook":{"kernel":{"name":"python37","display_name":"Python 3.7 with Spark","language":"python3"},"originates_from":{"type":"blank"},"runtime":{"environment":"spark24py37-16e41ce0-9b60-44fb-957e-a29fc49dd061"}}},"attachments":[{"id":"d6a8ba0d-5cf1-4abc-8a3c-ac45e1fe56c6","version":2,"asset_type":"notebook","name":"attachment for notebook 33aca73e-0423-4d92-8eaf-897e8132d8f7","description":"attachment for notebook 33aca73e-0423-4d92-8eaf-897e8132d8f7","mime":"application/json","datasource_type":"193a97c1-4475-4a19-b90c-295c4fdc6517","object_key":"notebook/Spark_Model_Training_8D1knirxL.ipynb","creator_id":"IBMid-550003P291","create_time":1619404054796,"size":79220,"is_remote":false,"is_managed":false,"is_referenced":true,"is_object_key_read_only":false,"is_user_provided_path_key":true,"transfer_complete":true,"is_partitioned":false,"complete_time_ticks":1619404054796,"user_data":{},"test_doc":0,"handle":{"bucket":"predictingbeneficiaryclaimsincome-donotdelete-pr-0yjd6epfit2hvt","location":"us-geo","key":"notebook/Spark_Model_Training_8D1knirxL.ipynb","upload_id":"done","max_part_num":1},"usage":{"access_count":0,"last_accessor_id":"IBMid-550003P291","last_access_time":1619404054796}}]}
