{"metadata":{"asset_id":"9bd4870c-f5a4-4af5-a4ff-d018b410866d","asset_attributes":["data_asset","location_definition"],"name":"ibm-docs-SSYOK8.zip","asset_type":"data_asset","created_at":"2025-07-04T13:24:01Z","description":"A sample zip file comprising 1351 HTML pages related to the documentation of the watsonx.ai. This can be used as sample data to run the accelerator.","origin_country":"us","owner_id":"IBMid-50Q83SX8M9","project_id":"cbf7caab-9b0f-4c5e-be0f-818f10be89e9","size":5006070,"usage":{"last_update_time":1751635441097,"last_updated_at":"2025-07-04T13:24:01Z"}},"entity":{"data_asset":{"dataset":false,"mime_type":"application/zip"}},"attachments":[{"id":"287b7e94-3143-47bc-810e-5d0d61adf264","version":2,"asset_type":"data_asset","name":"ibm-docs-SSYOK8.zip","mime":"application/zip","datasource_type":"193a97c1-4475-4a19-b90c-295c4fdc6517","object_key":"ibm-docs-SSYOK8.zip","creator_id":"IBMid-50Q83SX8M9","create_time":1751635441355,"size":5006070,"is_remote":false,"is_managed":false,"is_referenced":true,"is_object_key_read_only":false,"is_user_provided_path_key":true,"transfer_complete":true,"is_partitioned":false,"complete_time_ticks":1751635441355,"user_data":{},"test_doc":0,"handle":{"bucket":"sjqna20gc3-donotdelete-pr-ryqcyav3olf4sf","location":"us-south","type":"bluemix_cos","key":"ibm-docs-SSYOK8.zip","upload_id":"done","max_part_num":1},"usage":{"access_count":0,"last_accessor_id":"IBMid-50Q83SX8M9","last_access_time":1751635441355}}]}
