{"metadata":{"asset_id":"36179fcb-576a-4a9a-8aea-4476db337f0e","asset_attributes":["data_asset","location_definition"],"name":"rag_helper_functions.py","asset_type":"data_asset","created_at":"2025-07-04T13:24:04Z","description":"Python script that provides many helper functions that are used through the notebooks.","origin_country":"us","owner_id":"IBMid-50Q83SX8M9","project_id":"cbf7caab-9b0f-4c5e-be0f-818f10be89e9","size":21315,"usage":{"last_update_time":1751635444554,"last_updated_at":"2025-07-04T13:24:04Z"}},"entity":{"data_asset":{"dataset":false,"mime_type":"text/x-script.python"}},"attachments":[{"id":"75df08e4-5689-41ef-bd59-4620773fabcb","version":2,"asset_type":"data_asset","name":"rag_helper_functions.py","mime":"text/x-script.python","datasource_type":"193a97c1-4475-4a19-b90c-295c4fdc6517","object_key":"rag_helper_functions.py","creator_id":"IBMid-50Q83SX8M9","create_time":1751635444648,"size":21315,"is_remote":false,"is_managed":false,"is_referenced":true,"is_object_key_read_only":false,"is_user_provided_path_key":true,"transfer_complete":true,"is_partitioned":false,"complete_time_ticks":1751635444648,"user_data":{},"test_doc":0,"handle":{"bucket":"sjqna20gc3-donotdelete-pr-ryqcyav3olf4sf","location":"us-south","type":"bluemix_cos","key":"rag_helper_functions.py","upload_id":"done","max_part_num":1},"usage":{"access_count":0,"last_accessor_id":"IBMid-50Q83SX8M9","last_access_time":1751635444648}}]}
