{"metadata":{"asset_id":"280939d0-2de4-4199-9f7f-7693aeddfeae","asset_attributes":["data_asset","location_definition"],"name":"expert_profiles_data.json","asset_type":"data_asset","created_at":"2025-07-04T13:23:27Z","description":"LLM Generated expert profiles data.","origin_country":"us","owner_id":"IBMid-50Q83SX8M9","project_id":"cbf7caab-9b0f-4c5e-be0f-818f10be89e9","size":1162705,"usage":{"last_update_time":1751635407548,"last_updated_at":"2025-07-04T13:23:27Z"}},"entity":{"data_asset":{"dataset":false,"mime_type":"application/json"}},"attachments":[{"id":"18be24fc-55ab-4e82-a086-67704631c552","version":2,"asset_type":"data_asset","name":"expert_profiles_data.json","mime":"application/json","datasource_type":"193a97c1-4475-4a19-b90c-295c4fdc6517","object_key":"expert_profiles_data.json","creator_id":"IBMid-50Q83SX8M9","create_time":1751635407842,"size":1162705,"is_remote":false,"is_managed":false,"is_referenced":true,"is_object_key_read_only":false,"is_user_provided_path_key":true,"transfer_complete":true,"is_partitioned":false,"complete_time_ticks":1751635407842,"user_data":{},"test_doc":0,"handle":{"bucket":"sjqna20gc3-donotdelete-pr-ryqcyav3olf4sf","location":"us-south","type":"bluemix_cos","key":"expert_profiles_data.json","upload_id":"done","max_part_num":1},"usage":{"access_count":0,"last_accessor_id":"IBMid-50Q83SX8M9","last_access_time":1751635407842}}]}
