{"metadata":{"asset_id":"058c6554-c689-4e22-87a4-9f18a409b758","asset_attributes":["data_asset","location_definition"],"name":"Readme - Watsonx Discovery S3 Connector.pdf","asset_type":"data_asset","created_at":"2025-07-04T13:24:14Z","description":"README file for Watsonx Discovery S3 Connector","origin_country":"us","owner_id":"IBMid-50Q83SX8M9","project_id":"cbf7caab-9b0f-4c5e-be0f-818f10be89e9","size":1971247,"usage":{"last_update_time":1751635454192,"last_updated_at":"2025-07-04T13:24:14Z"}},"entity":{"data_asset":{"dataset":false,"mime_type":"application/pdf"}},"attachments":[{"id":"cce1f1a9-0240-49bb-ac4a-e1245642a646","version":2,"asset_type":"data_asset","name":"Readme - Watsonx Discovery S3 Connector.pdf","mime":"application/pdf","datasource_type":"193a97c1-4475-4a19-b90c-295c4fdc6517","object_key":"Readme - Watsonx Discovery S3 Connector.pdf","creator_id":"IBMid-50Q83SX8M9","create_time":1751635454673,"size":1971247,"is_remote":false,"is_managed":false,"is_referenced":true,"is_object_key_read_only":false,"is_user_provided_path_key":true,"transfer_complete":true,"is_partitioned":false,"complete_time_ticks":1751635454673,"user_data":{},"test_doc":0,"handle":{"bucket":"sjqna20gc3-donotdelete-pr-ryqcyav3olf4sf","location":"us-south","type":"bluemix_cos","key":"Readme - Watsonx Discovery S3 Connector.pdf","upload_id":"done","max_part_num":1},"usage":{"access_count":0,"last_accessor_id":"IBMid-50Q83SX8M9","last_access_time":1751635454673}}]}
