{"metadata":{"asset_id":"bd17c35c-1c40-43c8-a9c2-0d87d887c294","asset_attributes":["data_asset","location_definition"],"name":"elastic_search_hybrid_rrf_template.json","asset_type":"data_asset","created_at":"2025-07-04T13:23:41Z","description":"ELSER Multisearch Hybrid template with RRF.","origin_country":"us","owner_id":"IBMid-50Q83SX8M9","project_id":"cbf7caab-9b0f-4c5e-be0f-818f10be89e9","size":590,"usage":{"last_update_time":1751635421923,"last_updated_at":"2025-07-04T13:23:41Z"}},"entity":{"data_asset":{"dataset":false,"mime_type":"application/json"}},"attachments":[{"id":"4366acb7-87e3-4c4d-a5d5-b0f79e98e720","version":2,"asset_type":"data_asset","name":"elastic_search_hybrid_rrf_template.json","mime":"application/json","datasource_type":"193a97c1-4475-4a19-b90c-295c4fdc6517","object_key":"elastic_search_hybrid_rrf_template.json","creator_id":"IBMid-50Q83SX8M9","create_time":1751635422081,"size":590,"is_remote":false,"is_managed":false,"is_referenced":true,"is_object_key_read_only":false,"is_user_provided_path_key":true,"transfer_complete":true,"is_partitioned":false,"complete_time_ticks":1751635422081,"user_data":{},"test_doc":0,"handle":{"bucket":"sjqna20gc3-donotdelete-pr-ryqcyav3olf4sf","location":"us-south","type":"bluemix_cos","key":"elastic_search_hybrid_rrf_template.json","upload_id":"done","max_part_num":1},"usage":{"access_count":0,"last_accessor_id":"IBMid-50Q83SX8M9","last_access_time":1751635422081}}]}
