{"metadata":{"asset_id":"735c9864-5488-402d-8831-1d152827d194","asset_attributes":["data_asset","location_definition"],"name":"RAG-OpenAPI.json","asset_type":"data_asset","created_at":"2025-07-04T13:23:55Z","description":"OpenAPI json file to be used for watsonx assistant extension setup.","origin_country":"us","owner_id":"IBMid-50Q83SX8M9","project_id":"cbf7caab-9b0f-4c5e-be0f-818f10be89e9","size":19247,"usage":{"last_update_time":1751635435383,"last_updated_at":"2025-07-04T13:23:55Z"}},"entity":{"data_asset":{"dataset":false,"mime_type":"application/json"}},"attachments":[{"id":"3811cdc1-04d2-449e-9440-4385de3de01c","version":2,"asset_type":"data_asset","name":"RAG-OpenAPI.json","mime":"application/json","datasource_type":"193a97c1-4475-4a19-b90c-295c4fdc6517","object_key":"RAG-OpenAPI.json","creator_id":"IBMid-50Q83SX8M9","create_time":1751635435430,"size":19247,"is_remote":false,"is_managed":false,"is_referenced":true,"is_object_key_read_only":false,"is_user_provided_path_key":true,"transfer_complete":true,"is_partitioned":false,"complete_time_ticks":1751635435430,"user_data":{},"test_doc":0,"handle":{"bucket":"sjqna20gc3-donotdelete-pr-ryqcyav3olf4sf","location":"us-south","type":"bluemix_cos","key":"RAG-OpenAPI.json","upload_id":"done","max_part_num":1},"usage":{"access_count":0,"last_accessor_id":"IBMid-50Q83SX8M9","last_access_time":1751635435430}}]}
