{"metadata":{"asset_id":"fb8b914e-b61d-4675-874e-7b55805c7566","asset_attributes":["data_asset","location_definition"],"name":"elastic_search_multilingual_template.json","asset_type":"data_asset","created_at":"2025-07-04T13:23:48Z","description":"Multilingual template.","origin_country":"us","owner_id":"IBMid-50Q83SX8M9","project_id":"cbf7caab-9b0f-4c5e-be0f-818f10be89e9","size":142,"usage":{"last_update_time":1751635428313,"last_updated_at":"2025-07-04T13:23:48Z"}},"entity":{"data_asset":{"dataset":false,"mime_type":"application/json"}},"attachments":[{"id":"abdb831e-8f2c-4ed1-9509-fe5b834c603b","version":2,"asset_type":"data_asset","name":"elastic_search_multilingual_template.json","mime":"application/json","datasource_type":"193a97c1-4475-4a19-b90c-295c4fdc6517","object_key":"elastic_search_multilingual_template.json","creator_id":"IBMid-50Q83SX8M9","create_time":1751635428449,"size":142,"is_remote":false,"is_managed":false,"is_referenced":true,"is_object_key_read_only":false,"is_user_provided_path_key":true,"transfer_complete":true,"is_partitioned":false,"complete_time_ticks":1751635428449,"user_data":{},"test_doc":0,"handle":{"bucket":"sjqna20gc3-donotdelete-pr-ryqcyav3olf4sf","location":"us-south","type":"bluemix_cos","key":"elastic_search_multilingual_template.json","upload_id":"done","max_part_num":1},"usage":{"access_count":0,"last_accessor_id":"IBMid-50Q83SX8M9","last_access_time":1751635428449}}]}
