{"metadata":{"asset_id":"026e149a-b23a-4cee-b682-0fa515beff62","asset_attributes":["data_asset","location_definition"],"name":"Readme - RAG as watsonx Orchestrate AI Assistant extension.pdf","asset_type":"data_asset","created_at":"2025-07-04T13:24:19Z","description":"README file for RAG watsonx Orchestarte AI Assistant extension.","origin_country":"us","owner_id":"IBMid-50Q83SX8M9","project_id":"cbf7caab-9b0f-4c5e-be0f-818f10be89e9","size":2707903,"usage":{"last_update_time":1751635459952,"last_updated_at":"2025-07-04T13:24:19Z"}},"entity":{"data_asset":{"dataset":false,"mime_type":"application/pdf"}},"attachments":[{"id":"115da17e-678b-4ab9-882f-7f53ef405ac3","version":2,"asset_type":"data_asset","name":"Readme - RAG as watsonx Orchestrate AI Assistant extension.pdf","mime":"application/pdf","datasource_type":"193a97c1-4475-4a19-b90c-295c4fdc6517","object_key":"Readme - RAG as watsonx Orchestrate AI Assistant extension.pdf","creator_id":"IBMid-50Q83SX8M9","create_time":1751635460046,"size":2707903,"is_remote":false,"is_managed":false,"is_referenced":true,"is_object_key_read_only":false,"is_user_provided_path_key":true,"transfer_complete":true,"is_partitioned":false,"complete_time_ticks":1751635460046,"user_data":{},"test_doc":0,"handle":{"bucket":"sjqna20gc3-donotdelete-pr-ryqcyav3olf4sf","location":"us-south","type":"bluemix_cos","key":"Readme - RAG as watsonx Orchestrate AI Assistant extension.pdf","upload_id":"done","max_part_num":1},"usage":{"access_count":0,"last_accessor_id":"IBMid-50Q83SX8M9","last_access_time":1751635460046}}]}
