{"metadata":{"asset_id":"6c65c7e9-7bad-4755-b625-fde2e93cebc1","asset_attributes":["data_asset","location_definition"],"name":"Readme - Retrieval Augmented Generation Industry Accelerator.pdf","asset_type":"data_asset","created_at":"2025-07-04T13:24:08Z","description":"Project README for SaaS release","origin_country":"us","owner_id":"IBMid-50Q83SX8M9","project_id":"cbf7caab-9b0f-4c5e-be0f-818f10be89e9","size":254548,"usage":{"last_update_time":1751635448941,"last_updated_at":"2025-07-04T13:24:08Z"}},"entity":{"data_asset":{"dataset":false,"mime_type":"application/pdf"}},"attachments":[{"id":"2149f9ea-cd9b-4988-9639-b5c71ee3c6b1","version":2,"asset_type":"data_asset","name":"Readme - Retrieval Augmented Generation Industry Accelerator.pdf","mime":"application/pdf","datasource_type":"193a97c1-4475-4a19-b90c-295c4fdc6517","object_key":"Readme - Retrieval Augmented Generation Industry Accelerator.pdf","creator_id":"IBMid-50Q83SX8M9","create_time":1751635449211,"size":254548,"is_remote":false,"is_managed":false,"is_referenced":true,"is_object_key_read_only":false,"is_user_provided_path_key":true,"transfer_complete":true,"is_partitioned":false,"complete_time_ticks":1751635449211,"user_data":{},"test_doc":0,"handle":{"bucket":"sjqna20gc3-donotdelete-pr-ryqcyav3olf4sf","location":"us-south","type":"bluemix_cos","key":"Readme - Retrieval Augmented Generation Industry Accelerator.pdf","upload_id":"done","max_part_num":1},"usage":{"access_count":0,"last_accessor_id":"IBMid-50Q83SX8M9","last_access_time":1751635449211}}]}
