{"metadata":{"asset_id":"f98ee195-eaf9-4852-bd47-770a25c3a233","asset_attributes":["data_asset","location_definition"],"name":"IBM-WA-RAG-AI-ASSISTANT.zip","asset_type":"data_asset","created_at":"2025-07-04T13:24:23Z","description":"AI Assistant zip file to be uploaded to watsonx Orchestrate AI Assistant builder.","origin_country":"us","owner_id":"IBMid-50Q83SX8M9","project_id":"cbf7caab-9b0f-4c5e-be0f-818f10be89e9","size":5124,"usage":{"last_update_time":1751635463381,"last_updated_at":"2025-07-04T13:24:23Z"}},"entity":{"data_asset":{"dataset":false,"mime_type":"application/zip"}},"attachments":[{"id":"d43a7dcb-f784-42ce-be51-df86dbe7090d","version":2,"asset_type":"data_asset","name":"IBM-WA-RAG-AI-ASSISTANT.zip","mime":"application/zip","datasource_type":"193a97c1-4475-4a19-b90c-295c4fdc6517","object_key":"IBM-WA-RAG-AI-ASSISTANT.zip","creator_id":"IBMid-50Q83SX8M9","create_time":1751635463444,"size":5124,"is_remote":false,"is_managed":false,"is_referenced":true,"is_object_key_read_only":false,"is_user_provided_path_key":true,"transfer_complete":true,"is_partitioned":false,"complete_time_ticks":1751635463444,"user_data":{},"test_doc":0,"handle":{"bucket":"sjqna20gc3-donotdelete-pr-ryqcyav3olf4sf","location":"us-south","type":"bluemix_cos","key":"IBM-WA-RAG-AI-ASSISTANT.zip","upload_id":"done","max_part_num":1},"usage":{"access_count":0,"last_accessor_id":"IBMid-50Q83SX8M9","last_access_time":1751635463444}}]}
