{"metadata":{"asset_id":"a8576d78-47bf-4b26-9da8-6ce76042b3c9","asset_attributes":["data_asset","location_definition"],"name":"elastic_search_ELSER_template.json","asset_type":"data_asset","created_at":"2025-07-04T13:23:31Z","description":"ELSER template.","origin_country":"us","owner_id":"IBMid-50Q83SX8M9","project_id":"cbf7caab-9b0f-4c5e-be0f-818f10be89e9","size":159,"usage":{"last_update_time":1751635411106,"last_updated_at":"2025-07-04T13:23:31Z"}},"entity":{"data_asset":{"dataset":false,"mime_type":"application/json"}},"attachments":[{"id":"9a1d9300-5855-445a-a67a-b95a241489a2","version":2,"asset_type":"data_asset","name":"elastic_search_ELSER_template.json","mime":"application/json","datasource_type":"193a97c1-4475-4a19-b90c-295c4fdc6517","object_key":"elastic_search_ELSER_template.json","creator_id":"IBMid-50Q83SX8M9","create_time":1751635411252,"size":159,"is_remote":false,"is_managed":false,"is_referenced":true,"is_object_key_read_only":false,"is_user_provided_path_key":true,"transfer_complete":true,"is_partitioned":false,"complete_time_ticks":1751635411252,"user_data":{},"test_doc":0,"handle":{"bucket":"sjqna20gc3-donotdelete-pr-ryqcyav3olf4sf","location":"us-south","type":"bluemix_cos","key":"elastic_search_ELSER_template.json","upload_id":"done","max_part_num":1},"usage":{"access_count":0,"last_accessor_id":"IBMid-50Q83SX8M9","last_access_time":1751635411252}}]}
