{"metadata":{"asset_id":"cd61c2e0-c5cf-4c3d-9551-74b40aaaffe3","asset_attributes":["data_asset","location_definition"],"name":"sample_elastic_search_NESTED_template.json","asset_type":"data_asset","created_at":"2025-07-04T13:23:51Z","description":"NESTED template.","origin_country":"us","owner_id":"IBMid-50Q83SX8M9","project_id":"cbf7caab-9b0f-4c5e-be0f-818f10be89e9","size":340,"usage":{"last_update_time":1751635431770,"last_updated_at":"2025-07-04T13:23:51Z"}},"entity":{"data_asset":{"dataset":false,"mime_type":"application/json"}},"attachments":[{"id":"3bc1c5d8-a1ad-422d-8886-484786385443","version":2,"asset_type":"data_asset","name":"sample_elastic_search_NESTED_template.json","mime":"application/json","datasource_type":"193a97c1-4475-4a19-b90c-295c4fdc6517","object_key":"sample_elastic_search_NESTED_template.json","creator_id":"IBMid-50Q83SX8M9","create_time":1751635431974,"size":340,"is_remote":false,"is_managed":false,"is_referenced":true,"is_object_key_read_only":false,"is_user_provided_path_key":true,"transfer_complete":true,"is_partitioned":false,"complete_time_ticks":1751635431974,"user_data":{},"test_doc":0,"handle":{"bucket":"sjqna20gc3-donotdelete-pr-ryqcyav3olf4sf","location":"us-south","type":"bluemix_cos","key":"sample_elastic_search_NESTED_template.json","upload_id":"done","max_part_num":1},"usage":{"access_count":0,"last_accessor_id":"IBMid-50Q83SX8M9","last_access_time":1751635431974}}]}
