{"metadata":{"asset_id":"f87890dc-fe8e-444e-b41f-dfc11b3e7f94","asset_attributes":["environment"],"name":"Bulk Ingestion Template","asset_type":"environment","created_at":"2025-07-04T13:27:32Z","description":"","origin_country":"us","owner_id":"IBMid-50Q83SX8M9","project_id":"cbf7caab-9b0f-4c5e-be0f-818f10be89e9","sandbox_id":"cbf7caab-9b0f-4c5e-be0f-818f10be89e9","size":0,"tags":["dsx"],"usage":{"last_update_time":1751635652479,"last_updated_at":"2025-07-04T13:27:32Z"}},"entity":{"environment":{"sub_type":"notebook","display_name":"Bulk Ingestion Template","hardware_specification":{"type":"referenced","guid":"166303ef-de22-4ec5-bbd8-d6b0cf0f7860"},"software_specification":{"type":"referenced","guid":"45f12dfe-aa78-5b8d-9f38-0ee223c47309"},"tools_specification":{"supported_kernels":[{"name":"python3","display_name":"Python 3.11","language":"python","version":"3.11"}],"notebook_extensions":[]}}}}
