{"metadata":{"asset_id":"d95f8b3a-30f4-4c46-9fc2-7c30f5debff3","asset_attributes":["environment"],"name":"qna_with_rag_template","asset_type":"environment","created_at":"2025-07-04T13:26:13Z","description":"","origin_country":"us","owner_id":"IBMid-50Q83SX8M9","project_id":"cbf7caab-9b0f-4c5e-be0f-818f10be89e9","sandbox_id":"cbf7caab-9b0f-4c5e-be0f-818f10be89e9","size":0,"tags":["dsx"],"usage":{"last_update_time":1751635587477,"last_updated_at":"2025-07-04T13:26:27Z"}},"entity":{"environment":{"sub_type":"notebook","display_name":"qna_with_rag_template","hardware_specification":{"type":"referenced","guid":"e368b29e-44cb-4373-ada5-d603fb141394"},"software_specification":{"type":"referenced","guid":"45f12dfe-aa78-5b8d-9f38-0ee223c47309"},"tools_specification":{"supported_kernels":[{"name":"python3","display_name":"Python 3.11","language":"python","version":"3.11"}],"notebook_extensions":["ipywidgets"]}}}}
