{"metadata":{"asset_id":"7a214b16-e144-4897-ba21-27a36c58b849","asset_attributes":["environment"],"name":"custom_top2vec_template","asset_type":"environment","created_at":"2025-07-04T13:30:01Z","description":"","origin_country":"us","owner_id":"IBMid-50Q83SX8M9","project_id":"cbf7caab-9b0f-4c5e-be0f-818f10be89e9","sandbox_id":"cbf7caab-9b0f-4c5e-be0f-818f10be89e9","size":0,"tags":["dsx"],"usage":{"last_update_time":1751635828698,"last_updated_at":"2025-07-04T13:30:28Z"}},"entity":{"environment":{"sub_type":"notebook","display_name":"custom_top2vec_template","hardware_specification":{"type":"referenced","guid":"70e580bf-73f8-4181-8145-92dd4a539ce8"},"software_specification":{"type":"referenced","guid":"230f27f8-963a-4f49-9203-a8f83b963a1c"},"tools_specification":{"supported_kernels":[{"name":"python3","display_name":"Python 3.11","language":"python","version":"3.11"}],"notebook_extensions":[]}}}}
