{"metadata":{"asset_id":"70e580bf-73f8-4181-8145-92dd4a539ce8","asset_attributes":["hardware_specification"],"name":"custom_top2vec_template","asset_type":"hardware_specification","created_at":"2025-07-04T13:30:01Z","description":"","origin_country":"us","owner_id":"IBMid-50Q83SX8M9","project_id":"cbf7caab-9b0f-4c5e-be0f-818f10be89e9","sandbox_id":"cbf7caab-9b0f-4c5e-be0f-818f10be89e9","size":0,"tags":["dsx"],"usage":{"last_update_time":1751635801474,"last_updated_at":"2025-07-04T13:30:01Z"}},"entity":{"hardware_specification":{"nodes":{"cpu":{"units":"2","model":""},"mem":{"size":"8Gi"}}}}}
