{"metadata":{"asset_id":"e368b29e-44cb-4373-ada5-d603fb141394","asset_attributes":["hardware_specification"],"name":"qna_with_rag_template","asset_type":"hardware_specification","created_at":"2025-07-04T13:26:13Z","description":"","origin_country":"us","owner_id":"IBMid-50Q83SX8M9","project_id":"cbf7caab-9b0f-4c5e-be0f-818f10be89e9","sandbox_id":"cbf7caab-9b0f-4c5e-be0f-818f10be89e9","size":0,"tags":["dsx"],"usage":{"last_update_time":1751635573379,"last_updated_at":"2025-07-04T13:26:13Z"}},"entity":{"hardware_specification":{"nodes":{"cpu":{"units":"2","model":""},"mem":{"size":"8Gi"}}}}}
