{"metadata":{"asset_id":"166303ef-de22-4ec5-bbd8-d6b0cf0f7860","asset_attributes":["hardware_specification"],"name":"Bulk Ingestion Template","asset_type":"hardware_specification","created_at":"2025-07-04T13:27:32Z","description":"","origin_country":"us","owner_id":"IBMid-50Q83SX8M9","project_id":"cbf7caab-9b0f-4c5e-be0f-818f10be89e9","sandbox_id":"cbf7caab-9b0f-4c5e-be0f-818f10be89e9","size":0,"tags":["dsx"],"usage":{"last_update_time":1751635652252,"last_updated_at":"2025-07-04T13:27:32Z"}},"entity":{"hardware_specification":{"nodes":{"cpu":{"units":"8","model":""},"mem":{"size":"32Gi"}}}}}
