{"metadata":{"asset_id":"d04d9b4a-9fd7-4759-a9ed-042aad30136a","asset_attributes":["job"],"name":"Process and Ingest data into vector DB Job","asset_type":"job","created_at":"2025-07-04T13:22:55Z","description":"Notebook job to process and ingest data into a vector database.","origin_country":"us","owner_id":"IBMid-50Q83SX8M9","project_id":"cbf7caab-9b0f-4c5e-be0f-818f10be89e9","size":0,"usage":{"last_update_time":1751635375984,"last_updated_at":"2025-07-04T13:22:55Z"}},"entity":{"job":{"asset_ref_type":"notebook","configuration":{"entrypoint":"","env_id":"rt241pys2-cbf7caab-9b0f-4c5e-be0f-818f10be89e9","env_type":"notebook","env_variables":[],"file_ref":"","run_results":"log_and_new_notebook"},"last_run_initiator":"deprecated field","last_run_time":"deprecated field","last_run_status":"deprecated field","last_run_status_timestamp":0,"future_scheduled_runs":[],"enable_notifications":true,"project_name":"sj-qna-2.0-gc3","asset_ref":"1fa950df-0b12-4c03-b044-7ea7ea9f3d68","schedule_id":"","schedule_creator_id":""}}}
