{"metadata":{"asset_id":"17308135-b1b3-4cda-b725-2d7145a23859","asset_attributes":["job"],"name":"Create and Deploy QnA AI Function job","asset_type":"job","created_at":"2025-07-04T13:22:47Z","description":"Notebook job for the creation and deployment of the QnA ai service for RAG.","origin_country":"us","owner_id":"IBMid-50Q83SX8M9","project_id":"cbf7caab-9b0f-4c5e-be0f-818f10be89e9","size":0,"usage":{"last_update_time":1751635367095,"last_updated_at":"2025-07-04T13:22:47Z"}},"entity":{"job":{"asset_ref_type":"notebook","configuration":{"entrypoint":"","env_id":"rt241pys2-cbf7caab-9b0f-4c5e-be0f-818f10be89e9","env_type":"notebook","env_variables":[],"file_ref":"","run_results":"log_and_new_notebook"},"last_run_initiator":"deprecated field","last_run_time":"deprecated field","last_run_status":"deprecated field","last_run_status_timestamp":0,"future_scheduled_runs":[],"enable_notifications":true,"project_name":"sj-qna-2.0-gc3","asset_ref":"941bd901-ca4d-4356-8904-6ccc8ef36224","schedule_id":"","schedule_creator_id":""}}}
