{"metadata":{"asset_id":"8f4e6982-4354-4fee-9309-1f4abc6ab711","asset_attributes":["job"],"name":"QnA with RAG Pipeline Job","asset_type":"job","created_at":"2025-07-04T13:24:28Z","description":"Watson Pipeline job that executes the notebooks end to end in an automated method.","origin_country":"us","owner_id":"IBMid-50Q83SX8M9","project_id":"cbf7caab-9b0f-4c5e-be0f-818f10be89e9","size":0,"usage":{"last_update_time":1751635468129,"last_updated_at":"2025-07-04T13:24:28Z"}},"entity":{"job":{"asset_ref_type":"orchestration_flow","configuration":{"env_id":"rt241pys2-cbf7caab-9b0f-4c5e-be0f-818f10be89e9","env_type":"notebook","env_variables":[]},"last_run_initiator":"deprecated field","last_run_time":"deprecated field","last_run_status":"deprecated field","last_run_status_timestamp":0,"future_scheduled_runs":[],"enable_notifications":true,"project_name":"sj-qna-2.0-gc3","asset_ref":"3c372f07-fd42-4758-9922-805311c08fbc","schedule_id":"","schedule_creator_id":""}}}
