{"metadata":{"asset_id":"30d9d84f-c30e-49af-a999-2c1b08053259","asset_attributes":["notebook","location_definition"],"name":"Process and Ingest data from COS into vector DB","asset_type":"notebook","created_at":"2025-07-04T13:23:00Z","description":"This notebook processes various types of data and convert data for subsequent ingestion into the vector index.","origin_country":"us","owner_id":"IBMid-50Q83SX8M9","project_id":"cbf7caab-9b0f-4c5e-be0f-818f10be89e9","size":49208,"tags":["notebook"],"usage":{"last_update_time":1751636213859,"last_updated_at":"2025-07-04T13:36:53Z"}},"entity":{"notebook":{"originates_from":{"type":"blank"},"kernel":{"name":"python3","display_name":"Python 3.11","language":"python"},"runtime":{"environment":"f87890dc-fe8e-444e-b41f-dfc11b3e7f94"}},"location_definition":{"physical_location_code":"DAL","physical_location_code_assigned_by":"IBMid-50Q83SX8M9","physical_location_code_rds_id":"c57cb90f-2126-3800-9c9f-9eab82021cdf","physical_location_code_rds_version":"00002024-1018-4172-8517-089558000000_4","physical_location_code_assignment_method":"INFERRED","physical_location_code_added_on":"1751635380754"}},"attachments":[{"id":"448771e3-0069-41e4-aadd-c677821bb04c","version":2,"asset_type":"notebook","name":"attachment for notebook 30d9d84f-c30e-49af-a999-2c1b08053259","description":"attachment for notebook 30d9d84f-c30e-49af-a999-2c1b08053259","mime":"application/json","datasource_type":"193a97c1-4475-4a19-b90c-295c4fdc6517","object_key":"notebook/Process_and_Ingest_Data_from_COS_into_vector_DB.ipynb","creator_id":"IBMid-50Q83SX8M9","create_time":1751635380755,"size":49208,"is_remote":false,"is_managed":false,"is_referenced":true,"is_object_key_read_only":false,"is_user_provided_path_key":true,"transfer_complete":true,"is_partitioned":false,"complete_time_ticks":1751635380755,"user_data":{},"test_doc":0,"handle":{"bucket":"sjqna20gc3-donotdelete-pr-ryqcyav3olf4sf","location":"us-south","type":"bluemix_cos","key":"notebook/Process_and_Ingest_Data_from_COS_into_vector_DB.ipynb","upload_id":"done","max_part_num":1},"usage":{"access_count":0,"last_accessor_id":"IBMid-50Q83SX8M9","last_access_time":1751635380755}}]}
