{"metadata":{"asset_id":"941bd901-ca4d-4356-8904-6ccc8ef36224","asset_attributes":["notebook","location_definition"],"name":"Create and Deploy QnA AI Service","asset_type":"notebook","created_at":"2025-07-04T13:22:43Z","description":"This notebook creates the QnA RAG python function, and deploys the function, along with supporting assets to a deployment space.","origin_country":"us","owner_id":"IBMid-50Q83SX8M9","project_id":"cbf7caab-9b0f-4c5e-be0f-818f10be89e9","size":154151,"tags":["notebook"],"usage":{"last_update_time":1751636309666,"last_updated_at":"2025-07-04T13:38:29Z"}},"entity":{"notebook":{"originates_from":{"type":"blank"},"kernel":{"name":"python3","display_name":"Python 3.11","language":"python"},"runtime":{"environment":"rt241pys2-cbf7caab-9b0f-4c5e-be0f-818f10be89e9"}},"location_definition":{"physical_location_code":"DAL","physical_location_code_assigned_by":"IBMid-50Q83SX8M9","physical_location_code_rds_id":"c57cb90f-2126-3800-9c9f-9eab82021cdf","physical_location_code_rds_version":"00002024-1018-4172-8517-089558000000_4","physical_location_code_assignment_method":"INFERRED","physical_location_code_added_on":"1751635363305"}},"attachments":[{"id":"71ac37d2-bc65-40d2-9cae-f03869364738","version":2,"asset_type":"notebook","name":"attachment for notebook 941bd901-ca4d-4356-8904-6ccc8ef36224","description":"attachment for notebook 941bd901-ca4d-4356-8904-6ccc8ef36224","mime":"application/json","datasource_type":"193a97c1-4475-4a19-b90c-295c4fdc6517","object_key":"notebook/Create_and_Deploy_QnA_AI_Service.ipynb","creator_id":"IBMid-50Q83SX8M9","create_time":1751635363308,"size":154151,"is_remote":false,"is_managed":false,"is_referenced":true,"is_object_key_read_only":false,"is_user_provided_path_key":true,"transfer_complete":true,"is_partitioned":false,"complete_time_ticks":1751635363308,"user_data":{},"test_doc":0,"handle":{"bucket":"sjqna20gc3-donotdelete-pr-ryqcyav3olf4sf","location":"us-south","type":"bluemix_cos","key":"notebook/Create_and_Deploy_QnA_AI_Service.ipynb","upload_id":"done","max_part_num":1},"usage":{"access_count":0,"last_accessor_id":"IBMid-50Q83SX8M9","last_access_time":1751635363308}}]}
