{"metadata":{"asset_id":"282c95d5-8d3b-4c79-b52a-4d5e57b287d0","asset_attributes":["notebook","location_definition"],"name":"Ingest Expert Profile data to vector DB","asset_type":"notebook","created_at":"2025-07-04T13:22:35Z","description":"This notebook extracts the expert profile samples and indexes it into the vector db for search and retrieval.","origin_country":"us","owner_id":"IBMid-50Q83SX8M9","project_id":"cbf7caab-9b0f-4c5e-be0f-818f10be89e9","size":33883,"tags":["notebook"],"usage":{"last_update_time":1751636324036,"last_updated_at":"2025-07-04T13:38:44Z"}},"entity":{"notebook":{"originates_from":{"type":"blank"},"kernel":{"name":"python3","display_name":"Python 3.11","language":"python"},"runtime":{"environment":"rt241pys2-cbf7caab-9b0f-4c5e-be0f-818f10be89e9"}},"location_definition":{"physical_location_code":"DAL","physical_location_code_assigned_by":"IBMid-50Q83SX8M9","physical_location_code_rds_id":"c57cb90f-2126-3800-9c9f-9eab82021cdf","physical_location_code_rds_version":"00002024-1018-4172-8517-089558000000_4","physical_location_code_assignment_method":"INFERRED","physical_location_code_added_on":"1751635356023"}},"attachments":[{"id":"caa37de7-b299-4a4a-8ea9-188153431f9d","version":2,"asset_type":"notebook","name":"attachment for notebook 282c95d5-8d3b-4c79-b52a-4d5e57b287d0","description":"attachment for notebook 282c95d5-8d3b-4c79-b52a-4d5e57b287d0","mime":"application/json","datasource_type":"193a97c1-4475-4a19-b90c-295c4fdc6517","object_key":"notebook/Ingestion_of_Expert_Profile_data_to_Vector_DB.ipynb","creator_id":"IBMid-50Q83SX8M9","create_time":1751635356024,"size":33883,"is_remote":false,"is_managed":false,"is_referenced":true,"is_object_key_read_only":false,"is_user_provided_path_key":true,"transfer_complete":true,"is_partitioned":false,"complete_time_ticks":1751635356024,"user_data":{},"test_doc":0,"handle":{"bucket":"sjqna20gc3-donotdelete-pr-ryqcyav3olf4sf","location":"us-south","type":"bluemix_cos","key":"notebook/Ingestion_of_Expert_Profile_data_to_Vector_DB.ipynb","upload_id":"done","max_part_num":1},"usage":{"access_count":0,"last_accessor_id":"IBMid-50Q83SX8M9","last_access_time":1751635356024}}]}
