{"metadata":{"asset_id":"b169ff3c-2df3-4563-ae8b-7d5146fcdd27","asset_attributes":["notebook","location_definition"],"name":"Test Queries for Vector Database","asset_type":"notebook","created_at":"2025-07-04T13:23:20Z","description":"","origin_country":"us","owner_id":"IBMid-50Q83SX8M9","project_id":"cbf7caab-9b0f-4c5e-be0f-818f10be89e9","size":21600,"tags":["notebook"],"usage":{"last_update_time":1751636272201,"last_updated_at":"2025-07-04T13:37:52Z"}},"entity":{"notebook":{"originates_from":{"type":"blank"},"kernel":{"name":"python3","display_name":"Python 3.11","language":"python"},"runtime":{"environment":"rt241pys2-cbf7caab-9b0f-4c5e-be0f-818f10be89e9"}},"location_definition":{"physical_location_code":"DAL","physical_location_code_assigned_by":"IBMid-50Q83SX8M9","physical_location_code_rds_id":"c57cb90f-2126-3800-9c9f-9eab82021cdf","physical_location_code_rds_version":"00002024-1018-4172-8517-089558000000_4","physical_location_code_assignment_method":"INFERRED","physical_location_code_added_on":"1751635400514"}},"attachments":[{"id":"4d2cf93f-7201-4de7-8f70-3989e025ac35","version":2,"asset_type":"notebook","name":"attachment for notebook b169ff3c-2df3-4563-ae8b-7d5146fcdd27","description":"attachment for notebook b169ff3c-2df3-4563-ae8b-7d5146fcdd27","mime":"application/json","datasource_type":"193a97c1-4475-4a19-b90c-295c4fdc6517","object_key":"notebook/Test_Queries_for_Vector_DB.ipynb","creator_id":"IBMid-50Q83SX8M9","create_time":1751635400520,"size":21600,"is_remote":false,"is_managed":false,"is_referenced":true,"is_object_key_read_only":false,"is_user_provided_path_key":true,"transfer_complete":true,"is_partitioned":false,"complete_time_ticks":1751635400520,"user_data":{},"test_doc":0,"handle":{"bucket":"sjqna20gc3-donotdelete-pr-ryqcyav3olf4sf","location":"us-south","type":"bluemix_cos","key":"notebook/Test_Queries_for_Vector_DB.ipynb","upload_id":"done","max_part_num":1},"usage":{"access_count":0,"last_accessor_id":"IBMid-50Q83SX8M9","last_access_time":1751635400520}}]}
