{"metadata":{"asset_id":"3c372f07-fd42-4758-9922-805311c08fbc","name":"QnA with RAG pipeline","description":"","tags":null,"asset_type":"orchestration_flow","origin_country":"us","rov":{"mode":0},"owner_id":"IBMid-50Q83SX8M9","created_at":"2025-07-04T13:24:24Z","commit_info":{"previous_revision":1}},"entity":{"location_definition":{"physical_location_code":"DAL","physical_location_code_added_on":"1751635465967","physical_location_code_assigned_by":"IBMid-50Q83SX8M9","physical_location_code_assignment_method":"INFERRED","physical_location_code_rds_id":"c57cb90f-2126-3800-9c9f-9eab82021cdf","physical_location_code_rds_version":"00002024-1018-4172-8517-089558000000_4"},"orchestration_flow":{"created_at":1751635464,"default_version_id":"3c372f07-fd42-4758-9922-805311c08fbc-1","deleted_versions":[],"status":"READY","version_code_source_url":"","version_created_at":1751635464,"version_name":"QnA with RAG pipeline","version_status":"VOLATILE"}},"attachments":[{"object_key":"orchestration_flow/3c372f07-fd42-4758-9922-805311c08fbc-0"}],"scope":"cpd.__projects_cbf7caab-9b0f-4c5e-be0f-818f10be89e9"}
