{"metadata":{"asset_id":"4c4765bd-e5e9-49de-b6d1-9821c9f4b0cd","asset_attributes":["package_extension","location_definition"],"name":"Package Extension","asset_type":"package_extension","created_at":"2025-07-04T13:30:27Z","description":"Package Extensions created by environments-ui","origin_country":"us","owner_id":"IBMid-50Q83SX8M9","project_id":"cbf7caab-9b0f-4c5e-be0f-818f10be89e9","sandbox_id":"cbf7caab-9b0f-4c5e-be0f-818f10be89e9","size":380,"tags":["dsx"],"usage":{"last_update_time":1751635829870,"last_updated_at":"2025-07-04T13:30:29Z"}},"entity":{"package_extension":{"type":"conda_yml","interpreter":"mamba","object_key":"package_extension/Package_Extension_HVU9OMj5G.yml"},"location_definition":{"physical_location_code":"DAL","physical_location_code_assigned_by":"IBMid-50Q83SX8M9","physical_location_code_rds_id":"c57cb90f-2126-3800-9c9f-9eab82021cdf","physical_location_code_rds_version":"00002024-1018-4172-8517-089558000000_4","physical_location_code_assignment_method":"INFERRED","physical_location_code_added_on":"1751635829866"}},"attachments":[{"id":"f868af2b-16f4-4093-972b-fba8c94da85b","version":2,"asset_type":"package_extension","name":"attachment for package extension 4c4765bd-e5e9-49de-b6d1-9821c9f4b0cd","description":"attachment for package extension 4c4765bd-e5e9-49de-b6d1-9821c9f4b0cd","mime":"application/json","datasource_type":"193a97c1-4475-4a19-b90c-295c4fdc6517","object_key":"package_extension/Package_Extension_HVU9OMj5G.yml","creator_id":"IBMid-50Q83SX8M9","create_time":1751635829869,"size":380,"is_remote":false,"is_managed":false,"is_referenced":true,"is_object_key_read_only":false,"is_user_provided_path_key":true,"transfer_complete":true,"is_partitioned":false,"complete_time_ticks":1751635829869,"user_data":{},"test_doc":0,"handle":{"bucket":"sjqna20gc3-donotdelete-pr-ryqcyav3olf4sf","location":"us-south","type":"bluemix_cos","key":"package_extension/Package_Extension_HVU9OMj5G.yml","upload_id":"done","max_part_num":1},"usage":{"access_count":0,"last_accessor_id":"IBMid-50Q83SX8M9","last_access_time":1751635829869}}]}
