{"metadata":{"asset_id":"230f27f8-963a-4f49-9203-a8f83b963a1c","asset_attributes":["software_specification"],"name":"custom_top2vec_template (9BZStPC4i)","asset_type":"software_specification","created_at":"2025-07-04T13:30:28Z","description":"","origin_country":"us","owner_id":"IBMid-50Q83SX8M9","project_id":"cbf7caab-9b0f-4c5e-be0f-818f10be89e9","sandbox_id":"cbf7caab-9b0f-4c5e-be0f-818f10be89e9","size":0,"tags":["dsx"],"usage":{"last_update_time":1751635830189,"last_updated_at":"2025-07-04T13:30:30Z"}},"entity":{"software_specification":{"type":"derived","display_name":"custom_top2vec_template (9BZStPC4i)","base_software_specification":{"guid":"45f12dfe-aa78-5b8d-9f38-0ee223c47309","href":"/v2/software_specifications/45f12dfe-aa78-5b8d-9f38-0ee223c47309"},"package_extensions":[{"guid":"4c4765bd-e5e9-49de-b6d1-9821c9f4b0cd","href":"/v2/package_extensions/4c4765bd-e5e9-49de-b6d1-9821c9f4b0cd"}]}}}
