{"metadata":{"name":"RAG template - granite-3-2_8b_instruct","description":"Granite 3-2 8b Prompt Template for RAG.","asset_type":"wx_prompt","origin_country":"us","resource_key":"7586f699250f506786405e33eedceef42adc6adbade75956ae7a284de2ee86d0"},"entity":{"wx_prompt":{"input_mode":"freeform","is_template":true,"prompt_variables":{"context":{"default_value":""},"question":{"default_value":""}},"task_ids":["retrieval_augmented_generation"]},"modelfacts_system":{"model_information":{"fm_id":"ibm/granite-3-2-8b-instruct"},"training_information":{},"project_details":{"environment_type":"development","is_environmenttype_openscale_value":false},"model_identity_information":{"model_identity_key":"7586f699250f506786405e33eedceef42adc6adbade75956ae7a284de2ee86d0"},"modelentry_information":{}},"modelfacts_user":{},"location_definition":{"physical_location_code":"DAL","physical_location_code_assigned_by":"IBMid-50Q83SX8M9","physical_location_code_rds_id":"c57cb90f-2126-3800-9c9f-9eab82021cdf","physical_location_code_rds_version":"00002024-1018-4172-8517-089558000000_4","physical_location_code_assignment_method":"INFERRED","physical_location_code_added_on":"1751636086184"}},"attachments":[{"id":"d4abfc1c-3393-46b8-8bc1-b97a8f94a884","version":2,"asset_type":"wx_prompt","name":"RAGtemplate-granite-3-2_8b_instruct.json","mime":"application/json","datasource_type":"193a97c1-4475-4a19-b90c-295c4fdc6517","object_key":"wx_prompt/RAGtemplate-granite-3-2_8b_instruct__da__tzgvwl6npx.json","creator_id":"IBMid-50Q83SX8M9","create_time":1751636088473,"size":1436,"is_remote":false,"is_managed":false,"is_referenced":true,"is_object_key_read_only":false,"is_user_provided_path_key":true,"transfer_complete":true,"is_partitioned":false,"complete_time_ticks":1751636088473,"user_data":{},"test_doc":0,"handle":{"bucket":"sjqna20gc3-donotdelete-pr-ryqcyav3olf4sf","location":"us-south","type":"bluemix_cos","key":"wx_prompt/RAGtemplate-granite-3-2_8b_instruct__da__tzgvwl6npx.json","upload_id":"done","max_part_num":1},"usage":{"access_count":0,"last_accessor_id":"IBMid-50Q83SX8M9","last_access_time":1751636088473}}]}
