{"metadata":{"name":"RAG template - granite-3-3-8b-instruct","description":"Granite 3.3 8b Prompt Template for RAG.","asset_type":"wx_prompt","origin_country":"us","resource_key":"061e17af1427af5033857906c3ca0d06323648e3afb642e2cca07a2d8ccc677e"},"entity":{"wx_prompt":{"input_mode":"freeform","is_template":true,"prompt_variables":{"context":{"default_value":""},"question":{"default_value":""}},"task_ids":["retrieval_augmented_generation"]},"modelfacts_system":{"model_information":{"fm_id":"ibm/granite-3-3-8b-instruct"},"training_information":{},"project_details":{"environment_type":"development","is_environmenttype_openscale_value":false},"model_identity_information":{"model_identity_key":"061e17af1427af5033857906c3ca0d06323648e3afb642e2cca07a2d8ccc677e"},"modelentry_information":{}},"modelfacts_user":{},"location_definition":{"physical_location_code":"DAL","physical_location_code_assigned_by":"IBMid-50Q83SX8M9","physical_location_code_rds_id":"c57cb90f-2126-3800-9c9f-9eab82021cdf","physical_location_code_rds_version":"00002024-1018-4172-8517-089558000000_4","physical_location_code_assignment_method":"INFERRED","physical_location_code_added_on":"1751636025486"}},"attachments":[{"id":"269a9f7f-e515-487b-b9ff-3faa1619771a","version":2,"asset_type":"wx_prompt","name":"RAGtemplate-granite-3-3-8b-instruct.json","mime":"application/json","datasource_type":"193a97c1-4475-4a19-b90c-295c4fdc6517","object_key":"wx_prompt/RAGtemplate-granite-3-3-8b-instruct__da__8i3d3c5z56.json","creator_id":"IBMid-50Q83SX8M9","create_time":1751636025490,"size":1436,"is_remote":false,"is_managed":false,"is_referenced":true,"is_object_key_read_only":false,"is_user_provided_path_key":true,"transfer_complete":true,"is_partitioned":false,"complete_time_ticks":1751636025490,"user_data":{},"test_doc":0,"handle":{"bucket":"sjqna20gc3-donotdelete-pr-ryqcyav3olf4sf","location":"us-south","type":"bluemix_cos","key":"wx_prompt/RAGtemplate-granite-3-3-8b-instruct__da__8i3d3c5z56.json","upload_id":"done","max_part_num":1},"usage":{"access_count":0,"last_accessor_id":"IBMid-50Q83SX8M9","last_access_time":1751636025490}}]}
