{"metadata":{"name":"Prompt_Topic_Labeling","description":"Prompt for topic_labeling","asset_type":"wx_prompt","origin_country":"us","resource_key":"047c4c867a13b41d4e7e8ca28184dcf11e301445f687c101fbd6b8b319c02b11"},"entity":{"wx_prompt":{"input_mode":"freeform","is_template":true,"prompt_variables":{"keywords":{"default_value":""},"questions":{"default_value":""}}},"modelfacts_system":{"model_information":{"fm_id":"ibm/granite-3-3-8b-instruct"},"training_information":{},"project_details":{"environment_type":"development","is_environmenttype_openscale_value":false,"is_imported_model":false},"model_identity_information":{"model_identity_key":"047c4c867a13b41d4e7e8ca28184dcf11e301445f687c101fbd6b8b319c02b11"}},"modelfacts_user":{}},"attachments":[{"id":"2ce22eab-9866-4341-80b3-0525f804a266","version":2,"asset_type":"wx_prompt","name":"Prompt_Topic_Labeling.json","mime":"application/json","datasource_type":"193a97c1-4475-4a19-b90c-295c4fdc6517","object_key":"wx_prompt/Prompt_Topic_Labeling__da__b3koo8hkxv.json","creator_id":"IBMid-50Q83SX8M9","create_time":1751635338043,"size":1342,"is_remote":false,"is_managed":false,"is_referenced":true,"is_object_key_read_only":false,"is_user_provided_path_key":true,"transfer_complete":true,"is_partitioned":false,"complete_time_ticks":1751635338043,"user_data":{},"test_doc":0,"handle":{"bucket":"sjqna20gc3-donotdelete-pr-ryqcyav3olf4sf","location":"us-south","type":"bluemix_cos","key":"wx_prompt/Prompt_Topic_Labeling__da__b3koo8hkxv.json","upload_id":"done","max_part_num":1},"usage":{"access_count":0,"last_accessor_id":"IBMid-50Q83SX8M9","last_access_time":1751635338043}}]}
