{"metadata":{"asset_id":"c7c8dd32-7a07-40af-a336-57f6534c06dd","asset_attributes":["data_asset","data_profile_uda"],"name":"Supply Chain Forecasting and Optimization readme.pdf","asset_type":"data_asset","created_at":"2021-11-09T20:52:07Z","description":"","origin_country":"us","owner_id":"IBMid-550003P291","project_id":"0f134e76-fdbf-4b22-98c2-9a5129b2ac9d","size":156919,"tags":[],"usage":{"last_update_time":1636491176521,"last_updated_at":"2021-11-09T20:52:56Z"}},"entity":{"data_asset":{"mime_type":"application/pdf","dataset":false},"data_profile_uda":{"status":"completed"}},"attachments":[{"id":"10607c16-8a51-407f-b16a-a3cd3ee533b7","version":2,"asset_type":"data_asset","name":"Supply Chain Forecasting and Optimization readme.pdf","mime":"application/pdf","datasource_type":"193a97c1-4475-4a19-b90c-295c4fdc6517","object_key":"Supply Chain Forecasting and Optimization readme.pdf","creator_id":"iam-ServiceId-f49c5558-c247-4983-a04f-7d3c7a3d55da","create_time":1636491127666,"size":153655,"is_remote":false,"is_managed":false,"is_referenced":true,"is_object_key_read_only":false,"is_user_provided_path_key":true,"transfer_complete":true,"is_partitioned":false,"complete_time_ticks":1636491127666,"user_data":{},"test_doc":0,"handle":{"bucket":"supplychaintest-donotdelete-pr-u8ttfzuv4uqxeh","location":"us-geo","key":"Supply Chain Forecasting and Optimization readme.pdf","upload_id":"done","max_part_num":1},"usage":{"access_count":0,"last_accessor_id":"iam-ServiceId-f49c5558-c247-4983-a04f-7d3c7a3d55da","last_access_time":1636491127666}},{"id":"5f481c45-691a-4047-a1e4-158d9865a9c8","version":2,"asset_type":"data_profile_uda","name":"uda_c7c8dd32-7a07-40af-a336-57f6534c06dd.json","mime":"application/json","datasource_type":"193a97c1-4475-4a19-b90c-295c4fdc6517","object_key":"data_profile_uda/2021-11-09-20_52_46-uda_c7c8dd32-7a07-40af-a336-57f6534c06dd.json","creator_id":"iam-ServiceId-5d9bb1d6-b10e-410d-a535-ad6b78e9773b","create_time":1636491168640,"size":1632,"is_remote":false,"is_managed":false,"is_referenced":true,"is_object_key_read_only":false,"is_user_provided_path_key":true,"transfer_complete":true,"is_partitioned":false,"complete_time_ticks":1636491168640,"user_data":{},"test_doc":0,"handle":{"bucket":"supplychaintest-donotdelete-pr-u8ttfzuv4uqxeh","location":"us-geo","key":"data_profile_uda/2021-11-09-20_52_46-uda_c7c8dd32-7a07-40af-a336-57f6534c06dd.json","upload_id":"done","max_part_num":1},"usage":{"access_count":0,"last_accessor_id":"iam-ServiceId-5d9bb1d6-b10e-410d-a535-ad6b78e9773b","last_access_time":1636491168640}},{"id":"a6f40ba3-729c-47f2-bea3-7540b50a3822","version":2,"asset_type":"data_profile_uda","name":"uda_c7c8dd32-7a07-40af-a336-57f6534c06dd.json","mime":"application/json","datasource_type":"193a97c1-4475-4a19-b90c-295c4fdc6517","object_key":"data_profile_uda/2021-11-09-20_52_54-uda_c7c8dd32-7a07-40af-a336-57f6534c06dd.json","creator_id":"iam-ServiceId-5d9bb1d6-b10e-410d-a535-ad6b78e9773b","create_time":1636491176428,"size":1632,"is_remote":false,"is_managed":false,"is_referenced":true,"is_object_key_read_only":false,"is_user_provided_path_key":true,"transfer_complete":true,"is_partitioned":false,"complete_time_ticks":1636491176428,"user_data":{},"test_doc":0,"handle":{"bucket":"supplychaintest-donotdelete-pr-u8ttfzuv4uqxeh","location":"us-geo","key":"data_profile_uda/2021-11-09-20_52_54-uda_c7c8dd32-7a07-40af-a336-57f6534c06dd.json","upload_id":"done","max_part_num":1},"usage":{"access_count":0,"last_accessor_id":"iam-ServiceId-5d9bb1d6-b10e-410d-a535-ad6b78e9773b","last_access_time":1636491176428}}]}
