{"metadata":{"asset_id":"c664a3cb-5ae5-4a96-ad64-9b931bf62ad2","asset_attributes":["notebook"],"name":"3-Decision Optimization","asset_type":"notebook","created_at":"2021-11-09T20:52:08Z","description":"","origin_country":"us","owner_id":"IBMid-550003P291","project_id":"0f134e76-fdbf-4b22-98c2-9a5129b2ac9d","size":57978,"tags":["notebook"],"usage":{"last_update_time":1636491349710,"last_updated_at":"2021-11-09T20:55:49Z"}},"entity":{"notebook":{"kernel":{"name":"python3","display_name":"Python 3.8","language":"python"},"originates_from":{"type":"file"},"runtime":{"environment":"premium2py38-0f134e76-fdbf-4b22-98c2-9a5129b2ac9d"}}},"attachments":[{"id":"22f195f1-4b9f-4ca7-8253-6699cdfaf63d","version":2,"asset_type":"notebook","name":"attachment for notebook c664a3cb-5ae5-4a96-ad64-9b931bf62ad2","description":"attachment for notebook c664a3cb-5ae5-4a96-ad64-9b931bf62ad2","mime":"application/json","datasource_type":"193a97c1-4475-4a19-b90c-295c4fdc6517","object_key":"notebook/3-Decision_Optimization_JH-4kBnU4_e6L_T7JbE.ipynb","creator_id":"IBMid-550003P291","create_time":1636491129075,"size":57978,"is_remote":false,"is_managed":false,"is_referenced":true,"is_object_key_read_only":false,"is_user_provided_path_key":true,"transfer_complete":true,"is_partitioned":false,"complete_time_ticks":1636491129075,"user_data":{},"test_doc":0,"handle":{"bucket":"supplychaintest-donotdelete-pr-u8ttfzuv4uqxeh","location":"us-geo","key":"notebook/3-Decision_Optimization_JH-4kBnU4_e6L_T7JbE.ipynb","upload_id":"done","max_part_num":1},"usage":{"access_count":2,"last_accessor_id":"IBMid-550003P291","last_access_time":1636491349710,"last_updater_id":"IBMid-550003P291","last_update_time":1636491349710}}]}
