{"metadata":{"asset_id":"c8078b2a-d37f-4943-954b-1dd5e29c14f5","asset_attributes":["notebook"],"name":"1-Data Preprocessing","asset_type":"notebook","created_at":"2021-11-09T20:52:08Z","description":"","origin_country":"us","owner_id":"IBMid-550003P291","project_id":"0f134e76-fdbf-4b22-98c2-9a5129b2ac9d","size":23384,"tags":["notebook"],"usage":{"last_update_time":1636491218759,"last_updated_at":"2021-11-09T20:53:38Z"}},"entity":{"notebook":{"kernel":{"name":"python3","display_name":"Python 3.8","language":"python"},"originates_from":{"type":"file"},"runtime":{"environment":"premium2py38-0f134e76-fdbf-4b22-98c2-9a5129b2ac9d"}}},"attachments":[{"id":"41819827-bef6-4f5e-b4eb-5954b713cdf2","version":2,"asset_type":"notebook","name":"attachment for notebook c8078b2a-d37f-4943-954b-1dd5e29c14f5","description":"attachment for notebook c8078b2a-d37f-4943-954b-1dd5e29c14f5","mime":"application/json","datasource_type":"193a97c1-4475-4a19-b90c-295c4fdc6517","object_key":"notebook/0-Data_Preprocessing_Gaw6uXS_7_GqJnHfPSB.ipynb","creator_id":"IBMid-550003P291","create_time":1636491129018,"size":23384,"is_remote":false,"is_managed":false,"is_referenced":true,"is_object_key_read_only":false,"is_user_provided_path_key":true,"transfer_complete":true,"is_partitioned":false,"complete_time_ticks":1636491129018,"user_data":{},"test_doc":0,"handle":{"bucket":"supplychaintest-donotdelete-pr-u8ttfzuv4uqxeh","location":"us-geo","key":"notebook/0-Data_Preprocessing_Gaw6uXS_7_GqJnHfPSB.ipynb","upload_id":"done","max_part_num":1},"usage":{"access_count":1,"last_accessor_id":"IBMid-550003P291","last_access_time":1636491218759,"last_updater_id":"IBMid-550003P291","last_update_time":1636491218759}}]}
