{"metadata":{"asset_id":"6ef62d92-39e4-4f16-b43e-41358aca421e","asset_attributes":["notebook"],"name":"2-Shiny Data Prep","asset_type":"notebook","created_at":"2021-11-09T20:52:08Z","description":"","origin_country":"us","owner_id":"IBMid-550003P291","project_id":"0f134e76-fdbf-4b22-98c2-9a5129b2ac9d","size":11849,"tags":["notebook"],"usage":{"last_update_time":1636491261614,"last_updated_at":"2021-11-09T20:54:21Z"}},"entity":{"notebook":{"kernel":{"name":"python3","display_name":"Python 3.8","language":"python"},"originates_from":{"type":"file"},"runtime":{"environment":"premium2py38-0f134e76-fdbf-4b22-98c2-9a5129b2ac9d"}}},"attachments":[{"id":"dfc8652d-6774-45f3-b559-b844f37f981d","version":2,"asset_type":"notebook","name":"attachment for notebook 6ef62d92-39e4-4f16-b43e-41358aca421e","description":"attachment for notebook 6ef62d92-39e4-4f16-b43e-41358aca421e","mime":"application/json","datasource_type":"193a97c1-4475-4a19-b90c-295c4fdc6517","object_key":"notebook/shiny_data_prep_QRWdP7IwN_xHYgNMJod.ipynb","creator_id":"IBMid-550003P291","create_time":1636491129056,"size":11849,"is_remote":false,"is_managed":false,"is_referenced":true,"is_object_key_read_only":false,"is_user_provided_path_key":true,"transfer_complete":true,"is_partitioned":false,"complete_time_ticks":1636491129056,"user_data":{},"test_doc":0,"handle":{"bucket":"supplychaintest-donotdelete-pr-u8ttfzuv4uqxeh","location":"us-geo","key":"notebook/shiny_data_prep_QRWdP7IwN_xHYgNMJod.ipynb","upload_id":"done","max_part_num":1},"usage":{"access_count":1,"last_accessor_id":"IBMid-550003P291","last_access_time":1636491261613,"last_updater_id":"IBMid-550003P291","last_update_time":1636491261613}}]}
