{"operation":"remove_lock","lockedBy":{"user_email":"simone_zerfass@de.ibm.com","user":"simone_zerfass","iam_id":"1000331015","user_role":"admin"},"markdown":"# Analyzing Text with Watson Natural Language Processing\n\nIn this project, you will find examples on how to use Watson Natural Language Processing models to extract insights from text. You'll also see how you can use Watson Natural Language Processing to create your own models. The project contains one data set as CSV, and five notebooks.  The notebooks use custom environments, based on _IBM Runtime 24.1_, as the memory requirements of NLP models exceed the 2GB reserved in the out-of-the-box  _IBM Runtime 24.1_ environment.\n\n**Note:** Ensure that you have the prebuilt NLP Models installed. See the install instructions at https://www.ibm.com/docs/en/cloud-paks/cp-data/4.7.x?topic=ws-post-installation-setup#nlp \n\nAfter running this project you'll know how to:\n\n* Install the `watson_nlp` library\n* Load the Watson NLP _blocks_ with  relevant models for a use case\n* Apply Watson NLP blocks on data in Pandas dataframes\n* Train your own rule-based models with dictionaries and regular expressions\n* Train your own machine-learning-based models with SVM, CNN and embeddings. \n* Visualize the results with word clouds, correlation matrix, bar and pie charts\n* Perform further analytic techniques to discover patterns across individual texts, such as association rule mining\n* Deploy an NLP block or custom model as a Python function in Watson Machine Learning\n\n## Data assets \n\n- `hotel_reviews.csv`: Reviews of two New York hotels from the _OpinRank Review_ dataset, available at https://archive.ics.uci.edu/ml/datasets/OpinRank+Review+Dataset\n- `svm_model`: A custom document classification model used in the _Deploy Custom Classification Model_ notebook\n- Complaint records from car owners, collected by the National Highway and Transit Association (NHTSA), available at https://www-odi.nhtsa.dot.gov/downloads/\n- Complaints about consumer financial products and services, collected by the Consumer Financial Protection Bureau (CFPB), available at https://www.consumerfinance.gov/data-research/consumer-complaints/\n\n\n## Notebooks\n\nEach of the notebook highlights a particular set of Watson NLP blocks. The notebooks can be run in any order.\n1. **Car complaint analysis**:  Shows how to apply _syntax analysis_ and _noun phrase extraction_ to car complaint descriptions to understand key failure causes.\n2. **Hotel Review Analysis**:  Shows how to apply _syntax analysis_ and _sentiment analysis_  to hotel reviews to identify key aspects that drive sentiment.\n3. **Financial complaint analysis**: Shows how to apply _tone classification_ and _emotion classification_ to get insights on consumer complaints about finance products.\n3. **Entity extraction on financial complaints**: Shows how to apply _entity extraction_ and custom _term extraction_ to get insights on consumer complaints about finance products.\n4. **Complaint classification**: Shows how to create several custom _classification_ models, using various algorithms included in Watson NLP.\n5. **Deploy Pretrained Sentiment Model**: Shows how to create an Online Deployment that identfies sentiment, based on Watson NLP blocks.\n6. **Deploy Custom Classification Model**: Shows how to create an Online Deployment that classifies documents, based on a custom model.\n\n## Resources\n\n<a href=\"https://www.ibm.com/docs/en/cloud-paks/cp-data/4.7.x?topic=notebooks-watson-natural-language-processing\">Watson Natural Language Processing Documentation in Watson Studio</a>\n\n## Licenses\n\n- <a href=\"URL\" rel=\"noopener noreferrer\">OpinRank Review</a> Data Set\n- <a href=\"URL\" rel=\"noopener noreferrer\">NHTSA Complaint Records</a>\n- <a href=\"URL\" rel=\"noopener noreferrer\">Financial Complaint Records</a>\n- Notebooks: <a href=\"https://opensource.org/licenses/MIT\" rel=\"noopener noreferrer\">MIT</a>"}