{"operation":"remove_lock","lockedBy":{"user_email":"simone_zerfass@de.ibm.com","user":"simone_zerfass@de.ibm.com","iam_id":"IBMid-3100029C8B","user_role":"admin"},"markdown":"# Analyzing Text with Watson Natural Language Processing\nIn this project, you will find examples on how to use Watson Natural Language Processing models to extract insights from text. You'll also see how you can use Watson Natural Language Processing to create your own models. The project contains one data set as CSV, and five notebooks.  The notebooks use custom environments, based on the _NLP Runtime 24.1_. \n\nAfter running this project you'll know how to:\n* Install the `watson_nlp` library\n* Load the Watson NLP _blocks_ with  relevant models for a use case\n* Apply Watson NLP blocks on data in Pandas dataframes\n* Train your own rule-based models with dictionaries and regular expressions\n* Train your own machine-learning-based models with SVM and enbeddings.\n* Visualize the results with word clouds, correlation matrix, bar and pie charts\n* Perform further analytic techniques to discover patterns across individual texts, such as association rule mining\n\n## Data assets \n- `hotel_reviews.csv`: Reviews of two New York hotels from the _OpinRank Review_ dataset, available at https://archive.ics.uci.edu/ml/datasets/OpinRank+Review+Dataset\\n\n- Complaint records from car owners, collected by the National Highway and Transit Association (NHTSA), available at https://www-odi.nhtsa.dot.gov/downloads/\\n\n- Complaints about consumer financial products and services, collected by the Consumer Financial Protection Bureau (CFPB), available at https://www.consumerfinance.gov/data-research/consumer-complaints/\n\n## Notebooks\nEach of the notebook highlights a particular set of Watson NLP blocks. The notebooks can be run in any order.\n1. **Car complaint analysis**:  Shows how to apply _syntax analysis_ and _noun phrase extraction_ to car complaint descriptions to understand key failure causes.\n2. **Hotel Review Analysis**:  Shows how to apply _syntax analysis_ and _sentiment analysis_  to hotel reviews to identify key aspects that drive sentiment.\n3. **Financial complaint analysis**: Shows how to apply _tone classification_ and _emotion classification_ to get insights on consumer complaints about finance products.\n4. **Entity extraction on financial complaints**: Shows how to apply _entity extraction_ and custom _term extraction_ to get insights on consumer complaints about finance products.\n5. **Complaint classification**: Shows how to create several custom _classification_ models, using various algorithms included in Watson NLP.\n\n## Resources\n<a href=\"\\&quot;https://dataplatform.cloud.ibm.com/docs/content/wsj/analyze-data/watson-nlp_cloud.html?context=cpdaas&amp;audience=wdp\\&quot;\">Watson Natural Language Processing Documentation in Watson Studio</a>\n\n## Licenses\n- <a href=\"\\&quot;URL\\&quot;\" rel=\"\\&quot;noopener\">OpinRank Review</a> Data Set\n- <a href=\"\\&quot;URL\\&quot;\" rel=\"\\&quot;noopener\">NHTSA Complaint Records</a>\n- <a href=\"\\&quot;URL\\&quot;\" rel=\"\\&quot;noopener\">Financial Complaint Records</a>\n- Notebooks: <a href=\"\\&quot;https://opensource.org/licenses/MIT\\&quot;\" rel=\"\\&quot;noopener\">MIT</a>"}