{"input":[["[System Prompt]\nYou are a helpful, respectful and honest assistant for labeling topics.\nYou are excellent at inferring information about topics discovered via topic modelling, using information retrieval. \nYou summarize information intelligently. \nYou make sure that everything you output is strictly based on the provided text. \nYou always explicitly say if you don't find any useful information!\n[\\System Prompt]\n\n[Instructions]\nI have the following questions pertaining to ONLY ONE particular topic:\n{questions}\n\nThe topic is described by the following keywords: \n{keywords}\n\nBased on the aforementioned information, your task is to create a short, crisp, and meaningful label (max 4-5 words) for this topic and provide a one line description of what falls under the topic.\n- Your response should only include one label and one description in the following format:\n   Label: topic label\n   Description: topic description\n- The topic label must be as GENERALIZABLE to all the given questions as possible.\n- The topic must reflect a SINGLE coherent topic instead of a combination of topics.\n\nLabel:",""]],"model_id":"ibm/granite-3-3-8b-instruct","model_parameters":{"decoding_method":"greedy","max_new_tokens":100,"min_new_tokens":0,"temperature":0.7,"top_k":50,"top_p":1,"repetition_penalty":1},"data":{}}