{"metadata":{"asset_id":"708804c3-c951-464b-8921-447d99935b2b","asset_attributes":["data_asset"],"name":"Utilities Customer Attrition Business Terms.csv","asset_type":"data_asset","created_at":"2021-03-24T18:01:39Z","description":"","origin_country":"us","owner_id":"IBMid-3100022GMV","project_id":"470fe1ef-1009-42df-898c-0a16763bb53d","size":866,"tags":[],"usage":{"last_update_time":1616608900209,"last_updated_at":"2021-03-24T18:01:40Z"}},"entity":{"data_asset":{"mime_type":"text/csv","dataset":false}},"attachments":[{"id":"e43aa76a-8b83-435f-a804-ecba01a2607e","version":2,"asset_type":"data_asset","name":"Utilities Customer Attrition Business Terms.csv","mime":"text/csv","datasource_type":"193a97c1-4475-4a19-b90c-295c4fdc6517","object_key":"Utilities Customer Attrition Business Terms.csv","creator_id":"iam-ServiceId-f49c5558-c247-4983-a04f-7d3c7a3d55da","create_time":1616608900099,"size":866,"is_remote":false,"is_managed":false,"is_referenced":true,"is_object_key_read_only":false,"is_user_provided_path_key":true,"transfer_complete":true,"is_partitioned":false,"complete_time_ticks":1616608900099,"user_data":{},"test_doc":0,"handle":{"bucket":"utilitiescustomerattritionpredict-donotdelete-pr-utwt4c3dfrejng","location":"us-geo","key":"Utilities Customer Attrition Business Terms.csv","upload_id":"done","max_part_num":1},"usage":{"access_count":0,"last_accessor_id":"iam-ServiceId-f49c5558-c247-4983-a04f-7d3c7a3d55da","last_access_time":1616608900099}}]}
