{"metadata":{"asset_id":"ff513fbf-5add-4194-91eb-41dd2f14f4e5","asset_attributes":["data_asset"],"name":"LOCATION.csv","asset_type":"data_asset","created_at":"2021-03-24T18:01:40Z","description":"","origin_country":"us","owner_id":"IBMid-3100022GMV","project_id":"470fe1ef-1009-42df-898c-0a16763bb53d","size":146517,"tags":[],"usage":{"last_update_time":1616608900840,"last_updated_at":"2021-03-24T18:01:40Z"}},"entity":{"data_asset":{"mime_type":"text/csv","dataset":false}},"attachments":[{"id":"24e2bee1-8713-4c2a-81fa-d7c0b269e686","version":2,"asset_type":"data_asset","name":"LOCATION.csv","mime":"text/csv","datasource_type":"193a97c1-4475-4a19-b90c-295c4fdc6517","object_key":"LOCATION.csv","creator_id":"iam-ServiceId-f49c5558-c247-4983-a04f-7d3c7a3d55da","create_time":1616608900711,"size":146517,"is_remote":false,"is_managed":false,"is_referenced":true,"is_object_key_read_only":false,"is_user_provided_path_key":true,"transfer_complete":true,"is_partitioned":false,"complete_time_ticks":1616608900711,"user_data":{},"test_doc":0,"handle":{"bucket":"utilitiescustomerattritionpredict-donotdelete-pr-utwt4c3dfrejng","location":"us-geo","key":"LOCATION.csv","upload_id":"done","max_part_num":1},"usage":{"access_count":0,"last_accessor_id":"iam-ServiceId-f49c5558-c247-4983-a04f-7d3c7a3d55da","last_access_time":1616608900711}}]}
