{"metadata":{"asset_id":"2c36b0cc-0589-4ce9-beaf-1d78910c01cf","asset_attributes":["data_asset"],"name":"CST_SEGMENT.csv","asset_type":"data_asset","created_at":"2021-03-24T18:01:38Z","description":"","origin_country":"us","owner_id":"IBMid-3100022GMV","project_id":"470fe1ef-1009-42df-898c-0a16763bb53d","size":89,"tags":[],"usage":{"last_update_time":1616608900199,"last_updated_at":"2021-03-24T18:01:40Z"}},"entity":{"data_asset":{"mime_type":"text/csv","dataset":false}},"attachments":[{"id":"69b17043-f027-4ab0-9b7a-6867d74c9d99","version":2,"asset_type":"data_asset","name":"CST_SEGMENT.csv","mime":"text/csv","datasource_type":"193a97c1-4475-4a19-b90c-295c4fdc6517","object_key":"CST_SEGMENT.csv","creator_id":"iam-ServiceId-f49c5558-c247-4983-a04f-7d3c7a3d55da","create_time":1616608899210,"size":89,"is_remote":false,"is_managed":false,"is_referenced":true,"is_object_key_read_only":false,"is_user_provided_path_key":true,"transfer_complete":true,"is_partitioned":false,"complete_time_ticks":1616608899210,"user_data":{},"test_doc":0,"handle":{"bucket":"utilitiescustomerattritionpredict-donotdelete-pr-utwt4c3dfrejng","location":"us-geo","key":"CST_SEGMENT.csv","upload_id":"done","max_part_num":1},"usage":{"access_count":0,"last_accessor_id":"iam-ServiceId-f49c5558-c247-4983-a04f-7d3c7a3d55da","last_access_time":1616608899210}}]}
