{"metadata":{"asset_id":"fbcf5fd7-c1e7-4119-ad16-acf0768f9a75","asset_attributes":["data_asset"],"name":"EMPLOYMENT.csv","asset_type":"data_asset","created_at":"2021-03-24T18:01:40Z","description":"","origin_country":"us","owner_id":"IBMid-3100022GMV","project_id":"470fe1ef-1009-42df-898c-0a16763bb53d","size":309,"tags":[],"usage":{"last_update_time":1616608901241,"last_updated_at":"2021-03-24T18:01:41Z"}},"entity":{"data_asset":{"mime_type":"text/csv","dataset":false}},"attachments":[{"id":"3ada91c9-889d-44b9-8e9c-a40ca4c0c028","version":2,"asset_type":"data_asset","name":"EMPLOYMENT.csv","mime":"text/csv","datasource_type":"193a97c1-4475-4a19-b90c-295c4fdc6517","object_key":"EMPLOYMENT.csv","creator_id":"iam-ServiceId-f49c5558-c247-4983-a04f-7d3c7a3d55da","create_time":1616608900996,"size":309,"is_remote":false,"is_managed":false,"is_referenced":true,"is_object_key_read_only":false,"is_user_provided_path_key":true,"transfer_complete":true,"is_partitioned":false,"complete_time_ticks":1616608900996,"user_data":{},"test_doc":0,"handle":{"bucket":"utilitiescustomerattritionpredict-donotdelete-pr-utwt4c3dfrejng","location":"us-geo","key":"EMPLOYMENT.csv","upload_id":"done","max_part_num":1},"usage":{"access_count":0,"last_accessor_id":"iam-ServiceId-f49c5558-c247-4983-a04f-7d3c7a3d55da","last_access_time":1616608900996}}]}
