{"metadata":{"asset_id":"670b5f9d-93e7-43c0-ac17-faf1e9cced14","asset_attributes":["data_asset","data_profile_uda"],"name":"Readme-Utilities-Customer-Attrition-Prediction.pdf","asset_type":"data_asset","created_at":"2021-03-30T17:58:02Z","description":"","origin_country":"us","owner_id":"IBMid-3100022GMV","project_id":"470fe1ef-1009-42df-898c-0a16763bb53d","size":230431,"tags":[],"usage":{"last_update_time":1617127135370,"last_updated_at":"2021-03-30T17:58:55Z"}},"entity":{"data_asset":{"mime_type":"application/pdf","dataset":false},"data_profile_uda":{"status":"completed"}},"attachments":[{"id":"bb77f62a-ac3e-41f4-9cd5-a4dd15a0fdba","version":2,"asset_type":"data_asset","name":"Readme-Utilities-Customer-Attrition-Prediction.pdf","mime":"application/pdf","datasource_type":"193a97c1-4475-4a19-b90c-295c4fdc6517","object_key":"Readme-Utilities-Customer-Attrition-Prediction.pdf","creator_id":"IBMid-3100022GMV","create_time":1617127083612,"size":229216,"is_remote":false,"is_managed":false,"is_referenced":true,"is_object_key_read_only":true,"is_user_provided_path_key":true,"transfer_complete":true,"is_partitioned":false,"complete_time_ticks":1617127083612,"user_data":{},"test_doc":0,"handle":{"bucket":"utilitiescustomerattritionpredict-donotdelete-pr-utwt4c3dfrejng","location":"us-geo","key":"Readme-Utilities-Customer-Attrition-Prediction.pdf","upload_id":"done","max_part_num":1},"usage":{"access_count":0,"last_accessor_id":"IBMid-3100022GMV","last_access_time":1617127083612}},{"id":"2439c746-3e27-4a25-ab85-1f5e6504ac43","version":2,"asset_type":"data_profile_uda","name":"uda_670b5f9d-93e7-43c0-ac17-faf1e9cced14.json","mime":"application/json","datasource_type":"193a97c1-4475-4a19-b90c-295c4fdc6517","object_key":"data_profile_uda/2021-03-30-17_58_54-uda_670b5f9d-93e7-43c0-ac17-faf1e9cced14.json","creator_id":"iam-ServiceId-5d9bb1d6-b10e-410d-a535-ad6b78e9773b","create_time":1617127135370,"size":1215,"is_remote":false,"is_managed":false,"is_referenced":true,"is_object_key_read_only":false,"is_user_provided_path_key":true,"transfer_complete":true,"is_partitioned":false,"complete_time_ticks":1617127135370,"user_data":{},"test_doc":0,"handle":{"bucket":"utilitiescustomerattritionpredict-donotdelete-pr-utwt4c3dfrejng","location":"us-geo","key":"data_profile_uda/2021-03-30-17_58_54-uda_670b5f9d-93e7-43c0-ac17-faf1e9cced14.json","upload_id":"done","max_part_num":1},"usage":{"access_count":0,"last_accessor_id":"iam-ServiceId-5d9bb1d6-b10e-410d-a535-ad6b78e9773b","last_access_time":1617127135370}}]}
