{"metadata":{"asset_id":"1b55867e-77ae-41f4-8b74-afd12b9cd065","asset_attributes":["notebook"],"name":"1-model_training","asset_type":"notebook","created_at":"2021-03-24T18:01:41Z","description":"","origin_country":"us","owner_id":"iam-ServiceId-9e68bc5f-c5f6-4f6f-8bcf-e57f47b9d1b1","project_id":"470fe1ef-1009-42df-898c-0a16763bb53d","size":665936,"tags":["notebook"],"usage":{"last_update_time":1617192602365,"last_updated_at":"2021-03-31T12:10:02Z"}},"entity":{"notebook":{"kernel":{"name":"python3","display_name":"Python 3.7","language":"python"},"originates_from":{"type":"file"},"runtime":{"environment":"conda2py37-470fe1ef-1009-42df-898c-0a16763bb53d"}}},"attachments":[{"id":"963490f0-7888-4b33-a9d5-e142f55e0a0f","version":2,"asset_type":"notebook","name":"attachment for notebook 1b55867e-77ae-41f4-8b74-afd12b9cd065","description":"attachment for notebook 1b55867e-77ae-41f4-8b74-afd12b9cd065","mime":"application/json","datasource_type":"193a97c1-4475-4a19-b90c-295c4fdc6517","object_key":"notebook/1-model_train_6QjjLf6oW.ipynb","creator_id":"IBMid-3100022GMV","create_time":1616608902366,"size":665936,"is_remote":false,"is_managed":false,"is_referenced":true,"is_object_key_read_only":false,"is_user_provided_path_key":true,"transfer_complete":true,"is_partitioned":false,"complete_time_ticks":1616608902366,"user_data":{},"test_doc":0,"handle":{"bucket":"utilitiescustomerattritionpredict-donotdelete-pr-utwt4c3dfrejng","location":"us-geo","key":"notebook/1-model_train_6QjjLf6oW.ipynb","upload_id":"done","max_part_num":1},"usage":{"access_count":0,"last_accessor_id":"IBMid-3100022GMV","last_access_time":1616608902366}}]}
