{"metadata":{"asset_id":"c47bf010-5142-4a09-a869-abc4b20093f8","asset_attributes":["notebook"],"name":"2-model_scoring","asset_type":"notebook","created_at":"2021-03-24T18:01:41Z","description":"","origin_country":"us","owner_id":"iam-ServiceId-9e68bc5f-c5f6-4f6f-8bcf-e57f47b9d1b1","project_id":"470fe1ef-1009-42df-898c-0a16763bb53d","size":19135,"tags":["notebook"],"usage":{"last_update_time":1617191974320,"last_updated_at":"2021-03-31T11:59:34Z"}},"entity":{"notebook":{"kernel":{"name":"python3","display_name":"Python 3.7","language":"python"},"originates_from":{"type":"file"},"runtime":{"environment":"conda2py37-470fe1ef-1009-42df-898c-0a16763bb53d"}}},"attachments":[{"id":"0381d9a0-3823-4347-a6c8-ddca74c92899","version":2,"asset_type":"notebook","name":"attachment for notebook c47bf010-5142-4a09-a869-abc4b20093f8","description":"attachment for notebook c47bf010-5142-4a09-a869-abc4b20093f8","mime":"application/json","datasource_type":"193a97c1-4475-4a19-b90c-295c4fdc6517","object_key":"notebook/2-model_scoring_-T216BNCo.ipynb","creator_id":"IBMid-3100022GMV","create_time":1616608902612,"size":19135,"is_remote":false,"is_managed":false,"is_referenced":true,"is_object_key_read_only":false,"is_user_provided_path_key":true,"transfer_complete":true,"is_partitioned":false,"complete_time_ticks":1616608902612,"user_data":{},"test_doc":0,"handle":{"bucket":"utilitiescustomerattritionpredict-donotdelete-pr-utwt4c3dfrejng","location":"us-geo","key":"notebook/2-model_scoring_-T216BNCo.ipynb","upload_id":"done","max_part_num":1},"usage":{"access_count":0,"last_accessor_id":"IBMid-3100022GMV","last_access_time":1616608902612}}]}
