{"metadata":{"asset_id":"6d67c61b-1444-4c06-9752-f5622be307bd","asset_attributes":["data_asset"],"name":"utilities-customer-micro-segmentation-map-terms.csv","asset_type":"data_asset","created_at":"2021-10-01T09:38:25Z","description":"","origin_country":"us","owner_id":"IBMid-550003B08R","project_id":"dcf915e4-fa37-4801-9733-8f0c97d87c86","size":7335,"tags":[],"usage":{"last_update_time":1633081106371,"last_updated_at":"2021-10-01T09:38:26Z"}},"entity":{"data_asset":{"mime_type":"text/csv","dataset":false}},"attachments":[{"id":"9e230eae-6610-424b-bbfe-398cf959e691","version":2,"asset_type":"data_asset","name":"utilities-customer-micro-segmentation-map-terms.csv","mime":"text/csv","datasource_type":"193a97c1-4475-4a19-b90c-295c4fdc6517","object_key":"utilities-customer-micro-segmentation-map-terms.csv","creator_id":"IBMid-550003B08R","create_time":1633081106370,"size":7335,"is_remote":false,"is_managed":false,"is_referenced":true,"is_object_key_read_only":true,"is_user_provided_path_key":true,"transfer_complete":true,"is_partitioned":false,"complete_time_ticks":1633081106370,"user_data":{},"test_doc":0,"handle":{"bucket":"utilitiescustomermicrosegmentatio-donotdelete-pr-jfx3iun8kg1kdc","location":"us-geo","key":"utilities-customer-micro-segmentation-map-terms.csv","upload_id":"done","max_part_num":1},"usage":{"access_count":0,"last_accessor_id":"IBMid-550003B08R","last_access_time":1633081106370}}]}
