{"metadata":{"asset_id":"2207c7ea-a62b-4bd1-a2cf-a49e8ad4f3f1","asset_attributes":["data_asset"],"name":"utilities-customer-micro-segmentation-glossary-categories.csv","asset_type":"data_asset","created_at":"2021-09-30T08:02:09Z","description":"","origin_country":"us","owner_id":"IBMid-550003B08R","project_id":"dcf915e4-fa37-4801-9733-8f0c97d87c86","size":501,"tags":[],"usage":{"last_update_time":1632988930273,"last_updated_at":"2021-09-30T08:02:10Z"}},"entity":{"data_asset":{"mime_type":"text/csv","dataset":false}},"attachments":[{"id":"e2174eb6-df6d-430d-bfaf-2dca05ef5868","version":2,"asset_type":"data_asset","name":"utilities-customer-micro-segmentation-glossary-categories.csv","mime":"text/csv","datasource_type":"193a97c1-4475-4a19-b90c-295c4fdc6517","object_key":"utilities-customer-micro-segmentation-glossary-categories.csv","creator_id":"iam-ServiceId-f49c5558-c247-4983-a04f-7d3c7a3d55da","create_time":1632988930076,"size":501,"is_remote":false,"is_managed":false,"is_referenced":true,"is_object_key_read_only":false,"is_user_provided_path_key":true,"transfer_complete":true,"is_partitioned":false,"complete_time_ticks":1632988930076,"user_data":{},"test_doc":0,"handle":{"bucket":"utilitiescustomermicrosegmentatio-donotdelete-pr-jfx3iun8kg1kdc","location":"us-geo","key":"utilities-customer-micro-segmentation-glossary-categories.csv","upload_id":"done","max_part_num":1},"usage":{"access_count":0,"last_accessor_id":"iam-ServiceId-f49c5558-c247-4983-a04f-7d3c7a3d55da","last_access_time":1632988930076}}]}
