{"metadata":{"asset_id":"3434cb86-cb3c-41ce-87af-728a61f6255e","asset_attributes":["data_asset"],"name":"utilities-customer-micro-segmentation-analytics-dashboard.zip","asset_type":"data_asset","created_at":"2021-10-01T11:38:50Z","description":"","origin_country":"us","owner_id":"IBMid-550003B08R","project_id":"dcf915e4-fa37-4801-9733-8f0c97d87c86","size":221158,"tags":[],"usage":{"last_update_time":1633088330957,"last_updated_at":"2021-10-01T11:38:50Z"}},"entity":{"data_asset":{"mime_type":"application/zip","dataset":false}},"attachments":[{"id":"4581bcf1-52c3-4c8c-b3a2-5f6e0831e77a","version":2,"asset_type":"data_asset","name":"utilities-customer-micro-segmentation-analytics-dashboard.zip","mime":"application/zip","datasource_type":"193a97c1-4475-4a19-b90c-295c4fdc6517","object_key":"utilities-customer-micro-segmentation-analytics-dashboard.zip","creator_id":"IBMid-550003B08R","create_time":1633088330956,"size":221158,"is_remote":false,"is_managed":false,"is_referenced":true,"is_object_key_read_only":true,"is_user_provided_path_key":true,"transfer_complete":true,"is_partitioned":false,"complete_time_ticks":1633088330956,"user_data":{},"test_doc":0,"handle":{"bucket":"utilitiescustomermicrosegmentatio-donotdelete-pr-jfx3iun8kg1kdc","location":"us-geo","key":"utilities-customer-micro-segmentation-analytics-dashboard.zip","upload_id":"done","max_part_num":1},"usage":{"access_count":0,"last_accessor_id":"IBMid-550003B08R","last_access_time":1633088330956}}]}
