{"metadata":{"asset_id":"19cb29b0-f1c0-4ed4-8276-6123f56d0b88","asset_attributes":["data_asset","data_profile_uda"],"name":"Readme-Utilities Customer Micro-Segmentation.pdf","asset_type":"data_asset","created_at":"2021-10-01T09:58:53Z","description":"","origin_country":"us","owner_id":"IBMid-550003B08R","project_id":"dcf915e4-fa37-4801-9733-8f0c97d87c86","size":91464,"tags":[],"usage":{"last_update_time":1633622592070,"last_updated_at":"2021-10-07T16:03:12Z"}},"entity":{"data_asset":{"mime_type":"application/pdf","dataset":false},"data_profile_uda":{"status":"completed"}},"attachments":[{"id":"2802e6c4-274d-4ace-b443-480f925c1351","version":2,"asset_type":"data_asset","name":"Readme-Utilities Customer Micro-Segmentation.pdf","mime":"application/pdf","datasource_type":"193a97c1-4475-4a19-b90c-295c4fdc6517","object_key":"Readme-Utilities Customer Micro-Segmentation.pdf","creator_id":"IBMid-550003B08R","create_time":1633082334772,"size":89364,"is_remote":false,"is_managed":false,"is_referenced":true,"is_object_key_read_only":true,"is_user_provided_path_key":true,"transfer_complete":true,"is_partitioned":false,"complete_time_ticks":1633082334772,"user_data":{},"test_doc":0,"handle":{"bucket":"utilitiescustomermicrosegmentatio-donotdelete-pr-jfx3iun8kg1kdc","location":"us-geo","key":"Readme-Utilities Customer Micro-Segmentation.pdf","upload_id":"done","max_part_num":1},"usage":{"access_count":1,"last_accessor_id":"IBMid-550003B08R","last_access_time":1633622592069,"last_updater_id":"IBMid-550003B08R","last_update_time":1633622592069}},{"id":"6dee0e3d-0792-4d4b-92a4-924018e0424f","version":2,"asset_type":"data_profile_uda","name":"uda_19cb29b0-f1c0-4ed4-8276-6123f56d0b88.json","mime":"application/json","datasource_type":"193a97c1-4475-4a19-b90c-295c4fdc6517","object_key":"data_profile_uda/2021-10-01-09_59_14-uda_19cb29b0-f1c0-4ed4-8276-6123f56d0b88.json","creator_id":"iam-ServiceId-5d9bb1d6-b10e-410d-a535-ad6b78e9773b","create_time":1633082355793,"size":1050,"is_remote":false,"is_managed":false,"is_referenced":true,"is_object_key_read_only":false,"is_user_provided_path_key":true,"transfer_complete":true,"is_partitioned":false,"complete_time_ticks":1633082355793,"user_data":{},"test_doc":0,"handle":{"bucket":"utilitiescustomermicrosegmentatio-donotdelete-pr-jfx3iun8kg1kdc","location":"us-geo","key":"data_profile_uda/2021-10-01-09_59_14-uda_19cb29b0-f1c0-4ed4-8276-6123f56d0b88.json","upload_id":"done","max_part_num":1},"usage":{"access_count":0,"last_accessor_id":"iam-ServiceId-5d9bb1d6-b10e-410d-a535-ad6b78e9773b","last_access_time":1633082355793}},{"id":"3ae37043-73e6-4610-9980-20d2a16243aa","version":2,"asset_type":"data_profile_uda","name":"uda_19cb29b0-f1c0-4ed4-8276-6123f56d0b88.json","mime":"application/json","datasource_type":"193a97c1-4475-4a19-b90c-295c4fdc6517","object_key":"data_profile_uda/2021-10-01-09_59_25-uda_19cb29b0-f1c0-4ed4-8276-6123f56d0b88.json","creator_id":"iam-ServiceId-5d9bb1d6-b10e-410d-a535-ad6b78e9773b","create_time":1633082366648,"size":1050,"is_remote":false,"is_managed":false,"is_referenced":true,"is_object_key_read_only":false,"is_user_provided_path_key":true,"transfer_complete":true,"is_partitioned":false,"complete_time_ticks":1633082366648,"user_data":{},"test_doc":0,"handle":{"bucket":"utilitiescustomermicrosegmentatio-donotdelete-pr-jfx3iun8kg1kdc","location":"us-geo","key":"data_profile_uda/2021-10-01-09_59_25-uda_19cb29b0-f1c0-4ed4-8276-6123f56d0b88.json","upload_id":"done","max_part_num":1},"usage":{"access_count":0,"last_accessor_id":"iam-ServiceId-5d9bb1d6-b10e-410d-a535-ad6b78e9773b","last_access_time":1633082366648}}]}
