{"metadata":{"asset_id":"290683de-c702-4d2f-9d91-cb2c9a27dd51","asset_attributes":["notebook"],"name":"2-model-scoring","asset_type":"notebook","created_at":"2021-09-30T08:02:11Z","description":"","origin_country":"us","owner_id":"iam-ServiceId-9e68bc5f-c5f6-4f6f-8bcf-e57f47b9d1b1","project_id":"dcf915e4-fa37-4801-9733-8f0c97d87c86","size":21744,"tags":["notebook"],"usage":{"last_update_time":1633614185655,"last_updated_at":"2021-10-07T13:43:05Z"}},"entity":{"notebook":{"kernel":{"name":"python3","display_name":"Python 3.8","language":"python"},"originates_from":{"type":"file"},"runtime":{"environment":"conda2py38-dcf915e4-fa37-4801-9733-8f0c97d87c86"}}},"attachments":[{"id":"26aeff61-6238-495d-9948-8569cfbe1193","version":2,"asset_type":"notebook","name":"attachment for notebook 290683de-c702-4d2f-9d91-cb2c9a27dd51","description":"attachment for notebook 290683de-c702-4d2f-9d91-cb2c9a27dd51","mime":"application/json","datasource_type":"193a97c1-4475-4a19-b90c-295c4fdc6517","object_key":"notebook/2-model-scoring_K8MrKE-cz.ipynb","creator_id":"IBMid-550003B08R","create_time":1632988931752,"size":21744,"is_remote":false,"is_managed":false,"is_referenced":true,"is_object_key_read_only":false,"is_user_provided_path_key":true,"transfer_complete":true,"is_partitioned":false,"complete_time_ticks":1632988931752,"user_data":{},"test_doc":0,"handle":{"bucket":"utilitiescustomermicrosegmentatio-donotdelete-pr-jfx3iun8kg1kdc","location":"us-geo","key":"notebook/2-model-scoring_K8MrKE-cz.ipynb","upload_id":"done","max_part_num":1},"usage":{"access_count":0,"last_accessor_id":"IBMid-550003B08R","last_access_time":1632988931752}}]}
