{"metadata":{"asset_id":"7a09f4ee-e224-4192-a208-7a15ed367652","asset_attributes":["notebook"],"name":"import-wkc-glossary","asset_type":"notebook","created_at":"2021-10-01T09:11:42Z","description":"","origin_country":"us","owner_id":"IBMid-550003B08R","project_id":"dcf915e4-fa37-4801-9733-8f0c97d87c86","size":38925,"tags":["notebook"],"usage":{"last_update_time":1633614153139,"last_updated_at":"2021-10-07T13:42:33Z"}},"entity":{"notebook":{"kernel":{"name":"python3","display_name":"Python 3.8","language":"python"},"originates_from":{"type":"blank"},"runtime":{"environment":"conda2py38-dcf915e4-fa37-4801-9733-8f0c97d87c86"}}},"attachments":[{"id":"a1805846-7f2b-4905-be9b-6f97b08eaf6c","version":2,"asset_type":"notebook","name":"attachment for notebook 7a09f4ee-e224-4192-a208-7a15ed367652","description":"attachment for notebook 7a09f4ee-e224-4192-a208-7a15ed367652","mime":"application/json","datasource_type":"193a97c1-4475-4a19-b90c-295c4fdc6517","object_key":"notebook/import-wkc-glossary_k48Nra2bQ.ipynb","creator_id":"IBMid-550003B08R","create_time":1633079503311,"size":38925,"is_remote":false,"is_managed":false,"is_referenced":true,"is_object_key_read_only":false,"is_user_provided_path_key":true,"transfer_complete":true,"is_partitioned":false,"complete_time_ticks":1633079503311,"user_data":{},"test_doc":0,"handle":{"bucket":"utilitiescustomermicrosegmentatio-donotdelete-pr-jfx3iun8kg1kdc","location":"us-geo","key":"notebook/import-wkc-glossary_k48Nra2bQ.ipynb","upload_id":"done","max_part_num":1},"usage":{"access_count":0,"last_accessor_id":"IBMid-550003B08R","last_access_time":1633079503311}}]}
