{"metadata":{"asset_id":"2c5f93da-69c9-4925-b51e-f230c640f9eb","asset_attributes":["data_asset"],"name":"CST_PROFILES.csv","asset_type":"data_asset","created_at":"2021-10-01T10:39:43Z","description":"","origin_country":"us","owner_id":"IBMid-550003B08R","project_id":"95e08af0-cf7d-45f3-9d46-aa6baac4786b","size":14812921,"tags":[],"usage":{"last_update_time":1633084784278,"last_updated_at":"2021-10-01T10:39:44Z"}},"entity":{"data_asset":{"mime_type":"text/csv","dataset":false}},"attachments":[{"id":"567cc821-5a64-482c-b2cd-93de40f0541d","version":2,"asset_type":"data_asset","name":"CST_PROFILES.csv","mime":"text/csv","datasource_type":"193a97c1-4475-4a19-b90c-295c4fdc6517","object_key":"CST_PROFILES.csv","creator_id":"iam-ServiceId-f49c5558-c247-4983-a04f-7d3c7a3d55da","create_time":1633084784110,"size":14812921,"is_remote":false,"is_managed":false,"is_referenced":true,"is_object_key_read_only":false,"is_user_provided_path_key":true,"transfer_complete":true,"is_partitioned":false,"complete_time_ticks":1633084784110,"user_data":{},"test_doc":0,"handle":{"bucket":"utilitiespaymentriskprediction-donotdelete-pr-pmskh5papewn0h","location":"us-geo","key":"CST_PROFILES.csv","upload_id":"done","max_part_num":1},"usage":{"access_count":0,"last_accessor_id":"iam-ServiceId-f49c5558-c247-4983-a04f-7d3c7a3d55da","last_access_time":1633084784110}}]}
