{"metadata":{"asset_id":"1c8697b1-7312-405c-a97d-c55194e27a4b","asset_attributes":["data_asset"],"name":"utilities-payment-risk-prediction-map-terms.csv","asset_type":"data_asset","created_at":"2021-10-01T10:43:26Z","description":"","origin_country":"us","owner_id":"IBMid-550003B08R","project_id":"95e08af0-cf7d-45f3-9d46-aa6baac4786b","size":5488,"tags":[],"usage":{"last_update_time":1633085007640,"last_updated_at":"2021-10-01T10:43:27Z"}},"entity":{"data_asset":{"mime_type":"text/csv","dataset":false}},"attachments":[{"id":"f7056ada-193a-4eed-abec-4e7fe5f501fc","version":2,"asset_type":"data_asset","name":"utilities-payment-risk-prediction-map-terms.csv","mime":"text/csv","datasource_type":"193a97c1-4475-4a19-b90c-295c4fdc6517","object_key":"utilities-payment-risk-prediction-map-terms.csv","creator_id":"IBMid-550003B08R","create_time":1633085007639,"size":5488,"is_remote":false,"is_managed":false,"is_referenced":true,"is_object_key_read_only":true,"is_user_provided_path_key":true,"transfer_complete":true,"is_partitioned":false,"complete_time_ticks":1633085007639,"user_data":{},"test_doc":0,"handle":{"bucket":"utilitiespaymentriskprediction-donotdelete-pr-pmskh5papewn0h","location":"us-geo","key":"utilities-payment-risk-prediction-map-terms.csv","upload_id":"done","max_part_num":1},"usage":{"access_count":0,"last_accessor_id":"IBMid-550003B08R","last_access_time":1633085007639}}]}
