{"metadata":{"asset_id":"51e8319a-3731-4828-86a9-98a9537f991b","asset_attributes":["data_asset","data_profile_uda"],"name":"Readme - Utilities Payment Risk Prediction.pdf","asset_type":"data_asset","created_at":"2021-10-01T11:19:15Z","description":"","origin_country":"us","owner_id":"IBMid-550003B08R","project_id":"95e08af0-cf7d-45f3-9d46-aa6baac4786b","size":99861,"tags":[],"usage":{"last_update_time":1633622420418,"last_updated_at":"2021-10-07T16:00:20Z"}},"entity":{"data_asset":{"mime_type":"application/pdf","dataset":false},"data_profile_uda":{"status":"completed"}},"attachments":[{"id":"4158437e-b107-496b-be5e-1b48a684d3de","version":2,"asset_type":"data_asset","name":"Readme - Utilities Payment Risk Prediction.pdf","mime":"application/pdf","datasource_type":"193a97c1-4475-4a19-b90c-295c4fdc6517","object_key":"Readme - Utilities Payment Risk Prediction.pdf","creator_id":"IBMid-550003B08R","create_time":1633087156134,"size":97045,"is_remote":false,"is_managed":false,"is_referenced":true,"is_object_key_read_only":true,"is_user_provided_path_key":true,"transfer_complete":true,"is_partitioned":false,"complete_time_ticks":1633087156134,"user_data":{},"test_doc":0,"handle":{"bucket":"utilitiespaymentriskprediction-donotdelete-pr-pmskh5papewn0h","location":"us-geo","key":"Readme - Utilities Payment Risk Prediction.pdf","upload_id":"done","max_part_num":1},"usage":{"access_count":1,"last_accessor_id":"IBMid-550003B08R","last_access_time":1633622420417,"last_updater_id":"IBMid-550003B08R","last_update_time":1633622420417}},{"id":"fdc56f33-7184-4ce5-a4db-36dafdec39f7","version":2,"asset_type":"data_profile_uda","name":"uda_51e8319a-3731-4828-86a9-98a9537f991b.json","mime":"application/json","datasource_type":"193a97c1-4475-4a19-b90c-295c4fdc6517","object_key":"data_profile_uda/2021-10-01-11_19_43-uda_51e8319a-3731-4828-86a9-98a9537f991b.json","creator_id":"iam-ServiceId-5d9bb1d6-b10e-410d-a535-ad6b78e9773b","create_time":1633087184578,"size":1408,"is_remote":false,"is_managed":false,"is_referenced":true,"is_object_key_read_only":false,"is_user_provided_path_key":true,"transfer_complete":true,"is_partitioned":false,"complete_time_ticks":1633087184578,"user_data":{},"test_doc":0,"handle":{"bucket":"utilitiespaymentriskprediction-donotdelete-pr-pmskh5papewn0h","location":"us-geo","key":"data_profile_uda/2021-10-01-11_19_43-uda_51e8319a-3731-4828-86a9-98a9537f991b.json","upload_id":"done","max_part_num":1},"usage":{"access_count":0,"last_accessor_id":"iam-ServiceId-5d9bb1d6-b10e-410d-a535-ad6b78e9773b","last_access_time":1633087184578}},{"id":"c7868eaa-9936-40c4-a370-33458b94fcaa","version":2,"asset_type":"data_profile_uda","name":"uda_51e8319a-3731-4828-86a9-98a9537f991b.json","mime":"application/json","datasource_type":"193a97c1-4475-4a19-b90c-295c4fdc6517","object_key":"data_profile_uda/2021-10-01-11_19_48-uda_51e8319a-3731-4828-86a9-98a9537f991b.json","creator_id":"iam-ServiceId-5d9bb1d6-b10e-410d-a535-ad6b78e9773b","create_time":1633087189770,"size":1408,"is_remote":false,"is_managed":false,"is_referenced":true,"is_object_key_read_only":false,"is_user_provided_path_key":true,"transfer_complete":true,"is_partitioned":false,"complete_time_ticks":1633087189770,"user_data":{},"test_doc":0,"handle":{"bucket":"utilitiespaymentriskprediction-donotdelete-pr-pmskh5papewn0h","location":"us-geo","key":"data_profile_uda/2021-10-01-11_19_48-uda_51e8319a-3731-4828-86a9-98a9537f991b.json","upload_id":"done","max_part_num":1},"usage":{"access_count":0,"last_accessor_id":"iam-ServiceId-5d9bb1d6-b10e-410d-a535-ad6b78e9773b","last_access_time":1633087189770}}]}
