{"metadata":{"asset_id":"dc01f77b-24e3-4127-bac7-827c10f64f8a","asset_attributes":["data_asset"],"name":"EDUCATION.csv","asset_type":"data_asset","created_at":"2021-10-01T10:39:42Z","description":"","origin_country":"us","owner_id":"IBMid-550003B08R","project_id":"95e08af0-cf7d-45f3-9d46-aa6baac4786b","size":282,"tags":[],"usage":{"last_update_time":1633084783446,"last_updated_at":"2021-10-01T10:39:43Z"}},"entity":{"data_asset":{"mime_type":"text/csv","dataset":false}},"attachments":[{"id":"a34af6f3-afc8-4955-ab14-9695ec969934","version":2,"asset_type":"data_asset","name":"EDUCATION.csv","mime":"text/csv","datasource_type":"193a97c1-4475-4a19-b90c-295c4fdc6517","object_key":"EDUCATION.csv","creator_id":"iam-ServiceId-f49c5558-c247-4983-a04f-7d3c7a3d55da","create_time":1633084783284,"size":282,"is_remote":false,"is_managed":false,"is_referenced":true,"is_object_key_read_only":false,"is_user_provided_path_key":true,"transfer_complete":true,"is_partitioned":false,"complete_time_ticks":1633084783284,"user_data":{},"test_doc":0,"handle":{"bucket":"utilitiespaymentriskprediction-donotdelete-pr-pmskh5papewn0h","location":"us-geo","key":"EDUCATION.csv","upload_id":"done","max_part_num":1},"usage":{"access_count":0,"last_accessor_id":"iam-ServiceId-f49c5558-c247-4983-a04f-7d3c7a3d55da","last_access_time":1633084783284}}]}
