{"metadata":{"asset_id":"150ba260-f095-48a3-b8ae-9b3ff984e6e6","asset_attributes":["data_asset"],"name":"ACCOUNT.csv","asset_type":"data_asset","created_at":"2021-10-01T10:39:43Z","description":"","origin_country":"us","owner_id":"IBMid-550003B08R","project_id":"95e08af0-cf7d-45f3-9d46-aa6baac4786b","size":60900,"tags":[],"usage":{"last_update_time":1633084783920,"last_updated_at":"2021-10-01T10:39:43Z"}},"entity":{"data_asset":{"mime_type":"text/csv","dataset":false}},"attachments":[{"id":"ac6b69da-f77b-482c-9be1-48b78c0c8c1a","version":2,"asset_type":"data_asset","name":"ACCOUNT.csv","mime":"text/csv","datasource_type":"193a97c1-4475-4a19-b90c-295c4fdc6517","object_key":"ACCOUNT.csv","creator_id":"iam-ServiceId-f49c5558-c247-4983-a04f-7d3c7a3d55da","create_time":1633084783807,"size":60900,"is_remote":false,"is_managed":false,"is_referenced":true,"is_object_key_read_only":false,"is_user_provided_path_key":true,"transfer_complete":true,"is_partitioned":false,"complete_time_ticks":1633084783807,"user_data":{},"test_doc":0,"handle":{"bucket":"utilitiespaymentriskprediction-donotdelete-pr-pmskh5papewn0h","location":"us-geo","key":"ACCOUNT.csv","upload_id":"done","max_part_num":1},"usage":{"access_count":0,"last_accessor_id":"iam-ServiceId-f49c5558-c247-4983-a04f-7d3c7a3d55da","last_access_time":1633084783807}}]}
