{"metadata":{"asset_id":"67b303c0-43cf-483b-bc26-8f2c1135513e","asset_attributes":["data_asset"],"name":"utilities-payment-risk-prediction-analytics-dashboard.zip","asset_type":"data_asset","created_at":"2021-10-01T10:39:43Z","description":"","origin_country":"us","owner_id":"IBMid-550003B08R","project_id":"95e08af0-cf7d-45f3-9d46-aa6baac4786b","size":176699,"tags":[],"usage":{"last_update_time":1633084784448,"last_updated_at":"2021-10-01T10:39:44Z"}},"entity":{"data_asset":{"mime_type":"application/zip","dataset":false}},"attachments":[{"id":"69ca704a-6256-4da3-b957-c03279d704bd","version":2,"asset_type":"data_asset","name":"utilities-payment-risk-prediction-analytics-dashboard.zip","mime":"application/zip","datasource_type":"193a97c1-4475-4a19-b90c-295c4fdc6517","object_key":"utilities-payment-risk-prediction-analytics-dashboard.zip","creator_id":"iam-ServiceId-f49c5558-c247-4983-a04f-7d3c7a3d55da","create_time":1633084784337,"size":176699,"is_remote":false,"is_managed":false,"is_referenced":true,"is_object_key_read_only":false,"is_user_provided_path_key":true,"transfer_complete":true,"is_partitioned":false,"complete_time_ticks":1633084784337,"user_data":{},"test_doc":0,"handle":{"bucket":"utilitiespaymentriskprediction-donotdelete-pr-pmskh5papewn0h","location":"us-geo","key":"utilities-payment-risk-prediction-analytics-dashboard.zip","upload_id":"done","max_part_num":1},"usage":{"access_count":0,"last_accessor_id":"iam-ServiceId-f49c5558-c247-4983-a04f-7d3c7a3d55da","last_access_time":1633084784337}}]}
