{"metadata":{"asset_id":"a3c3507f-e6b2-42a8-afc4-bd7f4febe659","asset_attributes":["data_asset"],"name":"CST_SEGMENT.csv","asset_type":"data_asset","created_at":"2021-10-01T10:39:42Z","description":"","origin_country":"us","owner_id":"IBMid-550003B08R","project_id":"95e08af0-cf7d-45f3-9d46-aa6baac4786b","size":123,"tags":[],"usage":{"last_update_time":1633084783398,"last_updated_at":"2021-10-01T10:39:43Z"}},"entity":{"data_asset":{"mime_type":"text/csv","dataset":false}},"attachments":[{"id":"fa85e402-10cb-4af1-854c-db89f5aa3664","version":2,"asset_type":"data_asset","name":"CST_SEGMENT.csv","mime":"text/csv","datasource_type":"193a97c1-4475-4a19-b90c-295c4fdc6517","object_key":"CST_SEGMENT.csv","creator_id":"iam-ServiceId-f49c5558-c247-4983-a04f-7d3c7a3d55da","create_time":1633084783226,"size":123,"is_remote":false,"is_managed":false,"is_referenced":true,"is_object_key_read_only":false,"is_user_provided_path_key":true,"transfer_complete":true,"is_partitioned":false,"complete_time_ticks":1633084783226,"user_data":{},"test_doc":0,"handle":{"bucket":"utilitiespaymentriskprediction-donotdelete-pr-pmskh5papewn0h","location":"us-geo","key":"CST_SEGMENT.csv","upload_id":"done","max_part_num":1},"usage":{"access_count":0,"last_accessor_id":"iam-ServiceId-f49c5558-c247-4983-a04f-7d3c7a3d55da","last_access_time":1633084783226}}]}
