{"metadata":{"asset_id":"a07ef1e2-2f95-47a5-97f3-9b7c2415bd27","asset_attributes":["data_asset"],"name":"LOCATION.csv","asset_type":"data_asset","created_at":"2021-10-01T10:39:42Z","description":"","origin_country":"us","owner_id":"IBMid-550003B08R","project_id":"95e08af0-cf7d-45f3-9d46-aa6baac4786b","size":146517,"tags":[],"usage":{"last_update_time":1633084783168,"last_updated_at":"2021-10-01T10:39:43Z"}},"entity":{"data_asset":{"mime_type":"text/csv","dataset":false}},"attachments":[{"id":"dcc5c1fc-4c95-4a28-91b0-9574e1ab0644","version":2,"asset_type":"data_asset","name":"LOCATION.csv","mime":"text/csv","datasource_type":"193a97c1-4475-4a19-b90c-295c4fdc6517","object_key":"LOCATION.csv","creator_id":"iam-ServiceId-f49c5558-c247-4983-a04f-7d3c7a3d55da","create_time":1633084783061,"size":146517,"is_remote":false,"is_managed":false,"is_referenced":true,"is_object_key_read_only":false,"is_user_provided_path_key":true,"transfer_complete":true,"is_partitioned":false,"complete_time_ticks":1633084783061,"user_data":{},"test_doc":0,"handle":{"bucket":"utilitiespaymentriskprediction-donotdelete-pr-pmskh5papewn0h","location":"us-geo","key":"LOCATION.csv","upload_id":"done","max_part_num":1},"usage":{"access_count":0,"last_accessor_id":"iam-ServiceId-f49c5558-c247-4983-a04f-7d3c7a3d55da","last_access_time":1633084783061}}]}
