{"metadata":{"asset_id":"a9e21276-f0b3-4054-87ad-acf2eae20af4","asset_attributes":["data_asset"],"name":"utilities-payment-risk-prediction-glossary-terms.csv","asset_type":"data_asset","created_at":"2021-10-01T10:43:11Z","description":"","origin_country":"us","owner_id":"IBMid-550003B08R","project_id":"95e08af0-cf7d-45f3-9d46-aa6baac4786b","size":43993,"tags":[],"usage":{"last_update_time":1633084992823,"last_updated_at":"2021-10-01T10:43:12Z"}},"entity":{"data_asset":{"mime_type":"text/csv","dataset":false}},"attachments":[{"id":"40d60051-6a65-4c54-b189-7b8699f73da8","version":2,"asset_type":"data_asset","name":"utilities-payment-risk-prediction-glossary-terms.csv","mime":"text/csv","datasource_type":"193a97c1-4475-4a19-b90c-295c4fdc6517","object_key":"utilities-payment-risk-prediction-glossary-terms.csv","creator_id":"IBMid-550003B08R","create_time":1633084992822,"size":43993,"is_remote":false,"is_managed":false,"is_referenced":true,"is_object_key_read_only":true,"is_user_provided_path_key":true,"transfer_complete":true,"is_partitioned":false,"complete_time_ticks":1633084992822,"user_data":{},"test_doc":0,"handle":{"bucket":"utilitiespaymentriskprediction-donotdelete-pr-pmskh5papewn0h","location":"us-geo","key":"utilities-payment-risk-prediction-glossary-terms.csv","upload_id":"done","max_part_num":1},"usage":{"access_count":0,"last_accessor_id":"IBMid-550003B08R","last_access_time":1633084992822}}]}
