{"metadata":{"asset_id":"441fe8da-ca45-43db-8641-8775e3026507","asset_attributes":["notebook"],"name":"import-wkc-glossary","asset_type":"notebook","created_at":"2021-10-01T10:40:44Z","description":"","origin_country":"us","owner_id":"IBMid-550003B08R","project_id":"95e08af0-cf7d-45f3-9d46-aa6baac4786b","size":39778,"tags":["notebook"],"usage":{"last_update_time":1633610469873,"last_updated_at":"2021-10-07T12:41:09Z"}},"entity":{"notebook":{"kernel":{"name":"python3","display_name":"Python 3.8","language":"python"},"originates_from":{"type":"blank"},"runtime":{"environment":"conda2py38-95e08af0-cf7d-45f3-9d46-aa6baac4786b"}}},"attachments":[{"id":"7747b008-ee6c-4a25-a8d0-5b5f4095305d","version":2,"asset_type":"notebook","name":"attachment for notebook 441fe8da-ca45-43db-8641-8775e3026507","description":"attachment for notebook 441fe8da-ca45-43db-8641-8775e3026507","mime":"application/json","datasource_type":"193a97c1-4475-4a19-b90c-295c4fdc6517","object_key":"notebook/import-wkc-glossary_RNxbBmEHl.ipynb","creator_id":"IBMid-550003B08R","create_time":1633084844657,"size":39778,"is_remote":false,"is_managed":false,"is_referenced":true,"is_object_key_read_only":false,"is_user_provided_path_key":true,"transfer_complete":true,"is_partitioned":false,"complete_time_ticks":1633084844657,"user_data":{},"test_doc":0,"handle":{"bucket":"utilitiespaymentriskprediction-donotdelete-pr-pmskh5papewn0h","location":"us-geo","key":"notebook/import-wkc-glossary_RNxbBmEHl.ipynb","upload_id":"done","max_part_num":1},"usage":{"access_count":0,"last_accessor_id":"IBMid-550003B08R","last_access_time":1633084844657}}]}
