{"metadata":{"asset_id":"202e4d44-787a-4405-8a59-df00009aee8c","asset_attributes":["notebook"],"name":"2-model-scoring","asset_type":"notebook","created_at":"2021-10-01T10:39:45Z","description":"","origin_country":"us","owner_id":"iam-ServiceId-9e68bc5f-c5f6-4f6f-8bcf-e57f47b9d1b1","project_id":"95e08af0-cf7d-45f3-9d46-aa6baac4786b","size":23912,"tags":["notebook"],"usage":{"last_update_time":1633610591838,"last_updated_at":"2021-10-07T12:43:11Z"}},"entity":{"notebook":{"kernel":{"name":"python3","display_name":"Python 3.8","language":"python"},"originates_from":{"type":"file"},"runtime":{"environment":"conda2py38-95e08af0-cf7d-45f3-9d46-aa6baac4786b"}}},"attachments":[{"id":"139faf42-8f6e-4ab6-96ce-708801cae450","version":2,"asset_type":"notebook","name":"attachment for notebook 202e4d44-787a-4405-8a59-df00009aee8c","description":"attachment for notebook 202e4d44-787a-4405-8a59-df00009aee8c","mime":"application/json","datasource_type":"193a97c1-4475-4a19-b90c-295c4fdc6517","object_key":"notebook/2-model-scoring_ojxduZPa-.ipynb","creator_id":"IBMid-550003B08R","create_time":1633084786127,"size":23912,"is_remote":false,"is_managed":false,"is_referenced":true,"is_object_key_read_only":false,"is_user_provided_path_key":true,"transfer_complete":true,"is_partitioned":false,"complete_time_ticks":1633084786127,"user_data":{},"test_doc":0,"handle":{"bucket":"utilitiespaymentriskprediction-donotdelete-pr-pmskh5papewn0h","location":"us-geo","key":"notebook/2-model-scoring_ojxduZPa-.ipynb","upload_id":"done","max_part_num":1},"usage":{"access_count":0,"last_accessor_id":"IBMid-550003B08R","last_access_time":1633084786127}}]}
