{"metadata":{"asset_id":"54ff3e59-0eeb-4603-8f65-0da88eb660ca","asset_attributes":["data_asset"],"name":"Web Orders","asset_type":"data_asset","created_at":"2021-06-29T18:52:35Z","description":"","origin_country":"us","owner_id":"IBMid-550003P291","project_id":"8201fe42-4164-4f6e-b67d-8dc326cef865","size":521780,"tags":[],"usage":{"last_update_time":1624992756682,"last_updated_at":"2021-06-29T18:52:36Z"}},"entity":{"data_asset":{"mime_type":"text/csv","dataset":true,"columns":[{"name":"Order ID","type":{"length":1024,"nullable":true,"type":"varchar","scale":0,"signed":false}},{"name":"Order Date","type":{"length":1024,"nullable":true,"type":"varchar","scale":0,"signed":false}},{"name":"CUSTOMER_ID","type":{"length":1024,"nullable":true,"type":"varchar","scale":0,"signed":false}},{"name":"First Name","type":{"length":1024,"nullable":true,"type":"varchar","scale":0,"signed":false}},{"name":"Last Name","type":{"length":1024,"nullable":true,"type":"varchar","scale":0,"signed":false}},{"name":"StreetAddress","type":{"length":1024,"nullable":true,"type":"varchar","scale":0,"signed":false}},{"name":"City","type":{"length":1024,"nullable":true,"type":"varchar","scale":0,"signed":false}},{"name":"StateFull","type":{"length":1024,"nullable":true,"type":"varchar","scale":0,"signed":false}},{"name":"State","type":{"length":1024,"nullable":true,"type":"varchar","scale":0,"signed":false}},{"name":"ZipCode","type":{"length":1024,"nullable":true,"type":"varchar","scale":0,"signed":false}},{"name":"COUNTRY","type":{"length":1024,"nullable":true,"type":"varchar","scale":0,"signed":false}},{"name":"EmailAddress","type":{"length":1024,"nullable":true,"type":"varchar","scale":0,"signed":false}},{"name":"TelephoneNumber","type":{"length":1024,"nullable":true,"type":"varchar","scale":0,"signed":false}},{"name":"Time From Order to Release","type":{"length":1024,"nullable":true,"type":"varchar","scale":0,"signed":false}},{"name":"Time From Release to Ship","type":{"length":1024,"nullable":true,"type":"varchar","scale":0,"signed":false}},{"name":"Brands","type":{"length":1024,"nullable":true,"type":"varchar","scale":0,"signed":false}},{"name":"Products","type":{"length":1024,"nullable":true,"type":"varchar","scale":0,"signed":false}},{"name":"Order Quantity","type":{"length":1024,"nullable":true,"type":"varchar","scale":0,"signed":false}},{"name":"CCNumber","type":{"length":1024,"nullable":true,"type":"varchar","scale":0,"signed":false}},{"name":"CCType","type":{"length":1024,"nullable":true,"type":"varchar","scale":0,"signed":false}},{"name":"Expiration","type":{"length":1024,"nullable":true,"type":"varchar","scale":0,"signed":false}},{"name":"CVV","type":{"length":1024,"nullable":true,"type":"varchar","scale":0,"signed":false}},{"name":"On-Time SLA","type":{"length":1024,"nullable":true,"type":"varchar","scale":0,"signed":false}},{"name":"Shipment ID","type":{"length":1024,"nullable":true,"type":"varchar","scale":0,"signed":false}},{"name":"Time from Ship to Deliver","type":{"length":1024,"nullable":true,"type":"varchar","scale":0,"signed":false}},{"name":"# of Days to Door","type":{"length":1024,"nullable":true,"type":"varchar","scale":0,"signed":false}},{"name":"Carrier","type":{"length":1024,"nullable":true,"type":"varchar","scale":0,"signed":false}},{"name":"Shipment Type","type":{"length":1024,"nullable":true,"type":"varchar","scale":0,"signed":false}}]}},"attachments":[{"id":"626da043-7639-4617-9f9f-9ccfc48cfe8b","version":2,"asset_type":"data_asset","name":"web_orders.csv","mime":"text/csv","datasource_type":"193a97c1-4475-4a19-b90c-295c4fdc6517","object_key":"web_orders.csv","creator_id":"iam-ServiceId-f49c5558-c247-4983-a04f-7d3c7a3d55da","create_time":1624992756319,"size":521780,"is_remote":false,"is_managed":false,"is_referenced":true,"is_object_key_read_only":false,"is_user_provided_path_key":true,"transfer_complete":true,"is_partitioned":false,"complete_time_ticks":1624992756319,"user_data":{},"test_doc":0,"handle":{"bucket":"distributionmarketplatformdemo-donotdelete-pr-wojvi3rh4zdlfm","location":"us-geo","key":"web_orders.csv","upload_id":"done","max_part_num":1},"usage":{"access_count":0,"last_accessor_id":"iam-ServiceId-f49c5558-c247-4983-a04f-7d3c7a3d55da","last_access_time":1624992756319}}]}
