{"metadata":{"asset_id":"1a8c16b2-94c9-4242-a933-90c93d6e4d11","asset_attributes":["data_asset"],"name":"Returns","asset_type":"data_asset","created_at":"2021-06-29T18:52:35Z","description":"","origin_country":"us","owner_id":"IBMid-550003P291","project_id":"8201fe42-4164-4f6e-b67d-8dc326cef865","size":19890,"tags":[],"usage":{"last_update_time":1624992756574,"last_updated_at":"2021-06-29T18:52:36Z"}},"entity":{"data_asset":{"mime_type":"text/csv","dataset":true,"columns":[{"name":"Order ID","type":{"length":1024,"nullable":true,"type":"varchar","scale":0,"signed":false}},{"name":"Return ID","type":{"length":1024,"nullable":true,"type":"varchar","scale":0,"signed":false}},{"name":"Return Date","type":{"length":1024,"nullable":true,"type":"varchar","scale":0,"signed":false}},{"name":"Return Reason","type":{"length":1024,"nullable":true,"type":"varchar","scale":0,"signed":false}}]}},"attachments":[{"id":"8218d1f9-646e-416f-babc-ecaa5ac3b330","version":2,"asset_type":"data_asset","name":"returns.csv","mime":"text/csv","datasource_type":"193a97c1-4475-4a19-b90c-295c4fdc6517","object_key":"returns.csv","creator_id":"iam-ServiceId-f49c5558-c247-4983-a04f-7d3c7a3d55da","create_time":1624992756453,"size":19890,"is_remote":false,"is_managed":false,"is_referenced":true,"is_object_key_read_only":false,"is_user_provided_path_key":true,"transfer_complete":true,"is_partitioned":false,"complete_time_ticks":1624992756453,"user_data":{},"test_doc":0,"handle":{"bucket":"distributionmarketplatformdemo-donotdelete-pr-wojvi3rh4zdlfm","location":"us-geo","key":"returns.csv","upload_id":"done","max_part_num":1},"usage":{"access_count":0,"last_accessor_id":"iam-ServiceId-f49c5558-c247-4983-a04f-7d3c7a3d55da","last_access_time":1624992756453}}]}
