{"metadata":{"asset_id":"0444fdcf-8b84-4fce-9a68-b10490dc8773","asset_attributes":["data_asset","data_profile_uda"],"name":"Readme.pdf","asset_type":"data_asset","created_at":"2021-07-09T00:29:29Z","description":"","origin_country":"us","owner_id":"IBMid-550003P291","project_id":"8201fe42-4164-4f6e-b67d-8dc326cef865","size":276063,"tags":[],"usage":{"last_update_time":1625790629075,"last_updated_at":"2021-07-09T00:30:29Z"}},"entity":{"data_asset":{"mime_type":"application/pdf","dataset":false},"data_profile_uda":{"status":"completed"}},"attachments":[{"id":"d8f43e7e-7dc3-48e1-a437-00a6dceec1bf","version":2,"asset_type":"data_asset","name":"Readme.pdf","mime":"application/pdf","datasource_type":"193a97c1-4475-4a19-b90c-295c4fdc6517","object_key":"Readme.pdf","creator_id":"IBMid-550003P291","create_time":1625790571405,"size":275105,"is_remote":false,"is_managed":false,"is_referenced":true,"is_object_key_read_only":true,"is_user_provided_path_key":true,"transfer_complete":true,"is_partitioned":false,"complete_time_ticks":1625790571405,"user_data":{},"test_doc":0,"handle":{"bucket":"distributionmarketplatformdemo-donotdelete-pr-wojvi3rh4zdlfm","location":"us-geo","key":"Readme.pdf","upload_id":"done","max_part_num":1},"usage":{"access_count":0,"last_accessor_id":"IBMid-550003P291","last_access_time":1625790571405}},{"id":"ab8f25fd-ab32-4deb-89d9-baaccf934cd4","version":2,"asset_type":"data_profile_uda","name":"uda_0444fdcf-8b84-4fce-9a68-b10490dc8773.json","mime":"application/json","datasource_type":"193a97c1-4475-4a19-b90c-295c4fdc6517","object_key":"data_profile_uda/2021-07-09-00_30_24-uda_0444fdcf-8b84-4fce-9a68-b10490dc8773.json","creator_id":"iam-ServiceId-5d9bb1d6-b10e-410d-a535-ad6b78e9773b","create_time":1625790626617,"size":958,"is_remote":false,"is_managed":false,"is_referenced":true,"is_object_key_read_only":false,"is_user_provided_path_key":true,"transfer_complete":true,"is_partitioned":false,"complete_time_ticks":1625790626617,"user_data":{},"test_doc":0,"handle":{"bucket":"distributionmarketplatformdemo-donotdelete-pr-wojvi3rh4zdlfm","location":"us-geo","key":"data_profile_uda/2021-07-09-00_30_24-uda_0444fdcf-8b84-4fce-9a68-b10490dc8773.json","upload_id":"done","max_part_num":1},"usage":{"access_count":0,"last_accessor_id":"iam-ServiceId-5d9bb1d6-b10e-410d-a535-ad6b78e9773b","last_access_time":1625790626617}}]}
