{"metadata":{"asset_id":"5ebedf03-7c7e-43aa-b549-c932b978b4b4","asset_attributes":["data_flow"],"name":"Merge Returns with Original Orders","asset_type":"data_flow","created_at":"2021-06-29T18:52:37Z","description":"","origin_country":"us","owner_id":"IBMid-550003P291","project_id":"8201fe42-4164-4f6e-b67d-8dc326cef865","size":3511,"tags":[],"usage":{"last_update_time":1624992757919,"last_updated_at":"2021-06-29T18:52:37Z"}},"entity":{"data_flow":{"_entity_only":false}},"attachments":[{"id":"a0eca66d-dec1-4c0d-86cb-99477d4bf12a","version":2,"asset_type":"data_flow","name":"data_flow","description":"","mime":"application/json","datasource_type":"193a97c1-4475-4a19-b90c-295c4fdc6517","object_key":"data_flow/Merge Returns with Original Orders","creator_id":"iam-ServiceId-f49c5558-c247-4983-a04f-7d3c7a3d55da","create_time":1624992757814,"size":3511,"is_remote":false,"is_managed":false,"is_referenced":true,"is_object_key_read_only":false,"is_user_provided_path_key":true,"transfer_complete":true,"is_partitioned":false,"complete_time_ticks":1624992757814,"user_data":{},"test_doc":0,"handle":{"bucket":"distributionmarketplatformdemo-donotdelete-pr-wojvi3rh4zdlfm","location":"us-geo","key":"data_flow/Merge Returns with Original Orders","upload_id":"done","max_part_num":1},"usage":{"access_count":0,"last_accessor_id":"iam-ServiceId-f49c5558-c247-4983-a04f-7d3c7a3d55da","last_access_time":1624992757814}}]}
