{"metadata":{"asset_id":"858cb894-c8cd-4e83-acd9-d4298ccd715f","asset_attributes":["data_asset"],"name":"Returns_with_original_orders","asset_type":"data_asset","created_at":"2021-06-29T18:52:35Z","description":"","origin_country":"us","owner_id":"IBMid-550003P291","project_id":"8201fe42-4164-4f6e-b67d-8dc326cef865","size":169016,"tags":[],"usage":{"last_update_time":1625758555934,"last_updated_at":"2021-07-08T15:35:55Z"}},"entity":{"data_asset":{"mime_type":"text/csv","dataset":true,"schema":{"etag":"\"ea2c6bb5b10fc7b88d8b64d3f93a5469\"","valid_since":"Tue, 29 Jun 2021 18:52:34 GMT","fields":[{"name":"Order ID","type":"string","format":"default"},{"name":"Return ID","type":"string","format":"default"},{"name":"Return Date","type":"string","format":"default"},{"name":"Return Reason","type":"string","format":"default"},{"name":"Order Date","type":"string","format":"default"},{"name":"CUSTOMER_ID","type":"string","format":"default"},{"name":"First Name","type":"string","format":"default"},{"name":"Last Name","type":"string","format":"default"},{"name":"StreetAddress","type":"string","format":"default"},{"name":"City","type":"string","format":"default"},{"name":"StateFull","type":"string","format":"default"},{"name":"State","type":"string","format":"default"},{"name":"ZipCode","type":"string","format":"default"},{"name":"COUNTRY","type":"string","format":"default"},{"name":"EmailAddress","type":"string","format":"email"},{"name":"TelephoneNumber","type":"string","format":"default"},{"name":"Time From Order to Release","type":"integer","format":"default"},{"name":"Time From Release to Ship","type":"integer","format":"default"},{"name":"Brands","type":"string","format":"default"},{"name":"Products","type":"string","format":"default"},{"name":"Order Quantity","type":"integer","format":"default"},{"name":"CCNumber","type":"integer","format":"default"},{"name":"CCType","type":"string","format":"default"},{"name":"Expiration","type":"string","format":"default"},{"name":"CVV","type":"string","format":"default"},{"name":"On-Time SLA","type":"integer","format":"default"},{"name":"Shipment ID","type":"string","format":"default"},{"name":"Time from Ship to Deliver","type":"integer","format":"default"},{"name":"# of Days to Door","type":"integer","format":"default"},{"name":"Carrier","type":"string","format":"default"},{"name":"Shipment Type","type":"string","format":"default"}]}}},"attachments":[{"id":"d03a557f-bf55-482c-9503-de31e60d6fa4","version":2,"asset_type":"data_asset","name":"Returns_with_original_orders","mime":"text/csv","datasource_type":"193a97c1-4475-4a19-b90c-295c4fdc6517","object_key":"data_asset/Returns_with_original_orders_wyhcqq8tm3xt02hfl0ouhh8z","creator_id":"iam-ServiceId-f49c5558-c247-4983-a04f-7d3c7a3d55da","create_time":1624992756316,"size":169016,"is_remote":false,"is_managed":false,"is_referenced":true,"is_object_key_read_only":false,"is_user_provided_path_key":true,"transfer_complete":true,"is_partitioned":false,"complete_time_ticks":1624992756316,"user_data":{},"test_doc":0,"handle":{"bucket":"distributionmarketplatformdemo-donotdelete-pr-wojvi3rh4zdlfm","location":"us-geo","key":"data_asset/Returns_with_original_orders_wyhcqq8tm3xt02hfl0ouhh8z","upload_id":"done","max_part_num":1},"usage":{"access_count":0,"last_accessor_id":"iam-ServiceId-f49c5558-c247-4983-a04f-7d3c7a3d55da","last_access_time":1624992756316}}]}
