{"metadata":{"asset_id":"526b1535-0e42-4825-9514-37ce015d9c98","asset_attributes":["job"],"name":"Manual Run of Merge Returns with Original Orders","asset_type":"job","created_at":"2021-06-29T18:52:41Z","description":"","origin_country":"us","owner_id":"IBMid-550003P291","project_id":"8201fe42-4164-4f6e-b67d-8dc326cef865","size":0,"tags":[],"usage":{"last_update_time":1624992761573,"last_updated_at":"2021-06-29T18:52:41Z"}},"entity":{"job":{"asset_ref_type":"data_flow","configuration":{"env_id":"shaper_rruntime","env_name":"Default Data Refinery XS","env_type":"shaper_rruntime","env_variables":[]},"last_run_initiator":"None","last_run_time":"","last_run_status":"None","last_run_status_timestamp":0,"future_scheduled_runs":[],"enable_notifications":true,"project_name":"Distribution Market Platform Demo","asset_ref":"5ebedf03-7c7e-43aa-b549-c932b978b4b4","schedule_id":"","schedule_creator_id":""}}}
