{"metadata":{"asset_id":"687b7626-f091-4cf2-bef5-097d3365c036","asset_attributes":["notebook"],"name":"Completed AutoAI Experiment - P4 notebook","asset_type":"notebook","created_at":"2021-06-29T23:03:02Z","description":"","origin_country":"us","owner_id":"IBMid-550003P291","project_id":"8201fe42-4164-4f6e-b67d-8dc326cef865","size":25956,"tags":["notebook"],"usage":{"last_update_time":1625007782850,"last_updated_at":"2021-06-29T23:03:02Z"}},"entity":{"notebook":{"kernel":"","originates_from":{"type":"blank"},"runtime":{"environment":"conda2py37-8201fe42-4164-4f6e-b67d-8dc326cef865"}}},"attachments":[{"id":"549a9e5c-f639-4aa7-a595-9c14f0e35710","version":2,"asset_type":"notebook","name":"attachment for notebook 687b7626-f091-4cf2-bef5-097d3365c036","description":"attachment for notebook 687b7626-f091-4cf2-bef5-097d3365c036","mime":"application/json","datasource_type":"193a97c1-4475-4a19-b90c-295c4fdc6517","object_key":"notebook/Completed_AutoAI_Experiment_-_P4_notebook_rnCv8xv4q.ipynb","creator_id":"IBMid-550003P291","create_time":1625007782849,"size":25956,"is_remote":false,"is_managed":false,"is_referenced":true,"is_object_key_read_only":false,"is_user_provided_path_key":true,"transfer_complete":true,"is_partitioned":false,"complete_time_ticks":1625007782849,"user_data":{},"test_doc":0,"handle":{"bucket":"distributionmarketplatformdemo-donotdelete-pr-wojvi3rh4zdlfm","location":"us-geo","key":"notebook/Completed_AutoAI_Experiment_-_P4_notebook_rnCv8xv4q.ipynb","upload_id":"done","max_part_num":1},"usage":{"access_count":0,"last_accessor_id":"IBMid-550003P291","last_access_time":1625007782849}}]}
