{"metadata":{"asset_id":"9ba0cc13-10ba-4cd4-8976-c8664e1b574a","asset_attributes":["data_asset"],"name":"ibm-docs-SSYOK8.zip","asset_type":"data_asset","created_at":"2024-08-29T15:42:51Z","description":"A sample zip file comprising 1147 HTML pages related to the documentation of the watsonx.ai. This can be used as sample data to run the accelerator.","origin_country":"us","owner_id":"IBMid-550003B08R","project_id":"6a5c9da4-ae29-4008-8811-f7ec24f5bc6a","size":3771370,"usage":{"last_update_time":1724946171184,"last_updated_at":"2024-08-29T15:42:51Z"}},"entity":{"data_asset":{"dataset":false,"mime_type":"application/zip"},"location_definition":{"physical_location_code_assignment_method":"INFERRED","physical_location_code":"FRA","physical_location_code_assigned_by":"IBMid-550003B08R","physical_location_code_added_on":"1724946171474","physical_location_code_rds_version":"00002024-0415-4090-8334-172904000000_4","physical_location_code_rds_id":"c57cb90f-2126-3800-9c9f-9eab82021cdf"}},"attachments":[{"id":"29741c15-e103-4d23-a08a-1383c28feac0","version":2,"asset_type":"data_asset","name":"ibm-docs-SSYOK8.zip","mime":"application/zip","datasource_type":"193a97c1-4475-4a19-b90c-295c4fdc6517","object_key":"ibm-docs-SSYOK8.zip","creator_id":"IBMid-550003B08R","create_time":1724946171481,"size":3771370,"is_remote":false,"is_managed":false,"is_referenced":true,"is_object_key_read_only":false,"is_user_provided_path_key":true,"transfer_complete":true,"is_partitioned":false,"complete_time_ticks":1724946171481,"user_data":{},"test_doc":0,"handle":{"bucket":"ragacceleratorqna13-donotdelete-pr-spg6znbtnbhlb9","location":"eu-de","type":"bluemix_cos","key":"ibm-docs-SSYOK8.zip","upload_id":"done","max_part_num":1},"usage":{"access_count":0,"last_accessor_id":"IBMid-550003B08R","last_access_time":1724946171481}}]}
