{"metadata":{"asset_id":"19584dff-a439-4dd1-ac85-b9bb222062d1","asset_attributes":["data_asset"],"name":"RAG-OpenAPI.json","asset_type":"data_asset","created_at":"2024-08-29T15:42:48Z","description":"OpenAPI json file to be used for watsonx assistant extension setup.","origin_country":"us","owner_id":"IBMid-550003B08R","project_id":"6a5c9da4-ae29-4008-8811-f7ec24f5bc6a","size":10823,"usage":{"last_update_time":1724946168742,"last_updated_at":"2024-08-29T15:42:48Z"}},"entity":{"data_asset":{"dataset":false,"mime_type":"application/json"},"location_definition":{"physical_location_code_assignment_method":"INFERRED","physical_location_code":"FRA","physical_location_code_assigned_by":"IBMid-550003B08R","physical_location_code_added_on":"1724946169049","physical_location_code_rds_version":"00002024-0415-4090-8334-172904000000_4","physical_location_code_rds_id":"c57cb90f-2126-3800-9c9f-9eab82021cdf"}},"attachments":[{"id":"49cc1f4b-3502-41fb-b141-2be01777d577","version":2,"asset_type":"data_asset","name":"RAG-OpenAPI.json","mime":"application/json","datasource_type":"193a97c1-4475-4a19-b90c-295c4fdc6517","object_key":"RAG-OpenAPI.json","creator_id":"IBMid-550003B08R","create_time":1724946169053,"size":10823,"is_remote":false,"is_managed":false,"is_referenced":true,"is_object_key_read_only":false,"is_user_provided_path_key":true,"transfer_complete":true,"is_partitioned":false,"complete_time_ticks":1724946169053,"user_data":{},"test_doc":0,"handle":{"bucket":"ragacceleratorqna13-donotdelete-pr-spg6znbtnbhlb9","location":"eu-de","type":"bluemix_cos","key":"RAG-OpenAPI.json","upload_id":"done","max_part_num":1},"usage":{"access_count":0,"last_accessor_id":"IBMid-550003B08R","last_access_time":1724946169053}}]}
