{"metadata":{"asset_id":"43f2e167-4e86-47f5-a26f-6a5fc4b79569","asset_attributes":["data_asset"],"name":"rag_helper_functions.py","asset_type":"data_asset","created_at":"2024-08-29T15:42:52Z","description":"Python script that provides many helper functions that are used through the notebooks.","origin_country":"us","owner_id":"IBMid-550003B08R","project_id":"6a5c9da4-ae29-4008-8811-f7ec24f5bc6a","size":8996,"usage":{"last_update_time":1724946172906,"last_updated_at":"2024-08-29T15:42:52Z"}},"entity":{"data_asset":{"dataset":false,"mime_type":"text/x-script.python"},"location_definition":{"physical_location_code_assignment_method":"INFERRED","physical_location_code":"FRA","physical_location_code_assigned_by":"IBMid-550003B08R","physical_location_code_added_on":"1724946173155","physical_location_code_rds_version":"00002024-0415-4090-8334-172904000000_4","physical_location_code_rds_id":"c57cb90f-2126-3800-9c9f-9eab82021cdf"}},"attachments":[{"id":"5a49ea63-cbc2-415c-b04b-2cc14b723e6e","version":2,"asset_type":"data_asset","name":"rag_helper_functions.py","mime":"text/x-script.python","datasource_type":"193a97c1-4475-4a19-b90c-295c4fdc6517","object_key":"rag_helper_functions.py","creator_id":"IBMid-550003B08R","create_time":1724946173157,"size":8996,"is_remote":false,"is_managed":false,"is_referenced":true,"is_object_key_read_only":false,"is_user_provided_path_key":true,"transfer_complete":true,"is_partitioned":false,"complete_time_ticks":1724946173157,"user_data":{},"test_doc":0,"handle":{"bucket":"ragacceleratorqna13-donotdelete-pr-spg6znbtnbhlb9","location":"eu-de","type":"bluemix_cos","key":"rag_helper_functions.py","upload_id":"done","max_part_num":1},"usage":{"access_count":0,"last_accessor_id":"IBMid-550003B08R","last_access_time":1724946173157}}]}
