{"metadata":{"asset_id":"ff88a783-3b13-467c-9de0-134c05088263","asset_attributes":["data_asset"],"name":"elastic_search_ELSER_template.json","asset_type":"data_asset","created_at":"2024-08-29T15:42:45Z","description":"ELSER template.","origin_country":"us","owner_id":"IBMid-550003B08R","project_id":"6a5c9da4-ae29-4008-8811-f7ec24f5bc6a","size":104,"usage":{"last_update_time":1724946165664,"last_updated_at":"2024-08-29T15:42:45Z"}},"entity":{"data_asset":{"dataset":false,"mime_type":"application/json"},"location_definition":{"physical_location_code_assignment_method":"INFERRED","physical_location_code":"FRA","physical_location_code_assigned_by":"IBMid-550003B08R","physical_location_code_added_on":"1724946165706","physical_location_code_rds_version":"00002024-0415-4090-8334-172904000000_4","physical_location_code_rds_id":"c57cb90f-2126-3800-9c9f-9eab82021cdf"}},"attachments":[{"id":"f02c44a7-6106-4637-8654-3759aca35046","version":2,"asset_type":"data_asset","name":"elastic_search_ELSER_template.json","mime":"application/json","datasource_type":"193a97c1-4475-4a19-b90c-295c4fdc6517","object_key":"elastic_search_ELSER_template.json","creator_id":"IBMid-550003B08R","create_time":1724946165710,"size":104,"is_remote":false,"is_managed":false,"is_referenced":true,"is_object_key_read_only":false,"is_user_provided_path_key":true,"transfer_complete":true,"is_partitioned":false,"complete_time_ticks":1724946165710,"user_data":{},"test_doc":0,"handle":{"bucket":"ragacceleratorqna13-donotdelete-pr-spg6znbtnbhlb9","location":"eu-de","type":"bluemix_cos","key":"elastic_search_ELSER_template.json","upload_id":"done","max_part_num":1},"usage":{"access_count":0,"last_accessor_id":"IBMid-550003B08R","last_access_time":1724946165710}}]}
