{"metadata":{"asset_id":"68dbb759-57bc-43e9-9eda-5a937254133d","asset_attributes":["data_asset"],"name":"download_ibm_docs.py","asset_type":"data_asset","created_at":"2024-08-29T15:42:44Z","description":"Script to download ibm docs.","origin_country":"us","owner_id":"IBMid-550003B08R","project_id":"6a5c9da4-ae29-4008-8811-f7ec24f5bc6a","size":3007,"usage":{"last_update_time":1724946164094,"last_updated_at":"2024-08-29T15:42:44Z"}},"entity":{"data_asset":{"dataset":false,"mime_type":"application/json"},"location_definition":{"physical_location_code_assignment_method":"INFERRED","physical_location_code":"FRA","physical_location_code_assigned_by":"IBMid-550003B08R","physical_location_code_added_on":"1724946164267","physical_location_code_rds_version":"00002024-0415-4090-8334-172904000000_4","physical_location_code_rds_id":"c57cb90f-2126-3800-9c9f-9eab82021cdf"}},"attachments":[{"id":"6bd63dab-f651-4b97-a979-b81f19b61478","version":2,"asset_type":"data_asset","name":"download_ibm_docs.py","mime":"application/json","datasource_type":"193a97c1-4475-4a19-b90c-295c4fdc6517","object_key":"download_ibm_docs.py","creator_id":"IBMid-550003B08R","create_time":1724946164270,"size":3007,"is_remote":false,"is_managed":false,"is_referenced":true,"is_object_key_read_only":false,"is_user_provided_path_key":true,"transfer_complete":true,"is_partitioned":false,"complete_time_ticks":1724946164270,"user_data":{},"test_doc":0,"handle":{"bucket":"ragacceleratorqna13-donotdelete-pr-spg6znbtnbhlb9","location":"eu-de","type":"bluemix_cos","key":"download_ibm_docs.py","upload_id":"done","max_part_num":1},"usage":{"access_count":0,"last_accessor_id":"IBMid-550003B08R","last_access_time":1724946164270}}]}
