{"metadata":{"asset_id":"8c560e59-2fc6-4cf0-9648-74e81da781fe","asset_attributes":["environment"],"name":"qna_environment","asset_type":"environment","created_at":"2024-08-29T15:44:51Z","description":"","origin_country":"us","owner_id":"IBMid-550003B08R","project_id":"6a5c9da4-ae29-4008-8811-f7ec24f5bc6a","sandbox_id":"6a5c9da4-ae29-4008-8811-f7ec24f5bc6a","size":0,"tags":["dsx"],"usage":{"last_update_time":1724946342837,"last_updated_at":"2024-08-29T15:45:42Z"}},"entity":{"environment":{"sub_type":"notebook","display_name":"qna_environment","hardware_specification":{"type":"referenced","guid":"d9d838d0-f7e4-4a66-9b66-7f78cd5c2b4d"},"software_specification":{"type":"referenced","guid":"1bddd7a2-8682-4945-a794-989bea618266"},"tools_specification":{"supported_kernels":[{"name":"python3","display_name":"Python 3.10","language":"python","version":"3.10"}],"notebook_extensions":["ipywidgets"]}}}}
