{"metadata":{"asset_id":"d9d838d0-f7e4-4a66-9b66-7f78cd5c2b4d","asset_attributes":["hardware_specification"],"name":"qna_environment","asset_type":"hardware_specification","created_at":"2024-08-29T15:44:51Z","description":"","origin_country":"us","owner_id":"IBMid-550003B08R","project_id":"6a5c9da4-ae29-4008-8811-f7ec24f5bc6a","sandbox_id":"6a5c9da4-ae29-4008-8811-f7ec24f5bc6a","size":0,"tags":["dsx"],"usage":{"last_update_time":1724946291592,"last_updated_at":"2024-08-29T15:44:51Z"}},"entity":{"hardware_specification":{"nodes":{"cpu":{"units":"2","model":""},"mem":{"size":"8Gi"}}}}}
