{"metadata":{"asset_id":"8e4e524f-a887-4920-be4f-e78d0dd65dcf","asset_attributes":["job"],"name":"Create and Deploy QnA Python Function job","asset_type":"job","created_at":"2024-08-29T15:42:19Z","description":"Notebook job for the creation and deployment of the QnA python function for RAG.","origin_country":"us","owner_id":"IBMid-550003B08R","project_id":"6a5c9da4-ae29-4008-8811-f7ec24f5bc6a","size":0,"usage":{"last_update_time":1724946599892,"last_updated_at":"2024-08-29T15:49:59Z"}},"entity":{"job":{"asset_ref_type":"notebook","configuration":{"entrypoint":"","env_id":"8c560e59-2fc6-4cf0-9648-74e81da781fe","env_type":"notebook","env_variables":[],"file_ref":"","run_results":"log_and_new_notebook"},"last_run_initiator":"deprecated field","last_run_time":"deprecated field","last_run_status":"deprecated field","last_run_status_timestamp":0,"future_scheduled_runs":[],"enable_notifications":true,"task_credentials_support":{"task_credentials_enabled":true,"user_id":"IBMid-550003B08R","account_id":"6b9d4c596ded4fdab96f0edd3f2fa18a"},"project_name":"RAG_Accelerator_QnA_1.3","asset_ref":"4316ea5c-d2f7-4617-b70b-972b52d4ade4","schedule_id":"","schedule_creator_id":""}}}
