{"metadata":{"asset_id":"ea7c6d57-c38e-4c84-98a8-275f9dac0303","asset_attributes":["job"],"name":"QnA with RAG pipeline Job","asset_type":"job","created_at":"2024-08-29T15:51:21Z","description":"","origin_country":"us","owner_id":"IBMid-550003B08R","project_id":"6a5c9da4-ae29-4008-8811-f7ec24f5bc6a","size":0,"usage":{"last_update_time":1724946681747,"last_updated_at":"2024-08-29T15:51:21Z"}},"entity":{"job":{"asset_ref_type":"orchestration_flow","configuration":{"version":"094f2dcd-0c0f-4aa5-bddd-e9351256139f-0","env_type":"","env_variables":[]},"last_run_initiator":"deprecated field","last_run_time":"deprecated field","last_run_status":"deprecated field","last_run_status_timestamp":0,"future_scheduled_runs":[],"enable_notifications":true,"task_credentials_support":{"task_credentials_enabled":true,"user_id":"IBMid-550003B08R","account_id":"6b9d4c596ded4fdab96f0edd3f2fa18a"},"project_name":"RAG_Accelerator_QnA_1.3","asset_ref":"094f2dcd-0c0f-4aa5-bddd-e9351256139f","schedule_id":"","schedule_creator_id":""}}}
