{"metadata":{"asset_id":"4316ea5c-d2f7-4617-b70b-972b52d4ade4","asset_attributes":["notebook"],"name":"Create and Deploy QnA Python Function","asset_type":"notebook","created_at":"2024-08-29T15:42:15Z","description":"This notebook creates the QnA RAG python function, and deploys the function, along with supporting assets to a deployment space.","origin_country":"us","owner_id":"IBMid-550003B08R","project_id":"6a5c9da4-ae29-4008-8811-f7ec24f5bc6a","size":64904,"tags":["notebook"],"usage":{"last_update_time":1725009698002,"last_updated_at":"2024-08-30T09:21:38Z"}},"entity":{"notebook":{"originates_from":{"type":"blank"},"kernel":{"name":"python3","display_name":"Python 3.10","language":"python"},"runtime":{"environment":"rt231pys1-6a5c9da4-ae29-4008-8811-f7ec24f5bc6a"}},"location_definition":{"physical_location_code":"FRA","physical_location_code_assigned_by":"IBMid-550003B08R","physical_location_code_rds_id":"c57cb90f-2126-3800-9c9f-9eab82021cdf","physical_location_code_rds_version":"00002024-0415-4090-8334-172904000000_4","physical_location_code_assignment_method":"INFERRED","physical_location_code_added_on":"1724946135649"}},"attachments":[{"id":"0aa536dc-9bec-4c2d-bfb6-e22a932ef088","version":2,"asset_type":"notebook","name":"attachment for notebook 4316ea5c-d2f7-4617-b70b-972b52d4ade4","description":"attachment for notebook 4316ea5c-d2f7-4617-b70b-972b52d4ade4","mime":"application/json","datasource_type":"193a97c1-4475-4a19-b90c-295c4fdc6517","object_key":"notebook/Create_and_Deploy_QnA_Python_Function_50MX3jBum.ipynb","creator_id":"IBMid-550003B08R","create_time":1724946135652,"size":64904,"is_remote":false,"is_managed":false,"is_referenced":true,"is_object_key_read_only":false,"is_user_provided_path_key":true,"transfer_complete":true,"is_partitioned":false,"complete_time_ticks":1724946135652,"user_data":{},"test_doc":0,"handle":{"bucket":"ragacceleratorqna13-donotdelete-pr-spg6znbtnbhlb9","location":"eu-de","type":"bluemix_cos","key":"notebook/Create_and_Deploy_QnA_Python_Function_50MX3jBum.ipynb","upload_id":"done","max_part_num":1},"usage":{"access_count":3,"last_accessor_id":"IBMid-550003B08R","last_access_time":1725009698000,"last_updater_id":"IBMid-550003B08R","last_update_time":1725009698000}}]}
