{"metadata":{"asset_id":"8786973e-97f0-49b9-84d4-0438f8628710","asset_attributes":["notebook"],"name":"Analyze Log and Feedback notebook","asset_type":"notebook","created_at":"2024-08-29T15:42:31Z","description":"","origin_country":"us","owner_id":"IBMid-550003B08R","project_id":"6a5c9da4-ae29-4008-8811-f7ec24f5bc6a","size":25054,"tags":["notebook"],"usage":{"last_update_time":1725024450695,"last_updated_at":"2024-08-30T13:27:30Z"}},"entity":{"notebook":{"originates_from":{"type":"blank"},"kernel":{"name":"python3","display_name":"Python 3.10","language":"python"},"runtime":{"environment":"rt231pys1-6a5c9da4-ae29-4008-8811-f7ec24f5bc6a"}},"location_definition":{"physical_location_code":"FRA","physical_location_code_assigned_by":"IBMid-550003B08R","physical_location_code_rds_id":"c57cb90f-2126-3800-9c9f-9eab82021cdf","physical_location_code_rds_version":"00002024-0415-4090-8334-172904000000_4","physical_location_code_assignment_method":"INFERRED","physical_location_code_added_on":"1724946151860"}},"attachments":[{"id":"3ba8b81d-bf23-4aa4-84b7-4dfec7b8d3dc","version":2,"asset_type":"notebook","name":"attachment for notebook 8786973e-97f0-49b9-84d4-0438f8628710","description":"attachment for notebook 8786973e-97f0-49b9-84d4-0438f8628710","mime":"application/json","datasource_type":"193a97c1-4475-4a19-b90c-295c4fdc6517","object_key":"notebook/Analyze_Log_and_Feedback_xEkHfvn1U.ipynb","creator_id":"IBMid-550003B08R","create_time":1724946151863,"size":25054,"is_remote":false,"is_managed":false,"is_referenced":true,"is_object_key_read_only":false,"is_user_provided_path_key":true,"transfer_complete":true,"is_partitioned":false,"complete_time_ticks":1724946151863,"user_data":{},"test_doc":0,"handle":{"bucket":"ragacceleratorqna13-donotdelete-pr-spg6znbtnbhlb9","location":"eu-de","type":"bluemix_cos","key":"notebook/Analyze_Log_and_Feedback_xEkHfvn1U.ipynb","upload_id":"done","max_part_num":1},"usage":{"access_count":15,"last_accessor_id":"IBMid-550003B08R","last_access_time":1725024447642,"last_updater_id":"IBMid-550003B08R","last_update_time":1725024447642}}]}
