{"metadata":{"asset_id":"99087e34-b255-40d4-b238-4491d26b9e3e","asset_attributes":["notebook"],"name":"QnA with RAG","asset_type":"notebook","created_at":"2024-08-29T15:42:27Z","description":"This notebook can be used to try out the deployed function by asking some questions, either by executing a notebook, or in a more interactive mode using an ipywidget.","origin_country":"us","owner_id":"IBMid-550003B08R","project_id":"6a5c9da4-ae29-4008-8811-f7ec24f5bc6a","size":9093,"tags":["notebook"],"usage":{"last_update_time":1724946407220,"last_updated_at":"2024-08-29T15:46:47Z"}},"entity":{"notebook":{"originates_from":{"type":"blank"},"kernel":{"name":"python3","display_name":"Python 3.10","language":"python"},"runtime":{"environment":"8c560e59-2fc6-4cf0-9648-74e81da781fe"}},"location_definition":{"physical_location_code":"FRA","physical_location_code_assigned_by":"IBMid-550003B08R","physical_location_code_rds_id":"c57cb90f-2126-3800-9c9f-9eab82021cdf","physical_location_code_rds_version":"00002024-0415-4090-8334-172904000000_4","physical_location_code_assignment_method":"INFERRED","physical_location_code_added_on":"1724946147546"}},"attachments":[{"id":"2d2a16c2-b3bc-4392-b7c5-304eb9b4b38b","version":2,"asset_type":"notebook","name":"attachment for notebook 99087e34-b255-40d4-b238-4491d26b9e3e","description":"attachment for notebook 99087e34-b255-40d4-b238-4491d26b9e3e","mime":"application/json","datasource_type":"193a97c1-4475-4a19-b90c-295c4fdc6517","object_key":"notebook/Q_A_with_RAG_2Qx7tsfv9.ipynb","creator_id":"IBMid-550003B08R","create_time":1724946147550,"size":9093,"is_remote":false,"is_managed":false,"is_referenced":true,"is_object_key_read_only":false,"is_user_provided_path_key":true,"transfer_complete":true,"is_partitioned":false,"complete_time_ticks":1724946147550,"user_data":{},"test_doc":0,"handle":{"bucket":"ragacceleratorqna13-donotdelete-pr-spg6znbtnbhlb9","location":"eu-de","type":"bluemix_cos","key":"notebook/Q_A_with_RAG_2Qx7tsfv9.ipynb","upload_id":"done","max_part_num":1},"usage":{"access_count":0,"last_accessor_id":"IBMid-550003B08R","last_access_time":1724946147550}}]}
