{"metadata":{"asset_id":"f1767f4e-61ea-4f61-9712-a17048103d39","asset_attributes":["notebook"],"name":"Process and Ingest data into vector DB","asset_type":"notebook","created_at":"2024-08-29T15:42:21Z","description":"This notebook processes various types of data and convert data for subsequent ingestion into the vector index.","origin_country":"us","owner_id":"IBMid-550003B08R","project_id":"6a5c9da4-ae29-4008-8811-f7ec24f5bc6a","size":23422,"tags":["notebook"],"usage":{"last_update_time":1725013132158,"last_updated_at":"2024-08-30T10:18:52Z"}},"entity":{"notebook":{"originates_from":{"type":"blank"},"kernel":{"name":"python3","display_name":"Python 3.10","language":"python"},"runtime":{"environment":"rt231pys1-6a5c9da4-ae29-4008-8811-f7ec24f5bc6a"}},"location_definition":{"physical_location_code":"FRA","physical_location_code_assigned_by":"IBMid-550003B08R","physical_location_code_rds_id":"c57cb90f-2126-3800-9c9f-9eab82021cdf","physical_location_code_rds_version":"00002024-0415-4090-8334-172904000000_4","physical_location_code_assignment_method":"INFERRED","physical_location_code_added_on":"1724946142208"}},"attachments":[{"id":"e3dfae28-3178-482a-ba6a-15ab2e8c4b48","version":2,"asset_type":"notebook","name":"attachment for notebook f1767f4e-61ea-4f61-9712-a17048103d39","description":"attachment for notebook f1767f4e-61ea-4f61-9712-a17048103d39","mime":"application/json","datasource_type":"193a97c1-4475-4a19-b90c-295c4fdc6517","object_key":"notebook/Process_and_ingest_data_into_vector_db_zxfY5OX4Q.ipynb","creator_id":"IBMid-550003B08R","create_time":1724946142211,"size":23422,"is_remote":false,"is_managed":false,"is_referenced":true,"is_object_key_read_only":false,"is_user_provided_path_key":true,"transfer_complete":true,"is_partitioned":false,"complete_time_ticks":1724946142211,"user_data":{},"test_doc":0,"handle":{"bucket":"ragacceleratorqna13-donotdelete-pr-spg6znbtnbhlb9","location":"eu-de","type":"bluemix_cos","key":"notebook/Process_and_ingest_data_into_vector_db_zxfY5OX4Q.ipynb","upload_id":"done","max_part_num":1},"usage":{"access_count":2,"last_accessor_id":"IBMid-550003B08R","last_access_time":1725013132156,"last_updater_id":"IBMid-550003B08R","last_update_time":1725013132156}}]}
