{"metadata":{"asset_id":"094f2dcd-0c0f-4aa5-bddd-e9351256139f","name":"QnA with RAG pipeline","description":"","tags":null,"asset_type":"orchestration_flow","origin_country":"us","rov":{"mode":0},"owner_id":"IBMid-550003B08R","created_at":"2024-08-29T15:42:58Z","commit_info":{"previous_revision":1}},"entity":{"location_definition":{"physical_location_code":"FRA","physical_location_code_added_on":"1724946178974","physical_location_code_assigned_by":"IBMid-550003B08R","physical_location_code_assignment_method":"INFERRED","physical_location_code_rds_id":"c57cb90f-2126-3800-9c9f-9eab82021cdf","physical_location_code_rds_version":"00002024-0415-4090-8334-172904000000_4"},"orchestration_flow":{"created_at":1724946178,"default_version":null,"default_version_id":"094f2dcd-0c0f-4aa5-bddd-e9351256139f-1","deleted_versions":[],"status":"READY","version_code_source_url":"","version_created_at":1724946178,"version_name":"QnA with RAG pipeline","version_parameters":"","version_status":"VOLATILE"}},"attachments":[{"object_key":"orchestration_flow/094f2dcd-0c0f-4aa5-bddd-e9351256139f-0"}],"scope":"cpd.__projects_6a5c9da4-ae29-4008-8811-f7ec24f5bc6a"}
