{"metadata":{"asset_id":"380ebb9d-1e62-404f-af78-086adc28a1f9","asset_attributes":["package_extension"],"name":"Package Extension","asset_type":"package_extension","created_at":"2024-08-29T15:45:42Z","description":"Package Extensions created by environments-ui","origin_country":"us","owner_id":"IBMid-550003B08R","project_id":"6a5c9da4-ae29-4008-8811-f7ec24f5bc6a","sandbox_id":"6a5c9da4-ae29-4008-8811-f7ec24f5bc6a","size":324,"tags":["dsx"],"usage":{"last_update_time":1724946343305,"last_updated_at":"2024-08-29T15:45:43Z"}},"entity":{"package_extension":{"type":"conda_yml","interpreter":"mamba","object_key":"package_extension/Package_Extension_1dYpU8AV9.yml"},"location_definition":{"physical_location_code":"FRA","physical_location_code_assigned_by":"IBMid-550003B08R","physical_location_code_rds_id":"c57cb90f-2126-3800-9c9f-9eab82021cdf","physical_location_code_rds_version":"00002024-0415-4090-8334-172904000000_4","physical_location_code_assignment_method":"INFERRED","physical_location_code_added_on":"1724946343303"}},"attachments":[{"id":"7580ff52-3878-4cdc-b997-74a9584e95fd","version":2,"asset_type":"package_extension","name":"attachment for package extension 380ebb9d-1e62-404f-af78-086adc28a1f9","description":"attachment for package extension 380ebb9d-1e62-404f-af78-086adc28a1f9","mime":"application/json","datasource_type":"193a97c1-4475-4a19-b90c-295c4fdc6517","object_key":"package_extension/Package_Extension_1dYpU8AV9.yml","creator_id":"IBMid-550003B08R","create_time":1724946343304,"size":324,"is_remote":false,"is_managed":false,"is_referenced":true,"is_object_key_read_only":false,"is_user_provided_path_key":true,"transfer_complete":true,"is_partitioned":false,"complete_time_ticks":1724946343304,"user_data":{},"test_doc":0,"handle":{"bucket":"ragacceleratorqna13-donotdelete-pr-spg6znbtnbhlb9","location":"eu-de","type":"bluemix_cos","key":"package_extension/Package_Extension_1dYpU8AV9.yml","upload_id":"done","max_part_num":1},"usage":{"access_count":0,"last_accessor_id":"IBMid-550003B08R","last_access_time":1724946343304}}]}
