{"metadata":{"asset_id":"1bddd7a2-8682-4945-a794-989bea618266","asset_attributes":["software_specification"],"name":"qna_environment","asset_type":"software_specification","created_at":"2024-08-29T15:45:42Z","description":"","origin_country":"us","owner_id":"IBMid-550003B08R","project_id":"6a5c9da4-ae29-4008-8811-f7ec24f5bc6a","sandbox_id":"6a5c9da4-ae29-4008-8811-f7ec24f5bc6a","size":0,"tags":["dsx"],"usage":{"last_update_time":1724946343960,"last_updated_at":"2024-08-29T15:45:43Z"}},"entity":{"software_specification":{"type":"derived","display_name":"qna_environment","base_software_specification":{"guid":"336b29df-e0e1-5e7d-b6a5-f6ab722625b2","href":"/v2/software_specifications/336b29df-e0e1-5e7d-b6a5-f6ab722625b2"},"package_extensions":[{"guid":"380ebb9d-1e62-404f-af78-086adc28a1f9","href":"/v2/package_extensions/380ebb9d-1e62-404f-af78-086adc28a1f9"}]}}}
