{"metadata":{"name":"RAG template - granite_7b_lab","description":"Granite Prompt Template for RAG.","asset_type":"wx_prompt","origin_country":"us"},"entity":{"wx_prompt":{"dataset":false,"mime_type":"application/json"},"location_definition":{"physical_location_code_assignment_method":"INFERRED","physical_location_code":"FRA","physical_location_code_assigned_by":"IBMid-550003B08R","physical_location_code_added_on":"1724946119943","physical_location_code_rds_version":"00002024-0415-4090-8334-172904000000_4","physical_location_code_rds_id":"c57cb90f-2126-3800-9c9f-9eab82021cdf"}},"attachments":[{"id":"1572b4ec-1493-4bdc-8f06-2d20bf938a6a","version":2,"asset_type":"wx_prompt","name":"RAG template - granite_7b_lab","mime":"application/json","datasource_type":"193a97c1-4475-4a19-b90c-295c4fdc6517","object_key":"wx_prompt/RAGtemplate-granite_7b_lab__da__oxo8kmt4wt.json","creator_id":"IBMid-550003B08R","create_time":1724946119946,"size":984,"is_remote":false,"is_managed":false,"is_referenced":true,"is_object_key_read_only":false,"is_user_provided_path_key":true,"transfer_complete":true,"is_partitioned":false,"complete_time_ticks":1724946119946,"user_data":{},"test_doc":0,"handle":{"bucket":"ragacceleratorqna13-donotdelete-pr-spg6znbtnbhlb9","location":"eu-de","type":"bluemix_cos","key":"wx_prompt/RAGtemplate-granite_7b_lab__da__oxo8kmt4wt.json","upload_id":"done","max_part_num":1},"usage":{"access_count":0,"last_accessor_id":"IBMid-550003B08R","last_access_time":1724946119946}}]}
