{"metadata":{"asset_id":"0d3c8819-69ec-4607-8d81-58ce3e6815f8","asset_attributes":["data_asset"],"name":"training_data_metadata.json","asset_type":"data_asset","created_at":"2021-10-06T14:26:40Z","description":"","origin_country":"us","owner_id":"IBMid-550003B08R","project_id":"316bb888-02e5-46e5-b86e-fbcb6342cecd","size":3404,"tags":[],"usage":{"last_update_time":1633530400881,"last_updated_at":"2021-10-06T14:26:40Z"}},"entity":{"data_asset":{"mime_type":"application/json","dataset":false}},"attachments":[{"id":"a2cd0f63-67c9-4418-af2d-518873d0a3c7","version":2,"asset_type":"data_asset","name":"training_data_metadata.json","mime":"application/json","datasource_type":"193a97c1-4475-4a19-b90c-295c4fdc6517","object_key":"training_data_metadata.json","creator_id":"iam-ServiceId-f49c5558-c247-4983-a04f-7d3c7a3d55da","create_time":1633530400743,"size":3404,"is_remote":false,"is_managed":false,"is_referenced":true,"is_object_key_read_only":false,"is_user_provided_path_key":true,"transfer_complete":true,"is_partitioned":false,"complete_time_ticks":1633530400743,"user_data":{},"test_doc":0,"handle":{"bucket":"financialmarketscustomersegmentat-donotdelete-pr-dzo1nucpz6cl0x","location":"us-geo","key":"training_data_metadata.json","upload_id":"done","max_part_num":1},"usage":{"access_count":0,"last_accessor_id":"iam-ServiceId-f49c5558-c247-4983-a04f-7d3c7a3d55da","last_access_time":1633530400743}}]}
