{"metadata":{"asset_id":"76247151-ff6e-4e85-b988-66f45f9c11a2","asset_attributes":["data_asset"],"name":"customer_segmentation_prep.py","asset_type":"data_asset","created_at":"2021-10-06T14:26:38Z","description":"","origin_country":"us","owner_id":"IBMid-550003B08R","project_id":"316bb888-02e5-46e5-b86e-fbcb6342cecd","size":18063,"tags":[],"usage":{"last_update_time":1633530400097,"last_updated_at":"2021-10-06T14:26:40Z"}},"entity":{"data_asset":{"mime_type":"text/x-script.python","dataset":false}},"attachments":[{"id":"f9167580-9a2a-4075-9aaa-8f96a32a6245","version":2,"asset_type":"data_asset","name":"customer_segmentation_prep.py","mime":"text/x-script.python","datasource_type":"193a97c1-4475-4a19-b90c-295c4fdc6517","object_key":"customer_segmentation_prep.py","creator_id":"iam-ServiceId-f49c5558-c247-4983-a04f-7d3c7a3d55da","create_time":1633530399943,"size":18063,"is_remote":false,"is_managed":false,"is_referenced":true,"is_object_key_read_only":false,"is_user_provided_path_key":true,"transfer_complete":true,"is_partitioned":false,"complete_time_ticks":1633530399943,"user_data":{},"test_doc":0,"handle":{"bucket":"financialmarketscustomersegmentat-donotdelete-pr-dzo1nucpz6cl0x","location":"us-geo","key":"customer_segmentation_prep.py","upload_id":"done","max_part_num":1},"usage":{"access_count":0,"last_accessor_id":"iam-ServiceId-f49c5558-c247-4983-a04f-7d3c7a3d55da","last_access_time":1633530399943}}]}
