{"metadata":{"asset_id":"2b7727af-18c2-497f-8103-fc0a018f2ae8","asset_attributes":["data_asset"],"name":"customer-segmentation-analytics-dashboard.zip","asset_type":"data_asset","created_at":"2021-10-06T14:26:38Z","description":"","origin_country":"us","owner_id":"IBMid-550003B08R","project_id":"316bb888-02e5-46e5-b86e-fbcb6342cecd","size":176243,"tags":[],"usage":{"last_update_time":1633531402885,"last_updated_at":"2021-10-06T14:43:22Z"}},"entity":{"data_asset":{"mime_type":"application/zip","dataset":false}},"attachments":[{"id":"ff70ceec-ddfd-49bc-83c7-befff88c8d27","version":2,"asset_type":"data_asset","name":"customer-segmentation-analytics-dashboard.zip","mime":"application/zip","datasource_type":"193a97c1-4475-4a19-b90c-295c4fdc6517","object_key":"customer-segmentation-analytics-dashboard.zip","creator_id":"iam-ServiceId-f49c5558-c247-4983-a04f-7d3c7a3d55da","create_time":1633530400130,"size":176243,"is_remote":false,"is_managed":false,"is_referenced":true,"is_object_key_read_only":false,"is_user_provided_path_key":true,"transfer_complete":true,"is_partitioned":false,"complete_time_ticks":1633530400130,"user_data":{},"test_doc":0,"handle":{"bucket":"financialmarketscustomersegmentat-donotdelete-pr-dzo1nucpz6cl0x","location":"us-geo","key":"customer-segmentation-analytics-dashboard.zip","upload_id":"done","max_part_num":1},"usage":{"access_count":1,"last_accessor_id":"IBMid-550003B08R","last_access_time":1633531402883,"last_updater_id":"IBMid-550003B08R","last_update_time":1633531402883}}]}
