{"metadata":{"asset_id":"b7e82ad7-8afe-4279-8653-78845fcf8118","asset_attributes":["data_asset"],"name":"customer-segmentation-glossary-terms.csv","asset_type":"data_asset","created_at":"2021-10-06T14:26:38Z","description":"","origin_country":"us","owner_id":"IBMid-550003B08R","project_id":"316bb888-02e5-46e5-b86e-fbcb6342cecd","size":41568,"tags":[],"usage":{"last_update_time":1633530616165,"last_updated_at":"2021-10-06T14:30:16Z"}},"entity":{"data_asset":{"mime_type":"text/csv","dataset":false}},"attachments":[{"id":"15771826-5fcb-49de-b0c7-affbedc767e2","version":2,"asset_type":"data_asset","name":"customer-segmentation-glossary-terms.csv","mime":"text/csv","datasource_type":"193a97c1-4475-4a19-b90c-295c4fdc6517","object_key":"customer-segmentation-glossary-terms.csv","creator_id":"iam-ServiceId-f49c5558-c247-4983-a04f-7d3c7a3d55da","create_time":1633530399875,"size":41568,"is_remote":false,"is_managed":false,"is_referenced":true,"is_object_key_read_only":false,"is_user_provided_path_key":true,"transfer_complete":true,"is_partitioned":false,"complete_time_ticks":1633530399875,"user_data":{},"test_doc":0,"handle":{"bucket":"financialmarketscustomersegmentat-donotdelete-pr-dzo1nucpz6cl0x","location":"us-geo","key":"customer-segmentation-glossary-terms.csv","upload_id":"done","max_part_num":1},"usage":{"access_count":1,"last_accessor_id":"IBMid-550003B08R","last_access_time":1633530616164,"last_updater_id":"IBMid-550003B08R","last_update_time":1633530616164}}]}
