{"metadata":{"asset_id":"0273109d-1778-4e51-a0aa-3975e5aa8ecd","asset_attributes":["data_asset","data_profile_uda"],"name":"Readme - Financial Markets Customer Segmentation.pdf","asset_type":"data_asset","created_at":"2021-10-06T14:26:38Z","description":"","origin_country":"us","owner_id":"IBMid-550003B08R","project_id":"316bb888-02e5-46e5-b86e-fbcb6342cecd","size":99977,"tags":[],"usage":{"last_update_time":1633623011826,"last_updated_at":"2021-10-07T16:10:11Z"}},"entity":{"data_asset":{"mime_type":"application/pdf","dataset":false},"data_profile_uda":{"status":"completed"}},"attachments":[{"id":"a4b6a6bf-b1dc-401c-bd8f-1535c8811a10","version":2,"asset_type":"data_asset","name":"Readme - Financial Markets Customer Segmentation.pdf","mime":"application/pdf","datasource_type":"193a97c1-4475-4a19-b90c-295c4fdc6517","object_key":"Readme - Financial Markets Customer Segmentation.pdf","creator_id":"iam-ServiceId-f49c5558-c247-4983-a04f-7d3c7a3d55da","create_time":1633530399823,"size":97481,"is_remote":false,"is_managed":false,"is_referenced":true,"is_object_key_read_only":false,"is_user_provided_path_key":true,"transfer_complete":true,"is_partitioned":false,"complete_time_ticks":1633530399823,"user_data":{},"test_doc":0,"handle":{"bucket":"financialmarketscustomersegmentat-donotdelete-pr-dzo1nucpz6cl0x","location":"us-geo","key":"Readme - Financial Markets Customer Segmentation.pdf","upload_id":"done","max_part_num":1},"usage":{"access_count":2,"last_accessor_id":"IBMid-550003B08R","last_access_time":1633623011825,"last_updater_id":"IBMid-550003B08R","last_update_time":1633623011825}},{"id":"505448ad-803c-4653-9e7d-5f3688d1d334","version":2,"asset_type":"data_profile_uda","name":"uda_0273109d-1778-4e51-a0aa-3975e5aa8ecd.json","mime":"application/json","datasource_type":"193a97c1-4475-4a19-b90c-295c4fdc6517","object_key":"data_profile_uda/2021-10-06-14_27_15-uda_0273109d-1778-4e51-a0aa-3975e5aa8ecd.json","creator_id":"iam-ServiceId-5d9bb1d6-b10e-410d-a535-ad6b78e9773b","create_time":1633530436506,"size":1248,"is_remote":false,"is_managed":false,"is_referenced":true,"is_object_key_read_only":false,"is_user_provided_path_key":true,"transfer_complete":true,"is_partitioned":false,"complete_time_ticks":1633530436506,"user_data":{},"test_doc":0,"handle":{"bucket":"financialmarketscustomersegmentat-donotdelete-pr-dzo1nucpz6cl0x","location":"us-geo","key":"data_profile_uda/2021-10-06-14_27_15-uda_0273109d-1778-4e51-a0aa-3975e5aa8ecd.json","upload_id":"done","max_part_num":1},"usage":{"access_count":0,"last_accessor_id":"iam-ServiceId-5d9bb1d6-b10e-410d-a535-ad6b78e9773b","last_access_time":1633530436506}},{"id":"f055031a-8f99-4a20-ac1d-86a5558c19fc","version":2,"asset_type":"data_profile_uda","name":"uda_0273109d-1778-4e51-a0aa-3975e5aa8ecd.json","mime":"application/json","datasource_type":"193a97c1-4475-4a19-b90c-295c4fdc6517","object_key":"data_profile_uda/2021-10-06-14_27_26-uda_0273109d-1778-4e51-a0aa-3975e5aa8ecd.json","creator_id":"iam-ServiceId-5d9bb1d6-b10e-410d-a535-ad6b78e9773b","create_time":1633530450754,"size":1248,"is_remote":false,"is_managed":false,"is_referenced":true,"is_object_key_read_only":false,"is_user_provided_path_key":true,"transfer_complete":true,"is_partitioned":false,"complete_time_ticks":1633530450754,"user_data":{},"test_doc":0,"handle":{"bucket":"financialmarketscustomersegmentat-donotdelete-pr-dzo1nucpz6cl0x","location":"us-geo","key":"data_profile_uda/2021-10-06-14_27_26-uda_0273109d-1778-4e51-a0aa-3975e5aa8ecd.json","upload_id":"done","max_part_num":1},"usage":{"access_count":0,"last_accessor_id":"iam-ServiceId-5d9bb1d6-b10e-410d-a535-ad6b78e9773b","last_access_time":1633530450754}}]}
