{"metadata":{"asset_id":"5e47e31d-a00a-411e-a016-2968964acb80","asset_attributes":["data_asset"],"name":"CUSTOMER_FULL_SUMMARY_LATEST_VIEW.sql","asset_type":"data_asset","created_at":"2021-10-06T14:26:38Z","description":"","origin_country":"us","owner_id":"IBMid-550003B08R","project_id":"316bb888-02e5-46e5-b86e-fbcb6342cecd","size":27494,"tags":[],"usage":{"last_update_time":1633530399984,"last_updated_at":"2021-10-06T14:26:39Z"}},"entity":{"data_asset":{"mime_type":"application/octet-stream","dataset":false}},"attachments":[{"id":"fbb1d5c4-5c05-400e-90ba-701a01c833d5","version":2,"asset_type":"data_asset","name":"CUSTOMER_FULL_SUMMARY_LATEST_VIEW.sql","mime":"application/octet-stream","datasource_type":"193a97c1-4475-4a19-b90c-295c4fdc6517","object_key":"CUSTOMER_FULL_SUMMARY_LATEST_VIEW.sql","creator_id":"iam-ServiceId-f49c5558-c247-4983-a04f-7d3c7a3d55da","create_time":1633530399846,"size":27494,"is_remote":false,"is_managed":false,"is_referenced":true,"is_object_key_read_only":false,"is_user_provided_path_key":true,"transfer_complete":true,"is_partitioned":false,"complete_time_ticks":1633530399846,"user_data":{},"test_doc":0,"handle":{"bucket":"financialmarketscustomersegmentat-donotdelete-pr-dzo1nucpz6cl0x","location":"us-geo","key":"CUSTOMER_FULL_SUMMARY_LATEST_VIEW.sql","upload_id":"done","max_part_num":1},"usage":{"access_count":0,"last_accessor_id":"iam-ServiceId-f49c5558-c247-4983-a04f-7d3c7a3d55da","last_access_time":1633530399846}}]}
