{"metadata":{"asset_id":"1519e257-a365-472a-b26c-3480be4c5af0","asset_attributes":["data_asset"],"name":"customer_full_summary_latest.csv","asset_type":"data_asset","created_at":"2021-10-06T14:26:38Z","description":"","origin_country":"us","owner_id":"IBMid-550003B08R","project_id":"316bb888-02e5-46e5-b86e-fbcb6342cecd","size":1607327,"tags":[],"usage":{"last_update_time":1633530399980,"last_updated_at":"2021-10-06T14:26:39Z"}},"entity":{"data_asset":{"mime_type":"text/csv","dataset":false}},"attachments":[{"id":"3992ceb7-25fb-4297-b176-34af2526efec","version":2,"asset_type":"data_asset","name":"customer_full_summary_latest.csv","mime":"text/csv","datasource_type":"193a97c1-4475-4a19-b90c-295c4fdc6517","object_key":"customer_full_summary_latest.csv","creator_id":"iam-ServiceId-f49c5558-c247-4983-a04f-7d3c7a3d55da","create_time":1633530399831,"size":1607327,"is_remote":false,"is_managed":false,"is_referenced":true,"is_object_key_read_only":false,"is_user_provided_path_key":true,"transfer_complete":true,"is_partitioned":false,"complete_time_ticks":1633530399831,"user_data":{},"test_doc":0,"handle":{"bucket":"financialmarketscustomersegmentat-donotdelete-pr-dzo1nucpz6cl0x","location":"us-geo","key":"customer_full_summary_latest.csv","upload_id":"done","max_part_num":1},"usage":{"access_count":0,"last_accessor_id":"iam-ServiceId-f49c5558-c247-4983-a04f-7d3c7a3d55da","last_access_time":1633530399831}}]}
