{"metadata":{"asset_id":"e3d20173-6a03-41f3-8842-521518278acf","asset_attributes":["data_asset"],"name":"customer-segmentation-map-terms.csv","asset_type":"data_asset","created_at":"2021-10-06T14:30:38Z","description":"","origin_country":"us","owner_id":"IBMid-550003B08R","project_id":"316bb888-02e5-46e5-b86e-fbcb6342cecd","size":27541,"tags":[],"usage":{"last_update_time":1633530639531,"last_updated_at":"2021-10-06T14:30:39Z"}},"entity":{"data_asset":{"mime_type":"text/csv","dataset":false}},"attachments":[{"id":"7bacfeaf-b406-41a9-8d4e-f2ba16a4a879","version":2,"asset_type":"data_asset","name":"customer-segmentation-map-terms.csv","mime":"text/csv","datasource_type":"193a97c1-4475-4a19-b90c-295c4fdc6517","object_key":"customer-segmentation-map-terms.csv","creator_id":"IBMid-550003B08R","create_time":1633530639531,"size":27541,"is_remote":false,"is_managed":false,"is_referenced":true,"is_object_key_read_only":true,"is_user_provided_path_key":true,"transfer_complete":true,"is_partitioned":false,"complete_time_ticks":1633530639531,"user_data":{},"test_doc":0,"handle":{"bucket":"financialmarketscustomersegmentat-donotdelete-pr-dzo1nucpz6cl0x","location":"us-geo","key":"customer-segmentation-map-terms.csv","upload_id":"done","max_part_num":1},"usage":{"access_count":0,"last_accessor_id":"IBMid-550003B08R","last_access_time":1633530639531}}]}
