{"metadata":{"asset_id":"4bd0d9ed-3678-4b3e-be34-6724234914ff","asset_attributes":["notebook"],"name":"2-model-training","asset_type":"notebook","created_at":"2021-10-06T14:26:41Z","description":"","origin_country":"us","owner_id":"iam-ServiceId-9e68bc5f-c5f6-4f6f-8bcf-e57f47b9d1b1","project_id":"316bb888-02e5-46e5-b86e-fbcb6342cecd","size":665769,"tags":["notebook"],"usage":{"last_update_time":1633612265233,"last_updated_at":"2021-10-07T13:11:05Z"}},"entity":{"notebook":{"kernel":{"name":"python3","display_name":"Python 3.8","language":"python"},"originates_from":{"type":"file"},"runtime":{"environment":"conda2py38-316bb888-02e5-46e5-b86e-fbcb6342cecd"}}},"attachments":[{"id":"02d663b1-dfd6-4ff5-8301-75636f61c07b","version":2,"asset_type":"notebook","name":"attachment for notebook 4bd0d9ed-3678-4b3e-be34-6724234914ff","description":"attachment for notebook 4bd0d9ed-3678-4b3e-be34-6724234914ff","mime":"application/json","datasource_type":"193a97c1-4475-4a19-b90c-295c4fdc6517","object_key":"notebook/1-model-training_ESkulF6XF.ipynb","creator_id":"IBMid-550003B08R","create_time":1633530402080,"size":665769,"is_remote":false,"is_managed":false,"is_referenced":true,"is_object_key_read_only":false,"is_user_provided_path_key":true,"transfer_complete":true,"is_partitioned":false,"complete_time_ticks":1633530402080,"user_data":{},"test_doc":0,"handle":{"bucket":"financialmarketscustomersegmentat-donotdelete-pr-dzo1nucpz6cl0x","location":"us-geo","key":"notebook/1-model-training_ESkulF6XF.ipynb","upload_id":"done","max_part_num":1},"usage":{"access_count":0,"last_accessor_id":"IBMid-550003B08R","last_access_time":1633530402080}}]}
