{"metadata":{"asset_id":"518ace52-6332-469c-bae1-784d73c14cf3","asset_attributes":["notebook"],"name":"1-data-preprocessing","asset_type":"notebook","created_at":"2021-10-06T14:26:41Z","description":"","origin_country":"us","owner_id":"iam-ServiceId-9e68bc5f-c5f6-4f6f-8bcf-e57f47b9d1b1","project_id":"316bb888-02e5-46e5-b86e-fbcb6342cecd","size":43872,"tags":["notebook"],"usage":{"last_update_time":1633612259601,"last_updated_at":"2021-10-07T13:10:59Z"}},"entity":{"notebook":{"kernel":{"name":"python3","display_name":"Python 3.8","language":"python"},"originates_from":{"type":"file"},"runtime":{"environment":"conda2py38-316bb888-02e5-46e5-b86e-fbcb6342cecd"}}},"attachments":[{"id":"d5fb45ff-414e-47f0-9a19-1915f4eb2035","version":2,"asset_type":"notebook","name":"attachment for notebook 518ace52-6332-469c-bae1-784d73c14cf3","description":"attachment for notebook 518ace52-6332-469c-bae1-784d73c14cf3","mime":"application/json","datasource_type":"193a97c1-4475-4a19-b90c-295c4fdc6517","object_key":"notebook/1-data-preprocessing_BnY7wPPWz.ipynb","creator_id":"IBMid-550003B08R","create_time":1633530402234,"size":43872,"is_remote":false,"is_managed":false,"is_referenced":true,"is_object_key_read_only":false,"is_user_provided_path_key":true,"transfer_complete":true,"is_partitioned":false,"complete_time_ticks":1633530402234,"user_data":{},"test_doc":0,"handle":{"bucket":"financialmarketscustomersegmentat-donotdelete-pr-dzo1nucpz6cl0x","location":"us-geo","key":"notebook/1-data-preprocessing_BnY7wPPWz.ipynb","upload_id":"done","max_part_num":1},"usage":{"access_count":0,"last_accessor_id":"IBMid-550003B08R","last_access_time":1633530402234}}]}
