{"metadata":{"asset_id":"5a59334c-78be-4740-b659-cb404508b477","asset_attributes":["notebook"],"name":"import-wkc-glossary","asset_type":"notebook","created_at":"2021-10-06T14:28:24Z","description":"","origin_country":"us","owner_id":"IBMid-550003B08R","project_id":"316bb888-02e5-46e5-b86e-fbcb6342cecd","size":55495,"tags":["notebook"],"usage":{"last_update_time":1633612331521,"last_updated_at":"2021-10-07T13:12:11Z"}},"entity":{"notebook":{"kernel":{"name":"python3","display_name":"Python 3.8","language":"python"},"originates_from":{"type":"blank"},"runtime":{"environment":"conda2py38-316bb888-02e5-46e5-b86e-fbcb6342cecd"}}},"attachments":[{"id":"782fa0b6-f432-44ab-a7f9-9d1d74e5a1d9","version":2,"asset_type":"notebook","name":"attachment for notebook 5a59334c-78be-4740-b659-cb404508b477","description":"attachment for notebook 5a59334c-78be-4740-b659-cb404508b477","mime":"application/json","datasource_type":"193a97c1-4475-4a19-b90c-295c4fdc6517","object_key":"notebook/import-wkc-glossary_z91O083d0.ipynb","creator_id":"IBMid-550003B08R","create_time":1633530504450,"size":55495,"is_remote":false,"is_managed":false,"is_referenced":true,"is_object_key_read_only":false,"is_user_provided_path_key":true,"transfer_complete":true,"is_partitioned":false,"complete_time_ticks":1633530504450,"user_data":{},"test_doc":0,"handle":{"bucket":"financialmarketscustomersegmentat-donotdelete-pr-dzo1nucpz6cl0x","location":"us-geo","key":"notebook/import-wkc-glossary_z91O083d0.ipynb","upload_id":"done","max_part_num":1},"usage":{"access_count":0,"last_accessor_id":"IBMid-550003B08R","last_access_time":1633530504450}}]}
