{"metadata":{"asset_id":"63748cd8-d032-43a8-9491-66a90e19979d","asset_attributes":["notebook"],"name":"MNIST-Aggregator-CP4D","asset_type":"notebook","created_at":"2021-01-09T21:26:41Z","description":"","origin_country":"us","owner_id":"icp4d-dev","project_id":"0f13e454-91f0-41ad-b9ac-4b9a68d2b1df","size":30585,"tags":["notebook"],"usage":{"last_update_time":1610393708866,"last_updated_at":"2021-01-11T19:35:08Z"}},"entity":{"notebook":{"kernel":{"name":"python3","display_name":"Python 3.7","language":"python"},"originates_from":{"type":"file"},"runtime":{"environment":"jupconda37-0f13e454-91f0-41ad-b9ac-4b9a68d2b1df"}}},"attachments":[{"id":"4108262d-7f19-42dc-b5a3-fef8dbf039ca","version":2,"asset_type":"notebook","name":"attachment for notebook 63748cd8-d032-43a8-9491-66a90e19979d","description":"attachment for notebook 63748cd8-d032-43a8-9491-66a90e19979d","mime":"application/json","datasource_type":"81bafdbd-b7c6-45c5-a4fd-6ec135f66f4e","object_key":"notebook/MNIST_Aggregator_CwCCY4hm1.ipynb","creator_id":"1000330999","create_time":1610227601951,"size":30585,"is_remote":false,"is_managed":false,"is_referenced":true,"is_object_key_read_only":false,"is_user_provided_path_key":true,"transfer_complete":true,"is_partitioned":false,"complete_time_ticks":1610227601951,"user_data":{},"test_doc":0,"handle":{"key":"notebook/MNIST_Aggregator_CwCCY4hm1.ipynb","upload_id":"done","max_part_num":1},"usage":{"access_count":0,"last_accessor_id":"1000330999","last_access_time":1610227601951}}]}