{"metadata":{"asset_id":"b5030ab7-869f-4157-a101-ac544707ec73","asset_attributes":["notebook"],"name":"MNIST-Party-CP4D","asset_type":"notebook","created_at":"2021-01-09T21:26:41Z","description":"","origin_country":"us","owner_id":"icp4d-dev","project_id":"0f13e454-91f0-41ad-b9ac-4b9a68d2b1df","size":60584,"tags":["notebook"],"usage":{"last_update_time":1610389149314,"last_updated_at":"2021-01-11T18:19:09Z"}},"entity":{"notebook":{"kernel":{"name":"python3","display_name":"Python 3.7","language":"python"},"originates_from":{"type":"file"},"runtime":{"environment":"jupconda37-0f13e454-91f0-41ad-b9ac-4b9a68d2b1df"}}},"attachments":[{"id":"6f4c0625-d0b2-40d7-9de6-974a903f64b4","version":2,"asset_type":"notebook","name":"attachment for notebook b5030ab7-869f-4157-a101-ac544707ec73","description":"attachment for notebook b5030ab7-869f-4157-a101-ac544707ec73","mime":"application/json","datasource_type":"81bafdbd-b7c6-45c5-a4fd-6ec135f66f4e","object_key":"notebook/Keras-Party_rOXGt3jYr.ipynb","creator_id":"1000330999","create_time":1610227601887,"size":60584,"is_remote":false,"is_managed":false,"is_referenced":true,"is_object_key_read_only":false,"is_user_provided_path_key":true,"transfer_complete":true,"is_partitioned":false,"complete_time_ticks":1610227601887,"user_data":{},"test_doc":0,"handle":{"key":"notebook/Keras-Party_rOXGt3jYr.ipynb","upload_id":"done","max_part_num":1},"usage":{"access_count":0,"last_accessor_id":"1000330999","last_access_time":1610227601887}}]}