{"metadata":{"asset_id":"6708821e-3b4f-4d3b-adb6-682054cbc274","asset_attributes":["data_asset","location_definition"],"name":"Readme - Retrieval Augmented Generation Industry Accelerator.pdf","asset_type":"data_asset","created_at":"2024-07-26T10:01:39Z","description":"Project README","origin_country":"us","owner_id":"IBMid-550003B08R","project_id":"da272dc5-0c87-40d9-a3c8-db7d5b3b2924","size":142602,"usage":{"last_update_time":1721988541432,"last_updated_at":"2024-07-26T10:09:01Z"}},"entity":{"data_asset":{"mime_type":"application/pdf","dataset":false},"location_definition":{"physical_location_code":"FRA","physical_location_code_assigned_by":"IBMid-550003B08R","physical_location_code_rds_id":"c57cb90f-2126-3800-9c9f-9eab82021cdf","physical_location_code_rds_version":"00002024-0415-4090-8334-172904000000_4","physical_location_code_assignment_method":"INFERRED","physical_location_code_added_on":"1721737017927"}},"attachments":[{"id":"b6542748-9920-4b10-9a74-7bc95e43e7ac","version":2,"asset_type":"data_asset","name":"Readme - Retrieval Augmented Generation Industry Accelerator.pdf","mime":"application/pdf","datasource_type":"193a97c1-4475-4a19-b90c-295c4fdc6517","object_key":"Readme - Retrieval Augmented Generation Industry Accelerator.pdf","creator_id":"iam-ServiceId-f49c5558-c247-4983-a04f-7d3c7a3d55da","create_time":1721988100390,"size":142602,"is_remote":false,"is_managed":false,"is_referenced":true,"is_object_key_read_only":true,"is_user_provided_path_key":true,"transfer_complete":true,"is_partitioned":false,"complete_time_ticks":1721988100390,"user_data":{},"test_doc":0,"handle":{"bucket":"industryacceleratorretrievalaugme-donotdelete-pr-ulv7x7xdt61xw0","location":"eu-de","type":"bluemix_cos","key":"Readme - Retrieval Augmented Generation Industry Accelerator.pdf","upload_id":"done","max_part_num":1},"usage":{"access_count":1,"last_accessor_id":"IBMid-550003B08R","last_access_time":1721988541429,"last_updater_id":"IBMid-550003B08R","last_update_time":1721988541429}}]}
