{"metadata":{"asset_id":"d7c8c7e5-9542-48cc-9e98-c4a97080dbd5","asset_attributes":["data_asset","location_definition"],"name":"rag_helper_functions.py","asset_type":"data_asset","created_at":"2024-07-26T10:01:39Z","description":"Python script that provides many helper functions that are used through the notebooks.","origin_country":"us","owner_id":"IBMid-550003B08R","project_id":"da272dc5-0c87-40d9-a3c8-db7d5b3b2924","size":8996,"usage":{"last_update_time":1721988099925,"last_updated_at":"2024-07-26T10:01:39Z"}},"entity":{"data_asset":{"mime_type":"text/x-script.python","dataset":false},"location_definition":{"physical_location_code":"FRA","physical_location_code_assigned_by":"IBMid-550003B08R","physical_location_code_rds_id":"c57cb90f-2126-3800-9c9f-9eab82021cdf","physical_location_code_rds_version":"00002024-0415-4090-8334-172904000000_4","physical_location_code_assignment_method":"INFERRED","physical_location_code_added_on":"1721737016088"}},"attachments":[{"id":"990f9415-7de0-4210-92ab-1c9b3a70c0bc","version":2,"asset_type":"data_asset","name":"rag_helper_functions.py","mime":"text/x-script.python","datasource_type":"193a97c1-4475-4a19-b90c-295c4fdc6517","object_key":"rag_helper_functions.py","creator_id":"iam-ServiceId-f49c5558-c247-4983-a04f-7d3c7a3d55da","create_time":1721988099847,"size":8996,"is_remote":false,"is_managed":false,"is_referenced":true,"is_object_key_read_only":true,"is_user_provided_path_key":true,"transfer_complete":true,"is_partitioned":false,"complete_time_ticks":1721988099847,"user_data":{},"test_doc":0,"handle":{"bucket":"industryacceleratorretrievalaugme-donotdelete-pr-ulv7x7xdt61xw0","location":"eu-de","type":"bluemix_cos","key":"rag_helper_functions.py","upload_id":"done","max_part_num":1},"usage":{"access_count":0,"last_accessor_id":"iam-ServiceId-f49c5558-c247-4983-a04f-7d3c7a3d55da","last_access_time":1721988099847}}]}
