{"metadata":{"asset_id":"1041fa83-1a47-45db-8c62-1d639f45eea8","asset_attributes":["data_asset","location_definition"],"name":"download_ibm_docs.py","asset_type":"data_asset","created_at":"2024-07-26T10:01:39Z","description":"Script to download ibm docs.","origin_country":"us","owner_id":"IBMid-550003B08R","project_id":"da272dc5-0c87-40d9-a3c8-db7d5b3b2924","size":3007,"usage":{"last_update_time":1721988100471,"last_updated_at":"2024-07-26T10:01:40Z"}},"entity":{"data_asset":{"mime_type":"application/json","dataset":false},"location_definition":{"physical_location_code":"FRA","physical_location_code_assigned_by":"IBMid-550003B08R","physical_location_code_rds_id":"c57cb90f-2126-3800-9c9f-9eab82021cdf","physical_location_code_rds_version":"00002024-0415-4090-8334-172904000000_4","physical_location_code_assignment_method":"INFERRED","physical_location_code_added_on":"1721737007038"}},"attachments":[{"id":"91dc6373-f204-4eeb-ab0a-0942a2bdf0ec","version":2,"asset_type":"data_asset","name":"download_ibm_docs.py","mime":"application/json","datasource_type":"193a97c1-4475-4a19-b90c-295c4fdc6517","object_key":"download_ibm_docs.py","creator_id":"iam-ServiceId-f49c5558-c247-4983-a04f-7d3c7a3d55da","create_time":1721988100383,"size":3007,"is_remote":false,"is_managed":false,"is_referenced":true,"is_object_key_read_only":true,"is_user_provided_path_key":true,"transfer_complete":true,"is_partitioned":false,"complete_time_ticks":1721988100383,"user_data":{},"test_doc":0,"handle":{"bucket":"industryacceleratorretrievalaugme-donotdelete-pr-ulv7x7xdt61xw0","location":"eu-de","type":"bluemix_cos","key":"download_ibm_docs.py","upload_id":"done","max_part_num":1},"usage":{"access_count":0,"last_accessor_id":"iam-ServiceId-f49c5558-c247-4983-a04f-7d3c7a3d55da","last_access_time":1721988100383}}]}
