{"metadata":{"asset_id":"cce75b9c-4128-4fe5-bb36-1d2d9ffff6d3","asset_attributes":["environment"],"name":"qna_environment","asset_type":"environment","created_at":"2024-07-26T10:01:40Z","description":"","origin_country":"us","owner_id":"IBMid-550003B08R","project_id":"da272dc5-0c87-40d9-a3c8-db7d5b3b2924","sandbox_id":"da272dc5-0c87-40d9-a3c8-db7d5b3b2924","size":0,"tags":["dsx"],"usage":{"last_update_time":1721988100903,"last_updated_at":"2024-07-26T10:01:40Z"}},"entity":{"environment":{"sub_type":"notebook","display_name":"qna_environment","hardware_specification":{"type":"referenced","guid":"200241dc-b646-4a82-a8fc-2e4d36038333"},"software_specification":{"type":"referenced","guid":"336b29df-e0e1-5e7d-b6a5-f6ab722625b2"},"tools_specification":{"supported_kernels":[{"name":"python3","display_name":"Python 3.10","language":"python","version":"3.10"}],"notebook_extensions":[]}}}}
