{"metadata":{"asset_id":"200241dc-b646-4a82-a8fc-2e4d36038333","asset_attributes":["hardware_specification"],"name":"qna_environment","asset_type":"hardware_specification","created_at":"2024-07-26T10:01:39Z","description":"","origin_country":"us","owner_id":"IBMid-550003B08R","project_id":"da272dc5-0c87-40d9-a3c8-db7d5b3b2924","sandbox_id":"da272dc5-0c87-40d9-a3c8-db7d5b3b2924","size":0,"tags":["dsx"],"usage":{"last_update_time":1721988099824,"last_updated_at":"2024-07-26T10:01:39Z"}},"entity":{"hardware_specification":{"nodes":{"cpu":{"units":"2","model":""},"mem":{"size":"8Gi"}}}}}
