{"metadata":{"asset_id":"664f8c97-574b-48cc-bfd5-1e5e552da706","asset_attributes":["job"],"name":"QnA with RAG Pipeline Job","asset_type":"job","created_at":"2024-07-26T10:01:48Z","description":"Watson Pipeline job that executes the notebooks end to end in an automated method.","origin_country":"us","owner_id":"IBMid-550003B08R","project_id":"da272dc5-0c87-40d9-a3c8-db7d5b3b2924","size":0,"usage":{"last_update_time":1721988108875,"last_updated_at":"2024-07-26T10:01:48Z"}},"entity":{"job":{"asset_ref_type":"orchestration_flow","configuration":{"env_id":"rt231pys1-da272dc5-0c87-40d9-a3c8-db7d5b3b2924","env_type":"notebook","env_variables":[]},"last_run_initiator":"deprecated field","last_run_time":"deprecated field","last_run_status":"deprecated field","last_run_status_timestamp":0,"future_scheduled_runs":[],"enable_notifications":true,"project_name":"IndustryAccelerator-Retrieval-Augmented-Generation_V1.2_WxaaS_GC3","asset_ref":"76b47bf5-5ad5-4dc7-a8d4-373abee68672","job_parameters":[{"name":"Deploy_WML_Function","value":false}],"schedule_id":"","schedule_creator_id":""}}}
