{"metadata":{"asset_id":"11a8df85-ef3c-4014-93b4-2c05e27b2f32","asset_attributes":["job"],"name":"Create and Deploy QnA Python Function job","asset_type":"job","created_at":"2024-07-26T10:01:48Z","description":"Notebook job for the creation and deployment of the QnA python function for RAG.","origin_country":"us","owner_id":"IBMid-550003B08R","project_id":"da272dc5-0c87-40d9-a3c8-db7d5b3b2924","size":0,"usage":{"last_update_time":1721988108947,"last_updated_at":"2024-07-26T10:01:48Z"}},"entity":{"job":{"asset_ref_type":"notebook","configuration":{"entrypoint":"","env_id":"rt231pys1-da272dc5-0c87-40d9-a3c8-db7d5b3b2924","env_type":"notebook","env_variables":[],"file_ref":"","run_results":"log_and_new_notebook"},"last_run_initiator":"deprecated field","last_run_time":"deprecated field","last_run_status":"deprecated field","last_run_status_timestamp":0,"future_scheduled_runs":[],"enable_notifications":true,"project_name":"IndustryAccelerator-Retrieval-Augmented-Generation_V1.2_WxaaS_GC3","asset_ref":"69210a81-e43a-4001-88aa-fa010b2c8e22","schedule_id":"","schedule_creator_id":""}}}
