{"metadata":{"asset_id":"ea7c3f37-0082-4a1d-af77-e3e4825648ee","asset_attributes":["notebook"],"name":"QnA with RAG","asset_type":"notebook","created_at":"2024-07-26T10:01:41Z","description":"This notebook can be used to try out the deployed function by asking some questions, either by executing a notebook, or in a more interactive mode using an ipywidget.","origin_country":"us","owner_id":"IBMid-550003B08R","project_id":"da272dc5-0c87-40d9-a3c8-db7d5b3b2924","size":7863,"tags":["notebook"],"usage":{"last_update_time":1721988104588,"last_updated_at":"2024-07-26T10:01:44Z"}},"entity":{"notebook":{"kernel":{"name":"python3","display_name":"Python 3.10","language":"python"},"originates_from":{"type":"file"},"runtime":{"environment":"cce75b9c-4128-4fe5-bb36-1d2d9ffff6d3"}},"location_definition":{"physical_location_code":"FRA","physical_location_code_assigned_by":"iam-ServiceId-9e68bc5f-c5f6-4f6f-8bcf-e57f47b9d1b1","physical_location_code_rds_id":"c57cb90f-2126-3800-9c9f-9eab82021cdf","physical_location_code_rds_version":"00002024-0415-4090-8334-172904000000_4","physical_location_code_assignment_method":"INFERRED","physical_location_code_added_on":"1721988102380"}},"attachments":[{"id":"2be822cb-bf79-4f3a-8a2a-931b34960f35","version":2,"asset_type":"notebook","name":"attachment for notebook ea7c3f37-0082-4a1d-af77-e3e4825648ee","description":"attachment for notebook ea7c3f37-0082-4a1d-af77-e3e4825648ee","mime":"application/json","datasource_type":"193a97c1-4475-4a19-b90c-295c4fdc6517","object_key":"notebook/Q_A_with_RAG_2Qx7tsfv9.ipynb","creator_id":"IBMid-550003B08R","create_time":1721988102381,"size":7863,"is_remote":false,"is_managed":false,"is_referenced":true,"is_object_key_read_only":false,"is_user_provided_path_key":true,"transfer_complete":true,"is_partitioned":false,"complete_time_ticks":1721988102381,"user_data":{},"test_doc":0,"handle":{"bucket":"industryacceleratorretrievalaugme-donotdelete-pr-ulv7x7xdt61xw0","location":"eu-de","type":"bluemix_cos","key":"notebook/Q_A_with_RAG_2Qx7tsfv9.ipynb","upload_id":"done","max_part_num":1},"usage":{"access_count":0,"last_accessor_id":"IBMid-550003B08R","last_access_time":1721988102381}}]}
