{"metadata":{"asset_id":"4c83b364-1f7d-4a3a-8835-24c46e77c59f","asset_attributes":["notebook"],"name":"Process and Ingest data into vector DB","asset_type":"notebook","created_at":"2024-07-26T10:01:42Z","description":"This notebook processes various types of data and convert data for subsequent ingestion into the vector index.","origin_country":"us","owner_id":"IBMid-550003B08R","project_id":"da272dc5-0c87-40d9-a3c8-db7d5b3b2924","size":24872,"tags":["notebook"],"usage":{"last_update_time":1721988104666,"last_updated_at":"2024-07-26T10:01:44Z"}},"entity":{"notebook":{"kernel":{"name":"python3","display_name":"Python 3.10","language":"python"},"originates_from":{"type":"file"},"runtime":{"environment":"rt231pys1-da272dc5-0c87-40d9-a3c8-db7d5b3b2924"}},"location_definition":{"physical_location_code":"FRA","physical_location_code_assigned_by":"iam-ServiceId-9e68bc5f-c5f6-4f6f-8bcf-e57f47b9d1b1","physical_location_code_rds_id":"c57cb90f-2126-3800-9c9f-9eab82021cdf","physical_location_code_rds_version":"00002024-0415-4090-8334-172904000000_4","physical_location_code_assignment_method":"INFERRED","physical_location_code_added_on":"1721988102472"}},"attachments":[{"id":"167275dc-ca9f-44e6-9ae8-0e1fb37939e5","version":2,"asset_type":"notebook","name":"attachment for notebook 4c83b364-1f7d-4a3a-8835-24c46e77c59f","description":"attachment for notebook 4c83b364-1f7d-4a3a-8835-24c46e77c59f","mime":"application/json","datasource_type":"193a97c1-4475-4a19-b90c-295c4fdc6517","object_key":"notebook/Process_and_ingest_data_into_vector_db_zxfY5OX4Q.ipynb","creator_id":"IBMid-550003B08R","create_time":1721988102474,"size":24872,"is_remote":false,"is_managed":false,"is_referenced":true,"is_object_key_read_only":false,"is_user_provided_path_key":true,"transfer_complete":true,"is_partitioned":false,"complete_time_ticks":1721988102474,"user_data":{},"test_doc":0,"handle":{"bucket":"industryacceleratorretrievalaugme-donotdelete-pr-ulv7x7xdt61xw0","location":"eu-de","type":"bluemix_cos","key":"notebook/Process_and_ingest_data_into_vector_db_zxfY5OX4Q.ipynb","upload_id":"done","max_part_num":1},"usage":{"access_count":0,"last_accessor_id":"IBMid-550003B08R","last_access_time":1721988102474}}]}
