{"metadata":{"asset_id":"3a07cb88-4423-4d42-ae9f-c3055c9b9803","asset_attributes":["notebook"],"name":"Analyze Log and Feedback notebook","asset_type":"notebook","created_at":"2024-07-26T10:01:41Z","description":"","origin_country":"us","owner_id":"IBMid-550003B08R","project_id":"da272dc5-0c87-40d9-a3c8-db7d5b3b2924","size":1016265,"tags":["notebook"],"usage":{"last_update_time":1721988104210,"last_updated_at":"2024-07-26T10:01:44Z"}},"entity":{"notebook":{"originates_from":{"type":"file"},"runtime":{"environment":"rt231pys1-da272dc5-0c87-40d9-a3c8-db7d5b3b2924"}},"location_definition":{"physical_location_code":"FRA","physical_location_code_assigned_by":"iam-ServiceId-9e68bc5f-c5f6-4f6f-8bcf-e57f47b9d1b1","physical_location_code_rds_id":"c57cb90f-2126-3800-9c9f-9eab82021cdf","physical_location_code_rds_version":"00002024-0415-4090-8334-172904000000_4","physical_location_code_assignment_method":"INFERRED","physical_location_code_added_on":"1721988102485"}},"attachments":[{"id":"61ac1c9d-9060-40ec-884b-5900e0f4a7a1","version":2,"asset_type":"notebook","name":"attachment for notebook 3a07cb88-4423-4d42-ae9f-c3055c9b9803","description":"attachment for notebook 3a07cb88-4423-4d42-ae9f-c3055c9b9803","mime":"application/json","datasource_type":"193a97c1-4475-4a19-b90c-295c4fdc6517","object_key":"notebook/Analyze_Log_and_Feedback_xEkHfvn1U.ipynb","creator_id":"IBMid-550003B08R","create_time":1721988102488,"size":1016265,"is_remote":false,"is_managed":false,"is_referenced":true,"is_object_key_read_only":false,"is_user_provided_path_key":true,"transfer_complete":true,"is_partitioned":false,"complete_time_ticks":1721988102488,"user_data":{},"test_doc":0,"handle":{"bucket":"industryacceleratorretrievalaugme-donotdelete-pr-ulv7x7xdt61xw0","location":"eu-de","type":"bluemix_cos","key":"notebook/Analyze_Log_and_Feedback_xEkHfvn1U.ipynb","upload_id":"done","max_part_num":1},"usage":{"access_count":0,"last_accessor_id":"IBMid-550003B08R","last_access_time":1721988102488}}]}
