{"metadata":{"asset_id":"a2fb8da7-ca0e-4dcb-a079-b7bc0d1442f5","asset_attributes":["wx_prompt","location_definition"],"name":"RAG template - granite_7b_lab","asset_type":"wx_prompt","created_at":"2024-07-26T10:01:40Z","description":"Granite Prompt Template for RAG.","origin_country":"us","owner_id":"IBMid-550003B08R","project_id":"da272dc5-0c87-40d9-a3c8-db7d5b3b2924","size":870,"usage":{"last_update_time":1721988101608,"last_updated_at":"2024-07-26T10:01:41Z"},"resource_key":"204d4fe8aea93156d4998074839b1987ef3eb113f705f34be1df4e552958fbf0"},"entity":{"wx_prompt":{"dataset":false,"mime_type":"application/json","input_mode":"freeform","prompt_variables":{"context":{"default_value":""},"question":{"default_value":""}},"is_template":true},"location_definition":{"physical_location_code":"FRA","physical_location_code_assigned_by":"IBMid-550003B08R","physical_location_code_rds_id":"c57cb90f-2126-3800-9c9f-9eab82021cdf","physical_location_code_rds_version":"00002024-0415-4090-8334-172904000000_4","physical_location_code_assignment_method":"INFERRED","physical_location_code_added_on":"1721736974500"}},"attachments":[{"id":"1acaa222-c564-449d-b1b5-dbbbdc1e8156","version":2,"asset_type":"wx_prompt","name":"RAGtemplate-granite_7b_lab.json","mime":"application/json","datasource_type":"193a97c1-4475-4a19-b90c-295c4fdc6517","object_key":"wx_prompt/RAGtemplate-granite_7b_lab__da__q723x1za68.json","creator_id":"iam-ServiceId-f49c5558-c247-4983-a04f-7d3c7a3d55da","create_time":1721988101451,"size":870,"is_remote":false,"is_managed":false,"is_referenced":true,"is_object_key_read_only":false,"is_user_provided_path_key":true,"transfer_complete":true,"is_partitioned":false,"complete_time_ticks":1721988101451,"user_data":{},"test_doc":0,"handle":{"bucket":"industryacceleratorretrievalaugme-donotdelete-pr-ulv7x7xdt61xw0","location":"eu-de","type":"bluemix_cos","key":"wx_prompt/RAGtemplate-granite_7b_lab__da__q723x1za68.json","upload_id":"done","max_part_num":1},"usage":{"access_count":0,"last_accessor_id":"iam-ServiceId-f49c5558-c247-4983-a04f-7d3c7a3d55da","last_access_time":1721988101451}}]}
