{"metadata":{"asset_id":"ae714730-f9a4-45b7-8728-ca3131da9f5d","asset_attributes":["wx_prompt","location_definition"],"name":"RAG template - GRANITE_13B_CHAT_V2","asset_type":"wx_prompt","created_at":"2024-07-26T10:01:40Z","description":"Granite Prompt Template for RAG.","origin_country":"us","owner_id":"IBMid-550003B08R","project_id":"da272dc5-0c87-40d9-a3c8-db7d5b3b2924","size":861,"usage":{"last_update_time":1721988101609,"last_updated_at":"2024-07-26T10:01:41Z"},"resource_key":"684514d33f790731005744282f2d7045b1bbd88357075f1f37c9c83a13a9e9d7"},"entity":{"wx_prompt":{"dataset":false,"mime_type":"application/json","input_mode":"freeform","prompt_variables":{"context":{"default_value":""},"question":{"default_value":""}},"is_template":true},"location_definition":{"physical_location_code":"FRA","physical_location_code_assigned_by":"IBMid-550003B08R","physical_location_code_rds_id":"c57cb90f-2126-3800-9c9f-9eab82021cdf","physical_location_code_rds_version":"00002024-0415-4090-8334-172904000000_4","physical_location_code_assignment_method":"INFERRED","physical_location_code_added_on":"1721736969541"}},"attachments":[{"id":"5f040cbf-602a-4fdb-a3bb-d9f1ac828235","version":2,"asset_type":"wx_prompt","name":"RAGtemplate-GRANITE_13B_CHAT_V2.json","mime":"application/json","datasource_type":"193a97c1-4475-4a19-b90c-295c4fdc6517","object_key":"wx_prompt/RAGtemplate-GRANITE_13B_CHAT_V2__da__7if6onxfer.json","creator_id":"iam-ServiceId-f49c5558-c247-4983-a04f-7d3c7a3d55da","create_time":1721988101475,"size":861,"is_remote":false,"is_managed":false,"is_referenced":true,"is_object_key_read_only":false,"is_user_provided_path_key":true,"transfer_complete":true,"is_partitioned":false,"complete_time_ticks":1721988101475,"user_data":{},"test_doc":0,"handle":{"bucket":"industryacceleratorretrievalaugme-donotdelete-pr-ulv7x7xdt61xw0","location":"eu-de","type":"bluemix_cos","key":"wx_prompt/RAGtemplate-GRANITE_13B_CHAT_V2__da__7if6onxfer.json","upload_id":"done","max_part_num":1},"usage":{"access_count":0,"last_accessor_id":"iam-ServiceId-f49c5558-c247-4983-a04f-7d3c7a3d55da","last_access_time":1721988101475}}]}
